source name	characteristics[organism]	characteristics[organism part]	characteristics[disease]	characteristics[age]	characteristics[sex]	characteristics[individual]	characteristics[ancestry category]	characteristics[biological replicate]	characteristics[sample type]	characteristics[sample matrix]	assay name	technology type	comment[technical replicate]	comment[data file]	comment[file uri]	comment[platform]	comment[panel name]	comment[panel version]	comment[quantification unit]	comment[plate]	comment[normalization method]	comment[somascan menu]	comment[somascan platform]	comment[dilution]	comment[sdrf template]	comment[sdrf template]	comment[sdrf template]	comment[sdrf version]	comment[sdrf annotation tool]
PAD000036-29	Homo sapiens	Blood	not available	not available	not available	068	not available	1	not applicable	blood plasma	PAD000036-r00001-29	protein expression profiling by aptamer array	1	SS-2342591_v4.1_CADRE_Cord__HeparinPlasma.hybNorm.medNormInt.plateScale.calibrate.anmlQC.qcCheck.medNormSMP.adat	ftp://ftp.pride.ebi.ac.uk/pride/data/archive/2026/04/PAD000036/SS-2342591_v4.1_CADRE_Cord__HeparinPlasma.hybNorm.medNormInt.plateScale.calibrate.anmlQC.qcCheck.medNormSMP.adat	SomaScan Assay	SomaScan 7K	v4.1	RFU	PLT25118	Raw RFU, Hyb Normalization, medNormInt (SampleId), plateScale, Calibration, anmlQC, qcCheck, medNormSMP	SomaScan 7K	SomaScan Assay v4.1	20%	NT=affinity-proteomics;VV=v1.0.0	NT=human;VV=v1.1.0	NT=somascan;VV=v1.0.0	v1.1.0	NT=sdrf-skills-autoresearch;VV=v0.0.0
PAD000036-172	Homo sapiens	Blood	not available	not available	not available	169	not available	2	not applicable	blood plasma	PAD000036-r00002-172	protein expression profiling by aptamer array	1	SS-2342591_v4.1_CADRE_Cord__HeparinPlasma.hybNorm.medNormInt.plateScale.calibrate.anmlQC.qcCheck.medNormSMP.adat	ftp://ftp.pride.ebi.ac.uk/pride/data/archive/2026/04/PAD000036/SS-2342591_v4.1_CADRE_Cord__HeparinPlasma.hybNorm.medNormInt.plateScale.calibrate.anmlQC.qcCheck.medNormSMP.adat	SomaScan Assay	SomaScan 7K	v4.1	RFU	PLT25118	Raw RFU, Hyb Normalization, medNormInt (SampleId), plateScale, Calibration, anmlQC, qcCheck, medNormSMP	SomaScan 7K	SomaScan Assay v4.1	20%	NT=affinity-proteomics;VV=v1.0.0	NT=human;VV=v1.1.0	NT=somascan;VV=v1.0.0	v1.1.0	NT=sdrf-skills-autoresearch;VV=v0.0.0
PAD000036-2171-Plasma00-10	Homo sapiens	Blood	not available	not available	not available	2171	not available	3	not applicable	blood plasma	PAD000036-r00003-2171-Plasma00-10	protein expression profiling by aptamer array	1	SS-2342591_v4.1_CADRE_Cord__HeparinPlasma.hybNorm.medNormInt.plateScale.calibrate.anmlQC.qcCheck.medNormSMP.adat	ftp://ftp.pride.ebi.ac.uk/pride/data/archive/2026/04/PAD000036/SS-2342591_v4.1_CADRE_Cord__HeparinPlasma.hybNorm.medNormInt.plateScale.calibrate.anmlQC.qcCheck.medNormSMP.adat	SomaScan Assay	SomaScan 7K	v4.1	RFU	PLT25118	Raw RFU, Hyb Normalization, medNormInt (SampleId), plateScale, Calibration, anmlQC, qcCheck, medNormSMP	SomaScan 7K	SomaScan Assay v4.1	20%	NT=affinity-proteomics;VV=v1.0.0	NT=human;VV=v1.1.0	NT=somascan;VV=v1.0.0	v1.1.0	NT=sdrf-skills-autoresearch;VV=v0.0.0
PAD000036-230066	Homo sapiens	Blood	not available	not available	not available	not available	not available	4	not applicable	blood;blood plasma;blood serum	PAD000036-r00004-230066	protein expression profiling by aptamer array	1	SS-2342591_v4.1_CADRE_Cord__HeparinPlasma.hybNorm.medNormInt.plateScale.calibrate.anmlQC.qcCheck.medNormSMP.adat	ftp://ftp.pride.ebi.ac.uk/pride/data/archive/2026/04/PAD000036/SS-2342591_v4.1_CADRE_Cord__HeparinPlasma.hybNorm.medNormInt.plateScale.calibrate.anmlQC.qcCheck.medNormSMP.adat	SomaScan Assay	SomaScan 7K	v4.1	RFU	PLT25118	Raw RFU, Hyb Normalization, medNormInt (SampleId), plateScale, Calibration, anmlQC, qcCheck, medNormSMP	SomaScan 7K	SomaScan Assay v4.1	20%	NT=affinity-proteomics;VV=v1.0.0	NT=human;VV=v1.1.0	NT=somascan;VV=v1.0.0	v1.1.0	NT=sdrf-skills-autoresearch;VV=v0.0.0
PAD000036-782779	Homo sapiens	Blood	not available	not available	not available	10769	not available	5	not applicable	blood plasma	PAD000036-r00005-782779	protein expression profiling by aptamer array	1	SS-2342591_v4.1_CADRE_Cord__HeparinPlasma.hybNorm.medNormInt.plateScale.calibrate.anmlQC.qcCheck.medNormSMP.adat	ftp://ftp.pride.ebi.ac.uk/pride/data/archive/2026/04/PAD000036/SS-2342591_v4.1_CADRE_Cord__HeparinPlasma.hybNorm.medNormInt.plateScale.calibrate.anmlQC.qcCheck.medNormSMP.adat	SomaScan Assay	SomaScan 7K	v4.1	RFU	PLT25118	Raw RFU, Hyb Normalization, medNormInt (SampleId), plateScale, Calibration, anmlQC, qcCheck, medNormSMP	SomaScan 7K	SomaScan Assay v4.1	20%	NT=affinity-proteomics;VV=v1.0.0	NT=human;VV=v1.1.0	NT=somascan;VV=v1.0.0	v1.1.0	NT=sdrf-skills-autoresearch;VV=v0.0.0
PAD000036-2561-Plasma00-10	Homo sapiens	Blood	not available	not available	not available	2561	not available	6	not applicable	blood plasma	PAD000036-r00006-2561-Plasma00-10	protein expression profiling by aptamer array	1	SS-2342591_v4.1_CADRE_Cord__HeparinPlasma.hybNorm.medNormInt.plateScale.calibrate.anmlQC.qcCheck.medNormSMP.adat	ftp://ftp.pride.ebi.ac.uk/pride/data/archive/2026/04/PAD000036/SS-2342591_v4.1_CADRE_Cord__HeparinPlasma.hybNorm.medNormInt.plateScale.calibrate.anmlQC.qcCheck.medNormSMP.adat	SomaScan Assay	SomaScan 7K	v4.1	RFU	PLT25118	Raw RFU, Hyb Normalization, medNormInt (SampleId), plateScale, Calibration, anmlQC, qcCheck, medNormSMP	SomaScan 7K	SomaScan Assay v4.1	20%	NT=affinity-proteomics;VV=v1.0.0	NT=human;VV=v1.1.0	NT=somascan;VV=v1.0.0	v1.1.0	NT=sdrf-skills-autoresearch;VV=v0.0.0
PAD000036-10269	Homo sapiens	Blood	not available	not available	not available	10269	not available	7	not applicable	blood plasma	PAD000036-r00007-10269	protein expression profiling by aptamer array	1	SS-2342591_v4.1_CADRE_Cord__HeparinPlasma.hybNorm.medNormInt.plateScale.calibrate.anmlQC.qcCheck.medNormSMP.adat	ftp://ftp.pride.ebi.ac.uk/pride/data/archive/2026/04/PAD000036/SS-2342591_v4.1_CADRE_Cord__HeparinPlasma.hybNorm.medNormInt.plateScale.calibrate.anmlQC.qcCheck.medNormSMP.adat	SomaScan Assay	SomaScan 7K	v4.1	RFU	PLT25118	Raw RFU, Hyb Normalization, medNormInt (SampleId), plateScale, Calibration, anmlQC, qcCheck, medNormSMP	SomaScan 7K	SomaScan Assay v4.1	20%	NT=affinity-proteomics;VV=v1.0.0	NT=human;VV=v1.1.0	NT=somascan;VV=v1.0.0	v1.1.0	NT=sdrf-skills-autoresearch;VV=v0.0.0
PAD000036-10202	Homo sapiens	Blood	not available	not available	not available	10202	not available	8	not applicable	blood plasma	PAD000036-r00008-10202	protein expression profiling by aptamer array	1	SS-2342591_v4.1_CADRE_Cord__HeparinPlasma.hybNorm.medNormInt.plateScale.calibrate.anmlQC.qcCheck.medNormSMP.adat	ftp://ftp.pride.ebi.ac.uk/pride/data/archive/2026/04/PAD000036/SS-2342591_v4.1_CADRE_Cord__HeparinPlasma.hybNorm.medNormInt.plateScale.calibrate.anmlQC.qcCheck.medNormSMP.adat	SomaScan Assay	SomaScan 7K	v4.1	RFU	PLT25118	Raw RFU, Hyb Normalization, medNormInt (SampleId), plateScale, Calibration, anmlQC, qcCheck, medNormSMP	SomaScan 7K	SomaScan Assay v4.1	20%	NT=affinity-proteomics;VV=v1.0.0	NT=human;VV=v1.1.0	NT=somascan;VV=v1.0.0	v1.1.0	NT=sdrf-skills-autoresearch;VV=v0.0.0
PAD000036-782786	Homo sapiens	Blood	not available	not available	not available	55832	not available	9	not applicable	blood plasma	PAD000036-r00009-782786	protein expression profiling by aptamer array	1	SS-2342591_v4.1_CADRE_Cord__HeparinPlasma.hybNorm.medNormInt.plateScale.calibrate.anmlQC.qcCheck.medNormSMP.adat	ftp://ftp.pride.ebi.ac.uk/pride/data/archive/2026/04/PAD000036/SS-2342591_v4.1_CADRE_Cord__HeparinPlasma.hybNorm.medNormInt.plateScale.calibrate.anmlQC.qcCheck.medNormSMP.adat	SomaScan Assay	SomaScan 7K	v4.1	RFU	PLT25118	Raw RFU, Hyb Normalization, medNormInt (SampleId), plateScale, Calibration, anmlQC, qcCheck, medNormSMP	SomaScan 7K	SomaScan Assay v4.1	20%	NT=affinity-proteomics;VV=v1.0.0	NT=human;VV=v1.1.0	NT=somascan;VV=v1.0.0	v1.1.0	NT=sdrf-skills-autoresearch;VV=v0.0.0
PAD000036-10224	Homo sapiens	Blood	not available	not available	not available	10224	not available	10	not applicable	blood plasma	PAD000036-r00010-10224	protein expression profiling by aptamer array	1	SS-2342591_v4.1_CADRE_Cord__HeparinPlasma.hybNorm.medNormInt.plateScale.calibrate.anmlQC.qcCheck.medNormSMP.adat	ftp://ftp.pride.ebi.ac.uk/pride/data/archive/2026/04/PAD000036/SS-2342591_v4.1_CADRE_Cord__HeparinPlasma.hybNorm.medNormInt.plateScale.calibrate.anmlQC.qcCheck.medNormSMP.adat	SomaScan Assay	SomaScan 7K	v4.1	RFU	PLT25118	Raw RFU, Hyb Normalization, medNormInt (SampleId), plateScale, Calibration, anmlQC, qcCheck, medNormSMP	SomaScan 7K	SomaScan Assay v4.1	20%	NT=affinity-proteomics;VV=v1.0.0	NT=human;VV=v1.1.0	NT=somascan;VV=v1.0.0	v1.1.0	NT=sdrf-skills-autoresearch;VV=v0.0.0
PAD000036-1891-Plasma00-10	Homo sapiens	Blood	not available	not available	not available	1891	not available	11	not applicable	blood plasma	PAD000036-r00011-1891-Plasma00-10	protein expression profiling by aptamer array	1	SS-2342591_v4.1_CADRE_Cord__HeparinPlasma.hybNorm.medNormInt.plateScale.calibrate.anmlQC.qcCheck.medNormSMP.adat	ftp://ftp.pride.ebi.ac.uk/pride/data/archive/2026/04/PAD000036/SS-2342591_v4.1_CADRE_Cord__HeparinPlasma.hybNorm.medNormInt.plateScale.calibrate.anmlQC.qcCheck.medNormSMP.adat	SomaScan Assay	SomaScan 7K	v4.1	RFU	PLT25118	Raw RFU, Hyb Normalization, medNormInt (SampleId), plateScale, Calibration, anmlQC, qcCheck, medNormSMP	SomaScan 7K	SomaScan Assay v4.1	20%	NT=affinity-proteomics;VV=v1.0.0	NT=human;VV=v1.1.0	NT=somascan;VV=v1.0.0	v1.1.0	NT=sdrf-skills-autoresearch;VV=v0.0.0
PAD000036-200170	Homo sapiens	Blood	not available	not available	not available	not available	not available	12	quality control sample	blood;blood plasma;blood serum	PAD000036-r00012-200170	protein expression profiling by aptamer array	1	SS-2342591_v4.1_CADRE_Cord__HeparinPlasma.hybNorm.medNormInt.plateScale.calibrate.anmlQC.qcCheck.medNormSMP.adat	ftp://ftp.pride.ebi.ac.uk/pride/data/archive/2026/04/PAD000036/SS-2342591_v4.1_CADRE_Cord__HeparinPlasma.hybNorm.medNormInt.plateScale.calibrate.anmlQC.qcCheck.medNormSMP.adat	SomaScan Assay	SomaScan 7K	v4.1	RFU	PLT25118	Raw RFU, Hyb Normalization, medNormInt (SampleId), plateScale, Calibration, anmlQC, qcCheck, medNormSMP	SomaScan 7K	SomaScan Assay v4.1	20%	NT=affinity-proteomics;VV=v1.0.0	NT=human;VV=v1.1.0	NT=somascan;VV=v1.0.0	v1.1.0	NT=sdrf-skills-autoresearch;VV=v0.0.0
PAD000036-10421	Homo sapiens	Blood	not available	not available	not available	10421	not available	13	not applicable	blood plasma	PAD000036-r00013-10421	protein expression profiling by aptamer array	1	SS-2342591_v4.1_CADRE_Cord__HeparinPlasma.hybNorm.medNormInt.plateScale.calibrate.anmlQC.qcCheck.medNormSMP.adat	ftp://ftp.pride.ebi.ac.uk/pride/data/archive/2026/04/PAD000036/SS-2342591_v4.1_CADRE_Cord__HeparinPlasma.hybNorm.medNormInt.plateScale.calibrate.anmlQC.qcCheck.medNormSMP.adat	SomaScan Assay	SomaScan 7K	v4.1	RFU	PLT25118	Raw RFU, Hyb Normalization, medNormInt (SampleId), plateScale, Calibration, anmlQC, qcCheck, medNormSMP	SomaScan 7K	SomaScan Assay v4.1	20%	NT=affinity-proteomics;VV=v1.0.0	NT=human;VV=v1.1.0	NT=somascan;VV=v1.0.0	v1.1.0	NT=sdrf-skills-autoresearch;VV=v0.0.0
PAD000036-083	Homo sapiens	Blood	not available	not available	not available	050	not available	14	not applicable	blood plasma	PAD000036-r00014-083	protein expression profiling by aptamer array	1	SS-2342591_v4.1_CADRE_Cord__HeparinPlasma.hybNorm.medNormInt.plateScale.calibrate.anmlQC.qcCheck.medNormSMP.adat	ftp://ftp.pride.ebi.ac.uk/pride/data/archive/2026/04/PAD000036/SS-2342591_v4.1_CADRE_Cord__HeparinPlasma.hybNorm.medNormInt.plateScale.calibrate.anmlQC.qcCheck.medNormSMP.adat	SomaScan Assay	SomaScan 7K	v4.1	RFU	PLT25118	Raw RFU, Hyb Normalization, medNormInt (SampleId), plateScale, Calibration, anmlQC, qcCheck, medNormSMP	SomaScan 7K	SomaScan Assay v4.1	20%	NT=affinity-proteomics;VV=v1.0.0	NT=human;VV=v1.1.0	NT=somascan;VV=v1.0.0	v1.1.0	NT=sdrf-skills-autoresearch;VV=v0.0.0
PAD000036-10311	Homo sapiens	Blood	not available	not available	not available	2711	not available	15	not applicable	blood plasma	PAD000036-r00015-10311	protein expression profiling by aptamer array	1	SS-2342591_v4.1_CADRE_Cord__HeparinPlasma.hybNorm.medNormInt.plateScale.calibrate.anmlQC.qcCheck.medNormSMP.adat	ftp://ftp.pride.ebi.ac.uk/pride/data/archive/2026/04/PAD000036/SS-2342591_v4.1_CADRE_Cord__HeparinPlasma.hybNorm.medNormInt.plateScale.calibrate.anmlQC.qcCheck.medNormSMP.adat	SomaScan Assay	SomaScan 7K	v4.1	RFU	PLT25118	Raw RFU, Hyb Normalization, medNormInt (SampleId), plateScale, Calibration, anmlQC, qcCheck, medNormSMP	SomaScan 7K	SomaScan Assay v4.1	20%	NT=affinity-proteomics;VV=v1.0.0	NT=human;VV=v1.1.0	NT=somascan;VV=v1.0.0	v1.1.0	NT=sdrf-skills-autoresearch;VV=v0.0.0
PAD000036-782788	Homo sapiens	Blood	not available	not available	not available	2751	not available	16	not applicable	blood plasma	PAD000036-r00016-782788	protein expression profiling by aptamer array	1	SS-2342591_v4.1_CADRE_Cord__HeparinPlasma.hybNorm.medNormInt.plateScale.calibrate.anmlQC.qcCheck.medNormSMP.adat	ftp://ftp.pride.ebi.ac.uk/pride/data/archive/2026/04/PAD000036/SS-2342591_v4.1_CADRE_Cord__HeparinPlasma.hybNorm.medNormInt.plateScale.calibrate.anmlQC.qcCheck.medNormSMP.adat	SomaScan Assay	SomaScan 7K	v4.1	RFU	PLT25118	Raw RFU, Hyb Normalization, medNormInt (SampleId), plateScale, Calibration, anmlQC, qcCheck, medNormSMP	SomaScan 7K	SomaScan Assay v4.1	20%	NT=affinity-proteomics;VV=v1.0.0	NT=human;VV=v1.1.0	NT=somascan;VV=v1.0.0	v1.1.0	NT=sdrf-skills-autoresearch;VV=v0.0.0
PAD000036-782785	Homo sapiens	Blood	not available	not available	not available	11121	not available	17	not applicable	blood plasma	PAD000036-r00017-782785	protein expression profiling by aptamer array	1	SS-2342591_v4.1_CADRE_Cord__HeparinPlasma.hybNorm.medNormInt.plateScale.calibrate.anmlQC.qcCheck.medNormSMP.adat	ftp://ftp.pride.ebi.ac.uk/pride/data/archive/2026/04/PAD000036/SS-2342591_v4.1_CADRE_Cord__HeparinPlasma.hybNorm.medNormInt.plateScale.calibrate.anmlQC.qcCheck.medNormSMP.adat	SomaScan Assay	SomaScan 7K	v4.1	RFU	PLT25118	Raw RFU, Hyb Normalization, medNormInt (SampleId), plateScale, Calibration, anmlQC, qcCheck, medNormSMP	SomaScan 7K	SomaScan Assay v4.1	20%	NT=affinity-proteomics;VV=v1.0.0	NT=human;VV=v1.1.0	NT=somascan;VV=v1.0.0	v1.1.0	NT=sdrf-skills-autoresearch;VV=v0.0.0
PAD000036-10294	Homo sapiens	Blood	not available	not available	not available	10294	not available	18	not applicable	blood plasma	PAD000036-r00018-10294	protein expression profiling by aptamer array	1	SS-2342591_v4.1_CADRE_Cord__HeparinPlasma.hybNorm.medNormInt.plateScale.calibrate.anmlQC.qcCheck.medNormSMP.adat	ftp://ftp.pride.ebi.ac.uk/pride/data/archive/2026/04/PAD000036/SS-2342591_v4.1_CADRE_Cord__HeparinPlasma.hybNorm.medNormInt.plateScale.calibrate.anmlQC.qcCheck.medNormSMP.adat	SomaScan Assay	SomaScan 7K	v4.1	RFU	PLT25118	Raw RFU, Hyb Normalization, medNormInt (SampleId), plateScale, Calibration, anmlQC, qcCheck, medNormSMP	SomaScan 7K	SomaScan Assay v4.1	20%	NT=affinity-proteomics;VV=v1.0.0	NT=human;VV=v1.1.0	NT=somascan;VV=v1.0.0	v1.1.0	NT=sdrf-skills-autoresearch;VV=v0.0.0
PAD000036-782796	Homo sapiens	Blood	not available	not available	not available	10385	not available	19	not applicable	blood plasma	PAD000036-r00019-782796	protein expression profiling by aptamer array	1	SS-2342591_v4.1_CADRE_Cord__HeparinPlasma.hybNorm.medNormInt.plateScale.calibrate.anmlQC.qcCheck.medNormSMP.adat	ftp://ftp.pride.ebi.ac.uk/pride/data/archive/2026/04/PAD000036/SS-2342591_v4.1_CADRE_Cord__HeparinPlasma.hybNorm.medNormInt.plateScale.calibrate.anmlQC.qcCheck.medNormSMP.adat	SomaScan Assay	SomaScan 7K	v4.1	RFU	PLT25118	Raw RFU, Hyb Normalization, medNormInt (SampleId), plateScale, Calibration, anmlQC, qcCheck, medNormSMP	SomaScan 7K	SomaScan Assay v4.1	20%	NT=affinity-proteomics;VV=v1.0.0	NT=human;VV=v1.1.0	NT=somascan;VV=v1.0.0	v1.1.0	NT=sdrf-skills-autoresearch;VV=v0.0.0
PAD000036-200169	Homo sapiens	Blood	not available	not available	not available	not available	not available	20	calibrator	blood;blood plasma;blood serum	PAD000036-r00020-200169	protein expression profiling by aptamer array	1	SS-2342591_v4.1_CADRE_Cord__HeparinPlasma.hybNorm.medNormInt.plateScale.calibrate.anmlQC.qcCheck.medNormSMP.adat	ftp://ftp.pride.ebi.ac.uk/pride/data/archive/2026/04/PAD000036/SS-2342591_v4.1_CADRE_Cord__HeparinPlasma.hybNorm.medNormInt.plateScale.calibrate.anmlQC.qcCheck.medNormSMP.adat	SomaScan Assay	SomaScan 7K	v4.1	RFU	PLT25118	Raw RFU, Hyb Normalization, medNormInt (SampleId), plateScale, Calibration, anmlQC, qcCheck, medNormSMP	SomaScan 7K	SomaScan Assay v4.1	20%	NT=affinity-proteomics;VV=v1.0.0	NT=human;VV=v1.1.0	NT=somascan;VV=v1.0.0	v1.1.0	NT=sdrf-skills-autoresearch;VV=v0.0.0
PAD000036-3981-Plasma00-10	Homo sapiens	Blood	not available	not available	not available	3981	not available	21	not applicable	blood plasma	PAD000036-r00021-3981-Plasma00-10	protein expression profiling by aptamer array	1	SS-2342591_v4.1_CADRE_Cord__HeparinPlasma.hybNorm.medNormInt.plateScale.calibrate.anmlQC.qcCheck.medNormSMP.adat	ftp://ftp.pride.ebi.ac.uk/pride/data/archive/2026/04/PAD000036/SS-2342591_v4.1_CADRE_Cord__HeparinPlasma.hybNorm.medNormInt.plateScale.calibrate.anmlQC.qcCheck.medNormSMP.adat	SomaScan Assay	SomaScan 7K	v4.1	RFU	PLT25118	Raw RFU, Hyb Normalization, medNormInt (SampleId), plateScale, Calibration, anmlQC, qcCheck, medNormSMP	SomaScan 7K	SomaScan Assay v4.1	20%	NT=affinity-proteomics;VV=v1.0.0	NT=human;VV=v1.1.0	NT=somascan;VV=v1.0.0	v1.1.0	NT=sdrf-skills-autoresearch;VV=v0.0.0
PAD000036-227	Homo sapiens	Blood	not available	not available	not available	243	not available	22	not applicable	blood plasma	PAD000036-r00022-227	protein expression profiling by aptamer array	1	SS-2342591_v4.1_CADRE_Cord__HeparinPlasma.hybNorm.medNormInt.plateScale.calibrate.anmlQC.qcCheck.medNormSMP.adat	ftp://ftp.pride.ebi.ac.uk/pride/data/archive/2026/04/PAD000036/SS-2342591_v4.1_CADRE_Cord__HeparinPlasma.hybNorm.medNormInt.plateScale.calibrate.anmlQC.qcCheck.medNormSMP.adat	SomaScan Assay	SomaScan 7K	v4.1	RFU	PLT25118	Raw RFU, Hyb Normalization, medNormInt (SampleId), plateScale, Calibration, anmlQC, qcCheck, medNormSMP	SomaScan 7K	SomaScan Assay v4.1	20%	NT=affinity-proteomics;VV=v1.0.0	NT=human;VV=v1.1.0	NT=somascan;VV=v1.0.0	v1.1.0	NT=sdrf-skills-autoresearch;VV=v0.0.0
PAD000036-10126	Homo sapiens	Blood	not available	not available	not available	10126	not available	23	not applicable	blood plasma	PAD000036-r00023-10126	protein expression profiling by aptamer array	1	SS-2342591_v4.1_CADRE_Cord__HeparinPlasma.hybNorm.medNormInt.plateScale.calibrate.anmlQC.qcCheck.medNormSMP.adat	ftp://ftp.pride.ebi.ac.uk/pride/data/archive/2026/04/PAD000036/SS-2342591_v4.1_CADRE_Cord__HeparinPlasma.hybNorm.medNormInt.plateScale.calibrate.anmlQC.qcCheck.medNormSMP.adat	SomaScan Assay	SomaScan 7K	v4.1	RFU	PLT25118	Raw RFU, Hyb Normalization, medNormInt (SampleId), plateScale, Calibration, anmlQC, qcCheck, medNormSMP	SomaScan 7K	SomaScan Assay v4.1	20%	NT=affinity-proteomics;VV=v1.0.0	NT=human;VV=v1.1.0	NT=somascan;VV=v1.0.0	v1.1.0	NT=sdrf-skills-autoresearch;VV=v0.0.0
PAD000036-10296	Homo sapiens	Blood	not available	not available	not available	198	not available	24	not applicable	blood plasma	PAD000036-r00024-10296	protein expression profiling by aptamer array	1	SS-2342591_v4.1_CADRE_Cord__HeparinPlasma.hybNorm.medNormInt.plateScale.calibrate.anmlQC.qcCheck.medNormSMP.adat	ftp://ftp.pride.ebi.ac.uk/pride/data/archive/2026/04/PAD000036/SS-2342591_v4.1_CADRE_Cord__HeparinPlasma.hybNorm.medNormInt.plateScale.calibrate.anmlQC.qcCheck.medNormSMP.adat	SomaScan Assay	SomaScan 7K	v4.1	RFU	PLT25118	Raw RFU, Hyb Normalization, medNormInt (SampleId), plateScale, Calibration, anmlQC, qcCheck, medNormSMP	SomaScan 7K	SomaScan Assay v4.1	20%	NT=affinity-proteomics;VV=v1.0.0	NT=human;VV=v1.1.0	NT=somascan;VV=v1.0.0	v1.1.0	NT=sdrf-skills-autoresearch;VV=v0.0.0
PAD000036-782794	Homo sapiens	Blood	not available	not available	not available	10815	not available	25	not applicable	blood plasma	PAD000036-r00025-782794	protein expression profiling by aptamer array	1	SS-2342591_v4.1_CADRE_Cord__HeparinPlasma.hybNorm.medNormInt.plateScale.calibrate.anmlQC.qcCheck.medNormSMP.adat	ftp://ftp.pride.ebi.ac.uk/pride/data/archive/2026/04/PAD000036/SS-2342591_v4.1_CADRE_Cord__HeparinPlasma.hybNorm.medNormInt.plateScale.calibrate.anmlQC.qcCheck.medNormSMP.adat	SomaScan Assay	SomaScan 7K	v4.1	RFU	PLT25118	Raw RFU, Hyb Normalization, medNormInt (SampleId), plateScale, Calibration, anmlQC, qcCheck, medNormSMP	SomaScan 7K	SomaScan Assay v4.1	20%	NT=affinity-proteomics;VV=v1.0.0	NT=human;VV=v1.1.0	NT=somascan;VV=v1.0.0	v1.1.0	NT=sdrf-skills-autoresearch;VV=v0.0.0
PAD000036-10625	Homo sapiens	Blood	not available	not available	not available	10625	not available	26	not applicable	blood plasma	PAD000036-r00026-10625	protein expression profiling by aptamer array	1	SS-2342591_v4.1_CADRE_Cord__HeparinPlasma.hybNorm.medNormInt.plateScale.calibrate.anmlQC.qcCheck.medNormSMP.adat	ftp://ftp.pride.ebi.ac.uk/pride/data/archive/2026/04/PAD000036/SS-2342591_v4.1_CADRE_Cord__HeparinPlasma.hybNorm.medNormInt.plateScale.calibrate.anmlQC.qcCheck.medNormSMP.adat	SomaScan Assay	SomaScan 7K	v4.1	RFU	PLT25118	Raw RFU, Hyb Normalization, medNormInt (SampleId), plateScale, Calibration, anmlQC, qcCheck, medNormSMP	SomaScan 7K	SomaScan Assay v4.1	20%	NT=affinity-proteomics;VV=v1.0.0	NT=human;VV=v1.1.0	NT=somascan;VV=v1.0.0	v1.1.0	NT=sdrf-skills-autoresearch;VV=v0.0.0
PAD000036-782774	Homo sapiens	Blood	not available	not available	not available	10051	not available	27	not applicable	blood plasma	PAD000036-r00027-782774	protein expression profiling by aptamer array	1	SS-2342591_v4.1_CADRE_Cord__HeparinPlasma.hybNorm.medNormInt.plateScale.calibrate.anmlQC.qcCheck.medNormSMP.adat	ftp://ftp.pride.ebi.ac.uk/pride/data/archive/2026/04/PAD000036/SS-2342591_v4.1_CADRE_Cord__HeparinPlasma.hybNorm.medNormInt.plateScale.calibrate.anmlQC.qcCheck.medNormSMP.adat	SomaScan Assay	SomaScan 7K	v4.1	RFU	PLT25118	Raw RFU, Hyb Normalization, medNormInt (SampleId), plateScale, Calibration, anmlQC, qcCheck, medNormSMP	SomaScan 7K	SomaScan Assay v4.1	20%	NT=affinity-proteomics;VV=v1.0.0	NT=human;VV=v1.1.0	NT=somascan;VV=v1.0.0	v1.1.0	NT=sdrf-skills-autoresearch;VV=v0.0.0
PAD000036-782763	Homo sapiens	Blood	not available	not available	not available	10286	not available	28	not applicable	blood plasma	PAD000036-r00028-782763	protein expression profiling by aptamer array	1	SS-2342591_v4.1_CADRE_Cord__HeparinPlasma.hybNorm.medNormInt.plateScale.calibrate.anmlQC.qcCheck.medNormSMP.adat	ftp://ftp.pride.ebi.ac.uk/pride/data/archive/2026/04/PAD000036/SS-2342591_v4.1_CADRE_Cord__HeparinPlasma.hybNorm.medNormInt.plateScale.calibrate.anmlQC.qcCheck.medNormSMP.adat	SomaScan Assay	SomaScan 7K	v4.1	RFU	PLT25118	Raw RFU, Hyb Normalization, medNormInt (SampleId), plateScale, Calibration, anmlQC, qcCheck, medNormSMP	SomaScan 7K	SomaScan Assay v4.1	20%	NT=affinity-proteomics;VV=v1.0.0	NT=human;VV=v1.1.0	NT=somascan;VV=v1.0.0	v1.1.0	NT=sdrf-skills-autoresearch;VV=v0.0.0
PAD000036-230066	Homo sapiens	Blood	not available	not available	not available	not available	not available	4	not applicable	blood;blood plasma;blood serum	PAD000036-r00029-230066	protein expression profiling by aptamer array	2	SS-2342591_v4.1_CADRE_Cord__HeparinPlasma.hybNorm.medNormInt.plateScale.calibrate.anmlQC.qcCheck.medNormSMP.adat	ftp://ftp.pride.ebi.ac.uk/pride/data/archive/2026/04/PAD000036/SS-2342591_v4.1_CADRE_Cord__HeparinPlasma.hybNorm.medNormInt.plateScale.calibrate.anmlQC.qcCheck.medNormSMP.adat	SomaScan Assay	SomaScan 7K	v4.1	RFU	PLT25118	Raw RFU, Hyb Normalization, medNormInt (SampleId), plateScale, Calibration, anmlQC, qcCheck, medNormSMP	SomaScan 7K	SomaScan Assay v4.1	20%	NT=affinity-proteomics;VV=v1.0.0	NT=human;VV=v1.1.0	NT=somascan;VV=v1.0.0	v1.1.0	NT=sdrf-skills-autoresearch;VV=v0.0.0
PAD000036-2051-Plasma00-10	Homo sapiens	Blood	not available	not available	not available	2051	not available	29	not applicable	blood plasma	PAD000036-r00030-2051-Plasma00-10	protein expression profiling by aptamer array	1	SS-2342591_v4.1_CADRE_Cord__HeparinPlasma.hybNorm.medNormInt.plateScale.calibrate.anmlQC.qcCheck.medNormSMP.adat	ftp://ftp.pride.ebi.ac.uk/pride/data/archive/2026/04/PAD000036/SS-2342591_v4.1_CADRE_Cord__HeparinPlasma.hybNorm.medNormInt.plateScale.calibrate.anmlQC.qcCheck.medNormSMP.adat	SomaScan Assay	SomaScan 7K	v4.1	RFU	PLT25118	Raw RFU, Hyb Normalization, medNormInt (SampleId), plateScale, Calibration, anmlQC, qcCheck, medNormSMP	SomaScan 7K	SomaScan Assay v4.1	20%	NT=affinity-proteomics;VV=v1.0.0	NT=human;VV=v1.1.0	NT=somascan;VV=v1.0.0	v1.1.0	NT=sdrf-skills-autoresearch;VV=v0.0.0
PAD000036-178	Homo sapiens	Blood	not available	not available	not available	201	not available	30	not applicable	blood plasma	PAD000036-r00031-178	protein expression profiling by aptamer array	1	SS-2342591_v4.1_CADRE_Cord__HeparinPlasma.hybNorm.medNormInt.plateScale.calibrate.anmlQC.qcCheck.medNormSMP.adat	ftp://ftp.pride.ebi.ac.uk/pride/data/archive/2026/04/PAD000036/SS-2342591_v4.1_CADRE_Cord__HeparinPlasma.hybNorm.medNormInt.plateScale.calibrate.anmlQC.qcCheck.medNormSMP.adat	SomaScan Assay	SomaScan 7K	v4.1	RFU	PLT25118	Raw RFU, Hyb Normalization, medNormInt (SampleId), plateScale, Calibration, anmlQC, qcCheck, medNormSMP	SomaScan 7K	SomaScan Assay v4.1	20%	NT=affinity-proteomics;VV=v1.0.0	NT=human;VV=v1.1.0	NT=somascan;VV=v1.0.0	v1.1.0	NT=sdrf-skills-autoresearch;VV=v0.0.0
PAD000036-782776	Homo sapiens	Blood	not available	not available	not available	10108	not available	31	not applicable	blood plasma	PAD000036-r00032-782776	protein expression profiling by aptamer array	1	SS-2342591_v4.1_CADRE_Cord__HeparinPlasma.hybNorm.medNormInt.plateScale.calibrate.anmlQC.qcCheck.medNormSMP.adat	ftp://ftp.pride.ebi.ac.uk/pride/data/archive/2026/04/PAD000036/SS-2342591_v4.1_CADRE_Cord__HeparinPlasma.hybNorm.medNormInt.plateScale.calibrate.anmlQC.qcCheck.medNormSMP.adat	SomaScan Assay	SomaScan 7K	v4.1	RFU	PLT25118	Raw RFU, Hyb Normalization, medNormInt (SampleId), plateScale, Calibration, anmlQC, qcCheck, medNormSMP	SomaScan 7K	SomaScan Assay v4.1	20%	NT=affinity-proteomics;VV=v1.0.0	NT=human;VV=v1.1.0	NT=somascan;VV=v1.0.0	v1.1.0	NT=sdrf-skills-autoresearch;VV=v0.0.0
PAD000036-10507	Homo sapiens	Blood	not available	not available	not available	10507	not available	32	not applicable	blood plasma	PAD000036-r00033-10507	protein expression profiling by aptamer array	1	SS-2342591_v4.1_CADRE_Cord__HeparinPlasma.hybNorm.medNormInt.plateScale.calibrate.anmlQC.qcCheck.medNormSMP.adat	ftp://ftp.pride.ebi.ac.uk/pride/data/archive/2026/04/PAD000036/SS-2342591_v4.1_CADRE_Cord__HeparinPlasma.hybNorm.medNormInt.plateScale.calibrate.anmlQC.qcCheck.medNormSMP.adat	SomaScan Assay	SomaScan 7K	v4.1	RFU	PLT25118	Raw RFU, Hyb Normalization, medNormInt (SampleId), plateScale, Calibration, anmlQC, qcCheck, medNormSMP	SomaScan 7K	SomaScan Assay v4.1	20%	NT=affinity-proteomics;VV=v1.0.0	NT=human;VV=v1.1.0	NT=somascan;VV=v1.0.0	v1.1.0	NT=sdrf-skills-autoresearch;VV=v0.0.0
PAD000036-782768	Homo sapiens	Blood	not available	not available	not available	10470	not available	33	not applicable	blood plasma	PAD000036-r00034-782768	protein expression profiling by aptamer array	1	SS-2342591_v4.1_CADRE_Cord__HeparinPlasma.hybNorm.medNormInt.plateScale.calibrate.anmlQC.qcCheck.medNormSMP.adat	ftp://ftp.pride.ebi.ac.uk/pride/data/archive/2026/04/PAD000036/SS-2342591_v4.1_CADRE_Cord__HeparinPlasma.hybNorm.medNormInt.plateScale.calibrate.anmlQC.qcCheck.medNormSMP.adat	SomaScan Assay	SomaScan 7K	v4.1	RFU	PLT25118	Raw RFU, Hyb Normalization, medNormInt (SampleId), plateScale, Calibration, anmlQC, qcCheck, medNormSMP	SomaScan 7K	SomaScan Assay v4.1	20%	NT=affinity-proteomics;VV=v1.0.0	NT=human;VV=v1.1.0	NT=somascan;VV=v1.0.0	v1.1.0	NT=sdrf-skills-autoresearch;VV=v0.0.0
PAD000036-782765	Homo sapiens	Blood	not available	not available	not available	55912	not available	34	not applicable	blood plasma	PAD000036-r00035-782765	protein expression profiling by aptamer array	1	SS-2342591_v4.1_CADRE_Cord__HeparinPlasma.hybNorm.medNormInt.plateScale.calibrate.anmlQC.qcCheck.medNormSMP.adat	ftp://ftp.pride.ebi.ac.uk/pride/data/archive/2026/04/PAD000036/SS-2342591_v4.1_CADRE_Cord__HeparinPlasma.hybNorm.medNormInt.plateScale.calibrate.anmlQC.qcCheck.medNormSMP.adat	SomaScan Assay	SomaScan 7K	v4.1	RFU	PLT25118	Raw RFU, Hyb Normalization, medNormInt (SampleId), plateScale, Calibration, anmlQC, qcCheck, medNormSMP	SomaScan 7K	SomaScan Assay v4.1	20%	NT=affinity-proteomics;VV=v1.0.0	NT=human;VV=v1.1.0	NT=somascan;VV=v1.0.0	v1.1.0	NT=sdrf-skills-autoresearch;VV=v0.0.0
PAD000036-782764	Homo sapiens	Blood	not available	not available	not available	55867	not available	35	not applicable	blood plasma	PAD000036-r00036-782764	protein expression profiling by aptamer array	1	SS-2342591_v4.1_CADRE_Cord__HeparinPlasma.hybNorm.medNormInt.plateScale.calibrate.anmlQC.qcCheck.medNormSMP.adat	ftp://ftp.pride.ebi.ac.uk/pride/data/archive/2026/04/PAD000036/SS-2342591_v4.1_CADRE_Cord__HeparinPlasma.hybNorm.medNormInt.plateScale.calibrate.anmlQC.qcCheck.medNormSMP.adat	SomaScan Assay	SomaScan 7K	v4.1	RFU	PLT25118	Raw RFU, Hyb Normalization, medNormInt (SampleId), plateScale, Calibration, anmlQC, qcCheck, medNormSMP	SomaScan 7K	SomaScan Assay v4.1	20%	NT=affinity-proteomics;VV=v1.0.0	NT=human;VV=v1.1.0	NT=somascan;VV=v1.0.0	v1.1.0	NT=sdrf-skills-autoresearch;VV=v0.0.0
PAD000036-782736	Homo sapiens	Blood	not available	not available	not available	10777	not available	36	not applicable	blood plasma	PAD000036-r00037-782736	protein expression profiling by aptamer array	1	SS-2342591_v4.1_CADRE_Cord__HeparinPlasma.hybNorm.medNormInt.plateScale.calibrate.anmlQC.qcCheck.medNormSMP.adat	ftp://ftp.pride.ebi.ac.uk/pride/data/archive/2026/04/PAD000036/SS-2342591_v4.1_CADRE_Cord__HeparinPlasma.hybNorm.medNormInt.plateScale.calibrate.anmlQC.qcCheck.medNormSMP.adat	SomaScan Assay	SomaScan 7K	v4.1	RFU	PLT25118	Raw RFU, Hyb Normalization, medNormInt (SampleId), plateScale, Calibration, anmlQC, qcCheck, medNormSMP	SomaScan 7K	SomaScan Assay v4.1	20%	NT=affinity-proteomics;VV=v1.0.0	NT=human;VV=v1.1.0	NT=somascan;VV=v1.0.0	v1.1.0	NT=sdrf-skills-autoresearch;VV=v0.0.0
PAD000036-008	Homo sapiens	Blood	not available	not available	not available	2281	not available	37	not applicable	blood plasma	PAD000036-r00038-008	protein expression profiling by aptamer array	1	SS-2342591_v4.1_CADRE_Cord__HeparinPlasma.hybNorm.medNormInt.plateScale.calibrate.anmlQC.qcCheck.medNormSMP.adat	ftp://ftp.pride.ebi.ac.uk/pride/data/archive/2026/04/PAD000036/SS-2342591_v4.1_CADRE_Cord__HeparinPlasma.hybNorm.medNormInt.plateScale.calibrate.anmlQC.qcCheck.medNormSMP.adat	SomaScan Assay	SomaScan 7K	v4.1	RFU	PLT25118	Raw RFU, Hyb Normalization, medNormInt (SampleId), plateScale, Calibration, anmlQC, qcCheck, medNormSMP	SomaScan 7K	SomaScan Assay v4.1	20%	NT=affinity-proteomics;VV=v1.0.0	NT=human;VV=v1.1.0	NT=somascan;VV=v1.0.0	v1.1.0	NT=sdrf-skills-autoresearch;VV=v0.0.0
PAD000036-782777	Homo sapiens	Blood	not available	not available	not available	10117	not available	38	not applicable	blood plasma	PAD000036-r00039-782777	protein expression profiling by aptamer array	1	SS-2342591_v4.1_CADRE_Cord__HeparinPlasma.hybNorm.medNormInt.plateScale.calibrate.anmlQC.qcCheck.medNormSMP.adat	ftp://ftp.pride.ebi.ac.uk/pride/data/archive/2026/04/PAD000036/SS-2342591_v4.1_CADRE_Cord__HeparinPlasma.hybNorm.medNormInt.plateScale.calibrate.anmlQC.qcCheck.medNormSMP.adat	SomaScan Assay	SomaScan 7K	v4.1	RFU	PLT25118	Raw RFU, Hyb Normalization, medNormInt (SampleId), plateScale, Calibration, anmlQC, qcCheck, medNormSMP	SomaScan 7K	SomaScan Assay v4.1	20%	NT=affinity-proteomics;VV=v1.0.0	NT=human;VV=v1.1.0	NT=somascan;VV=v1.0.0	v1.1.0	NT=sdrf-skills-autoresearch;VV=v0.0.0
PAD000036-10022	Homo sapiens	Blood	not available	not available	not available	10022	not available	39	not applicable	blood plasma	PAD000036-r00040-10022	protein expression profiling by aptamer array	1	SS-2342591_v4.1_CADRE_Cord__HeparinPlasma.hybNorm.medNormInt.plateScale.calibrate.anmlQC.qcCheck.medNormSMP.adat	ftp://ftp.pride.ebi.ac.uk/pride/data/archive/2026/04/PAD000036/SS-2342591_v4.1_CADRE_Cord__HeparinPlasma.hybNorm.medNormInt.plateScale.calibrate.anmlQC.qcCheck.medNormSMP.adat	SomaScan Assay	SomaScan 7K	v4.1	RFU	PLT25118	Raw RFU, Hyb Normalization, medNormInt (SampleId), plateScale, Calibration, anmlQC, qcCheck, medNormSMP	SomaScan 7K	SomaScan Assay v4.1	20%	NT=affinity-proteomics;VV=v1.0.0	NT=human;VV=v1.1.0	NT=somascan;VV=v1.0.0	v1.1.0	NT=sdrf-skills-autoresearch;VV=v0.0.0
PAD000036-3781-Plasma00-09	Homo sapiens	Blood	not available	not available	not available	3781	not available	40	not applicable	blood plasma	PAD000036-r00041-3781-Plasma00-09	protein expression profiling by aptamer array	1	SS-2342591_v4.1_CADRE_Cord__HeparinPlasma.hybNorm.medNormInt.plateScale.calibrate.anmlQC.qcCheck.medNormSMP.adat	ftp://ftp.pride.ebi.ac.uk/pride/data/archive/2026/04/PAD000036/SS-2342591_v4.1_CADRE_Cord__HeparinPlasma.hybNorm.medNormInt.plateScale.calibrate.anmlQC.qcCheck.medNormSMP.adat	SomaScan Assay	SomaScan 7K	v4.1	RFU	PLT25118	Raw RFU, Hyb Normalization, medNormInt (SampleId), plateScale, Calibration, anmlQC, qcCheck, medNormSMP	SomaScan 7K	SomaScan Assay v4.1	20%	NT=affinity-proteomics;VV=v1.0.0	NT=human;VV=v1.1.0	NT=somascan;VV=v1.0.0	v1.1.0	NT=sdrf-skills-autoresearch;VV=v0.0.0
PAD000036-2201-Plasma00-10	Homo sapiens	Blood	not available	not available	not available	2201	not available	41	not applicable	blood plasma	PAD000036-r00042-2201-Plasma00-10	protein expression profiling by aptamer array	1	SS-2342591_v4.1_CADRE_Cord__HeparinPlasma.hybNorm.medNormInt.plateScale.calibrate.anmlQC.qcCheck.medNormSMP.adat	ftp://ftp.pride.ebi.ac.uk/pride/data/archive/2026/04/PAD000036/SS-2342591_v4.1_CADRE_Cord__HeparinPlasma.hybNorm.medNormInt.plateScale.calibrate.anmlQC.qcCheck.medNormSMP.adat	SomaScan Assay	SomaScan 7K	v4.1	RFU	PLT25118	Raw RFU, Hyb Normalization, medNormInt (SampleId), plateScale, Calibration, anmlQC, qcCheck, medNormSMP	SomaScan 7K	SomaScan Assay v4.1	20%	NT=affinity-proteomics;VV=v1.0.0	NT=human;VV=v1.1.0	NT=somascan;VV=v1.0.0	v1.1.0	NT=sdrf-skills-autoresearch;VV=v0.0.0
PAD000036-1971-Plasma00-10	Homo sapiens	Blood	not available	not available	not available	1971	not available	42	not applicable	blood plasma	PAD000036-r00043-1971-Plasma00-10	protein expression profiling by aptamer array	1	SS-2342591_v4.1_CADRE_Cord__HeparinPlasma.hybNorm.medNormInt.plateScale.calibrate.anmlQC.qcCheck.medNormSMP.adat	ftp://ftp.pride.ebi.ac.uk/pride/data/archive/2026/04/PAD000036/SS-2342591_v4.1_CADRE_Cord__HeparinPlasma.hybNorm.medNormInt.plateScale.calibrate.anmlQC.qcCheck.medNormSMP.adat	SomaScan Assay	SomaScan 7K	v4.1	RFU	PLT25118	Raw RFU, Hyb Normalization, medNormInt (SampleId), plateScale, Calibration, anmlQC, qcCheck, medNormSMP	SomaScan 7K	SomaScan Assay v4.1	20%	NT=affinity-proteomics;VV=v1.0.0	NT=human;VV=v1.1.0	NT=somascan;VV=v1.0.0	v1.1.0	NT=sdrf-skills-autoresearch;VV=v0.0.0
PAD000036-782793	Homo sapiens	Blood	not available	not available	not available	10818	not available	43	not applicable	blood plasma	PAD000036-r00044-782793	protein expression profiling by aptamer array	1	SS-2342591_v4.1_CADRE_Cord__HeparinPlasma.hybNorm.medNormInt.plateScale.calibrate.anmlQC.qcCheck.medNormSMP.adat	ftp://ftp.pride.ebi.ac.uk/pride/data/archive/2026/04/PAD000036/SS-2342591_v4.1_CADRE_Cord__HeparinPlasma.hybNorm.medNormInt.plateScale.calibrate.anmlQC.qcCheck.medNormSMP.adat	SomaScan Assay	SomaScan 7K	v4.1	RFU	PLT25118	Raw RFU, Hyb Normalization, medNormInt (SampleId), plateScale, Calibration, anmlQC, qcCheck, medNormSMP	SomaScan 7K	SomaScan Assay v4.1	20%	NT=affinity-proteomics;VV=v1.0.0	NT=human;VV=v1.1.0	NT=somascan;VV=v1.0.0	v1.1.0	NT=sdrf-skills-autoresearch;VV=v0.0.0
PAD000036-10152	Homo sapiens	Blood	not available	not available	not available	10296	not available	44	not applicable	blood plasma	PAD000036-r00045-10152	protein expression profiling by aptamer array	1	SS-2342591_v4.1_CADRE_Cord__HeparinPlasma.hybNorm.medNormInt.plateScale.calibrate.anmlQC.qcCheck.medNormSMP.adat	ftp://ftp.pride.ebi.ac.uk/pride/data/archive/2026/04/PAD000036/SS-2342591_v4.1_CADRE_Cord__HeparinPlasma.hybNorm.medNormInt.plateScale.calibrate.anmlQC.qcCheck.medNormSMP.adat	SomaScan Assay	SomaScan 7K	v4.1	RFU	PLT25118	Raw RFU, Hyb Normalization, medNormInt (SampleId), plateScale, Calibration, anmlQC, qcCheck, medNormSMP	SomaScan 7K	SomaScan Assay v4.1	20%	NT=affinity-proteomics;VV=v1.0.0	NT=human;VV=v1.1.0	NT=somascan;VV=v1.0.0	v1.1.0	NT=sdrf-skills-autoresearch;VV=v0.0.0
PAD000036-10156	Homo sapiens	Blood	not available	not available	not available	10156	not available	45	not applicable	blood plasma	PAD000036-r00046-10156	protein expression profiling by aptamer array	1	SS-2342591_v4.1_CADRE_Cord__HeparinPlasma.hybNorm.medNormInt.plateScale.calibrate.anmlQC.qcCheck.medNormSMP.adat	ftp://ftp.pride.ebi.ac.uk/pride/data/archive/2026/04/PAD000036/SS-2342591_v4.1_CADRE_Cord__HeparinPlasma.hybNorm.medNormInt.plateScale.calibrate.anmlQC.qcCheck.medNormSMP.adat	SomaScan Assay	SomaScan 7K	v4.1	RFU	PLT25118	Raw RFU, Hyb Normalization, medNormInt (SampleId), plateScale, Calibration, anmlQC, qcCheck, medNormSMP	SomaScan 7K	SomaScan Assay v4.1	20%	NT=affinity-proteomics;VV=v1.0.0	NT=human;VV=v1.1.0	NT=somascan;VV=v1.0.0	v1.1.0	NT=sdrf-skills-autoresearch;VV=v0.0.0
PAD000036-200169	Homo sapiens	Blood	not available	not available	not available	not available	not available	20	calibrator	blood;blood plasma;blood serum	PAD000036-r00047-200169	protein expression profiling by aptamer array	2	SS-2342591_v4.1_CADRE_Cord__HeparinPlasma.hybNorm.medNormInt.plateScale.calibrate.anmlQC.qcCheck.medNormSMP.adat	ftp://ftp.pride.ebi.ac.uk/pride/data/archive/2026/04/PAD000036/SS-2342591_v4.1_CADRE_Cord__HeparinPlasma.hybNorm.medNormInt.plateScale.calibrate.anmlQC.qcCheck.medNormSMP.adat	SomaScan Assay	SomaScan 7K	v4.1	RFU	PLT25118	Raw RFU, Hyb Normalization, medNormInt (SampleId), plateScale, Calibration, anmlQC, qcCheck, medNormSMP	SomaScan 7K	SomaScan Assay v4.1	20%	NT=affinity-proteomics;VV=v1.0.0	NT=human;VV=v1.1.0	NT=somascan;VV=v1.0.0	v1.1.0	NT=sdrf-skills-autoresearch;VV=v0.0.0
PAD000036-782790	Homo sapiens	Blood	not available	not available	not available	11133	not available	46	not applicable	blood plasma	PAD000036-r00048-782790	protein expression profiling by aptamer array	1	SS-2342591_v4.1_CADRE_Cord__HeparinPlasma.hybNorm.medNormInt.plateScale.calibrate.anmlQC.qcCheck.medNormSMP.adat	ftp://ftp.pride.ebi.ac.uk/pride/data/archive/2026/04/PAD000036/SS-2342591_v4.1_CADRE_Cord__HeparinPlasma.hybNorm.medNormInt.plateScale.calibrate.anmlQC.qcCheck.medNormSMP.adat	SomaScan Assay	SomaScan 7K	v4.1	RFU	PLT25118	Raw RFU, Hyb Normalization, medNormInt (SampleId), plateScale, Calibration, anmlQC, qcCheck, medNormSMP	SomaScan 7K	SomaScan Assay v4.1	20%	NT=affinity-proteomics;VV=v1.0.0	NT=human;VV=v1.1.0	NT=somascan;VV=v1.0.0	v1.1.0	NT=sdrf-skills-autoresearch;VV=v0.0.0
PAD000036-136	Homo sapiens	Blood	not available	not available	not available	112	not available	47	not applicable	blood plasma	PAD000036-r00049-136	protein expression profiling by aptamer array	1	SS-2342591_v4.1_CADRE_Cord__HeparinPlasma.hybNorm.medNormInt.plateScale.calibrate.anmlQC.qcCheck.medNormSMP.adat	ftp://ftp.pride.ebi.ac.uk/pride/data/archive/2026/04/PAD000036/SS-2342591_v4.1_CADRE_Cord__HeparinPlasma.hybNorm.medNormInt.plateScale.calibrate.anmlQC.qcCheck.medNormSMP.adat	SomaScan Assay	SomaScan 7K	v4.1	RFU	PLT25118	Raw RFU, Hyb Normalization, medNormInt (SampleId), plateScale, Calibration, anmlQC, qcCheck, medNormSMP	SomaScan 7K	SomaScan Assay v4.1	20%	NT=affinity-proteomics;VV=v1.0.0	NT=human;VV=v1.1.0	NT=somascan;VV=v1.0.0	v1.1.0	NT=sdrf-skills-autoresearch;VV=v0.0.0
PAD000036-782782	Homo sapiens	Blood	not available	not available	not available	11112	not available	48	not applicable	blood plasma	PAD000036-r00050-782782	protein expression profiling by aptamer array	1	SS-2342591_v4.1_CADRE_Cord__HeparinPlasma.hybNorm.medNormInt.plateScale.calibrate.anmlQC.qcCheck.medNormSMP.adat	ftp://ftp.pride.ebi.ac.uk/pride/data/archive/2026/04/PAD000036/SS-2342591_v4.1_CADRE_Cord__HeparinPlasma.hybNorm.medNormInt.plateScale.calibrate.anmlQC.qcCheck.medNormSMP.adat	SomaScan Assay	SomaScan 7K	v4.1	RFU	PLT25118	Raw RFU, Hyb Normalization, medNormInt (SampleId), plateScale, Calibration, anmlQC, qcCheck, medNormSMP	SomaScan 7K	SomaScan Assay v4.1	20%	NT=affinity-proteomics;VV=v1.0.0	NT=human;VV=v1.1.0	NT=somascan;VV=v1.0.0	v1.1.0	NT=sdrf-skills-autoresearch;VV=v0.0.0
PAD000036-782797	Homo sapiens	Blood	not available	not available	not available	10857	not available	49	not applicable	blood plasma	PAD000036-r00051-782797	protein expression profiling by aptamer array	1	SS-2342591_v4.1_CADRE_Cord__HeparinPlasma.hybNorm.medNormInt.plateScale.calibrate.anmlQC.qcCheck.medNormSMP.adat	ftp://ftp.pride.ebi.ac.uk/pride/data/archive/2026/04/PAD000036/SS-2342591_v4.1_CADRE_Cord__HeparinPlasma.hybNorm.medNormInt.plateScale.calibrate.anmlQC.qcCheck.medNormSMP.adat	SomaScan Assay	SomaScan 7K	v4.1	RFU	PLT25118	Raw RFU, Hyb Normalization, medNormInt (SampleId), plateScale, Calibration, anmlQC, qcCheck, medNormSMP	SomaScan 7K	SomaScan Assay v4.1	20%	NT=affinity-proteomics;VV=v1.0.0	NT=human;VV=v1.1.0	NT=somascan;VV=v1.0.0	v1.1.0	NT=sdrf-skills-autoresearch;VV=v0.0.0
PAD000036-782767	Homo sapiens	Blood	not available	not available	not available	013	not available	50	not applicable	blood plasma	PAD000036-r00052-782767	protein expression profiling by aptamer array	1	SS-2342591_v4.1_CADRE_Cord__HeparinPlasma.hybNorm.medNormInt.plateScale.calibrate.anmlQC.qcCheck.medNormSMP.adat	ftp://ftp.pride.ebi.ac.uk/pride/data/archive/2026/04/PAD000036/SS-2342591_v4.1_CADRE_Cord__HeparinPlasma.hybNorm.medNormInt.plateScale.calibrate.anmlQC.qcCheck.medNormSMP.adat	SomaScan Assay	SomaScan 7K	v4.1	RFU	PLT25118	Raw RFU, Hyb Normalization, medNormInt (SampleId), plateScale, Calibration, anmlQC, qcCheck, medNormSMP	SomaScan 7K	SomaScan Assay v4.1	20%	NT=affinity-proteomics;VV=v1.0.0	NT=human;VV=v1.1.0	NT=somascan;VV=v1.0.0	v1.1.0	NT=sdrf-skills-autoresearch;VV=v0.0.0
PAD000036-10166	Homo sapiens	Blood	not available	not available	not available	10166	not available	51	not applicable	blood plasma	PAD000036-r00053-10166	protein expression profiling by aptamer array	1	SS-2342591_v4.1_CADRE_Cord__HeparinPlasma.hybNorm.medNormInt.plateScale.calibrate.anmlQC.qcCheck.medNormSMP.adat	ftp://ftp.pride.ebi.ac.uk/pride/data/archive/2026/04/PAD000036/SS-2342591_v4.1_CADRE_Cord__HeparinPlasma.hybNorm.medNormInt.plateScale.calibrate.anmlQC.qcCheck.medNormSMP.adat	SomaScan Assay	SomaScan 7K	v4.1	RFU	PLT25118	Raw RFU, Hyb Normalization, medNormInt (SampleId), plateScale, Calibration, anmlQC, qcCheck, medNormSMP	SomaScan 7K	SomaScan Assay v4.1	20%	NT=affinity-proteomics;VV=v1.0.0	NT=human;VV=v1.1.0	NT=somascan;VV=v1.0.0	v1.1.0	NT=sdrf-skills-autoresearch;VV=v0.0.0
PAD000036-200170	Homo sapiens	Blood	not available	not available	not available	not available	not available	12	quality control sample	blood;blood plasma;blood serum	PAD000036-r00054-200170	protein expression profiling by aptamer array	2	SS-2342591_v4.1_CADRE_Cord__HeparinPlasma.hybNorm.medNormInt.plateScale.calibrate.anmlQC.qcCheck.medNormSMP.adat	ftp://ftp.pride.ebi.ac.uk/pride/data/archive/2026/04/PAD000036/SS-2342591_v4.1_CADRE_Cord__HeparinPlasma.hybNorm.medNormInt.plateScale.calibrate.anmlQC.qcCheck.medNormSMP.adat	SomaScan Assay	SomaScan 7K	v4.1	RFU	PLT25118	Raw RFU, Hyb Normalization, medNormInt (SampleId), plateScale, Calibration, anmlQC, qcCheck, medNormSMP	SomaScan 7K	SomaScan Assay v4.1	20%	NT=affinity-proteomics;VV=v1.0.0	NT=human;VV=v1.1.0	NT=somascan;VV=v1.0.0	v1.1.0	NT=sdrf-skills-autoresearch;VV=v0.0.0
PAD000036-10017	Homo sapiens	Blood	not available	not available	not available	10017	not available	52	not applicable	blood plasma	PAD000036-r00055-10017	protein expression profiling by aptamer array	1	SS-2342591_v4.1_CADRE_Cord__HeparinPlasma.hybNorm.medNormInt.plateScale.calibrate.anmlQC.qcCheck.medNormSMP.adat	ftp://ftp.pride.ebi.ac.uk/pride/data/archive/2026/04/PAD000036/SS-2342591_v4.1_CADRE_Cord__HeparinPlasma.hybNorm.medNormInt.plateScale.calibrate.anmlQC.qcCheck.medNormSMP.adat	SomaScan Assay	SomaScan 7K	v4.1	RFU	PLT25118	Raw RFU, Hyb Normalization, medNormInt (SampleId), plateScale, Calibration, anmlQC, qcCheck, medNormSMP	SomaScan 7K	SomaScan Assay v4.1	20%	NT=affinity-proteomics;VV=v1.0.0	NT=human;VV=v1.1.0	NT=somascan;VV=v1.0.0	v1.1.0	NT=sdrf-skills-autoresearch;VV=v0.0.0
PAD000036-782766	Homo sapiens	Blood	not available	not available	not available	10398	not available	53	not applicable	blood plasma	PAD000036-r00056-782766	protein expression profiling by aptamer array	1	SS-2342591_v4.1_CADRE_Cord__HeparinPlasma.hybNorm.medNormInt.plateScale.calibrate.anmlQC.qcCheck.medNormSMP.adat	ftp://ftp.pride.ebi.ac.uk/pride/data/archive/2026/04/PAD000036/SS-2342591_v4.1_CADRE_Cord__HeparinPlasma.hybNorm.medNormInt.plateScale.calibrate.anmlQC.qcCheck.medNormSMP.adat	SomaScan Assay	SomaScan 7K	v4.1	RFU	PLT25118	Raw RFU, Hyb Normalization, medNormInt (SampleId), plateScale, Calibration, anmlQC, qcCheck, medNormSMP	SomaScan 7K	SomaScan Assay v4.1	20%	NT=affinity-proteomics;VV=v1.0.0	NT=human;VV=v1.1.0	NT=somascan;VV=v1.0.0	v1.1.0	NT=sdrf-skills-autoresearch;VV=v0.0.0
PAD000036-4141-Plasma00-10	Homo sapiens	Blood	not available	not available	not available	4141	not available	54	not applicable	blood plasma	PAD000036-r00057-4141-Plasma00-10	protein expression profiling by aptamer array	1	SS-2342591_v4.1_CADRE_Cord__HeparinPlasma.hybNorm.medNormInt.plateScale.calibrate.anmlQC.qcCheck.medNormSMP.adat	ftp://ftp.pride.ebi.ac.uk/pride/data/archive/2026/04/PAD000036/SS-2342591_v4.1_CADRE_Cord__HeparinPlasma.hybNorm.medNormInt.plateScale.calibrate.anmlQC.qcCheck.medNormSMP.adat	SomaScan Assay	SomaScan 7K	v4.1	RFU	PLT25118	Raw RFU, Hyb Normalization, medNormInt (SampleId), plateScale, Calibration, anmlQC, qcCheck, medNormSMP	SomaScan 7K	SomaScan Assay v4.1	20%	NT=affinity-proteomics;VV=v1.0.0	NT=human;VV=v1.1.0	NT=somascan;VV=v1.0.0	v1.1.0	NT=sdrf-skills-autoresearch;VV=v0.0.0
PAD000036-782783	Homo sapiens	Blood	not available	not available	not available	10967	not available	55	not applicable	blood plasma	PAD000036-r00058-782783	protein expression profiling by aptamer array	1	SS-2342591_v4.1_CADRE_Cord__HeparinPlasma.hybNorm.medNormInt.plateScale.calibrate.anmlQC.qcCheck.medNormSMP.adat	ftp://ftp.pride.ebi.ac.uk/pride/data/archive/2026/04/PAD000036/SS-2342591_v4.1_CADRE_Cord__HeparinPlasma.hybNorm.medNormInt.plateScale.calibrate.anmlQC.qcCheck.medNormSMP.adat	SomaScan Assay	SomaScan 7K	v4.1	RFU	PLT25118	Raw RFU, Hyb Normalization, medNormInt (SampleId), plateScale, Calibration, anmlQC, qcCheck, medNormSMP	SomaScan 7K	SomaScan Assay v4.1	20%	NT=affinity-proteomics;VV=v1.0.0	NT=human;VV=v1.1.0	NT=somascan;VV=v1.0.0	v1.1.0	NT=sdrf-skills-autoresearch;VV=v0.0.0
PAD000036-2591-Plasma00-10	Homo sapiens	Blood	not available	not available	not available	2591	not available	56	not applicable	blood plasma	PAD000036-r00059-2591-Plasma00-10	protein expression profiling by aptamer array	1	SS-2342591_v4.1_CADRE_Cord__HeparinPlasma.hybNorm.medNormInt.plateScale.calibrate.anmlQC.qcCheck.medNormSMP.adat	ftp://ftp.pride.ebi.ac.uk/pride/data/archive/2026/04/PAD000036/SS-2342591_v4.1_CADRE_Cord__HeparinPlasma.hybNorm.medNormInt.plateScale.calibrate.anmlQC.qcCheck.medNormSMP.adat	SomaScan Assay	SomaScan 7K	v4.1	RFU	PLT25118	Raw RFU, Hyb Normalization, medNormInt (SampleId), plateScale, Calibration, anmlQC, qcCheck, medNormSMP	SomaScan 7K	SomaScan Assay v4.1	20%	NT=affinity-proteomics;VV=v1.0.0	NT=human;VV=v1.1.0	NT=somascan;VV=v1.0.0	v1.1.0	NT=sdrf-skills-autoresearch;VV=v0.0.0
PAD000036-782781	Homo sapiens	Blood	not available	not available	not available	10963	not available	57	not applicable	blood plasma	PAD000036-r00060-782781	protein expression profiling by aptamer array	1	SS-2342591_v4.1_CADRE_Cord__HeparinPlasma.hybNorm.medNormInt.plateScale.calibrate.anmlQC.qcCheck.medNormSMP.adat	ftp://ftp.pride.ebi.ac.uk/pride/data/archive/2026/04/PAD000036/SS-2342591_v4.1_CADRE_Cord__HeparinPlasma.hybNorm.medNormInt.plateScale.calibrate.anmlQC.qcCheck.medNormSMP.adat	SomaScan Assay	SomaScan 7K	v4.1	RFU	PLT25118	Raw RFU, Hyb Normalization, medNormInt (SampleId), plateScale, Calibration, anmlQC, qcCheck, medNormSMP	SomaScan 7K	SomaScan Assay v4.1	20%	NT=affinity-proteomics;VV=v1.0.0	NT=human;VV=v1.1.0	NT=somascan;VV=v1.0.0	v1.1.0	NT=sdrf-skills-autoresearch;VV=v0.0.0
PAD000036-200169	Homo sapiens	Blood	not available	not available	not available	not available	not available	20	calibrator	blood;blood plasma;blood serum	PAD000036-r00061-200169	protein expression profiling by aptamer array	3	SS-2342591_v4.1_CADRE_Cord__HeparinPlasma.hybNorm.medNormInt.plateScale.calibrate.anmlQC.qcCheck.medNormSMP.adat	ftp://ftp.pride.ebi.ac.uk/pride/data/archive/2026/04/PAD000036/SS-2342591_v4.1_CADRE_Cord__HeparinPlasma.hybNorm.medNormInt.plateScale.calibrate.anmlQC.qcCheck.medNormSMP.adat	SomaScan Assay	SomaScan 7K	v4.1	RFU	PLT25118	Raw RFU, Hyb Normalization, medNormInt (SampleId), plateScale, Calibration, anmlQC, qcCheck, medNormSMP	SomaScan 7K	SomaScan Assay v4.1	20%	NT=affinity-proteomics;VV=v1.0.0	NT=human;VV=v1.1.0	NT=somascan;VV=v1.0.0	v1.1.0	NT=sdrf-skills-autoresearch;VV=v0.0.0
PAD000036-10725	Homo sapiens	Blood	not available	not available	not available	10725	not available	58	not applicable	blood plasma	PAD000036-r00062-10725	protein expression profiling by aptamer array	1	SS-2342591_v4.1_CADRE_Cord__HeparinPlasma.hybNorm.medNormInt.plateScale.calibrate.anmlQC.qcCheck.medNormSMP.adat	ftp://ftp.pride.ebi.ac.uk/pride/data/archive/2026/04/PAD000036/SS-2342591_v4.1_CADRE_Cord__HeparinPlasma.hybNorm.medNormInt.plateScale.calibrate.anmlQC.qcCheck.medNormSMP.adat	SomaScan Assay	SomaScan 7K	v4.1	RFU	PLT25118	Raw RFU, Hyb Normalization, medNormInt (SampleId), plateScale, Calibration, anmlQC, qcCheck, medNormSMP	SomaScan 7K	SomaScan Assay v4.1	20%	NT=affinity-proteomics;VV=v1.0.0	NT=human;VV=v1.1.0	NT=somascan;VV=v1.0.0	v1.1.0	NT=sdrf-skills-autoresearch;VV=v0.0.0
PAD000036-200169	Homo sapiens	Blood	not available	not available	not available	not available	not available	20	calibrator	blood;blood plasma;blood serum	PAD000036-r00063-200169	protein expression profiling by aptamer array	4	SS-2342591_v4.1_CADRE_Cord__HeparinPlasma.hybNorm.medNormInt.plateScale.calibrate.anmlQC.qcCheck.medNormSMP.adat	ftp://ftp.pride.ebi.ac.uk/pride/data/archive/2026/04/PAD000036/SS-2342591_v4.1_CADRE_Cord__HeparinPlasma.hybNorm.medNormInt.plateScale.calibrate.anmlQC.qcCheck.medNormSMP.adat	SomaScan Assay	SomaScan 7K	v4.1	RFU	PLT25118	Raw RFU, Hyb Normalization, medNormInt (SampleId), plateScale, Calibration, anmlQC, qcCheck, medNormSMP	SomaScan 7K	SomaScan Assay v4.1	20%	NT=affinity-proteomics;VV=v1.0.0	NT=human;VV=v1.1.0	NT=somascan;VV=v1.0.0	v1.1.0	NT=sdrf-skills-autoresearch;VV=v0.0.0
PAD000036-170	Homo sapiens	Blood	not available	not available	not available	123	not available	59	not applicable	blood plasma	PAD000036-r00064-170	protein expression profiling by aptamer array	1	SS-2342591_v4.1_CADRE_Cord__HeparinPlasma.hybNorm.medNormInt.plateScale.calibrate.anmlQC.qcCheck.medNormSMP.adat	ftp://ftp.pride.ebi.ac.uk/pride/data/archive/2026/04/PAD000036/SS-2342591_v4.1_CADRE_Cord__HeparinPlasma.hybNorm.medNormInt.plateScale.calibrate.anmlQC.qcCheck.medNormSMP.adat	SomaScan Assay	SomaScan 7K	v4.1	RFU	PLT25118	Raw RFU, Hyb Normalization, medNormInt (SampleId), plateScale, Calibration, anmlQC, qcCheck, medNormSMP	SomaScan 7K	SomaScan Assay v4.1	20%	NT=affinity-proteomics;VV=v1.0.0	NT=human;VV=v1.1.0	NT=somascan;VV=v1.0.0	v1.1.0	NT=sdrf-skills-autoresearch;VV=v0.0.0
PAD000036-782787	Homo sapiens	Blood	not available	not available	not available	11127	not available	60	not applicable	blood plasma	PAD000036-r00065-782787	protein expression profiling by aptamer array	1	SS-2342591_v4.1_CADRE_Cord__HeparinPlasma.hybNorm.medNormInt.plateScale.calibrate.anmlQC.qcCheck.medNormSMP.adat	ftp://ftp.pride.ebi.ac.uk/pride/data/archive/2026/04/PAD000036/SS-2342591_v4.1_CADRE_Cord__HeparinPlasma.hybNorm.medNormInt.plateScale.calibrate.anmlQC.qcCheck.medNormSMP.adat	SomaScan Assay	SomaScan 7K	v4.1	RFU	PLT25118	Raw RFU, Hyb Normalization, medNormInt (SampleId), plateScale, Calibration, anmlQC, qcCheck, medNormSMP	SomaScan 7K	SomaScan Assay v4.1	20%	NT=affinity-proteomics;VV=v1.0.0	NT=human;VV=v1.1.0	NT=somascan;VV=v1.0.0	v1.1.0	NT=sdrf-skills-autoresearch;VV=v0.0.0
PAD000036-10054	Homo sapiens	Blood	not available	not available	not available	10054	not available	61	not applicable	blood plasma	PAD000036-r00066-10054	protein expression profiling by aptamer array	1	SS-2342591_v4.1_CADRE_Cord__HeparinPlasma.hybNorm.medNormInt.plateScale.calibrate.anmlQC.qcCheck.medNormSMP.adat	ftp://ftp.pride.ebi.ac.uk/pride/data/archive/2026/04/PAD000036/SS-2342591_v4.1_CADRE_Cord__HeparinPlasma.hybNorm.medNormInt.plateScale.calibrate.anmlQC.qcCheck.medNormSMP.adat	SomaScan Assay	SomaScan 7K	v4.1	RFU	PLT25118	Raw RFU, Hyb Normalization, medNormInt (SampleId), plateScale, Calibration, anmlQC, qcCheck, medNormSMP	SomaScan 7K	SomaScan Assay v4.1	20%	NT=affinity-proteomics;VV=v1.0.0	NT=human;VV=v1.1.0	NT=somascan;VV=v1.0.0	v1.1.0	NT=sdrf-skills-autoresearch;VV=v0.0.0
PAD000036-10291	Homo sapiens	Blood	not available	not available	not available	10152	not available	62	not applicable	blood plasma	PAD000036-r00067-10291	protein expression profiling by aptamer array	1	SS-2342591_v4.1_CADRE_Cord__HeparinPlasma.hybNorm.medNormInt.plateScale.calibrate.anmlQC.qcCheck.medNormSMP.adat	ftp://ftp.pride.ebi.ac.uk/pride/data/archive/2026/04/PAD000036/SS-2342591_v4.1_CADRE_Cord__HeparinPlasma.hybNorm.medNormInt.plateScale.calibrate.anmlQC.qcCheck.medNormSMP.adat	SomaScan Assay	SomaScan 7K	v4.1	RFU	PLT25118	Raw RFU, Hyb Normalization, medNormInt (SampleId), plateScale, Calibration, anmlQC, qcCheck, medNormSMP	SomaScan 7K	SomaScan Assay v4.1	20%	NT=affinity-proteomics;VV=v1.0.0	NT=human;VV=v1.1.0	NT=somascan;VV=v1.0.0	v1.1.0	NT=sdrf-skills-autoresearch;VV=v0.0.0
PAD000036-2601-Plasma00-10	Homo sapiens	Blood	not available	not available	not available	2601	not available	63	not applicable	blood plasma	PAD000036-r00068-2601-Plasma00-10	protein expression profiling by aptamer array	1	SS-2342591_v4.1_CADRE_Cord__HeparinPlasma.hybNorm.medNormInt.plateScale.calibrate.anmlQC.qcCheck.medNormSMP.adat	ftp://ftp.pride.ebi.ac.uk/pride/data/archive/2026/04/PAD000036/SS-2342591_v4.1_CADRE_Cord__HeparinPlasma.hybNorm.medNormInt.plateScale.calibrate.anmlQC.qcCheck.medNormSMP.adat	SomaScan Assay	SomaScan 7K	v4.1	RFU	PLT25118	Raw RFU, Hyb Normalization, medNormInt (SampleId), plateScale, Calibration, anmlQC, qcCheck, medNormSMP	SomaScan 7K	SomaScan Assay v4.1	20%	NT=affinity-proteomics;VV=v1.0.0	NT=human;VV=v1.1.0	NT=somascan;VV=v1.0.0	v1.1.0	NT=sdrf-skills-autoresearch;VV=v0.0.0
PAD000036-10581	Homo sapiens	Blood	not available	not available	not available	10581	not available	64	not applicable	blood plasma	PAD000036-r00069-10581	protein expression profiling by aptamer array	1	SS-2342591_v4.1_CADRE_Cord__HeparinPlasma.hybNorm.medNormInt.plateScale.calibrate.anmlQC.qcCheck.medNormSMP.adat	ftp://ftp.pride.ebi.ac.uk/pride/data/archive/2026/04/PAD000036/SS-2342591_v4.1_CADRE_Cord__HeparinPlasma.hybNorm.medNormInt.plateScale.calibrate.anmlQC.qcCheck.medNormSMP.adat	SomaScan Assay	SomaScan 7K	v4.1	RFU	PLT25118	Raw RFU, Hyb Normalization, medNormInt (SampleId), plateScale, Calibration, anmlQC, qcCheck, medNormSMP	SomaScan 7K	SomaScan Assay v4.1	20%	NT=affinity-proteomics;VV=v1.0.0	NT=human;VV=v1.1.0	NT=somascan;VV=v1.0.0	v1.1.0	NT=sdrf-skills-autoresearch;VV=v0.0.0
PAD000036-230066	Homo sapiens	Blood	not available	not available	not available	not available	not available	4	not applicable	blood;blood plasma;blood serum	PAD000036-r00070-230066	protein expression profiling by aptamer array	3	SS-2342591_v4.1_CADRE_Cord__HeparinPlasma.hybNorm.medNormInt.plateScale.calibrate.anmlQC.qcCheck.medNormSMP.adat	ftp://ftp.pride.ebi.ac.uk/pride/data/archive/2026/04/PAD000036/SS-2342591_v4.1_CADRE_Cord__HeparinPlasma.hybNorm.medNormInt.plateScale.calibrate.anmlQC.qcCheck.medNormSMP.adat	SomaScan Assay	SomaScan 7K	v4.1	RFU	PLT25118	Raw RFU, Hyb Normalization, medNormInt (SampleId), plateScale, Calibration, anmlQC, qcCheck, medNormSMP	SomaScan 7K	SomaScan Assay v4.1	20%	NT=affinity-proteomics;VV=v1.0.0	NT=human;VV=v1.1.0	NT=somascan;VV=v1.0.0	v1.1.0	NT=sdrf-skills-autoresearch;VV=v0.0.0
PAD000036-10648	Homo sapiens	Blood	not available	not available	not available	11129	not available	65	not applicable	blood plasma	PAD000036-r00071-10648	protein expression profiling by aptamer array	1	SS-2342591_v4.1_CADRE_Cord__HeparinPlasma.hybNorm.medNormInt.plateScale.calibrate.anmlQC.qcCheck.medNormSMP.adat	ftp://ftp.pride.ebi.ac.uk/pride/data/archive/2026/04/PAD000036/SS-2342591_v4.1_CADRE_Cord__HeparinPlasma.hybNorm.medNormInt.plateScale.calibrate.anmlQC.qcCheck.medNormSMP.adat	SomaScan Assay	SomaScan 7K	v4.1	RFU	PLT25118	Raw RFU, Hyb Normalization, medNormInt (SampleId), plateScale, Calibration, anmlQC, qcCheck, medNormSMP	SomaScan 7K	SomaScan Assay v4.1	20%	NT=affinity-proteomics;VV=v1.0.0	NT=human;VV=v1.1.0	NT=somascan;VV=v1.0.0	v1.1.0	NT=sdrf-skills-autoresearch;VV=v0.0.0
PAD000036-10076	Homo sapiens	Blood	not available	not available	not available	10076	not available	66	not applicable	blood plasma	PAD000036-r00072-10076	protein expression profiling by aptamer array	1	SS-2342591_v4.1_CADRE_Cord__HeparinPlasma.hybNorm.medNormInt.plateScale.calibrate.anmlQC.qcCheck.medNormSMP.adat	ftp://ftp.pride.ebi.ac.uk/pride/data/archive/2026/04/PAD000036/SS-2342591_v4.1_CADRE_Cord__HeparinPlasma.hybNorm.medNormInt.plateScale.calibrate.anmlQC.qcCheck.medNormSMP.adat	SomaScan Assay	SomaScan 7K	v4.1	RFU	PLT25118	Raw RFU, Hyb Normalization, medNormInt (SampleId), plateScale, Calibration, anmlQC, qcCheck, medNormSMP	SomaScan 7K	SomaScan Assay v4.1	20%	NT=affinity-proteomics;VV=v1.0.0	NT=human;VV=v1.1.0	NT=somascan;VV=v1.0.0	v1.1.0	NT=sdrf-skills-autoresearch;VV=v0.0.0
PAD000036-2711-Plasma00-10	Homo sapiens	Blood	not available	not available	not available	1851	not available	67	not applicable	blood plasma	PAD000036-r00073-2711-Plasma00-10	protein expression profiling by aptamer array	1	SS-2342591_v4.1_CADRE_Cord__HeparinPlasma.hybNorm.medNormInt.plateScale.calibrate.anmlQC.qcCheck.medNormSMP.adat	ftp://ftp.pride.ebi.ac.uk/pride/data/archive/2026/04/PAD000036/SS-2342591_v4.1_CADRE_Cord__HeparinPlasma.hybNorm.medNormInt.plateScale.calibrate.anmlQC.qcCheck.medNormSMP.adat	SomaScan Assay	SomaScan 7K	v4.1	RFU	PLT25118	Raw RFU, Hyb Normalization, medNormInt (SampleId), plateScale, Calibration, anmlQC, qcCheck, medNormSMP	SomaScan 7K	SomaScan Assay v4.1	20%	NT=affinity-proteomics;VV=v1.0.0	NT=human;VV=v1.1.0	NT=somascan;VV=v1.0.0	v1.1.0	NT=sdrf-skills-autoresearch;VV=v0.0.0
PAD000036-1311-Plasma00-10	Homo sapiens	Blood	not available	not available	not available	1311	not available	68	not applicable	blood plasma	PAD000036-r00074-1311-Plasma00-10	protein expression profiling by aptamer array	1	SS-2342591_v4.1_CADRE_Cord__HeparinPlasma.hybNorm.medNormInt.plateScale.calibrate.anmlQC.qcCheck.medNormSMP.adat	ftp://ftp.pride.ebi.ac.uk/pride/data/archive/2026/04/PAD000036/SS-2342591_v4.1_CADRE_Cord__HeparinPlasma.hybNorm.medNormInt.plateScale.calibrate.anmlQC.qcCheck.medNormSMP.adat	SomaScan Assay	SomaScan 7K	v4.1	RFU	PLT25118	Raw RFU, Hyb Normalization, medNormInt (SampleId), plateScale, Calibration, anmlQC, qcCheck, medNormSMP	SomaScan 7K	SomaScan Assay v4.1	20%	NT=affinity-proteomics;VV=v1.0.0	NT=human;VV=v1.1.0	NT=somascan;VV=v1.0.0	v1.1.0	NT=sdrf-skills-autoresearch;VV=v0.0.0
PAD000036-207	Homo sapiens	Blood	not available	not available	not available	235	not available	69	not applicable	blood plasma	PAD000036-r00075-207	protein expression profiling by aptamer array	1	SS-2342591_v4.1_CADRE_Cord__HeparinPlasma.hybNorm.medNormInt.plateScale.calibrate.anmlQC.qcCheck.medNormSMP.adat	ftp://ftp.pride.ebi.ac.uk/pride/data/archive/2026/04/PAD000036/SS-2342591_v4.1_CADRE_Cord__HeparinPlasma.hybNorm.medNormInt.plateScale.calibrate.anmlQC.qcCheck.medNormSMP.adat	SomaScan Assay	SomaScan 7K	v4.1	RFU	PLT25118	Raw RFU, Hyb Normalization, medNormInt (SampleId), plateScale, Calibration, anmlQC, qcCheck, medNormSMP	SomaScan 7K	SomaScan Assay v4.1	20%	NT=affinity-proteomics;VV=v1.0.0	NT=human;VV=v1.1.0	NT=somascan;VV=v1.0.0	v1.1.0	NT=sdrf-skills-autoresearch;VV=v0.0.0
PAD000036-782772	Homo sapiens	Blood	not available	not available	not available	55872	not available	70	not applicable	blood plasma	PAD000036-r00076-782772	protein expression profiling by aptamer array	1	SS-2342591_v4.1_CADRE_Cord__HeparinPlasma.hybNorm.medNormInt.plateScale.calibrate.anmlQC.qcCheck.medNormSMP.adat	ftp://ftp.pride.ebi.ac.uk/pride/data/archive/2026/04/PAD000036/SS-2342591_v4.1_CADRE_Cord__HeparinPlasma.hybNorm.medNormInt.plateScale.calibrate.anmlQC.qcCheck.medNormSMP.adat	SomaScan Assay	SomaScan 7K	v4.1	RFU	PLT25118	Raw RFU, Hyb Normalization, medNormInt (SampleId), plateScale, Calibration, anmlQC, qcCheck, medNormSMP	SomaScan 7K	SomaScan Assay v4.1	20%	NT=affinity-proteomics;VV=v1.0.0	NT=human;VV=v1.1.0	NT=somascan;VV=v1.0.0	v1.1.0	NT=sdrf-skills-autoresearch;VV=v0.0.0
PAD000036-186	Homo sapiens	Blood	not available	not available	not available	167	not available	71	not applicable	blood plasma	PAD000036-r00077-186	protein expression profiling by aptamer array	1	SS-2342591_v4.1_CADRE_Cord__HeparinPlasma.hybNorm.medNormInt.plateScale.calibrate.anmlQC.qcCheck.medNormSMP.adat	ftp://ftp.pride.ebi.ac.uk/pride/data/archive/2026/04/PAD000036/SS-2342591_v4.1_CADRE_Cord__HeparinPlasma.hybNorm.medNormInt.plateScale.calibrate.anmlQC.qcCheck.medNormSMP.adat	SomaScan Assay	SomaScan 7K	v4.1	RFU	PLT25118	Raw RFU, Hyb Normalization, medNormInt (SampleId), plateScale, Calibration, anmlQC, qcCheck, medNormSMP	SomaScan 7K	SomaScan Assay v4.1	20%	NT=affinity-proteomics;VV=v1.0.0	NT=human;VV=v1.1.0	NT=somascan;VV=v1.0.0	v1.1.0	NT=sdrf-skills-autoresearch;VV=v0.0.0
PAD000036-782770	Homo sapiens	Blood	not available	not available	not available	20772	not available	72	not applicable	blood plasma	PAD000036-r00078-782770	protein expression profiling by aptamer array	1	SS-2342591_v4.1_CADRE_Cord__HeparinPlasma.hybNorm.medNormInt.plateScale.calibrate.anmlQC.qcCheck.medNormSMP.adat	ftp://ftp.pride.ebi.ac.uk/pride/data/archive/2026/04/PAD000036/SS-2342591_v4.1_CADRE_Cord__HeparinPlasma.hybNorm.medNormInt.plateScale.calibrate.anmlQC.qcCheck.medNormSMP.adat	SomaScan Assay	SomaScan 7K	v4.1	RFU	PLT25118	Raw RFU, Hyb Normalization, medNormInt (SampleId), plateScale, Calibration, anmlQC, qcCheck, medNormSMP	SomaScan 7K	SomaScan Assay v4.1	20%	NT=affinity-proteomics;VV=v1.0.0	NT=human;VV=v1.1.0	NT=somascan;VV=v1.0.0	v1.1.0	NT=sdrf-skills-autoresearch;VV=v0.0.0
PAD000036-10130	Homo sapiens	Blood	not available	not available	not available	10130	not available	73	not applicable	blood plasma	PAD000036-r00079-10130	protein expression profiling by aptamer array	1	SS-2342591_v4.1_CADRE_Cord__HeparinPlasma.hybNorm.medNormInt.plateScale.calibrate.anmlQC.qcCheck.medNormSMP.adat	ftp://ftp.pride.ebi.ac.uk/pride/data/archive/2026/04/PAD000036/SS-2342591_v4.1_CADRE_Cord__HeparinPlasma.hybNorm.medNormInt.plateScale.calibrate.anmlQC.qcCheck.medNormSMP.adat	SomaScan Assay	SomaScan 7K	v4.1	RFU	PLT25118	Raw RFU, Hyb Normalization, medNormInt (SampleId), plateScale, Calibration, anmlQC, qcCheck, medNormSMP	SomaScan 7K	SomaScan Assay v4.1	20%	NT=affinity-proteomics;VV=v1.0.0	NT=human;VV=v1.1.0	NT=somascan;VV=v1.0.0	v1.1.0	NT=sdrf-skills-autoresearch;VV=v0.0.0
PAD000036-2291-Plasma00-10	Homo sapiens	Blood	not available	not available	not available	2291	not available	74	not applicable	blood plasma	PAD000036-r00080-2291-Plasma00-10	protein expression profiling by aptamer array	1	SS-2342591_v4.1_CADRE_Cord__HeparinPlasma.hybNorm.medNormInt.plateScale.calibrate.anmlQC.qcCheck.medNormSMP.adat	ftp://ftp.pride.ebi.ac.uk/pride/data/archive/2026/04/PAD000036/SS-2342591_v4.1_CADRE_Cord__HeparinPlasma.hybNorm.medNormInt.plateScale.calibrate.anmlQC.qcCheck.medNormSMP.adat	SomaScan Assay	SomaScan 7K	v4.1	RFU	PLT25118	Raw RFU, Hyb Normalization, medNormInt (SampleId), plateScale, Calibration, anmlQC, qcCheck, medNormSMP	SomaScan 7K	SomaScan Assay v4.1	20%	NT=affinity-proteomics;VV=v1.0.0	NT=human;VV=v1.1.0	NT=somascan;VV=v1.0.0	v1.1.0	NT=sdrf-skills-autoresearch;VV=v0.0.0
PAD000036-200170	Homo sapiens	Blood	not available	not available	not available	not available	not available	12	quality control sample	blood;blood plasma;blood serum	PAD000036-r00081-200170	protein expression profiling by aptamer array	3	SS-2342591_v4.1_CADRE_Cord__HeparinPlasma.hybNorm.medNormInt.plateScale.calibrate.anmlQC.qcCheck.medNormSMP.adat	ftp://ftp.pride.ebi.ac.uk/pride/data/archive/2026/04/PAD000036/SS-2342591_v4.1_CADRE_Cord__HeparinPlasma.hybNorm.medNormInt.plateScale.calibrate.anmlQC.qcCheck.medNormSMP.adat	SomaScan Assay	SomaScan 7K	v4.1	RFU	PLT25118	Raw RFU, Hyb Normalization, medNormInt (SampleId), plateScale, Calibration, anmlQC, qcCheck, medNormSMP	SomaScan 7K	SomaScan Assay v4.1	20%	NT=affinity-proteomics;VV=v1.0.0	NT=human;VV=v1.1.0	NT=somascan;VV=v1.0.0	v1.1.0	NT=sdrf-skills-autoresearch;VV=v0.0.0
PAD000036-782780	Homo sapiens	Blood	not available	not available	not available	10774	not available	75	not applicable	blood plasma	PAD000036-r00082-782780	protein expression profiling by aptamer array	1	SS-2342591_v4.1_CADRE_Cord__HeparinPlasma.hybNorm.medNormInt.plateScale.calibrate.anmlQC.qcCheck.medNormSMP.adat	ftp://ftp.pride.ebi.ac.uk/pride/data/archive/2026/04/PAD000036/SS-2342591_v4.1_CADRE_Cord__HeparinPlasma.hybNorm.medNormInt.plateScale.calibrate.anmlQC.qcCheck.medNormSMP.adat	SomaScan Assay	SomaScan 7K	v4.1	RFU	PLT25118	Raw RFU, Hyb Normalization, medNormInt (SampleId), plateScale, Calibration, anmlQC, qcCheck, medNormSMP	SomaScan 7K	SomaScan Assay v4.1	20%	NT=affinity-proteomics;VV=v1.0.0	NT=human;VV=v1.1.0	NT=somascan;VV=v1.0.0	v1.1.0	NT=sdrf-skills-autoresearch;VV=v0.0.0
PAD000036-2471-Plasma00-10	Homo sapiens	Blood	not available	not available	not available	2471	not available	76	not applicable	blood plasma	PAD000036-r00083-2471-Plasma00-10	protein expression profiling by aptamer array	1	SS-2342591_v4.1_CADRE_Cord__HeparinPlasma.hybNorm.medNormInt.plateScale.calibrate.anmlQC.qcCheck.medNormSMP.adat	ftp://ftp.pride.ebi.ac.uk/pride/data/archive/2026/04/PAD000036/SS-2342591_v4.1_CADRE_Cord__HeparinPlasma.hybNorm.medNormInt.plateScale.calibrate.anmlQC.qcCheck.medNormSMP.adat	SomaScan Assay	SomaScan 7K	v4.1	RFU	PLT25118	Raw RFU, Hyb Normalization, medNormInt (SampleId), plateScale, Calibration, anmlQC, qcCheck, medNormSMP	SomaScan 7K	SomaScan Assay v4.1	20%	NT=affinity-proteomics;VV=v1.0.0	NT=human;VV=v1.1.0	NT=somascan;VV=v1.0.0	v1.1.0	NT=sdrf-skills-autoresearch;VV=v0.0.0
PAD000036-180	Homo sapiens	Blood	not available	not available	not available	120	not available	77	not applicable	blood plasma	PAD000036-r00084-180	protein expression profiling by aptamer array	1	SS-2342591_v4.1_CADRE_Cord__HeparinPlasma.hybNorm.medNormInt.plateScale.calibrate.anmlQC.qcCheck.medNormSMP.adat	ftp://ftp.pride.ebi.ac.uk/pride/data/archive/2026/04/PAD000036/SS-2342591_v4.1_CADRE_Cord__HeparinPlasma.hybNorm.medNormInt.plateScale.calibrate.anmlQC.qcCheck.medNormSMP.adat	SomaScan Assay	SomaScan 7K	v4.1	RFU	PLT25118	Raw RFU, Hyb Normalization, medNormInt (SampleId), plateScale, Calibration, anmlQC, qcCheck, medNormSMP	SomaScan 7K	SomaScan Assay v4.1	20%	NT=affinity-proteomics;VV=v1.0.0	NT=human;VV=v1.1.0	NT=somascan;VV=v1.0.0	v1.1.0	NT=sdrf-skills-autoresearch;VV=v0.0.0
PAD000036-135	Homo sapiens	Blood	not available	not available	not available	10291	not available	78	not applicable	blood plasma	PAD000036-r00085-135	protein expression profiling by aptamer array	1	SS-2342591_v4.1_CADRE_Cord__HeparinPlasma.hybNorm.medNormInt.plateScale.calibrate.anmlQC.qcCheck.medNormSMP.adat	ftp://ftp.pride.ebi.ac.uk/pride/data/archive/2026/04/PAD000036/SS-2342591_v4.1_CADRE_Cord__HeparinPlasma.hybNorm.medNormInt.plateScale.calibrate.anmlQC.qcCheck.medNormSMP.adat	SomaScan Assay	SomaScan 7K	v4.1	RFU	PLT25118	Raw RFU, Hyb Normalization, medNormInt (SampleId), plateScale, Calibration, anmlQC, qcCheck, medNormSMP	SomaScan 7K	SomaScan Assay v4.1	20%	NT=affinity-proteomics;VV=v1.0.0	NT=human;VV=v1.1.0	NT=somascan;VV=v1.0.0	v1.1.0	NT=sdrf-skills-autoresearch;VV=v0.0.0
PAD000036-10124	Homo sapiens	Blood	not available	not available	not available	10124	not available	79	not applicable	blood plasma	PAD000036-r00086-10124	protein expression profiling by aptamer array	1	SS-2342591_v4.1_CADRE_Cord__HeparinPlasma.hybNorm.medNormInt.plateScale.calibrate.anmlQC.qcCheck.medNormSMP.adat	ftp://ftp.pride.ebi.ac.uk/pride/data/archive/2026/04/PAD000036/SS-2342591_v4.1_CADRE_Cord__HeparinPlasma.hybNorm.medNormInt.plateScale.calibrate.anmlQC.qcCheck.medNormSMP.adat	SomaScan Assay	SomaScan 7K	v4.1	RFU	PLT25118	Raw RFU, Hyb Normalization, medNormInt (SampleId), plateScale, Calibration, anmlQC, qcCheck, medNormSMP	SomaScan 7K	SomaScan Assay v4.1	20%	NT=affinity-proteomics;VV=v1.0.0	NT=human;VV=v1.1.0	NT=somascan;VV=v1.0.0	v1.1.0	NT=sdrf-skills-autoresearch;VV=v0.0.0
PAD000036-10164	Homo sapiens	Blood	not available	not available	not available	10164	not available	80	not applicable	blood plasma	PAD000036-r00087-10164	protein expression profiling by aptamer array	1	SS-2342591_v4.1_CADRE_Cord__HeparinPlasma.hybNorm.medNormInt.plateScale.calibrate.anmlQC.qcCheck.medNormSMP.adat	ftp://ftp.pride.ebi.ac.uk/pride/data/archive/2026/04/PAD000036/SS-2342591_v4.1_CADRE_Cord__HeparinPlasma.hybNorm.medNormInt.plateScale.calibrate.anmlQC.qcCheck.medNormSMP.adat	SomaScan Assay	SomaScan 7K	v4.1	RFU	PLT25118	Raw RFU, Hyb Normalization, medNormInt (SampleId), plateScale, Calibration, anmlQC, qcCheck, medNormSMP	SomaScan 7K	SomaScan Assay v4.1	20%	NT=affinity-proteomics;VV=v1.0.0	NT=human;VV=v1.1.0	NT=somascan;VV=v1.0.0	v1.1.0	NT=sdrf-skills-autoresearch;VV=v0.0.0
PAD000036-2501-Plasma00-10	Homo sapiens	Blood	not available	not available	not available	2501	not available	81	not applicable	blood plasma	PAD000036-r00088-2501-Plasma00-10	protein expression profiling by aptamer array	1	SS-2342591_v4.1_CADRE_Cord__HeparinPlasma.hybNorm.medNormInt.plateScale.calibrate.anmlQC.qcCheck.medNormSMP.adat	ftp://ftp.pride.ebi.ac.uk/pride/data/archive/2026/04/PAD000036/SS-2342591_v4.1_CADRE_Cord__HeparinPlasma.hybNorm.medNormInt.plateScale.calibrate.anmlQC.qcCheck.medNormSMP.adat	SomaScan Assay	SomaScan 7K	v4.1	RFU	PLT25118	Raw RFU, Hyb Normalization, medNormInt (SampleId), plateScale, Calibration, anmlQC, qcCheck, medNormSMP	SomaScan 7K	SomaScan Assay v4.1	20%	NT=affinity-proteomics;VV=v1.0.0	NT=human;VV=v1.1.0	NT=somascan;VV=v1.0.0	v1.1.0	NT=sdrf-skills-autoresearch;VV=v0.0.0
PAD000036-10105	Homo sapiens	Blood	not available	not available	not available	10105	not available	82	not applicable	blood plasma	PAD000036-r00089-10105	protein expression profiling by aptamer array	1	SS-2342591_v4.1_CADRE_Cord__HeparinPlasma.hybNorm.medNormInt.plateScale.calibrate.anmlQC.qcCheck.medNormSMP.adat	ftp://ftp.pride.ebi.ac.uk/pride/data/archive/2026/04/PAD000036/SS-2342591_v4.1_CADRE_Cord__HeparinPlasma.hybNorm.medNormInt.plateScale.calibrate.anmlQC.qcCheck.medNormSMP.adat	SomaScan Assay	SomaScan 7K	v4.1	RFU	PLT25118	Raw RFU, Hyb Normalization, medNormInt (SampleId), plateScale, Calibration, anmlQC, qcCheck, medNormSMP	SomaScan 7K	SomaScan Assay v4.1	20%	NT=affinity-proteomics;VV=v1.0.0	NT=human;VV=v1.1.0	NT=somascan;VV=v1.0.0	v1.1.0	NT=sdrf-skills-autoresearch;VV=v0.0.0
PAD000036-10237	Homo sapiens	Blood	not available	not available	not available	10237	not available	83	not applicable	blood plasma	PAD000036-r00090-10237	protein expression profiling by aptamer array	1	SS-2342591_v4.1_CADRE_Cord__HeparinPlasma.hybNorm.medNormInt.plateScale.calibrate.anmlQC.qcCheck.medNormSMP.adat	ftp://ftp.pride.ebi.ac.uk/pride/data/archive/2026/04/PAD000036/SS-2342591_v4.1_CADRE_Cord__HeparinPlasma.hybNorm.medNormInt.plateScale.calibrate.anmlQC.qcCheck.medNormSMP.adat	SomaScan Assay	SomaScan 7K	v4.1	RFU	PLT25118	Raw RFU, Hyb Normalization, medNormInt (SampleId), plateScale, Calibration, anmlQC, qcCheck, medNormSMP	SomaScan 7K	SomaScan Assay v4.1	20%	NT=affinity-proteomics;VV=v1.0.0	NT=human;VV=v1.1.0	NT=somascan;VV=v1.0.0	v1.1.0	NT=sdrf-skills-autoresearch;VV=v0.0.0
PAD000036-200169	Homo sapiens	Blood	not available	not available	not available	not available	not available	20	calibrator	blood;blood plasma;blood serum	PAD000036-r00091-200169	protein expression profiling by aptamer array	5	SS-2342591_v4.1_CADRE_Cord__HeparinPlasma.hybNorm.medNormInt.plateScale.calibrate.anmlQC.qcCheck.medNormSMP.adat	ftp://ftp.pride.ebi.ac.uk/pride/data/archive/2026/04/PAD000036/SS-2342591_v4.1_CADRE_Cord__HeparinPlasma.hybNorm.medNormInt.plateScale.calibrate.anmlQC.qcCheck.medNormSMP.adat	SomaScan Assay	SomaScan 7K	v4.1	RFU	PLT25118	Raw RFU, Hyb Normalization, medNormInt (SampleId), plateScale, Calibration, anmlQC, qcCheck, medNormSMP	SomaScan 7K	SomaScan Assay v4.1	20%	NT=affinity-proteomics;VV=v1.0.0	NT=human;VV=v1.1.0	NT=somascan;VV=v1.0.0	v1.1.0	NT=sdrf-skills-autoresearch;VV=v0.0.0
PAD000036-10231	Homo sapiens	Blood	not available	not available	not available	10231	not available	84	not applicable	blood plasma	PAD000036-r00092-10231	protein expression profiling by aptamer array	1	SS-2342591_v4.1_CADRE_Cord__HeparinPlasma.hybNorm.medNormInt.plateScale.calibrate.anmlQC.qcCheck.medNormSMP.adat	ftp://ftp.pride.ebi.ac.uk/pride/data/archive/2026/04/PAD000036/SS-2342591_v4.1_CADRE_Cord__HeparinPlasma.hybNorm.medNormInt.plateScale.calibrate.anmlQC.qcCheck.medNormSMP.adat	SomaScan Assay	SomaScan 7K	v4.1	RFU	PLT25118	Raw RFU, Hyb Normalization, medNormInt (SampleId), plateScale, Calibration, anmlQC, qcCheck, medNormSMP	SomaScan 7K	SomaScan Assay v4.1	20%	NT=affinity-proteomics;VV=v1.0.0	NT=human;VV=v1.1.0	NT=somascan;VV=v1.0.0	v1.1.0	NT=sdrf-skills-autoresearch;VV=v0.0.0
PAD000036-10723	Homo sapiens	Blood	not available	not available	not available	10723	not available	85	not applicable	blood plasma	PAD000036-r00093-10723	protein expression profiling by aptamer array	1	SS-2342591_v4.1_CADRE_Cord__HeparinPlasma.hybNorm.medNormInt.plateScale.calibrate.anmlQC.qcCheck.medNormSMP.adat	ftp://ftp.pride.ebi.ac.uk/pride/data/archive/2026/04/PAD000036/SS-2342591_v4.1_CADRE_Cord__HeparinPlasma.hybNorm.medNormInt.plateScale.calibrate.anmlQC.qcCheck.medNormSMP.adat	SomaScan Assay	SomaScan 7K	v4.1	RFU	PLT25118	Raw RFU, Hyb Normalization, medNormInt (SampleId), plateScale, Calibration, anmlQC, qcCheck, medNormSMP	SomaScan 7K	SomaScan Assay v4.1	20%	NT=affinity-proteomics;VV=v1.0.0	NT=human;VV=v1.1.0	NT=somascan;VV=v1.0.0	v1.1.0	NT=sdrf-skills-autoresearch;VV=v0.0.0
PAD000036-2941-Plasma00-10	Homo sapiens	Blood	not available	not available	not available	2941	not available	86	not applicable	blood plasma	PAD000036-r00094-2941-Plasma00-10	protein expression profiling by aptamer array	1	SS-2342591_v4.1_CADRE_Cord__HeparinPlasma.hybNorm.medNormInt.plateScale.calibrate.anmlQC.qcCheck.medNormSMP.adat	ftp://ftp.pride.ebi.ac.uk/pride/data/archive/2026/04/PAD000036/SS-2342591_v4.1_CADRE_Cord__HeparinPlasma.hybNorm.medNormInt.plateScale.calibrate.anmlQC.qcCheck.medNormSMP.adat	SomaScan Assay	SomaScan 7K	v4.1	RFU	PLT25118	Raw RFU, Hyb Normalization, medNormInt (SampleId), plateScale, Calibration, anmlQC, qcCheck, medNormSMP	SomaScan 7K	SomaScan Assay v4.1	20%	NT=affinity-proteomics;VV=v1.0.0	NT=human;VV=v1.1.0	NT=somascan;VV=v1.0.0	v1.1.0	NT=sdrf-skills-autoresearch;VV=v0.0.0
PAD000036-2281-Plasma00-10	Homo sapiens	Blood	not available	not available	not available	11123	not available	87	not applicable	blood plasma	PAD000036-r00095-2281-Plasma00-10	protein expression profiling by aptamer array	1	SS-2342591_v4.1_CADRE_Cord__HeparinPlasma.hybNorm.medNormInt.plateScale.calibrate.anmlQC.qcCheck.medNormSMP.adat	ftp://ftp.pride.ebi.ac.uk/pride/data/archive/2026/04/PAD000036/SS-2342591_v4.1_CADRE_Cord__HeparinPlasma.hybNorm.medNormInt.plateScale.calibrate.anmlQC.qcCheck.medNormSMP.adat	SomaScan Assay	SomaScan 7K	v4.1	RFU	PLT25118	Raw RFU, Hyb Normalization, medNormInt (SampleId), plateScale, Calibration, anmlQC, qcCheck, medNormSMP	SomaScan 7K	SomaScan Assay v4.1	20%	NT=affinity-proteomics;VV=v1.0.0	NT=human;VV=v1.1.0	NT=somascan;VV=v1.0.0	v1.1.0	NT=sdrf-skills-autoresearch;VV=v0.0.0
PAD000036-782791	Homo sapiens	Blood	not available	not available	not available	10311	not available	88	not applicable	blood plasma	PAD000036-r00096-782791	protein expression profiling by aptamer array	1	SS-2342591_v4.1_CADRE_Cord__HeparinPlasma.hybNorm.medNormInt.plateScale.calibrate.anmlQC.qcCheck.medNormSMP.adat	ftp://ftp.pride.ebi.ac.uk/pride/data/archive/2026/04/PAD000036/SS-2342591_v4.1_CADRE_Cord__HeparinPlasma.hybNorm.medNormInt.plateScale.calibrate.anmlQC.qcCheck.medNormSMP.adat	SomaScan Assay	SomaScan 7K	v4.1	RFU	PLT25118	Raw RFU, Hyb Normalization, medNormInt (SampleId), plateScale, Calibration, anmlQC, qcCheck, medNormSMP	SomaScan 7K	SomaScan Assay v4.1	20%	NT=affinity-proteomics;VV=v1.0.0	NT=human;VV=v1.1.0	NT=somascan;VV=v1.0.0	v1.1.0	NT=sdrf-skills-autoresearch;VV=v0.0.0
PAD000036-10172	Homo sapiens	Blood	not available	not available	not available	10172	not available	89	not applicable	blood plasma	PAD000036-r00097-10172	protein expression profiling by aptamer array	1	SS-2342591_v4.1_CADRE_Cord__HeparinPlasma.hybNorm.medNormInt.plateScale.calibrate.anmlQC.qcCheck.medNormSMP.adat	ftp://ftp.pride.ebi.ac.uk/pride/data/archive/2026/04/PAD000036/SS-2342591_v4.1_CADRE_Cord__HeparinPlasma.hybNorm.medNormInt.plateScale.calibrate.anmlQC.qcCheck.medNormSMP.adat	SomaScan Assay	SomaScan 7K	v4.1	RFU	PLT25119	Raw RFU, Hyb Normalization, medNormInt (SampleId), plateScale, Calibration, anmlQC, qcCheck, medNormSMP	SomaScan 7K	SomaScan Assay v4.1	20%	NT=affinity-proteomics;VV=v1.0.0	NT=human;VV=v1.1.0	NT=somascan;VV=v1.0.0	v1.1.0	NT=sdrf-skills-autoresearch;VV=v0.0.0
PAD000036-10043	Homo sapiens	Blood	not available	not available	not available	10043	not available	90	not applicable	blood plasma	PAD000036-r00098-10043	protein expression profiling by aptamer array	1	SS-2342591_v4.1_CADRE_Cord__HeparinPlasma.hybNorm.medNormInt.plateScale.calibrate.anmlQC.qcCheck.medNormSMP.adat	ftp://ftp.pride.ebi.ac.uk/pride/data/archive/2026/04/PAD000036/SS-2342591_v4.1_CADRE_Cord__HeparinPlasma.hybNorm.medNormInt.plateScale.calibrate.anmlQC.qcCheck.medNormSMP.adat	SomaScan Assay	SomaScan 7K	v4.1	RFU	PLT25119	Raw RFU, Hyb Normalization, medNormInt (SampleId), plateScale, Calibration, anmlQC, qcCheck, medNormSMP	SomaScan 7K	SomaScan Assay v4.1	20%	NT=affinity-proteomics;VV=v1.0.0	NT=human;VV=v1.1.0	NT=somascan;VV=v1.0.0	v1.1.0	NT=sdrf-skills-autoresearch;VV=v0.0.0
PAD000036-782789	Homo sapiens	Blood	not available	not available	not available	11131	not available	91	not applicable	blood plasma	PAD000036-r00099-782789	protein expression profiling by aptamer array	1	SS-2342591_v4.1_CADRE_Cord__HeparinPlasma.hybNorm.medNormInt.plateScale.calibrate.anmlQC.qcCheck.medNormSMP.adat	ftp://ftp.pride.ebi.ac.uk/pride/data/archive/2026/04/PAD000036/SS-2342591_v4.1_CADRE_Cord__HeparinPlasma.hybNorm.medNormInt.plateScale.calibrate.anmlQC.qcCheck.medNormSMP.adat	SomaScan Assay	SomaScan 7K	v4.1	RFU	PLT25119	Raw RFU, Hyb Normalization, medNormInt (SampleId), plateScale, Calibration, anmlQC, qcCheck, medNormSMP	SomaScan 7K	SomaScan Assay v4.1	20%	NT=affinity-proteomics;VV=v1.0.0	NT=human;VV=v1.1.0	NT=somascan;VV=v1.0.0	v1.1.0	NT=sdrf-skills-autoresearch;VV=v0.0.0
PAD000036-1851-Plasma00-10	Homo sapiens	Blood	not available	not available	not available	10947	not available	92	not applicable	blood plasma	PAD000036-r00100-1851-Plasma00-10	protein expression profiling by aptamer array	1	SS-2342591_v4.1_CADRE_Cord__HeparinPlasma.hybNorm.medNormInt.plateScale.calibrate.anmlQC.qcCheck.medNormSMP.adat	ftp://ftp.pride.ebi.ac.uk/pride/data/archive/2026/04/PAD000036/SS-2342591_v4.1_CADRE_Cord__HeparinPlasma.hybNorm.medNormInt.plateScale.calibrate.anmlQC.qcCheck.medNormSMP.adat	SomaScan Assay	SomaScan 7K	v4.1	RFU	PLT25119	Raw RFU, Hyb Normalization, medNormInt (SampleId), plateScale, Calibration, anmlQC, qcCheck, medNormSMP	SomaScan 7K	SomaScan Assay v4.1	20%	NT=affinity-proteomics;VV=v1.0.0	NT=human;VV=v1.1.0	NT=somascan;VV=v1.0.0	v1.1.0	NT=sdrf-skills-autoresearch;VV=v0.0.0
PAD000036-1321-Plasma00-10	Homo sapiens	Blood	not available	not available	not available	1321	not available	93	not applicable	blood plasma	PAD000036-r00101-1321-Plasma00-10	protein expression profiling by aptamer array	1	SS-2342591_v4.1_CADRE_Cord__HeparinPlasma.hybNorm.medNormInt.plateScale.calibrate.anmlQC.qcCheck.medNormSMP.adat	ftp://ftp.pride.ebi.ac.uk/pride/data/archive/2026/04/PAD000036/SS-2342591_v4.1_CADRE_Cord__HeparinPlasma.hybNorm.medNormInt.plateScale.calibrate.anmlQC.qcCheck.medNormSMP.adat	SomaScan Assay	SomaScan 7K	v4.1	RFU	PLT25119	Raw RFU, Hyb Normalization, medNormInt (SampleId), plateScale, Calibration, anmlQC, qcCheck, medNormSMP	SomaScan 7K	SomaScan Assay v4.1	20%	NT=affinity-proteomics;VV=v1.0.0	NT=human;VV=v1.1.0	NT=somascan;VV=v1.0.0	v1.1.0	NT=sdrf-skills-autoresearch;VV=v0.0.0
PAD000036-230066	Homo sapiens	Blood	not available	not available	not available	not available	not available	4	not applicable	blood;blood plasma;blood serum	PAD000036-r00102-230066	protein expression profiling by aptamer array	4	SS-2342591_v4.1_CADRE_Cord__HeparinPlasma.hybNorm.medNormInt.plateScale.calibrate.anmlQC.qcCheck.medNormSMP.adat	ftp://ftp.pride.ebi.ac.uk/pride/data/archive/2026/04/PAD000036/SS-2342591_v4.1_CADRE_Cord__HeparinPlasma.hybNorm.medNormInt.plateScale.calibrate.anmlQC.qcCheck.medNormSMP.adat	SomaScan Assay	SomaScan 7K	v4.1	RFU	PLT25119	Raw RFU, Hyb Normalization, medNormInt (SampleId), plateScale, Calibration, anmlQC, qcCheck, medNormSMP	SomaScan 7K	SomaScan Assay v4.1	20%	NT=affinity-proteomics;VV=v1.0.0	NT=human;VV=v1.1.0	NT=somascan;VV=v1.0.0	v1.1.0	NT=sdrf-skills-autoresearch;VV=v0.0.0
PAD000036-200169	Homo sapiens	Blood	not available	not available	not available	not available	not available	20	calibrator	blood;blood plasma;blood serum	PAD000036-r00103-200169	protein expression profiling by aptamer array	6	SS-2342591_v4.1_CADRE_Cord__HeparinPlasma.hybNorm.medNormInt.plateScale.calibrate.anmlQC.qcCheck.medNormSMP.adat	ftp://ftp.pride.ebi.ac.uk/pride/data/archive/2026/04/PAD000036/SS-2342591_v4.1_CADRE_Cord__HeparinPlasma.hybNorm.medNormInt.plateScale.calibrate.anmlQC.qcCheck.medNormSMP.adat	SomaScan Assay	SomaScan 7K	v4.1	RFU	PLT25119	Raw RFU, Hyb Normalization, medNormInt (SampleId), plateScale, Calibration, anmlQC, qcCheck, medNormSMP	SomaScan 7K	SomaScan Assay v4.1	20%	NT=affinity-proteomics;VV=v1.0.0	NT=human;VV=v1.1.0	NT=somascan;VV=v1.0.0	v1.1.0	NT=sdrf-skills-autoresearch;VV=v0.0.0
PAD000036-10546	Homo sapiens	Blood	not available	not available	not available	10546	not available	94	not applicable	blood plasma	PAD000036-r00104-10546	protein expression profiling by aptamer array	1	SS-2342591_v4.1_CADRE_Cord__HeparinPlasma.hybNorm.medNormInt.plateScale.calibrate.anmlQC.qcCheck.medNormSMP.adat	ftp://ftp.pride.ebi.ac.uk/pride/data/archive/2026/04/PAD000036/SS-2342591_v4.1_CADRE_Cord__HeparinPlasma.hybNorm.medNormInt.plateScale.calibrate.anmlQC.qcCheck.medNormSMP.adat	SomaScan Assay	SomaScan 7K	v4.1	RFU	PLT25119	Raw RFU, Hyb Normalization, medNormInt (SampleId), plateScale, Calibration, anmlQC, qcCheck, medNormSMP	SomaScan 7K	SomaScan Assay v4.1	20%	NT=affinity-proteomics;VV=v1.0.0	NT=human;VV=v1.1.0	NT=somascan;VV=v1.0.0	v1.1.0	NT=sdrf-skills-autoresearch;VV=v0.0.0
PAD000036-782775	Homo sapiens	Blood	not available	not available	not available	10055	not available	95	not applicable	blood plasma	PAD000036-r00105-782775	protein expression profiling by aptamer array	1	SS-2342591_v4.1_CADRE_Cord__HeparinPlasma.hybNorm.medNormInt.plateScale.calibrate.anmlQC.qcCheck.medNormSMP.adat	ftp://ftp.pride.ebi.ac.uk/pride/data/archive/2026/04/PAD000036/SS-2342591_v4.1_CADRE_Cord__HeparinPlasma.hybNorm.medNormInt.plateScale.calibrate.anmlQC.qcCheck.medNormSMP.adat	SomaScan Assay	SomaScan 7K	v4.1	RFU	PLT25119	Raw RFU, Hyb Normalization, medNormInt (SampleId), plateScale, Calibration, anmlQC, qcCheck, medNormSMP	SomaScan 7K	SomaScan Assay v4.1	20%	NT=affinity-proteomics;VV=v1.0.0	NT=human;VV=v1.1.0	NT=somascan;VV=v1.0.0	v1.1.0	NT=sdrf-skills-autoresearch;VV=v0.0.0
PAD000036-3581-Plasma00-10	Homo sapiens	Blood	not available	not available	not available	3581	not available	96	not applicable	blood plasma	PAD000036-r00106-3581-Plasma00-10	protein expression profiling by aptamer array	1	SS-2342591_v4.1_CADRE_Cord__HeparinPlasma.hybNorm.medNormInt.plateScale.calibrate.anmlQC.qcCheck.medNormSMP.adat	ftp://ftp.pride.ebi.ac.uk/pride/data/archive/2026/04/PAD000036/SS-2342591_v4.1_CADRE_Cord__HeparinPlasma.hybNorm.medNormInt.plateScale.calibrate.anmlQC.qcCheck.medNormSMP.adat	SomaScan Assay	SomaScan 7K	v4.1	RFU	PLT25119	Raw RFU, Hyb Normalization, medNormInt (SampleId), plateScale, Calibration, anmlQC, qcCheck, medNormSMP	SomaScan 7K	SomaScan Assay v4.1	20%	NT=affinity-proteomics;VV=v1.0.0	NT=human;VV=v1.1.0	NT=somascan;VV=v1.0.0	v1.1.0	NT=sdrf-skills-autoresearch;VV=v0.0.0
PAD000036-212	Homo sapiens	Blood	not available	not available	not available	171	not available	97	not applicable	blood plasma	PAD000036-r00107-212	protein expression profiling by aptamer array	1	SS-2342591_v4.1_CADRE_Cord__HeparinPlasma.hybNorm.medNormInt.plateScale.calibrate.anmlQC.qcCheck.medNormSMP.adat	ftp://ftp.pride.ebi.ac.uk/pride/data/archive/2026/04/PAD000036/SS-2342591_v4.1_CADRE_Cord__HeparinPlasma.hybNorm.medNormInt.plateScale.calibrate.anmlQC.qcCheck.medNormSMP.adat	SomaScan Assay	SomaScan 7K	v4.1	RFU	PLT25119	Raw RFU, Hyb Normalization, medNormInt (SampleId), plateScale, Calibration, anmlQC, qcCheck, medNormSMP	SomaScan 7K	SomaScan Assay v4.1	20%	NT=affinity-proteomics;VV=v1.0.0	NT=human;VV=v1.1.0	NT=somascan;VV=v1.0.0	v1.1.0	NT=sdrf-skills-autoresearch;VV=v0.0.0
PAD000036-1181-Plasma00-10	Homo sapiens	Blood	not available	not available	not available	1181	not available	98	not applicable	blood plasma	PAD000036-r00108-1181-Plasma00-10	protein expression profiling by aptamer array	1	SS-2342591_v4.1_CADRE_Cord__HeparinPlasma.hybNorm.medNormInt.plateScale.calibrate.anmlQC.qcCheck.medNormSMP.adat	ftp://ftp.pride.ebi.ac.uk/pride/data/archive/2026/04/PAD000036/SS-2342591_v4.1_CADRE_Cord__HeparinPlasma.hybNorm.medNormInt.plateScale.calibrate.anmlQC.qcCheck.medNormSMP.adat	SomaScan Assay	SomaScan 7K	v4.1	RFU	PLT25119	Raw RFU, Hyb Normalization, medNormInt (SampleId), plateScale, Calibration, anmlQC, qcCheck, medNormSMP	SomaScan 7K	SomaScan Assay v4.1	20%	NT=affinity-proteomics;VV=v1.0.0	NT=human;VV=v1.1.0	NT=somascan;VV=v1.0.0	v1.1.0	NT=sdrf-skills-autoresearch;VV=v0.0.0
PAD000036-10094	Homo sapiens	Blood	not available	not available	not available	10094	not available	99	not applicable	blood plasma	PAD000036-r00109-10094	protein expression profiling by aptamer array	1	SS-2342591_v4.1_CADRE_Cord__HeparinPlasma.hybNorm.medNormInt.plateScale.calibrate.anmlQC.qcCheck.medNormSMP.adat	ftp://ftp.pride.ebi.ac.uk/pride/data/archive/2026/04/PAD000036/SS-2342591_v4.1_CADRE_Cord__HeparinPlasma.hybNorm.medNormInt.plateScale.calibrate.anmlQC.qcCheck.medNormSMP.adat	SomaScan Assay	SomaScan 7K	v4.1	RFU	PLT25119	Raw RFU, Hyb Normalization, medNormInt (SampleId), plateScale, Calibration, anmlQC, qcCheck, medNormSMP	SomaScan 7K	SomaScan Assay v4.1	20%	NT=affinity-proteomics;VV=v1.0.0	NT=human;VV=v1.1.0	NT=somascan;VV=v1.0.0	v1.1.0	NT=sdrf-skills-autoresearch;VV=v0.0.0
PAD000036-200169	Homo sapiens	Blood	not available	not available	not available	not available	not available	20	calibrator	blood;blood plasma;blood serum	PAD000036-r00110-200169	protein expression profiling by aptamer array	7	SS-2342591_v4.1_CADRE_Cord__HeparinPlasma.hybNorm.medNormInt.plateScale.calibrate.anmlQC.qcCheck.medNormSMP.adat	ftp://ftp.pride.ebi.ac.uk/pride/data/archive/2026/04/PAD000036/SS-2342591_v4.1_CADRE_Cord__HeparinPlasma.hybNorm.medNormInt.plateScale.calibrate.anmlQC.qcCheck.medNormSMP.adat	SomaScan Assay	SomaScan 7K	v4.1	RFU	PLT25119	Raw RFU, Hyb Normalization, medNormInt (SampleId), plateScale, Calibration, anmlQC, qcCheck, medNormSMP	SomaScan 7K	SomaScan Assay v4.1	20%	NT=affinity-proteomics;VV=v1.0.0	NT=human;VV=v1.1.0	NT=somascan;VV=v1.0.0	v1.1.0	NT=sdrf-skills-autoresearch;VV=v0.0.0
PAD000036-782769	Homo sapiens	Blood	not available	not available	not available	20758	not available	100	not applicable	blood plasma	PAD000036-r00111-782769	protein expression profiling by aptamer array	1	SS-2342591_v4.1_CADRE_Cord__HeparinPlasma.hybNorm.medNormInt.plateScale.calibrate.anmlQC.qcCheck.medNormSMP.adat	ftp://ftp.pride.ebi.ac.uk/pride/data/archive/2026/04/PAD000036/SS-2342591_v4.1_CADRE_Cord__HeparinPlasma.hybNorm.medNormInt.plateScale.calibrate.anmlQC.qcCheck.medNormSMP.adat	SomaScan Assay	SomaScan 7K	v4.1	RFU	PLT25119	Raw RFU, Hyb Normalization, medNormInt (SampleId), plateScale, Calibration, anmlQC, qcCheck, medNormSMP	SomaScan 7K	SomaScan Assay v4.1	20%	NT=affinity-proteomics;VV=v1.0.0	NT=human;VV=v1.1.0	NT=somascan;VV=v1.0.0	v1.1.0	NT=sdrf-skills-autoresearch;VV=v0.0.0
PAD000036-255	Homo sapiens	Blood	not available	not available	not available	298	not available	101	not applicable	blood plasma	PAD000036-r00112-255	protein expression profiling by aptamer array	1	SS-2342591_v4.1_CADRE_Cord__HeparinPlasma.hybNorm.medNormInt.plateScale.calibrate.anmlQC.qcCheck.medNormSMP.adat	ftp://ftp.pride.ebi.ac.uk/pride/data/archive/2026/04/PAD000036/SS-2342591_v4.1_CADRE_Cord__HeparinPlasma.hybNorm.medNormInt.plateScale.calibrate.anmlQC.qcCheck.medNormSMP.adat	SomaScan Assay	SomaScan 7K	v4.1	RFU	PLT25119	Raw RFU, Hyb Normalization, medNormInt (SampleId), plateScale, Calibration, anmlQC, qcCheck, medNormSMP	SomaScan 7K	SomaScan Assay v4.1	20%	NT=affinity-proteomics;VV=v1.0.0	NT=human;VV=v1.1.0	NT=somascan;VV=v1.0.0	v1.1.0	NT=sdrf-skills-autoresearch;VV=v0.0.0
PAD000036-230066	Homo sapiens	Blood	not available	not available	not available	not available	not available	4	not applicable	blood;blood plasma;blood serum	PAD000036-r00113-230066	protein expression profiling by aptamer array	5	SS-2342591_v4.1_CADRE_Cord__HeparinPlasma.hybNorm.medNormInt.plateScale.calibrate.anmlQC.qcCheck.medNormSMP.adat	ftp://ftp.pride.ebi.ac.uk/pride/data/archive/2026/04/PAD000036/SS-2342591_v4.1_CADRE_Cord__HeparinPlasma.hybNorm.medNormInt.plateScale.calibrate.anmlQC.qcCheck.medNormSMP.adat	SomaScan Assay	SomaScan 7K	v4.1	RFU	PLT25119	Raw RFU, Hyb Normalization, medNormInt (SampleId), plateScale, Calibration, anmlQC, qcCheck, medNormSMP	SomaScan 7K	SomaScan Assay v4.1	20%	NT=affinity-proteomics;VV=v1.0.0	NT=human;VV=v1.1.0	NT=somascan;VV=v1.0.0	v1.1.0	NT=sdrf-skills-autoresearch;VV=v0.0.0
PAD000036-2701-Plasma00-10	Homo sapiens	Blood	not available	not available	not available	2701	not available	102	not applicable	blood plasma	PAD000036-r00114-2701-Plasma00-10	protein expression profiling by aptamer array	1	SS-2342591_v4.1_CADRE_Cord__HeparinPlasma.hybNorm.medNormInt.plateScale.calibrate.anmlQC.qcCheck.medNormSMP.adat	ftp://ftp.pride.ebi.ac.uk/pride/data/archive/2026/04/PAD000036/SS-2342591_v4.1_CADRE_Cord__HeparinPlasma.hybNorm.medNormInt.plateScale.calibrate.anmlQC.qcCheck.medNormSMP.adat	SomaScan Assay	SomaScan 7K	v4.1	RFU	PLT25119	Raw RFU, Hyb Normalization, medNormInt (SampleId), plateScale, Calibration, anmlQC, qcCheck, medNormSMP	SomaScan 7K	SomaScan Assay v4.1	20%	NT=affinity-proteomics;VV=v1.0.0	NT=human;VV=v1.1.0	NT=somascan;VV=v1.0.0	v1.1.0	NT=sdrf-skills-autoresearch;VV=v0.0.0
PAD000036-161	Homo sapiens	Blood	not available	not available	not available	140	not available	103	not applicable	blood plasma	PAD000036-r00115-161	protein expression profiling by aptamer array	1	SS-2342591_v4.1_CADRE_Cord__HeparinPlasma.hybNorm.medNormInt.plateScale.calibrate.anmlQC.qcCheck.medNormSMP.adat	ftp://ftp.pride.ebi.ac.uk/pride/data/archive/2026/04/PAD000036/SS-2342591_v4.1_CADRE_Cord__HeparinPlasma.hybNorm.medNormInt.plateScale.calibrate.anmlQC.qcCheck.medNormSMP.adat	SomaScan Assay	SomaScan 7K	v4.1	RFU	PLT25119	Raw RFU, Hyb Normalization, medNormInt (SampleId), plateScale, Calibration, anmlQC, qcCheck, medNormSMP	SomaScan 7K	SomaScan Assay v4.1	20%	NT=affinity-proteomics;VV=v1.0.0	NT=human;VV=v1.1.0	NT=somascan;VV=v1.0.0	v1.1.0	NT=sdrf-skills-autoresearch;VV=v0.0.0
PAD000036-165	Homo sapiens	Blood	not available	not available	not available	216	not available	104	not applicable	blood plasma	PAD000036-r00116-165	protein expression profiling by aptamer array	1	SS-2342591_v4.1_CADRE_Cord__HeparinPlasma.hybNorm.medNormInt.plateScale.calibrate.anmlQC.qcCheck.medNormSMP.adat	ftp://ftp.pride.ebi.ac.uk/pride/data/archive/2026/04/PAD000036/SS-2342591_v4.1_CADRE_Cord__HeparinPlasma.hybNorm.medNormInt.plateScale.calibrate.anmlQC.qcCheck.medNormSMP.adat	SomaScan Assay	SomaScan 7K	v4.1	RFU	PLT25119	Raw RFU, Hyb Normalization, medNormInt (SampleId), plateScale, Calibration, anmlQC, qcCheck, medNormSMP	SomaScan 7K	SomaScan Assay v4.1	20%	NT=affinity-proteomics;VV=v1.0.0	NT=human;VV=v1.1.0	NT=somascan;VV=v1.0.0	v1.1.0	NT=sdrf-skills-autoresearch;VV=v0.0.0
PAD000036-782737	Homo sapiens	Blood	not available	not available	not available	10394	not available	105	not applicable	blood plasma	PAD000036-r00117-782737	protein expression profiling by aptamer array	1	SS-2342591_v4.1_CADRE_Cord__HeparinPlasma.hybNorm.medNormInt.plateScale.calibrate.anmlQC.qcCheck.medNormSMP.adat	ftp://ftp.pride.ebi.ac.uk/pride/data/archive/2026/04/PAD000036/SS-2342591_v4.1_CADRE_Cord__HeparinPlasma.hybNorm.medNormInt.plateScale.calibrate.anmlQC.qcCheck.medNormSMP.adat	SomaScan Assay	SomaScan 7K	v4.1	RFU	PLT25119	Raw RFU, Hyb Normalization, medNormInt (SampleId), plateScale, Calibration, anmlQC, qcCheck, medNormSMP	SomaScan 7K	SomaScan Assay v4.1	20%	NT=affinity-proteomics;VV=v1.0.0	NT=human;VV=v1.1.0	NT=somascan;VV=v1.0.0	v1.1.0	NT=sdrf-skills-autoresearch;VV=v0.0.0
PAD000036-10669	Homo sapiens	Blood	not available	not available	not available	10669	not available	106	not applicable	blood plasma	PAD000036-r00118-10669	protein expression profiling by aptamer array	1	SS-2342591_v4.1_CADRE_Cord__HeparinPlasma.hybNorm.medNormInt.plateScale.calibrate.anmlQC.qcCheck.medNormSMP.adat	ftp://ftp.pride.ebi.ac.uk/pride/data/archive/2026/04/PAD000036/SS-2342591_v4.1_CADRE_Cord__HeparinPlasma.hybNorm.medNormInt.plateScale.calibrate.anmlQC.qcCheck.medNormSMP.adat	SomaScan Assay	SomaScan 7K	v4.1	RFU	PLT25119	Raw RFU, Hyb Normalization, medNormInt (SampleId), plateScale, Calibration, anmlQC, qcCheck, medNormSMP	SomaScan 7K	SomaScan Assay v4.1	20%	NT=affinity-proteomics;VV=v1.0.0	NT=human;VV=v1.1.0	NT=somascan;VV=v1.0.0	v1.1.0	NT=sdrf-skills-autoresearch;VV=v0.0.0
PAD000036-10286	Homo sapiens	Blood	not available	not available	not available	10808	not available	107	not applicable	blood plasma	PAD000036-r00119-10286	protein expression profiling by aptamer array	1	SS-2342591_v4.1_CADRE_Cord__HeparinPlasma.hybNorm.medNormInt.plateScale.calibrate.anmlQC.qcCheck.medNormSMP.adat	ftp://ftp.pride.ebi.ac.uk/pride/data/archive/2026/04/PAD000036/SS-2342591_v4.1_CADRE_Cord__HeparinPlasma.hybNorm.medNormInt.plateScale.calibrate.anmlQC.qcCheck.medNormSMP.adat	SomaScan Assay	SomaScan 7K	v4.1	RFU	PLT25119	Raw RFU, Hyb Normalization, medNormInt (SampleId), plateScale, Calibration, anmlQC, qcCheck, medNormSMP	SomaScan 7K	SomaScan Assay v4.1	20%	NT=affinity-proteomics;VV=v1.0.0	NT=human;VV=v1.1.0	NT=somascan;VV=v1.0.0	v1.1.0	NT=sdrf-skills-autoresearch;VV=v0.0.0
PAD000036-200170	Homo sapiens	Blood	not available	not available	not available	not available	not available	12	quality control sample	blood;blood plasma;blood serum	PAD000036-r00120-200170	protein expression profiling by aptamer array	4	SS-2342591_v4.1_CADRE_Cord__HeparinPlasma.hybNorm.medNormInt.plateScale.calibrate.anmlQC.qcCheck.medNormSMP.adat	ftp://ftp.pride.ebi.ac.uk/pride/data/archive/2026/04/PAD000036/SS-2342591_v4.1_CADRE_Cord__HeparinPlasma.hybNorm.medNormInt.plateScale.calibrate.anmlQC.qcCheck.medNormSMP.adat	SomaScan Assay	SomaScan 7K	v4.1	RFU	PLT25119	Raw RFU, Hyb Normalization, medNormInt (SampleId), plateScale, Calibration, anmlQC, qcCheck, medNormSMP	SomaScan 7K	SomaScan Assay v4.1	20%	NT=affinity-proteomics;VV=v1.0.0	NT=human;VV=v1.1.0	NT=somascan;VV=v1.0.0	v1.1.0	NT=sdrf-skills-autoresearch;VV=v0.0.0
PAD000036-782784	Homo sapiens	Blood	not available	not available	not available	11118	not available	108	not applicable	blood plasma	PAD000036-r00121-782784	protein expression profiling by aptamer array	1	SS-2342591_v4.1_CADRE_Cord__HeparinPlasma.hybNorm.medNormInt.plateScale.calibrate.anmlQC.qcCheck.medNormSMP.adat	ftp://ftp.pride.ebi.ac.uk/pride/data/archive/2026/04/PAD000036/SS-2342591_v4.1_CADRE_Cord__HeparinPlasma.hybNorm.medNormInt.plateScale.calibrate.anmlQC.qcCheck.medNormSMP.adat	SomaScan Assay	SomaScan 7K	v4.1	RFU	PLT25119	Raw RFU, Hyb Normalization, medNormInt (SampleId), plateScale, Calibration, anmlQC, qcCheck, medNormSMP	SomaScan 7K	SomaScan Assay v4.1	20%	NT=affinity-proteomics;VV=v1.0.0	NT=human;VV=v1.1.0	NT=somascan;VV=v1.0.0	v1.1.0	NT=sdrf-skills-autoresearch;VV=v0.0.0
PAD000036-2351-Plasma00-10	Homo sapiens	Blood	not available	not available	not available	2351	not available	109	not applicable	blood plasma	PAD000036-r00122-2351-Plasma00-10	protein expression profiling by aptamer array	1	SS-2342591_v4.1_CADRE_Cord__HeparinPlasma.hybNorm.medNormInt.plateScale.calibrate.anmlQC.qcCheck.medNormSMP.adat	ftp://ftp.pride.ebi.ac.uk/pride/data/archive/2026/04/PAD000036/SS-2342591_v4.1_CADRE_Cord__HeparinPlasma.hybNorm.medNormInt.plateScale.calibrate.anmlQC.qcCheck.medNormSMP.adat	SomaScan Assay	SomaScan 7K	v4.1	RFU	PLT25119	Raw RFU, Hyb Normalization, medNormInt (SampleId), plateScale, Calibration, anmlQC, qcCheck, medNormSMP	SomaScan 7K	SomaScan Assay v4.1	20%	NT=affinity-proteomics;VV=v1.0.0	NT=human;VV=v1.1.0	NT=somascan;VV=v1.0.0	v1.1.0	NT=sdrf-skills-autoresearch;VV=v0.0.0
PAD000036-10244	Homo sapiens	Blood	not available	not available	not available	10244	not available	110	not applicable	blood plasma	PAD000036-r00123-10244	protein expression profiling by aptamer array	1	SS-2342591_v4.1_CADRE_Cord__HeparinPlasma.hybNorm.medNormInt.plateScale.calibrate.anmlQC.qcCheck.medNormSMP.adat	ftp://ftp.pride.ebi.ac.uk/pride/data/archive/2026/04/PAD000036/SS-2342591_v4.1_CADRE_Cord__HeparinPlasma.hybNorm.medNormInt.plateScale.calibrate.anmlQC.qcCheck.medNormSMP.adat	SomaScan Assay	SomaScan 7K	v4.1	RFU	PLT25119	Raw RFU, Hyb Normalization, medNormInt (SampleId), plateScale, Calibration, anmlQC, qcCheck, medNormSMP	SomaScan 7K	SomaScan Assay v4.1	20%	NT=affinity-proteomics;VV=v1.0.0	NT=human;VV=v1.1.0	NT=somascan;VV=v1.0.0	v1.1.0	NT=sdrf-skills-autoresearch;VV=v0.0.0
PAD000036-782799	Homo sapiens	Blood	not available	not available	not available	10879	not available	111	not applicable	blood plasma	PAD000036-r00124-782799	protein expression profiling by aptamer array	1	SS-2342591_v4.1_CADRE_Cord__HeparinPlasma.hybNorm.medNormInt.plateScale.calibrate.anmlQC.qcCheck.medNormSMP.adat	ftp://ftp.pride.ebi.ac.uk/pride/data/archive/2026/04/PAD000036/SS-2342591_v4.1_CADRE_Cord__HeparinPlasma.hybNorm.medNormInt.plateScale.calibrate.anmlQC.qcCheck.medNormSMP.adat	SomaScan Assay	SomaScan 7K	v4.1	RFU	PLT25119	Raw RFU, Hyb Normalization, medNormInt (SampleId), plateScale, Calibration, anmlQC, qcCheck, medNormSMP	SomaScan 7K	SomaScan Assay v4.1	20%	NT=affinity-proteomics;VV=v1.0.0	NT=human;VV=v1.1.0	NT=somascan;VV=v1.0.0	v1.1.0	NT=sdrf-skills-autoresearch;VV=v0.0.0
PAD000036-43	Homo sapiens	Blood	not available	not available	not available	078	not available	112	not applicable	blood plasma	PAD000036-r00125-43	protein expression profiling by aptamer array	1	SS-2342591_v4.1_CADRE_Cord__HeparinPlasma.hybNorm.medNormInt.plateScale.calibrate.anmlQC.qcCheck.medNormSMP.adat	ftp://ftp.pride.ebi.ac.uk/pride/data/archive/2026/04/PAD000036/SS-2342591_v4.1_CADRE_Cord__HeparinPlasma.hybNorm.medNormInt.plateScale.calibrate.anmlQC.qcCheck.medNormSMP.adat	SomaScan Assay	SomaScan 7K	v4.1	RFU	PLT25119	Raw RFU, Hyb Normalization, medNormInt (SampleId), plateScale, Calibration, anmlQC, qcCheck, medNormSMP	SomaScan 7K	SomaScan Assay v4.1	20%	NT=affinity-proteomics;VV=v1.0.0	NT=human;VV=v1.1.0	NT=somascan;VV=v1.0.0	v1.1.0	NT=sdrf-skills-autoresearch;VV=v0.0.0
PAD000036-10429	Homo sapiens	Blood	not available	not available	not available	10429	not available	113	not applicable	blood plasma	PAD000036-r00126-10429	protein expression profiling by aptamer array	1	SS-2342591_v4.1_CADRE_Cord__HeparinPlasma.hybNorm.medNormInt.plateScale.calibrate.anmlQC.qcCheck.medNormSMP.adat	ftp://ftp.pride.ebi.ac.uk/pride/data/archive/2026/04/PAD000036/SS-2342591_v4.1_CADRE_Cord__HeparinPlasma.hybNorm.medNormInt.plateScale.calibrate.anmlQC.qcCheck.medNormSMP.adat	SomaScan Assay	SomaScan 7K	v4.1	RFU	PLT25119	Raw RFU, Hyb Normalization, medNormInt (SampleId), plateScale, Calibration, anmlQC, qcCheck, medNormSMP	SomaScan 7K	SomaScan Assay v4.1	20%	NT=affinity-proteomics;VV=v1.0.0	NT=human;VV=v1.1.0	NT=somascan;VV=v1.0.0	v1.1.0	NT=sdrf-skills-autoresearch;VV=v0.0.0
PAD000036-782798	Homo sapiens	Blood	not available	not available	not available	10859	not available	114	not applicable	blood plasma	PAD000036-r00127-782798	protein expression profiling by aptamer array	1	SS-2342591_v4.1_CADRE_Cord__HeparinPlasma.hybNorm.medNormInt.plateScale.calibrate.anmlQC.qcCheck.medNormSMP.adat	ftp://ftp.pride.ebi.ac.uk/pride/data/archive/2026/04/PAD000036/SS-2342591_v4.1_CADRE_Cord__HeparinPlasma.hybNorm.medNormInt.plateScale.calibrate.anmlQC.qcCheck.medNormSMP.adat	SomaScan Assay	SomaScan 7K	v4.1	RFU	PLT25119	Raw RFU, Hyb Normalization, medNormInt (SampleId), plateScale, Calibration, anmlQC, qcCheck, medNormSMP	SomaScan 7K	SomaScan Assay v4.1	20%	NT=affinity-proteomics;VV=v1.0.0	NT=human;VV=v1.1.0	NT=somascan;VV=v1.0.0	v1.1.0	NT=sdrf-skills-autoresearch;VV=v0.0.0
PAD000036-200169	Homo sapiens	Blood	not available	not available	not available	not available	not available	20	calibrator	blood;blood plasma;blood serum	PAD000036-r00128-200169	protein expression profiling by aptamer array	8	SS-2342591_v4.1_CADRE_Cord__HeparinPlasma.hybNorm.medNormInt.plateScale.calibrate.anmlQC.qcCheck.medNormSMP.adat	ftp://ftp.pride.ebi.ac.uk/pride/data/archive/2026/04/PAD000036/SS-2342591_v4.1_CADRE_Cord__HeparinPlasma.hybNorm.medNormInt.plateScale.calibrate.anmlQC.qcCheck.medNormSMP.adat	SomaScan Assay	SomaScan 7K	v4.1	RFU	PLT25119	Raw RFU, Hyb Normalization, medNormInt (SampleId), plateScale, Calibration, anmlQC, qcCheck, medNormSMP	SomaScan 7K	SomaScan Assay v4.1	20%	NT=affinity-proteomics;VV=v1.0.0	NT=human;VV=v1.1.0	NT=somascan;VV=v1.0.0	v1.1.0	NT=sdrf-skills-autoresearch;VV=v0.0.0
PAD000036-110	Homo sapiens	Blood	not available	not available	not available	102	not available	115	not applicable	blood plasma	PAD000036-r00129-110	protein expression profiling by aptamer array	1	SS-2342591_v4.1_CADRE_Cord__HeparinPlasma.hybNorm.medNormInt.plateScale.calibrate.anmlQC.qcCheck.medNormSMP.adat	ftp://ftp.pride.ebi.ac.uk/pride/data/archive/2026/04/PAD000036/SS-2342591_v4.1_CADRE_Cord__HeparinPlasma.hybNorm.medNormInt.plateScale.calibrate.anmlQC.qcCheck.medNormSMP.adat	SomaScan Assay	SomaScan 7K	v4.1	RFU	PLT25119	Raw RFU, Hyb Normalization, medNormInt (SampleId), plateScale, Calibration, anmlQC, qcCheck, medNormSMP	SomaScan 7K	SomaScan Assay v4.1	20%	NT=affinity-proteomics;VV=v1.0.0	NT=human;VV=v1.1.0	NT=somascan;VV=v1.0.0	v1.1.0	NT=sdrf-skills-autoresearch;VV=v0.0.0
PAD000036-3411-Plasma00-10	Homo sapiens	Blood	not available	not available	not available	3411	not available	116	not applicable	blood plasma	PAD000036-r00130-3411-Plasma00-10	protein expression profiling by aptamer array	1	SS-2342591_v4.1_CADRE_Cord__HeparinPlasma.hybNorm.medNormInt.plateScale.calibrate.anmlQC.qcCheck.medNormSMP.adat	ftp://ftp.pride.ebi.ac.uk/pride/data/archive/2026/04/PAD000036/SS-2342591_v4.1_CADRE_Cord__HeparinPlasma.hybNorm.medNormInt.plateScale.calibrate.anmlQC.qcCheck.medNormSMP.adat	SomaScan Assay	SomaScan 7K	v4.1	RFU	PLT25119	Raw RFU, Hyb Normalization, medNormInt (SampleId), plateScale, Calibration, anmlQC, qcCheck, medNormSMP	SomaScan 7K	SomaScan Assay v4.1	20%	NT=affinity-proteomics;VV=v1.0.0	NT=human;VV=v1.1.0	NT=somascan;VV=v1.0.0	v1.1.0	NT=sdrf-skills-autoresearch;VV=v0.0.0
PAD000036-200170	Homo sapiens	Blood	not available	not available	not available	not available	not available	12	quality control sample	blood;blood plasma;blood serum	PAD000036-r00131-200170	protein expression profiling by aptamer array	5	SS-2342591_v4.1_CADRE_Cord__HeparinPlasma.hybNorm.medNormInt.plateScale.calibrate.anmlQC.qcCheck.medNormSMP.adat	ftp://ftp.pride.ebi.ac.uk/pride/data/archive/2026/04/PAD000036/SS-2342591_v4.1_CADRE_Cord__HeparinPlasma.hybNorm.medNormInt.plateScale.calibrate.anmlQC.qcCheck.medNormSMP.adat	SomaScan Assay	SomaScan 7K	v4.1	RFU	PLT25119	Raw RFU, Hyb Normalization, medNormInt (SampleId), plateScale, Calibration, anmlQC, qcCheck, medNormSMP	SomaScan 7K	SomaScan Assay v4.1	20%	NT=affinity-proteomics;VV=v1.0.0	NT=human;VV=v1.1.0	NT=somascan;VV=v1.0.0	v1.1.0	NT=sdrf-skills-autoresearch;VV=v0.0.0
PAD000036-782792	Homo sapiens	Blood	not available	not available	not available	10286	not available	117	not applicable	blood plasma	PAD000036-r00132-782792	protein expression profiling by aptamer array	1	SS-2342591_v4.1_CADRE_Cord__HeparinPlasma.hybNorm.medNormInt.plateScale.calibrate.anmlQC.qcCheck.medNormSMP.adat	ftp://ftp.pride.ebi.ac.uk/pride/data/archive/2026/04/PAD000036/SS-2342591_v4.1_CADRE_Cord__HeparinPlasma.hybNorm.medNormInt.plateScale.calibrate.anmlQC.qcCheck.medNormSMP.adat	SomaScan Assay	SomaScan 7K	v4.1	RFU	PLT25119	Raw RFU, Hyb Normalization, medNormInt (SampleId), plateScale, Calibration, anmlQC, qcCheck, medNormSMP	SomaScan 7K	SomaScan Assay v4.1	20%	NT=affinity-proteomics;VV=v1.0.0	NT=human;VV=v1.1.0	NT=somascan;VV=v1.0.0	v1.1.0	NT=sdrf-skills-autoresearch;VV=v0.0.0
PAD000036-200169	Homo sapiens	Blood	not available	not available	not available	not available	not available	20	calibrator	blood;blood plasma;blood serum	PAD000036-r00133-200169	protein expression profiling by aptamer array	9	SS-2342591_v4.1_CADRE_Cord__HeparinPlasma.hybNorm.medNormInt.plateScale.calibrate.anmlQC.qcCheck.medNormSMP.adat	ftp://ftp.pride.ebi.ac.uk/pride/data/archive/2026/04/PAD000036/SS-2342591_v4.1_CADRE_Cord__HeparinPlasma.hybNorm.medNormInt.plateScale.calibrate.anmlQC.qcCheck.medNormSMP.adat	SomaScan Assay	SomaScan 7K	v4.1	RFU	PLT25119	Raw RFU, Hyb Normalization, medNormInt (SampleId), plateScale, Calibration, anmlQC, qcCheck, medNormSMP	SomaScan 7K	SomaScan Assay v4.1	20%	NT=affinity-proteomics;VV=v1.0.0	NT=human;VV=v1.1.0	NT=somascan;VV=v1.0.0	v1.1.0	NT=sdrf-skills-autoresearch;VV=v0.0.0
PAD000036-162	Homo sapiens	Blood	not available	not available	not available	089	not available	118	not applicable	blood plasma	PAD000036-r00134-162	protein expression profiling by aptamer array	1	SS-2342591_v4.1_CADRE_Cord__HeparinPlasma.hybNorm.medNormInt.plateScale.calibrate.anmlQC.qcCheck.medNormSMP.adat	ftp://ftp.pride.ebi.ac.uk/pride/data/archive/2026/04/PAD000036/SS-2342591_v4.1_CADRE_Cord__HeparinPlasma.hybNorm.medNormInt.plateScale.calibrate.anmlQC.qcCheck.medNormSMP.adat	SomaScan Assay	SomaScan 7K	v4.1	RFU	PLT25119	Raw RFU, Hyb Normalization, medNormInt (SampleId), plateScale, Calibration, anmlQC, qcCheck, medNormSMP	SomaScan 7K	SomaScan Assay v4.1	20%	NT=affinity-proteomics;VV=v1.0.0	NT=human;VV=v1.1.0	NT=somascan;VV=v1.0.0	v1.1.0	NT=sdrf-skills-autoresearch;VV=v0.0.0
PAD000036-10312	Homo sapiens	Blood	not available	not available	not available	10312	not available	119	not applicable	blood plasma	PAD000036-r00135-10312	protein expression profiling by aptamer array	1	SS-2342591_v4.1_CADRE_Cord__HeparinPlasma.hybNorm.medNormInt.plateScale.calibrate.anmlQC.qcCheck.medNormSMP.adat	ftp://ftp.pride.ebi.ac.uk/pride/data/archive/2026/04/PAD000036/SS-2342591_v4.1_CADRE_Cord__HeparinPlasma.hybNorm.medNormInt.plateScale.calibrate.anmlQC.qcCheck.medNormSMP.adat	SomaScan Assay	SomaScan 7K	v4.1	RFU	PLT25119	Raw RFU, Hyb Normalization, medNormInt (SampleId), plateScale, Calibration, anmlQC, qcCheck, medNormSMP	SomaScan 7K	SomaScan Assay v4.1	20%	NT=affinity-proteomics;VV=v1.0.0	NT=human;VV=v1.1.0	NT=somascan;VV=v1.0.0	v1.1.0	NT=sdrf-skills-autoresearch;VV=v0.0.0
PAD000036-782771	Homo sapiens	Blood	not available	not available	not available	20793	not available	120	not applicable	blood plasma	PAD000036-r00136-782771	protein expression profiling by aptamer array	1	SS-2342591_v4.1_CADRE_Cord__HeparinPlasma.hybNorm.medNormInt.plateScale.calibrate.anmlQC.qcCheck.medNormSMP.adat	ftp://ftp.pride.ebi.ac.uk/pride/data/archive/2026/04/PAD000036/SS-2342591_v4.1_CADRE_Cord__HeparinPlasma.hybNorm.medNormInt.plateScale.calibrate.anmlQC.qcCheck.medNormSMP.adat	SomaScan Assay	SomaScan 7K	v4.1	RFU	PLT25119	Raw RFU, Hyb Normalization, medNormInt (SampleId), plateScale, Calibration, anmlQC, qcCheck, medNormSMP	SomaScan 7K	SomaScan Assay v4.1	20%	NT=affinity-proteomics;VV=v1.0.0	NT=human;VV=v1.1.0	NT=somascan;VV=v1.0.0	v1.1.0	NT=sdrf-skills-autoresearch;VV=v0.0.0
PAD000036-782795	Homo sapiens	Blood	not available	not available	not available	10832	not available	121	not applicable	blood plasma	PAD000036-r00137-782795	protein expression profiling by aptamer array	1	SS-2342591_v4.1_CADRE_Cord__HeparinPlasma.hybNorm.medNormInt.plateScale.calibrate.anmlQC.qcCheck.medNormSMP.adat	ftp://ftp.pride.ebi.ac.uk/pride/data/archive/2026/04/PAD000036/SS-2342591_v4.1_CADRE_Cord__HeparinPlasma.hybNorm.medNormInt.plateScale.calibrate.anmlQC.qcCheck.medNormSMP.adat	SomaScan Assay	SomaScan 7K	v4.1	RFU	PLT25119	Raw RFU, Hyb Normalization, medNormInt (SampleId), plateScale, Calibration, anmlQC, qcCheck, medNormSMP	SomaScan 7K	SomaScan Assay v4.1	20%	NT=affinity-proteomics;VV=v1.0.0	NT=human;VV=v1.1.0	NT=somascan;VV=v1.0.0	v1.1.0	NT=sdrf-skills-autoresearch;VV=v0.0.0
PAD000036-782773	Homo sapiens	Blood	not available	not available	not available	55927	not available	122	not applicable	blood plasma	PAD000036-r00138-782773	protein expression profiling by aptamer array	1	SS-2342591_v4.1_CADRE_Cord__HeparinPlasma.hybNorm.medNormInt.plateScale.calibrate.anmlQC.qcCheck.medNormSMP.adat	ftp://ftp.pride.ebi.ac.uk/pride/data/archive/2026/04/PAD000036/SS-2342591_v4.1_CADRE_Cord__HeparinPlasma.hybNorm.medNormInt.plateScale.calibrate.anmlQC.qcCheck.medNormSMP.adat	SomaScan Assay	SomaScan 7K	v4.1	RFU	PLT25119	Raw RFU, Hyb Normalization, medNormInt (SampleId), plateScale, Calibration, anmlQC, qcCheck, medNormSMP	SomaScan 7K	SomaScan Assay v4.1	20%	NT=affinity-proteomics;VV=v1.0.0	NT=human;VV=v1.1.0	NT=somascan;VV=v1.0.0	v1.1.0	NT=sdrf-skills-autoresearch;VV=v0.0.0
PAD000036-782778	Homo sapiens	Blood	not available	not available	not available	10601	not available	123	not applicable	blood plasma	PAD000036-r00139-782778	protein expression profiling by aptamer array	1	SS-2342591_v4.1_CADRE_Cord__HeparinPlasma.hybNorm.medNormInt.plateScale.calibrate.anmlQC.qcCheck.medNormSMP.adat	ftp://ftp.pride.ebi.ac.uk/pride/data/archive/2026/04/PAD000036/SS-2342591_v4.1_CADRE_Cord__HeparinPlasma.hybNorm.medNormInt.plateScale.calibrate.anmlQC.qcCheck.medNormSMP.adat	SomaScan Assay	SomaScan 7K	v4.1	RFU	PLT25119	Raw RFU, Hyb Normalization, medNormInt (SampleId), plateScale, Calibration, anmlQC, qcCheck, medNormSMP	SomaScan 7K	SomaScan Assay v4.1	20%	NT=affinity-proteomics;VV=v1.0.0	NT=human;VV=v1.1.0	NT=somascan;VV=v1.0.0	v1.1.0	NT=sdrf-skills-autoresearch;VV=v0.0.0
PAD000036-782762	Homo sapiens	Blood	not available	not available	not available	10349	not available	124	not applicable	blood plasma	PAD000036-r00140-782762	protein expression profiling by aptamer array	1	SS-2342591_v4.1_CADRE_Cord__HeparinPlasma.hybNorm.medNormInt.plateScale.calibrate.anmlQC.qcCheck.medNormSMP.adat	ftp://ftp.pride.ebi.ac.uk/pride/data/archive/2026/04/PAD000036/SS-2342591_v4.1_CADRE_Cord__HeparinPlasma.hybNorm.medNormInt.plateScale.calibrate.anmlQC.qcCheck.medNormSMP.adat	SomaScan Assay	SomaScan 7K	v4.1	RFU	PLT25119	Raw RFU, Hyb Normalization, medNormInt (SampleId), plateScale, Calibration, anmlQC, qcCheck, medNormSMP	SomaScan 7K	SomaScan Assay v4.1	20%	NT=affinity-proteomics;VV=v1.0.0	NT=human;VV=v1.1.0	NT=somascan;VV=v1.0.0	v1.1.0	NT=sdrf-skills-autoresearch;VV=v0.0.0
PAD000036-10029	Homo sapiens	Blood	not available	not available	not available	10029	not available	125	not applicable	blood plasma	PAD000036-r00141-10029	protein expression profiling by aptamer array	1	SS-2342591_v4.1_CADRE_Cord__HeparinPlasma.hybNorm.medNormInt.plateScale.calibrate.anmlQC.qcCheck.medNormSMP.adat	ftp://ftp.pride.ebi.ac.uk/pride/data/archive/2026/04/PAD000036/SS-2342591_v4.1_CADRE_Cord__HeparinPlasma.hybNorm.medNormInt.plateScale.calibrate.anmlQC.qcCheck.medNormSMP.adat	SomaScan Assay	SomaScan 7K	v4.1	RFU	PLT25119	Raw RFU, Hyb Normalization, medNormInt (SampleId), plateScale, Calibration, anmlQC, qcCheck, medNormSMP	SomaScan 7K	SomaScan Assay v4.1	20%	NT=affinity-proteomics;VV=v1.0.0	NT=human;VV=v1.1.0	NT=somascan;VV=v1.0.0	v1.1.0	NT=sdrf-skills-autoresearch;VV=v0.0.0
PAD000036-230066	Homo sapiens	Blood	not available	not available	not available	not available	not available	4	not applicable	blood;blood plasma;blood serum	PAD000036-r00142-230066	protein expression profiling by aptamer array	6	SS-2342591_v4.1_CADRE_Cord__HeparinPlasma.hybNorm.medNormInt.plateScale.calibrate.anmlQC.qcCheck.medNormSMP.adat	ftp://ftp.pride.ebi.ac.uk/pride/data/archive/2026/04/PAD000036/SS-2342591_v4.1_CADRE_Cord__HeparinPlasma.hybNorm.medNormInt.plateScale.calibrate.anmlQC.qcCheck.medNormSMP.adat	SomaScan Assay	SomaScan 7K	v4.1	RFU	PLT25119	Raw RFU, Hyb Normalization, medNormInt (SampleId), plateScale, Calibration, anmlQC, qcCheck, medNormSMP	SomaScan 7K	SomaScan Assay v4.1	20%	NT=affinity-proteomics;VV=v1.0.0	NT=human;VV=v1.1.0	NT=somascan;VV=v1.0.0	v1.1.0	NT=sdrf-skills-autoresearch;VV=v0.0.0
PAD000036-10267	Homo sapiens	Blood	not available	not available	not available	10267	not available	126	not applicable	blood plasma	PAD000036-r00143-10267	protein expression profiling by aptamer array	1	SS-2342591_v4.1_CADRE_Cord__HeparinPlasma.hybNorm.medNormInt.plateScale.calibrate.anmlQC.qcCheck.medNormSMP.adat	ftp://ftp.pride.ebi.ac.uk/pride/data/archive/2026/04/PAD000036/SS-2342591_v4.1_CADRE_Cord__HeparinPlasma.hybNorm.medNormInt.plateScale.calibrate.anmlQC.qcCheck.medNormSMP.adat	SomaScan Assay	SomaScan 7K	v4.1	RFU	PLT25119	Raw RFU, Hyb Normalization, medNormInt (SampleId), plateScale, Calibration, anmlQC, qcCheck, medNormSMP	SomaScan 7K	SomaScan Assay v4.1	20%	NT=affinity-proteomics;VV=v1.0.0	NT=human;VV=v1.1.0	NT=somascan;VV=v1.0.0	v1.1.0	NT=sdrf-skills-autoresearch;VV=v0.0.0
PAD000036-10333	Homo sapiens	Blood	not available	not available	not available	10333	not available	127	not applicable	blood plasma	PAD000036-r00144-10333	protein expression profiling by aptamer array	1	SS-2342591_v4.1_CADRE_Cord__HeparinPlasma.hybNorm.medNormInt.plateScale.calibrate.anmlQC.qcCheck.medNormSMP.adat	ftp://ftp.pride.ebi.ac.uk/pride/data/archive/2026/04/PAD000036/SS-2342591_v4.1_CADRE_Cord__HeparinPlasma.hybNorm.medNormInt.plateScale.calibrate.anmlQC.qcCheck.medNormSMP.adat	SomaScan Assay	SomaScan 7K	v4.1	RFU	PLT25119	Raw RFU, Hyb Normalization, medNormInt (SampleId), plateScale, Calibration, anmlQC, qcCheck, medNormSMP	SomaScan 7K	SomaScan Assay v4.1	20%	NT=affinity-proteomics;VV=v1.0.0	NT=human;VV=v1.1.0	NT=somascan;VV=v1.0.0	v1.1.0	NT=sdrf-skills-autoresearch;VV=v0.0.0
PAD000036-10217	Homo sapiens	Blood	not available	not available	not available	10217	not available	128	not applicable	blood plasma	PAD000036-r00145-10217	protein expression profiling by aptamer array	1	SS-2342591_v4.1_CADRE_Cord__HeparinPlasma.hybNorm.medNormInt.plateScale.calibrate.anmlQC.qcCheck.medNormSMP.adat	ftp://ftp.pride.ebi.ac.uk/pride/data/archive/2026/04/PAD000036/SS-2342591_v4.1_CADRE_Cord__HeparinPlasma.hybNorm.medNormInt.plateScale.calibrate.anmlQC.qcCheck.medNormSMP.adat	SomaScan Assay	SomaScan 7K	v4.1	RFU	PLT25119	Raw RFU, Hyb Normalization, medNormInt (SampleId), plateScale, Calibration, anmlQC, qcCheck, medNormSMP	SomaScan 7K	SomaScan Assay v4.1	20%	NT=affinity-proteomics;VV=v1.0.0	NT=human;VV=v1.1.0	NT=somascan;VV=v1.0.0	v1.1.0	NT=sdrf-skills-autoresearch;VV=v0.0.0
PAD000036-10599	Homo sapiens	Blood	not available	not available	not available	10599	not available	129	not applicable	blood plasma	PAD000036-r00146-10599	protein expression profiling by aptamer array	1	SS-2342591_v4.1_CADRE_Cord__HeparinPlasma.hybNorm.medNormInt.plateScale.calibrate.anmlQC.qcCheck.medNormSMP.adat	ftp://ftp.pride.ebi.ac.uk/pride/data/archive/2026/04/PAD000036/SS-2342591_v4.1_CADRE_Cord__HeparinPlasma.hybNorm.medNormInt.plateScale.calibrate.anmlQC.qcCheck.medNormSMP.adat	SomaScan Assay	SomaScan 7K	v4.1	RFU	PLT25119	Raw RFU, Hyb Normalization, medNormInt (SampleId), plateScale, Calibration, anmlQC, qcCheck, medNormSMP	SomaScan 7K	SomaScan Assay v4.1	20%	NT=affinity-proteomics;VV=v1.0.0	NT=human;VV=v1.1.0	NT=somascan;VV=v1.0.0	v1.1.0	NT=sdrf-skills-autoresearch;VV=v0.0.0
PAD000036-200169	Homo sapiens	Blood	not available	not available	not available	not available	not available	20	calibrator	blood;blood plasma;blood serum	PAD000036-r00147-200169	protein expression profiling by aptamer array	10	SS-2342591_v4.1_CADRE_Cord__HeparinPlasma.hybNorm.medNormInt.plateScale.calibrate.anmlQC.qcCheck.medNormSMP.adat	ftp://ftp.pride.ebi.ac.uk/pride/data/archive/2026/04/PAD000036/SS-2342591_v4.1_CADRE_Cord__HeparinPlasma.hybNorm.medNormInt.plateScale.calibrate.anmlQC.qcCheck.medNormSMP.adat	SomaScan Assay	SomaScan 7K	v4.1	RFU	PLT25119	Raw RFU, Hyb Normalization, medNormInt (SampleId), plateScale, Calibration, anmlQC, qcCheck, medNormSMP	SomaScan 7K	SomaScan Assay v4.1	20%	NT=affinity-proteomics;VV=v1.0.0	NT=human;VV=v1.1.0	NT=somascan;VV=v1.0.0	v1.1.0	NT=sdrf-skills-autoresearch;VV=v0.0.0
PAD000036-200170	Homo sapiens	Blood	not available	not available	not available	not available	not available	12	quality control sample	blood;blood plasma;blood serum	PAD000036-r00148-200170	protein expression profiling by aptamer array	6	SS-2342591_v4.1_CADRE_Cord__HeparinPlasma.hybNorm.medNormInt.plateScale.calibrate.anmlQC.qcCheck.medNormSMP.adat	ftp://ftp.pride.ebi.ac.uk/pride/data/archive/2026/04/PAD000036/SS-2342591_v4.1_CADRE_Cord__HeparinPlasma.hybNorm.medNormInt.plateScale.calibrate.anmlQC.qcCheck.medNormSMP.adat	SomaScan Assay	SomaScan 7K	v4.1	RFU	PLT25119	Raw RFU, Hyb Normalization, medNormInt (SampleId), plateScale, Calibration, anmlQC, qcCheck, medNormSMP	SomaScan 7K	SomaScan Assay v4.1	20%	NT=affinity-proteomics;VV=v1.0.0	NT=human;VV=v1.1.0	NT=somascan;VV=v1.0.0	v1.1.0	NT=sdrf-skills-autoresearch;VV=v0.0.0
PAD000036-10594	Homo sapiens	Blood	not available	not available	not available	10594	not available	130	not applicable	blood plasma	PAD000036-r00149-10594	protein expression profiling by aptamer array	1	SS-2342591_v4.1_CADRE_Cord__HeparinPlasma.hybNorm.medNormInt.plateScale.calibrate.anmlQC.qcCheck.medNormSMP.adat	ftp://ftp.pride.ebi.ac.uk/pride/data/archive/2026/04/PAD000036/SS-2342591_v4.1_CADRE_Cord__HeparinPlasma.hybNorm.medNormInt.plateScale.calibrate.anmlQC.qcCheck.medNormSMP.adat	SomaScan Assay	SomaScan 7K	v4.1	RFU	PLT25119	Raw RFU, Hyb Normalization, medNormInt (SampleId), plateScale, Calibration, anmlQC, qcCheck, medNormSMP	SomaScan 7K	SomaScan Assay v4.1	20%	NT=affinity-proteomics;VV=v1.0.0	NT=human;VV=v1.1.0	NT=somascan;VV=v1.0.0	v1.1.0	NT=sdrf-skills-autoresearch;VV=v0.0.0
PAD000036-10128	Homo sapiens	Blood	not available	not available	not available	10648	not available	131	not applicable	blood plasma	PAD000036-r00150-10128	protein expression profiling by aptamer array	1	SS-2342591_v4.1_CADRE_Cord__HeparinPlasma.hybNorm.medNormInt.plateScale.calibrate.anmlQC.qcCheck.medNormSMP.adat	ftp://ftp.pride.ebi.ac.uk/pride/data/archive/2026/04/PAD000036/SS-2342591_v4.1_CADRE_Cord__HeparinPlasma.hybNorm.medNormInt.plateScale.calibrate.anmlQC.qcCheck.medNormSMP.adat	SomaScan Assay	SomaScan 7K	v4.1	RFU	PLT25119	Raw RFU, Hyb Normalization, medNormInt (SampleId), plateScale, Calibration, anmlQC, qcCheck, medNormSMP	SomaScan 7K	SomaScan Assay v4.1	20%	NT=affinity-proteomics;VV=v1.0.0	NT=human;VV=v1.1.0	NT=somascan;VV=v1.0.0	v1.1.0	NT=sdrf-skills-autoresearch;VV=v0.0.0
PAD000036-2751-Plasma00-10	Homo sapiens	Blood	not available	not available	not available	10128	not available	132	not applicable	blood plasma	PAD000036-r00151-2751-Plasma00-10	protein expression profiling by aptamer array	1	SS-2342591_v4.1_CADRE_Cord__HeparinPlasma.hybNorm.medNormInt.plateScale.calibrate.anmlQC.qcCheck.medNormSMP.adat	ftp://ftp.pride.ebi.ac.uk/pride/data/archive/2026/04/PAD000036/SS-2342591_v4.1_CADRE_Cord__HeparinPlasma.hybNorm.medNormInt.plateScale.calibrate.anmlQC.qcCheck.medNormSMP.adat	SomaScan Assay	SomaScan 7K	v4.1	RFU	PLT25119	Raw RFU, Hyb Normalization, medNormInt (SampleId), plateScale, Calibration, anmlQC, qcCheck, medNormSMP	SomaScan 7K	SomaScan Assay v4.1	20%	NT=affinity-proteomics;VV=v1.0.0	NT=human;VV=v1.1.0	NT=somascan;VV=v1.0.0	v1.1.0	NT=sdrf-skills-autoresearch;VV=v0.0.0
PAD000036-010	Homo sapiens	Blood	not available	not available	not available	003	not available	133	not applicable	blood plasma	PAD000036-r00152-010	protein expression profiling by aptamer array	1	SS-2342591_v4.1_CADRE_Cord__HeparinPlasma.hybNorm.medNormInt.plateScale.calibrate.anmlQC.qcCheck.medNormSMP.adat	ftp://ftp.pride.ebi.ac.uk/pride/data/archive/2026/04/PAD000036/SS-2342591_v4.1_CADRE_Cord__HeparinPlasma.hybNorm.medNormInt.plateScale.calibrate.anmlQC.qcCheck.medNormSMP.adat	SomaScan Assay	SomaScan 7K	v4.1	RFU	PLT25119	Raw RFU, Hyb Normalization, medNormInt (SampleId), plateScale, Calibration, anmlQC, qcCheck, medNormSMP	SomaScan 7K	SomaScan Assay v4.1	20%	NT=affinity-proteomics;VV=v1.0.0	NT=human;VV=v1.1.0	NT=somascan;VV=v1.0.0	v1.1.0	NT=sdrf-skills-autoresearch;VV=v0.0.0
PAD000036-782758	Homo sapiens	Blood	not available	not available	not available	10695	not available	134	not applicable	blood plasma	PAD000036-r00153-782758	protein expression profiling by aptamer array	1	SS-2342592_v4.1_CADRE_Pediatric_HeparinPlasma.hybNorm.medNormInt.plateScale.calibrate.anmlQC.qcCheck.medNormSMP.adat	ftp://ftp.pride.ebi.ac.uk/pride/data/archive/2026/04/PAD000036/SS-2342592_v4.1_CADRE_Pediatric_HeparinPlasma.hybNorm.medNormInt.plateScale.calibrate.anmlQC.qcCheck.medNormSMP.adat	SomaScan Assay	SomaScan 7K	v4.1	RFU	PLT25326	Raw RFU, Hyb Normalization, medNormInt (SampleId), plateScale, Calibration, anmlQC, qcCheck, medNormSMP	SomaScan 7K	SomaScan Assay v4.1	20%	NT=affinity-proteomics;VV=v1.0.0	NT=human;VV=v1.1.0	NT=somascan;VV=v1.0.0	v1.1.0	NT=sdrf-skills-autoresearch;VV=v0.0.0
PAD000036-782756	Homo sapiens	Blood	not available	not available	not available	10492	not available	135	not applicable	blood plasma	PAD000036-r00154-782756	protein expression profiling by aptamer array	1	SS-2342592_v4.1_CADRE_Pediatric_HeparinPlasma.hybNorm.medNormInt.plateScale.calibrate.anmlQC.qcCheck.medNormSMP.adat	ftp://ftp.pride.ebi.ac.uk/pride/data/archive/2026/04/PAD000036/SS-2342592_v4.1_CADRE_Pediatric_HeparinPlasma.hybNorm.medNormInt.plateScale.calibrate.anmlQC.qcCheck.medNormSMP.adat	SomaScan Assay	SomaScan 7K	v4.1	RFU	PLT25326	Raw RFU, Hyb Normalization, medNormInt (SampleId), plateScale, Calibration, anmlQC, qcCheck, medNormSMP	SomaScan 7K	SomaScan Assay v4.1	20%	NT=affinity-proteomics;VV=v1.0.0	NT=human;VV=v1.1.0	NT=somascan;VV=v1.0.0	v1.1.0	NT=sdrf-skills-autoresearch;VV=v0.0.0
PAD000036-11311100000702	Homo sapiens	Blood	not available	not available	not available	21062	not available	136	not applicable	blood plasma	PAD000036-r00155-11311100000702	protein expression profiling by aptamer array	1	SS-2342592_v4.1_CADRE_Pediatric_HeparinPlasma.hybNorm.medNormInt.plateScale.calibrate.anmlQC.qcCheck.medNormSMP.adat	ftp://ftp.pride.ebi.ac.uk/pride/data/archive/2026/04/PAD000036/SS-2342592_v4.1_CADRE_Pediatric_HeparinPlasma.hybNorm.medNormInt.plateScale.calibrate.anmlQC.qcCheck.medNormSMP.adat	SomaScan Assay	SomaScan 7K	v4.1	RFU	PLT25326	Raw RFU, Hyb Normalization, medNormInt (SampleId), plateScale, Calibration, anmlQC, qcCheck, medNormSMP	SomaScan 7K	SomaScan Assay v4.1	20%	NT=affinity-proteomics;VV=v1.0.0	NT=human;VV=v1.1.0	NT=somascan;VV=v1.0.0	v1.1.0	NT=sdrf-skills-autoresearch;VV=v0.0.0
PAD000036-052	Homo sapiens	Blood	not available	not available	not available	052	not available	137	not applicable	blood plasma	PAD000036-r00156-052	protein expression profiling by aptamer array	1	SS-2342592_v4.1_CADRE_Pediatric_HeparinPlasma.hybNorm.medNormInt.plateScale.calibrate.anmlQC.qcCheck.medNormSMP.adat	ftp://ftp.pride.ebi.ac.uk/pride/data/archive/2026/04/PAD000036/SS-2342592_v4.1_CADRE_Pediatric_HeparinPlasma.hybNorm.medNormInt.plateScale.calibrate.anmlQC.qcCheck.medNormSMP.adat	SomaScan Assay	SomaScan 7K	v4.1	RFU	PLT25326	Raw RFU, Hyb Normalization, medNormInt (SampleId), plateScale, Calibration, anmlQC, qcCheck, medNormSMP	SomaScan 7K	SomaScan Assay v4.1	20%	NT=affinity-proteomics;VV=v1.0.0	NT=human;VV=v1.1.0	NT=somascan;VV=v1.0.0	v1.1.0	NT=sdrf-skills-autoresearch;VV=v0.0.0
PAD000036-11311100011587	Homo sapiens	Blood	not available	not available	not available	20142	not available	138	not applicable	blood plasma	PAD000036-r00157-11311100011587	protein expression profiling by aptamer array	1	SS-2342592_v4.1_CADRE_Pediatric_HeparinPlasma.hybNorm.medNormInt.plateScale.calibrate.anmlQC.qcCheck.medNormSMP.adat	ftp://ftp.pride.ebi.ac.uk/pride/data/archive/2026/04/PAD000036/SS-2342592_v4.1_CADRE_Pediatric_HeparinPlasma.hybNorm.medNormInt.plateScale.calibrate.anmlQC.qcCheck.medNormSMP.adat	SomaScan Assay	SomaScan 7K	v4.1	RFU	PLT25326	Raw RFU, Hyb Normalization, medNormInt (SampleId), plateScale, Calibration, anmlQC, qcCheck, medNormSMP	SomaScan 7K	SomaScan Assay v4.1	20%	NT=affinity-proteomics;VV=v1.0.0	NT=human;VV=v1.1.0	NT=somascan;VV=v1.0.0	v1.1.0	NT=sdrf-skills-autoresearch;VV=v0.0.0
PAD000036-200169	Homo sapiens	Blood	not available	not available	not available	not available	not available	20	calibrator	blood;blood plasma;blood serum	PAD000036-r00158-200169	protein expression profiling by aptamer array	1	SS-2342592_v4.1_CADRE_Pediatric_HeparinPlasma.hybNorm.medNormInt.plateScale.calibrate.anmlQC.qcCheck.medNormSMP.adat	ftp://ftp.pride.ebi.ac.uk/pride/data/archive/2026/04/PAD000036/SS-2342592_v4.1_CADRE_Pediatric_HeparinPlasma.hybNorm.medNormInt.plateScale.calibrate.anmlQC.qcCheck.medNormSMP.adat	SomaScan Assay	SomaScan 7K	v4.1	RFU	PLT25326	Raw RFU, Hyb Normalization, medNormInt (SampleId), plateScale, Calibration, anmlQC, qcCheck, medNormSMP	SomaScan 7K	SomaScan Assay v4.1	20%	NT=affinity-proteomics;VV=v1.0.0	NT=human;VV=v1.1.0	NT=somascan;VV=v1.0.0	v1.1.0	NT=sdrf-skills-autoresearch;VV=v0.0.0
PAD000036-11311100003156	Homo sapiens	Blood	not available	not available	not available	11842	not available	139	not applicable	blood plasma	PAD000036-r00159-11311100003156	protein expression profiling by aptamer array	1	SS-2342592_v4.1_CADRE_Pediatric_HeparinPlasma.hybNorm.medNormInt.plateScale.calibrate.anmlQC.qcCheck.medNormSMP.adat	ftp://ftp.pride.ebi.ac.uk/pride/data/archive/2026/04/PAD000036/SS-2342592_v4.1_CADRE_Pediatric_HeparinPlasma.hybNorm.medNormInt.plateScale.calibrate.anmlQC.qcCheck.medNormSMP.adat	SomaScan Assay	SomaScan 7K	v4.1	RFU	PLT25326	Raw RFU, Hyb Normalization, medNormInt (SampleId), plateScale, Calibration, anmlQC, qcCheck, medNormSMP	SomaScan 7K	SomaScan Assay v4.1	20%	NT=affinity-proteomics;VV=v1.0.0	NT=human;VV=v1.1.0	NT=somascan;VV=v1.0.0	v1.1.0	NT=sdrf-skills-autoresearch;VV=v0.0.0
PAD000036-782740	Homo sapiens	Blood	not available	not available	not available	10008	not available	140	not applicable	blood plasma	PAD000036-r00160-782740	protein expression profiling by aptamer array	1	SS-2342592_v4.1_CADRE_Pediatric_HeparinPlasma.hybNorm.medNormInt.plateScale.calibrate.anmlQC.qcCheck.medNormSMP.adat	ftp://ftp.pride.ebi.ac.uk/pride/data/archive/2026/04/PAD000036/SS-2342592_v4.1_CADRE_Pediatric_HeparinPlasma.hybNorm.medNormInt.plateScale.calibrate.anmlQC.qcCheck.medNormSMP.adat	SomaScan Assay	SomaScan 7K	v4.1	RFU	PLT25326	Raw RFU, Hyb Normalization, medNormInt (SampleId), plateScale, Calibration, anmlQC, qcCheck, medNormSMP	SomaScan 7K	SomaScan Assay v4.1	20%	NT=affinity-proteomics;VV=v1.0.0	NT=human;VV=v1.1.0	NT=somascan;VV=v1.0.0	v1.1.0	NT=sdrf-skills-autoresearch;VV=v0.0.0
PAD000036-782757	Homo sapiens	Blood	not available	not available	not available	10151	not available	141	not applicable	blood plasma	PAD000036-r00161-782757	protein expression profiling by aptamer array	1	SS-2342592_v4.1_CADRE_Pediatric_HeparinPlasma.hybNorm.medNormInt.plateScale.calibrate.anmlQC.qcCheck.medNormSMP.adat	ftp://ftp.pride.ebi.ac.uk/pride/data/archive/2026/04/PAD000036/SS-2342592_v4.1_CADRE_Pediatric_HeparinPlasma.hybNorm.medNormInt.plateScale.calibrate.anmlQC.qcCheck.medNormSMP.adat	SomaScan Assay	SomaScan 7K	v4.1	RFU	PLT25326	Raw RFU, Hyb Normalization, medNormInt (SampleId), plateScale, Calibration, anmlQC, qcCheck, medNormSMP	SomaScan 7K	SomaScan Assay v4.1	20%	NT=affinity-proteomics;VV=v1.0.0	NT=human;VV=v1.1.0	NT=somascan;VV=v1.0.0	v1.1.0	NT=sdrf-skills-autoresearch;VV=v0.0.0
PAD000036-230066	Homo sapiens	Blood	not available	not available	not available	not available	not available	4	not applicable	blood;blood plasma;blood serum	PAD000036-r00162-230066	protein expression profiling by aptamer array	1	SS-2342592_v4.1_CADRE_Pediatric_HeparinPlasma.hybNorm.medNormInt.plateScale.calibrate.anmlQC.qcCheck.medNormSMP.adat	ftp://ftp.pride.ebi.ac.uk/pride/data/archive/2026/04/PAD000036/SS-2342592_v4.1_CADRE_Pediatric_HeparinPlasma.hybNorm.medNormInt.plateScale.calibrate.anmlQC.qcCheck.medNormSMP.adat	SomaScan Assay	SomaScan 7K	v4.1	RFU	PLT25326	Raw RFU, Hyb Normalization, medNormInt (SampleId), plateScale, Calibration, anmlQC, qcCheck, medNormSMP	SomaScan 7K	SomaScan Assay v4.1	20%	NT=affinity-proteomics;VV=v1.0.0	NT=human;VV=v1.1.0	NT=somascan;VV=v1.0.0	v1.1.0	NT=sdrf-skills-autoresearch;VV=v0.0.0
PAD000036-307	Homo sapiens	Blood	not available	not available	not available	307	not available	142	not applicable	blood plasma	PAD000036-r00163-307	protein expression profiling by aptamer array	1	SS-2342592_v4.1_CADRE_Pediatric_HeparinPlasma.hybNorm.medNormInt.plateScale.calibrate.anmlQC.qcCheck.medNormSMP.adat	ftp://ftp.pride.ebi.ac.uk/pride/data/archive/2026/04/PAD000036/SS-2342592_v4.1_CADRE_Pediatric_HeparinPlasma.hybNorm.medNormInt.plateScale.calibrate.anmlQC.qcCheck.medNormSMP.adat	SomaScan Assay	SomaScan 7K	v4.1	RFU	PLT25326	Raw RFU, Hyb Normalization, medNormInt (SampleId), plateScale, Calibration, anmlQC, qcCheck, medNormSMP	SomaScan 7K	SomaScan Assay v4.1	20%	NT=affinity-proteomics;VV=v1.0.0	NT=human;VV=v1.1.0	NT=somascan;VV=v1.0.0	v1.1.0	NT=sdrf-skills-autoresearch;VV=v0.0.0
PAD000036-11311100006504	Homo sapiens	Blood	not available	not available	not available	17722	not available	143	not applicable	blood plasma	PAD000036-r00164-11311100006504	protein expression profiling by aptamer array	1	SS-2342592_v4.1_CADRE_Pediatric_HeparinPlasma.hybNorm.medNormInt.plateScale.calibrate.anmlQC.qcCheck.medNormSMP.adat	ftp://ftp.pride.ebi.ac.uk/pride/data/archive/2026/04/PAD000036/SS-2342592_v4.1_CADRE_Pediatric_HeparinPlasma.hybNorm.medNormInt.plateScale.calibrate.anmlQC.qcCheck.medNormSMP.adat	SomaScan Assay	SomaScan 7K	v4.1	RFU	PLT25326	Raw RFU, Hyb Normalization, medNormInt (SampleId), plateScale, Calibration, anmlQC, qcCheck, medNormSMP	SomaScan 7K	SomaScan Assay v4.1	20%	NT=affinity-proteomics;VV=v1.0.0	NT=human;VV=v1.1.0	NT=somascan;VV=v1.0.0	v1.1.0	NT=sdrf-skills-autoresearch;VV=v0.0.0
PAD000036-053	Homo sapiens	Blood	not available	not available	not available	053	not available	144	not applicable	blood plasma	PAD000036-r00165-053	protein expression profiling by aptamer array	1	SS-2342592_v4.1_CADRE_Pediatric_HeparinPlasma.hybNorm.medNormInt.plateScale.calibrate.anmlQC.qcCheck.medNormSMP.adat	ftp://ftp.pride.ebi.ac.uk/pride/data/archive/2026/04/PAD000036/SS-2342592_v4.1_CADRE_Pediatric_HeparinPlasma.hybNorm.medNormInt.plateScale.calibrate.anmlQC.qcCheck.medNormSMP.adat	SomaScan Assay	SomaScan 7K	v4.1	RFU	PLT25326	Raw RFU, Hyb Normalization, medNormInt (SampleId), plateScale, Calibration, anmlQC, qcCheck, medNormSMP	SomaScan 7K	SomaScan Assay v4.1	20%	NT=affinity-proteomics;VV=v1.0.0	NT=human;VV=v1.1.0	NT=somascan;VV=v1.0.0	v1.1.0	NT=sdrf-skills-autoresearch;VV=v0.0.0
PAD000036-230066	Homo sapiens	Blood	not available	not available	not available	not available	not available	4	not applicable	blood;blood plasma;blood serum	PAD000036-r00166-230066	protein expression profiling by aptamer array	2	SS-2342592_v4.1_CADRE_Pediatric_HeparinPlasma.hybNorm.medNormInt.plateScale.calibrate.anmlQC.qcCheck.medNormSMP.adat	ftp://ftp.pride.ebi.ac.uk/pride/data/archive/2026/04/PAD000036/SS-2342592_v4.1_CADRE_Pediatric_HeparinPlasma.hybNorm.medNormInt.plateScale.calibrate.anmlQC.qcCheck.medNormSMP.adat	SomaScan Assay	SomaScan 7K	v4.1	RFU	PLT25326	Raw RFU, Hyb Normalization, medNormInt (SampleId), plateScale, Calibration, anmlQC, qcCheck, medNormSMP	SomaScan 7K	SomaScan Assay v4.1	20%	NT=affinity-proteomics;VV=v1.0.0	NT=human;VV=v1.1.0	NT=somascan;VV=v1.0.0	v1.1.0	NT=sdrf-skills-autoresearch;VV=v0.0.0
PAD000036-200170	Homo sapiens	Blood	not available	not available	not available	not available	not available	12	quality control sample	blood;blood plasma;blood serum	PAD000036-r00167-200170	protein expression profiling by aptamer array	1	SS-2342592_v4.1_CADRE_Pediatric_HeparinPlasma.hybNorm.medNormInt.plateScale.calibrate.anmlQC.qcCheck.medNormSMP.adat	ftp://ftp.pride.ebi.ac.uk/pride/data/archive/2026/04/PAD000036/SS-2342592_v4.1_CADRE_Pediatric_HeparinPlasma.hybNorm.medNormInt.plateScale.calibrate.anmlQC.qcCheck.medNormSMP.adat	SomaScan Assay	SomaScan 7K	v4.1	RFU	PLT25326	Raw RFU, Hyb Normalization, medNormInt (SampleId), plateScale, Calibration, anmlQC, qcCheck, medNormSMP	SomaScan 7K	SomaScan Assay v4.1	20%	NT=affinity-proteomics;VV=v1.0.0	NT=human;VV=v1.1.0	NT=somascan;VV=v1.0.0	v1.1.0	NT=sdrf-skills-autoresearch;VV=v0.0.0
PAD000036-11311100002471	Homo sapiens	Blood	not available	not available	not available	23862	not available	145	not applicable	blood plasma	PAD000036-r00168-11311100002471	protein expression profiling by aptamer array	1	SS-2342592_v4.1_CADRE_Pediatric_HeparinPlasma.hybNorm.medNormInt.plateScale.calibrate.anmlQC.qcCheck.medNormSMP.adat	ftp://ftp.pride.ebi.ac.uk/pride/data/archive/2026/04/PAD000036/SS-2342592_v4.1_CADRE_Pediatric_HeparinPlasma.hybNorm.medNormInt.plateScale.calibrate.anmlQC.qcCheck.medNormSMP.adat	SomaScan Assay	SomaScan 7K	v4.1	RFU	PLT25326	Raw RFU, Hyb Normalization, medNormInt (SampleId), plateScale, Calibration, anmlQC, qcCheck, medNormSMP	SomaScan 7K	SomaScan Assay v4.1	20%	NT=affinity-proteomics;VV=v1.0.0	NT=human;VV=v1.1.0	NT=somascan;VV=v1.0.0	v1.1.0	NT=sdrf-skills-autoresearch;VV=v0.0.0
PAD000036-11311100011342	Homo sapiens	Blood	not available	not available	not available	14752	not available	146	not applicable	blood plasma	PAD000036-r00169-11311100011342	protein expression profiling by aptamer array	1	SS-2342592_v4.1_CADRE_Pediatric_HeparinPlasma.hybNorm.medNormInt.plateScale.calibrate.anmlQC.qcCheck.medNormSMP.adat	ftp://ftp.pride.ebi.ac.uk/pride/data/archive/2026/04/PAD000036/SS-2342592_v4.1_CADRE_Pediatric_HeparinPlasma.hybNorm.medNormInt.plateScale.calibrate.anmlQC.qcCheck.medNormSMP.adat	SomaScan Assay	SomaScan 7K	v4.1	RFU	PLT25326	Raw RFU, Hyb Normalization, medNormInt (SampleId), plateScale, Calibration, anmlQC, qcCheck, medNormSMP	SomaScan 7K	SomaScan Assay v4.1	20%	NT=affinity-proteomics;VV=v1.0.0	NT=human;VV=v1.1.0	NT=somascan;VV=v1.0.0	v1.1.0	NT=sdrf-skills-autoresearch;VV=v0.0.0
PAD000036-062	Homo sapiens	Blood	not available	not available	not available	062	not available	147	not applicable	blood plasma	PAD000036-r00170-062	protein expression profiling by aptamer array	1	SS-2342592_v4.1_CADRE_Pediatric_HeparinPlasma.hybNorm.medNormInt.plateScale.calibrate.anmlQC.qcCheck.medNormSMP.adat	ftp://ftp.pride.ebi.ac.uk/pride/data/archive/2026/04/PAD000036/SS-2342592_v4.1_CADRE_Pediatric_HeparinPlasma.hybNorm.medNormInt.plateScale.calibrate.anmlQC.qcCheck.medNormSMP.adat	SomaScan Assay	SomaScan 7K	v4.1	RFU	PLT25326	Raw RFU, Hyb Normalization, medNormInt (SampleId), plateScale, Calibration, anmlQC, qcCheck, medNormSMP	SomaScan 7K	SomaScan Assay v4.1	20%	NT=affinity-proteomics;VV=v1.0.0	NT=human;VV=v1.1.0	NT=somascan;VV=v1.0.0	v1.1.0	NT=sdrf-skills-autoresearch;VV=v0.0.0
PAD000036-230066	Homo sapiens	Blood	not available	not available	not available	not available	not available	4	not applicable	blood;blood plasma;blood serum	PAD000036-r00171-230066	protein expression profiling by aptamer array	3	SS-2342592_v4.1_CADRE_Pediatric_HeparinPlasma.hybNorm.medNormInt.plateScale.calibrate.anmlQC.qcCheck.medNormSMP.adat	ftp://ftp.pride.ebi.ac.uk/pride/data/archive/2026/04/PAD000036/SS-2342592_v4.1_CADRE_Pediatric_HeparinPlasma.hybNorm.medNormInt.plateScale.calibrate.anmlQC.qcCheck.medNormSMP.adat	SomaScan Assay	SomaScan 7K	v4.1	RFU	PLT25326	Raw RFU, Hyb Normalization, medNormInt (SampleId), plateScale, Calibration, anmlQC, qcCheck, medNormSMP	SomaScan 7K	SomaScan Assay v4.1	20%	NT=affinity-proteomics;VV=v1.0.0	NT=human;VV=v1.1.0	NT=somascan;VV=v1.0.0	v1.1.0	NT=sdrf-skills-autoresearch;VV=v0.0.0
PAD000036-782742	Homo sapiens	Blood	not available	not available	not available	10117	not available	148	not applicable	blood plasma	PAD000036-r00172-782742	protein expression profiling by aptamer array	1	SS-2342592_v4.1_CADRE_Pediatric_HeparinPlasma.hybNorm.medNormInt.plateScale.calibrate.anmlQC.qcCheck.medNormSMP.adat	ftp://ftp.pride.ebi.ac.uk/pride/data/archive/2026/04/PAD000036/SS-2342592_v4.1_CADRE_Pediatric_HeparinPlasma.hybNorm.medNormInt.plateScale.calibrate.anmlQC.qcCheck.medNormSMP.adat	SomaScan Assay	SomaScan 7K	v4.1	RFU	PLT25326	Raw RFU, Hyb Normalization, medNormInt (SampleId), plateScale, Calibration, anmlQC, qcCheck, medNormSMP	SomaScan 7K	SomaScan Assay v4.1	20%	NT=affinity-proteomics;VV=v1.0.0	NT=human;VV=v1.1.0	NT=somascan;VV=v1.0.0	v1.1.0	NT=sdrf-skills-autoresearch;VV=v0.0.0
PAD000036-782761	Homo sapiens	Blood	not available	not available	not available	55927	not available	149	not applicable	blood plasma	PAD000036-r00173-782761	protein expression profiling by aptamer array	1	SS-2342592_v4.1_CADRE_Pediatric_HeparinPlasma.hybNorm.medNormInt.plateScale.calibrate.anmlQC.qcCheck.medNormSMP.adat	ftp://ftp.pride.ebi.ac.uk/pride/data/archive/2026/04/PAD000036/SS-2342592_v4.1_CADRE_Pediatric_HeparinPlasma.hybNorm.medNormInt.plateScale.calibrate.anmlQC.qcCheck.medNormSMP.adat	SomaScan Assay	SomaScan 7K	v4.1	RFU	PLT25326	Raw RFU, Hyb Normalization, medNormInt (SampleId), plateScale, Calibration, anmlQC, qcCheck, medNormSMP	SomaScan 7K	SomaScan Assay v4.1	20%	NT=affinity-proteomics;VV=v1.0.0	NT=human;VV=v1.1.0	NT=somascan;VV=v1.0.0	v1.1.0	NT=sdrf-skills-autoresearch;VV=v0.0.0
PAD000036-11311100008518	Homo sapiens	Blood	not available	not available	not available	38632	not available	150	not applicable	blood plasma	PAD000036-r00174-11311100008518	protein expression profiling by aptamer array	1	SS-2342592_v4.1_CADRE_Pediatric_HeparinPlasma.hybNorm.medNormInt.plateScale.calibrate.anmlQC.qcCheck.medNormSMP.adat	ftp://ftp.pride.ebi.ac.uk/pride/data/archive/2026/04/PAD000036/SS-2342592_v4.1_CADRE_Pediatric_HeparinPlasma.hybNorm.medNormInt.plateScale.calibrate.anmlQC.qcCheck.medNormSMP.adat	SomaScan Assay	SomaScan 7K	v4.1	RFU	PLT25326	Raw RFU, Hyb Normalization, medNormInt (SampleId), plateScale, Calibration, anmlQC, qcCheck, medNormSMP	SomaScan 7K	SomaScan Assay v4.1	20%	NT=affinity-proteomics;VV=v1.0.0	NT=human;VV=v1.1.0	NT=somascan;VV=v1.0.0	v1.1.0	NT=sdrf-skills-autoresearch;VV=v0.0.0
PAD000036-782760	Homo sapiens	Blood	not available	not available	not available	10859	not available	151	not applicable	blood plasma	PAD000036-r00175-782760	protein expression profiling by aptamer array	1	SS-2342592_v4.1_CADRE_Pediatric_HeparinPlasma.hybNorm.medNormInt.plateScale.calibrate.anmlQC.qcCheck.medNormSMP.adat	ftp://ftp.pride.ebi.ac.uk/pride/data/archive/2026/04/PAD000036/SS-2342592_v4.1_CADRE_Pediatric_HeparinPlasma.hybNorm.medNormInt.plateScale.calibrate.anmlQC.qcCheck.medNormSMP.adat	SomaScan Assay	SomaScan 7K	v4.1	RFU	PLT25326	Raw RFU, Hyb Normalization, medNormInt (SampleId), plateScale, Calibration, anmlQC, qcCheck, medNormSMP	SomaScan 7K	SomaScan Assay v4.1	20%	NT=affinity-proteomics;VV=v1.0.0	NT=human;VV=v1.1.0	NT=somascan;VV=v1.0.0	v1.1.0	NT=sdrf-skills-autoresearch;VV=v0.0.0
PAD000036-230066	Homo sapiens	Blood	not available	not available	not available	not available	not available	4	not applicable	blood;blood plasma;blood serum	PAD000036-r00176-230066	protein expression profiling by aptamer array	4	SS-2342592_v4.1_CADRE_Pediatric_HeparinPlasma.hybNorm.medNormInt.plateScale.calibrate.anmlQC.qcCheck.medNormSMP.adat	ftp://ftp.pride.ebi.ac.uk/pride/data/archive/2026/04/PAD000036/SS-2342592_v4.1_CADRE_Pediatric_HeparinPlasma.hybNorm.medNormInt.plateScale.calibrate.anmlQC.qcCheck.medNormSMP.adat	SomaScan Assay	SomaScan 7K	v4.1	RFU	PLT25326	Raw RFU, Hyb Normalization, medNormInt (SampleId), plateScale, Calibration, anmlQC, qcCheck, medNormSMP	SomaScan 7K	SomaScan Assay v4.1	20%	NT=affinity-proteomics;VV=v1.0.0	NT=human;VV=v1.1.0	NT=somascan;VV=v1.0.0	v1.1.0	NT=sdrf-skills-autoresearch;VV=v0.0.0
PAD000036-2971-Plasma60-10	Homo sapiens	Blood	not available	not available	not available	2971	not available	152	not applicable	blood plasma	PAD000036-r00177-2971-Plasma60-10	protein expression profiling by aptamer array	1	SS-2342592_v4.1_CADRE_Pediatric_HeparinPlasma.hybNorm.medNormInt.plateScale.calibrate.anmlQC.qcCheck.medNormSMP.adat	ftp://ftp.pride.ebi.ac.uk/pride/data/archive/2026/04/PAD000036/SS-2342592_v4.1_CADRE_Pediatric_HeparinPlasma.hybNorm.medNormInt.plateScale.calibrate.anmlQC.qcCheck.medNormSMP.adat	SomaScan Assay	SomaScan 7K	v4.1	RFU	PLT25326	Raw RFU, Hyb Normalization, medNormInt (SampleId), plateScale, Calibration, anmlQC, qcCheck, medNormSMP	SomaScan 7K	SomaScan Assay v4.1	20%	NT=affinity-proteomics;VV=v1.0.0	NT=human;VV=v1.1.0	NT=somascan;VV=v1.0.0	v1.1.0	NT=sdrf-skills-autoresearch;VV=v0.0.0
PAD000036-11311100001833	Homo sapiens	Blood	not available	not available	not available	26262	not available	153	not applicable	blood plasma	PAD000036-r00178-11311100001833	protein expression profiling by aptamer array	1	SS-2342592_v4.1_CADRE_Pediatric_HeparinPlasma.hybNorm.medNormInt.plateScale.calibrate.anmlQC.qcCheck.medNormSMP.adat	ftp://ftp.pride.ebi.ac.uk/pride/data/archive/2026/04/PAD000036/SS-2342592_v4.1_CADRE_Pediatric_HeparinPlasma.hybNorm.medNormInt.plateScale.calibrate.anmlQC.qcCheck.medNormSMP.adat	SomaScan Assay	SomaScan 7K	v4.1	RFU	PLT25326	Raw RFU, Hyb Normalization, medNormInt (SampleId), plateScale, Calibration, anmlQC, qcCheck, medNormSMP	SomaScan 7K	SomaScan Assay v4.1	20%	NT=affinity-proteomics;VV=v1.0.0	NT=human;VV=v1.1.0	NT=somascan;VV=v1.0.0	v1.1.0	NT=sdrf-skills-autoresearch;VV=v0.0.0
PAD000036-1431-Plasma60-10	Homo sapiens	Blood	not available	not available	not available	1431	not available	154	not applicable	blood plasma	PAD000036-r00179-1431-Plasma60-10	protein expression profiling by aptamer array	1	SS-2342592_v4.1_CADRE_Pediatric_HeparinPlasma.hybNorm.medNormInt.plateScale.calibrate.anmlQC.qcCheck.medNormSMP.adat	ftp://ftp.pride.ebi.ac.uk/pride/data/archive/2026/04/PAD000036/SS-2342592_v4.1_CADRE_Pediatric_HeparinPlasma.hybNorm.medNormInt.plateScale.calibrate.anmlQC.qcCheck.medNormSMP.adat	SomaScan Assay	SomaScan 7K	v4.1	RFU	PLT25326	Raw RFU, Hyb Normalization, medNormInt (SampleId), plateScale, Calibration, anmlQC, qcCheck, medNormSMP	SomaScan 7K	SomaScan Assay v4.1	20%	NT=affinity-proteomics;VV=v1.0.0	NT=human;VV=v1.1.0	NT=somascan;VV=v1.0.0	v1.1.0	NT=sdrf-skills-autoresearch;VV=v0.0.0
PAD000036-11311100000940	Homo sapiens	Blood	not available	not available	not available	21542	not available	155	not applicable	blood plasma	PAD000036-r00180-11311100000940	protein expression profiling by aptamer array	1	SS-2342592_v4.1_CADRE_Pediatric_HeparinPlasma.hybNorm.medNormInt.plateScale.calibrate.anmlQC.qcCheck.medNormSMP.adat	ftp://ftp.pride.ebi.ac.uk/pride/data/archive/2026/04/PAD000036/SS-2342592_v4.1_CADRE_Pediatric_HeparinPlasma.hybNorm.medNormInt.plateScale.calibrate.anmlQC.qcCheck.medNormSMP.adat	SomaScan Assay	SomaScan 7K	v4.1	RFU	PLT25326	Raw RFU, Hyb Normalization, medNormInt (SampleId), plateScale, Calibration, anmlQC, qcCheck, medNormSMP	SomaScan 7K	SomaScan Assay v4.1	20%	NT=affinity-proteomics;VV=v1.0.0	NT=human;VV=v1.1.0	NT=somascan;VV=v1.0.0	v1.1.0	NT=sdrf-skills-autoresearch;VV=v0.0.0
PAD000036-11311100011129	Homo sapiens	Blood	not available	not available	not available	41212	not available	156	not applicable	blood plasma	PAD000036-r00181-11311100011129	protein expression profiling by aptamer array	1	SS-2342592_v4.1_CADRE_Pediatric_HeparinPlasma.hybNorm.medNormInt.plateScale.calibrate.anmlQC.qcCheck.medNormSMP.adat	ftp://ftp.pride.ebi.ac.uk/pride/data/archive/2026/04/PAD000036/SS-2342592_v4.1_CADRE_Pediatric_HeparinPlasma.hybNorm.medNormInt.plateScale.calibrate.anmlQC.qcCheck.medNormSMP.adat	SomaScan Assay	SomaScan 7K	v4.1	RFU	PLT25326	Raw RFU, Hyb Normalization, medNormInt (SampleId), plateScale, Calibration, anmlQC, qcCheck, medNormSMP	SomaScan 7K	SomaScan Assay v4.1	20%	NT=affinity-proteomics;VV=v1.0.0	NT=human;VV=v1.1.0	NT=somascan;VV=v1.0.0	v1.1.0	NT=sdrf-skills-autoresearch;VV=v0.0.0
PAD000036-782738	Homo sapiens	Blood	not available	not available	not available	10055	not available	157	not applicable	blood plasma	PAD000036-r00182-782738	protein expression profiling by aptamer array	1	SS-2342592_v4.1_CADRE_Pediatric_HeparinPlasma.hybNorm.medNormInt.plateScale.calibrate.anmlQC.qcCheck.medNormSMP.adat	ftp://ftp.pride.ebi.ac.uk/pride/data/archive/2026/04/PAD000036/SS-2342592_v4.1_CADRE_Pediatric_HeparinPlasma.hybNorm.medNormInt.plateScale.calibrate.anmlQC.qcCheck.medNormSMP.adat	SomaScan Assay	SomaScan 7K	v4.1	RFU	PLT25326	Raw RFU, Hyb Normalization, medNormInt (SampleId), plateScale, Calibration, anmlQC, qcCheck, medNormSMP	SomaScan 7K	SomaScan Assay v4.1	20%	NT=affinity-proteomics;VV=v1.0.0	NT=human;VV=v1.1.0	NT=somascan;VV=v1.0.0	v1.1.0	NT=sdrf-skills-autoresearch;VV=v0.0.0
PAD000036-106	Homo sapiens	Blood	not available	not available	not available	106	not available	158	not applicable	blood plasma	PAD000036-r00183-106	protein expression profiling by aptamer array	1	SS-2342592_v4.1_CADRE_Pediatric_HeparinPlasma.hybNorm.medNormInt.plateScale.calibrate.anmlQC.qcCheck.medNormSMP.adat	ftp://ftp.pride.ebi.ac.uk/pride/data/archive/2026/04/PAD000036/SS-2342592_v4.1_CADRE_Pediatric_HeparinPlasma.hybNorm.medNormInt.plateScale.calibrate.anmlQC.qcCheck.medNormSMP.adat	SomaScan Assay	SomaScan 7K	v4.1	RFU	PLT25326	Raw RFU, Hyb Normalization, medNormInt (SampleId), plateScale, Calibration, anmlQC, qcCheck, medNormSMP	SomaScan 7K	SomaScan Assay v4.1	20%	NT=affinity-proteomics;VV=v1.0.0	NT=human;VV=v1.1.0	NT=somascan;VV=v1.0.0	v1.1.0	NT=sdrf-skills-autoresearch;VV=v0.0.0
PAD000036-11311100008091	Homo sapiens	Blood	not available	not available	not available	41912	not available	159	not applicable	blood plasma	PAD000036-r00184-11311100008091	protein expression profiling by aptamer array	1	SS-2342592_v4.1_CADRE_Pediatric_HeparinPlasma.hybNorm.medNormInt.plateScale.calibrate.anmlQC.qcCheck.medNormSMP.adat	ftp://ftp.pride.ebi.ac.uk/pride/data/archive/2026/04/PAD000036/SS-2342592_v4.1_CADRE_Pediatric_HeparinPlasma.hybNorm.medNormInt.plateScale.calibrate.anmlQC.qcCheck.medNormSMP.adat	SomaScan Assay	SomaScan 7K	v4.1	RFU	PLT25326	Raw RFU, Hyb Normalization, medNormInt (SampleId), plateScale, Calibration, anmlQC, qcCheck, medNormSMP	SomaScan 7K	SomaScan Assay v4.1	20%	NT=affinity-proteomics;VV=v1.0.0	NT=human;VV=v1.1.0	NT=somascan;VV=v1.0.0	v1.1.0	NT=sdrf-skills-autoresearch;VV=v0.0.0
PAD000036-11311100009259	Homo sapiens	Blood	not available	not available	not available	17502	not available	160	not applicable	blood plasma	PAD000036-r00185-11311100009259	protein expression profiling by aptamer array	1	SS-2342592_v4.1_CADRE_Pediatric_HeparinPlasma.hybNorm.medNormInt.plateScale.calibrate.anmlQC.qcCheck.medNormSMP.adat	ftp://ftp.pride.ebi.ac.uk/pride/data/archive/2026/04/PAD000036/SS-2342592_v4.1_CADRE_Pediatric_HeparinPlasma.hybNorm.medNormInt.plateScale.calibrate.anmlQC.qcCheck.medNormSMP.adat	SomaScan Assay	SomaScan 7K	v4.1	RFU	PLT25326	Raw RFU, Hyb Normalization, medNormInt (SampleId), plateScale, Calibration, anmlQC, qcCheck, medNormSMP	SomaScan 7K	SomaScan Assay v4.1	20%	NT=affinity-proteomics;VV=v1.0.0	NT=human;VV=v1.1.0	NT=somascan;VV=v1.0.0	v1.1.0	NT=sdrf-skills-autoresearch;VV=v0.0.0
PAD000036-11311100005627	Homo sapiens	Blood	not available	not available	not available	27512	not available	161	not applicable	blood plasma	PAD000036-r00186-11311100005627	protein expression profiling by aptamer array	1	SS-2342592_v4.1_CADRE_Pediatric_HeparinPlasma.hybNorm.medNormInt.plateScale.calibrate.anmlQC.qcCheck.medNormSMP.adat	ftp://ftp.pride.ebi.ac.uk/pride/data/archive/2026/04/PAD000036/SS-2342592_v4.1_CADRE_Pediatric_HeparinPlasma.hybNorm.medNormInt.plateScale.calibrate.anmlQC.qcCheck.medNormSMP.adat	SomaScan Assay	SomaScan 7K	v4.1	RFU	PLT25326	Raw RFU, Hyb Normalization, medNormInt (SampleId), plateScale, Calibration, anmlQC, qcCheck, medNormSMP	SomaScan 7K	SomaScan Assay v4.1	20%	NT=affinity-proteomics;VV=v1.0.0	NT=human;VV=v1.1.0	NT=somascan;VV=v1.0.0	v1.1.0	NT=sdrf-skills-autoresearch;VV=v0.0.0
PAD000036-782741	Homo sapiens	Blood	not available	not available	not available	10043	not available	162	not applicable	blood plasma	PAD000036-r00187-782741	protein expression profiling by aptamer array	1	SS-2342592_v4.1_CADRE_Pediatric_HeparinPlasma.hybNorm.medNormInt.plateScale.calibrate.anmlQC.qcCheck.medNormSMP.adat	ftp://ftp.pride.ebi.ac.uk/pride/data/archive/2026/04/PAD000036/SS-2342592_v4.1_CADRE_Pediatric_HeparinPlasma.hybNorm.medNormInt.plateScale.calibrate.anmlQC.qcCheck.medNormSMP.adat	SomaScan Assay	SomaScan 7K	v4.1	RFU	PLT25326	Raw RFU, Hyb Normalization, medNormInt (SampleId), plateScale, Calibration, anmlQC, qcCheck, medNormSMP	SomaScan 7K	SomaScan Assay v4.1	20%	NT=affinity-proteomics;VV=v1.0.0	NT=human;VV=v1.1.0	NT=somascan;VV=v1.0.0	v1.1.0	NT=sdrf-skills-autoresearch;VV=v0.0.0
PAD000036-11311100011516	Homo sapiens	Blood	not available	not available	not available	23652	not available	163	not applicable	blood plasma	PAD000036-r00188-11311100011516	protein expression profiling by aptamer array	1	SS-2342592_v4.1_CADRE_Pediatric_HeparinPlasma.hybNorm.medNormInt.plateScale.calibrate.anmlQC.qcCheck.medNormSMP.adat	ftp://ftp.pride.ebi.ac.uk/pride/data/archive/2026/04/PAD000036/SS-2342592_v4.1_CADRE_Pediatric_HeparinPlasma.hybNorm.medNormInt.plateScale.calibrate.anmlQC.qcCheck.medNormSMP.adat	SomaScan Assay	SomaScan 7K	v4.1	RFU	PLT25326	Raw RFU, Hyb Normalization, medNormInt (SampleId), plateScale, Calibration, anmlQC, qcCheck, medNormSMP	SomaScan 7K	SomaScan Assay v4.1	20%	NT=affinity-proteomics;VV=v1.0.0	NT=human;VV=v1.1.0	NT=somascan;VV=v1.0.0	v1.1.0	NT=sdrf-skills-autoresearch;VV=v0.0.0
PAD000036-230066	Homo sapiens	Blood	not available	not available	not available	not available	not available	4	not applicable	blood;blood plasma;blood serum	PAD000036-r00189-230066	protein expression profiling by aptamer array	5	SS-2342592_v4.1_CADRE_Pediatric_HeparinPlasma.hybNorm.medNormInt.plateScale.calibrate.anmlQC.qcCheck.medNormSMP.adat	ftp://ftp.pride.ebi.ac.uk/pride/data/archive/2026/04/PAD000036/SS-2342592_v4.1_CADRE_Pediatric_HeparinPlasma.hybNorm.medNormInt.plateScale.calibrate.anmlQC.qcCheck.medNormSMP.adat	SomaScan Assay	SomaScan 7K	v4.1	RFU	PLT25326	Raw RFU, Hyb Normalization, medNormInt (SampleId), plateScale, Calibration, anmlQC, qcCheck, medNormSMP	SomaScan 7K	SomaScan Assay v4.1	20%	NT=affinity-proteomics;VV=v1.0.0	NT=human;VV=v1.1.0	NT=somascan;VV=v1.0.0	v1.1.0	NT=sdrf-skills-autoresearch;VV=v0.0.0
PAD000036-782747	Homo sapiens	Blood	not available	not available	not available	10315	not available	164	not applicable	blood plasma	PAD000036-r00190-782747	protein expression profiling by aptamer array	1	SS-2342592_v4.1_CADRE_Pediatric_HeparinPlasma.hybNorm.medNormInt.plateScale.calibrate.anmlQC.qcCheck.medNormSMP.adat	ftp://ftp.pride.ebi.ac.uk/pride/data/archive/2026/04/PAD000036/SS-2342592_v4.1_CADRE_Pediatric_HeparinPlasma.hybNorm.medNormInt.plateScale.calibrate.anmlQC.qcCheck.medNormSMP.adat	SomaScan Assay	SomaScan 7K	v4.1	RFU	PLT25326	Raw RFU, Hyb Normalization, medNormInt (SampleId), plateScale, Calibration, anmlQC, qcCheck, medNormSMP	SomaScan 7K	SomaScan Assay v4.1	20%	NT=affinity-proteomics;VV=v1.0.0	NT=human;VV=v1.1.0	NT=somascan;VV=v1.0.0	v1.1.0	NT=sdrf-skills-autoresearch;VV=v0.0.0
PAD000036-782754	Homo sapiens	Blood	not available	not available	not available	10533	not available	165	not applicable	blood plasma	PAD000036-r00191-782754	protein expression profiling by aptamer array	1	SS-2342592_v4.1_CADRE_Pediatric_HeparinPlasma.hybNorm.medNormInt.plateScale.calibrate.anmlQC.qcCheck.medNormSMP.adat	ftp://ftp.pride.ebi.ac.uk/pride/data/archive/2026/04/PAD000036/SS-2342592_v4.1_CADRE_Pediatric_HeparinPlasma.hybNorm.medNormInt.plateScale.calibrate.anmlQC.qcCheck.medNormSMP.adat	SomaScan Assay	SomaScan 7K	v4.1	RFU	PLT25326	Raw RFU, Hyb Normalization, medNormInt (SampleId), plateScale, Calibration, anmlQC, qcCheck, medNormSMP	SomaScan 7K	SomaScan Assay v4.1	20%	NT=affinity-proteomics;VV=v1.0.0	NT=human;VV=v1.1.0	NT=somascan;VV=v1.0.0	v1.1.0	NT=sdrf-skills-autoresearch;VV=v0.0.0
PAD000036-230066	Homo sapiens	Blood	not available	not available	not available	not available	not available	4	not applicable	blood;blood plasma;blood serum	PAD000036-r00192-230066	protein expression profiling by aptamer array	6	SS-2342592_v4.1_CADRE_Pediatric_HeparinPlasma.hybNorm.medNormInt.plateScale.calibrate.anmlQC.qcCheck.medNormSMP.adat	ftp://ftp.pride.ebi.ac.uk/pride/data/archive/2026/04/PAD000036/SS-2342592_v4.1_CADRE_Pediatric_HeparinPlasma.hybNorm.medNormInt.plateScale.calibrate.anmlQC.qcCheck.medNormSMP.adat	SomaScan Assay	SomaScan 7K	v4.1	RFU	PLT25326	Raw RFU, Hyb Normalization, medNormInt (SampleId), plateScale, Calibration, anmlQC, qcCheck, medNormSMP	SomaScan 7K	SomaScan Assay v4.1	20%	NT=affinity-proteomics;VV=v1.0.0	NT=human;VV=v1.1.0	NT=somascan;VV=v1.0.0	v1.1.0	NT=sdrf-skills-autoresearch;VV=v0.0.0
PAD000036-171	Homo sapiens	Blood	not available	not available	not available	171	not available	166	not applicable	blood plasma	PAD000036-r00193-171	protein expression profiling by aptamer array	1	SS-2342592_v4.1_CADRE_Pediatric_HeparinPlasma.hybNorm.medNormInt.plateScale.calibrate.anmlQC.qcCheck.medNormSMP.adat	ftp://ftp.pride.ebi.ac.uk/pride/data/archive/2026/04/PAD000036/SS-2342592_v4.1_CADRE_Pediatric_HeparinPlasma.hybNorm.medNormInt.plateScale.calibrate.anmlQC.qcCheck.medNormSMP.adat	SomaScan Assay	SomaScan 7K	v4.1	RFU	PLT25326	Raw RFU, Hyb Normalization, medNormInt (SampleId), plateScale, Calibration, anmlQC, qcCheck, medNormSMP	SomaScan 7K	SomaScan Assay v4.1	20%	NT=affinity-proteomics;VV=v1.0.0	NT=human;VV=v1.1.0	NT=somascan;VV=v1.0.0	v1.1.0	NT=sdrf-skills-autoresearch;VV=v0.0.0
PAD000036-11311100005988	Homo sapiens	Blood	not available	not available	not available	38502	not available	167	not applicable	blood plasma	PAD000036-r00194-11311100005988	protein expression profiling by aptamer array	1	SS-2342592_v4.1_CADRE_Pediatric_HeparinPlasma.hybNorm.medNormInt.plateScale.calibrate.anmlQC.qcCheck.medNormSMP.adat	ftp://ftp.pride.ebi.ac.uk/pride/data/archive/2026/04/PAD000036/SS-2342592_v4.1_CADRE_Pediatric_HeparinPlasma.hybNorm.medNormInt.plateScale.calibrate.anmlQC.qcCheck.medNormSMP.adat	SomaScan Assay	SomaScan 7K	v4.1	RFU	PLT25326	Raw RFU, Hyb Normalization, medNormInt (SampleId), plateScale, Calibration, anmlQC, qcCheck, medNormSMP	SomaScan 7K	SomaScan Assay v4.1	20%	NT=affinity-proteomics;VV=v1.0.0	NT=human;VV=v1.1.0	NT=somascan;VV=v1.0.0	v1.1.0	NT=sdrf-skills-autoresearch;VV=v0.0.0
PAD000036-200170	Homo sapiens	Blood	not available	not available	not available	not available	not available	12	quality control sample	blood;blood plasma;blood serum	PAD000036-r00195-200170	protein expression profiling by aptamer array	2	SS-2342592_v4.1_CADRE_Pediatric_HeparinPlasma.hybNorm.medNormInt.plateScale.calibrate.anmlQC.qcCheck.medNormSMP.adat	ftp://ftp.pride.ebi.ac.uk/pride/data/archive/2026/04/PAD000036/SS-2342592_v4.1_CADRE_Pediatric_HeparinPlasma.hybNorm.medNormInt.plateScale.calibrate.anmlQC.qcCheck.medNormSMP.adat	SomaScan Assay	SomaScan 7K	v4.1	RFU	PLT25326	Raw RFU, Hyb Normalization, medNormInt (SampleId), plateScale, Calibration, anmlQC, qcCheck, medNormSMP	SomaScan 7K	SomaScan Assay v4.1	20%	NT=affinity-proteomics;VV=v1.0.0	NT=human;VV=v1.1.0	NT=somascan;VV=v1.0.0	v1.1.0	NT=sdrf-skills-autoresearch;VV=v0.0.0
PAD000036-782751	Homo sapiens	Blood	not available	not available	not available	10574	not available	168	not applicable	blood plasma	PAD000036-r00196-782751	protein expression profiling by aptamer array	1	SS-2342592_v4.1_CADRE_Pediatric_HeparinPlasma.hybNorm.medNormInt.plateScale.calibrate.anmlQC.qcCheck.medNormSMP.adat	ftp://ftp.pride.ebi.ac.uk/pride/data/archive/2026/04/PAD000036/SS-2342592_v4.1_CADRE_Pediatric_HeparinPlasma.hybNorm.medNormInt.plateScale.calibrate.anmlQC.qcCheck.medNormSMP.adat	SomaScan Assay	SomaScan 7K	v4.1	RFU	PLT25326	Raw RFU, Hyb Normalization, medNormInt (SampleId), plateScale, Calibration, anmlQC, qcCheck, medNormSMP	SomaScan 7K	SomaScan Assay v4.1	20%	NT=affinity-proteomics;VV=v1.0.0	NT=human;VV=v1.1.0	NT=somascan;VV=v1.0.0	v1.1.0	NT=sdrf-skills-autoresearch;VV=v0.0.0
PAD000036-200169	Homo sapiens	Blood	not available	not available	not available	not available	not available	20	calibrator	blood;blood plasma;blood serum	PAD000036-r00197-200169	protein expression profiling by aptamer array	2	SS-2342592_v4.1_CADRE_Pediatric_HeparinPlasma.hybNorm.medNormInt.plateScale.calibrate.anmlQC.qcCheck.medNormSMP.adat	ftp://ftp.pride.ebi.ac.uk/pride/data/archive/2026/04/PAD000036/SS-2342592_v4.1_CADRE_Pediatric_HeparinPlasma.hybNorm.medNormInt.plateScale.calibrate.anmlQC.qcCheck.medNormSMP.adat	SomaScan Assay	SomaScan 7K	v4.1	RFU	PLT25326	Raw RFU, Hyb Normalization, medNormInt (SampleId), plateScale, Calibration, anmlQC, qcCheck, medNormSMP	SomaScan 7K	SomaScan Assay v4.1	20%	NT=affinity-proteomics;VV=v1.0.0	NT=human;VV=v1.1.0	NT=somascan;VV=v1.0.0	v1.1.0	NT=sdrf-skills-autoresearch;VV=v0.0.0
PAD000036-782746	Homo sapiens	Blood	not available	not available	not available	10352	not available	169	not applicable	blood plasma	PAD000036-r00198-782746	protein expression profiling by aptamer array	1	SS-2342592_v4.1_CADRE_Pediatric_HeparinPlasma.hybNorm.medNormInt.plateScale.calibrate.anmlQC.qcCheck.medNormSMP.adat	ftp://ftp.pride.ebi.ac.uk/pride/data/archive/2026/04/PAD000036/SS-2342592_v4.1_CADRE_Pediatric_HeparinPlasma.hybNorm.medNormInt.plateScale.calibrate.anmlQC.qcCheck.medNormSMP.adat	SomaScan Assay	SomaScan 7K	v4.1	RFU	PLT25326	Raw RFU, Hyb Normalization, medNormInt (SampleId), plateScale, Calibration, anmlQC, qcCheck, medNormSMP	SomaScan 7K	SomaScan Assay v4.1	20%	NT=affinity-proteomics;VV=v1.0.0	NT=human;VV=v1.1.0	NT=somascan;VV=v1.0.0	v1.1.0	NT=sdrf-skills-autoresearch;VV=v0.0.0
PAD000036-200169	Homo sapiens	Blood	not available	not available	not available	not available	not available	20	calibrator	blood;blood plasma;blood serum	PAD000036-r00199-200169	protein expression profiling by aptamer array	3	SS-2342592_v4.1_CADRE_Pediatric_HeparinPlasma.hybNorm.medNormInt.plateScale.calibrate.anmlQC.qcCheck.medNormSMP.adat	ftp://ftp.pride.ebi.ac.uk/pride/data/archive/2026/04/PAD000036/SS-2342592_v4.1_CADRE_Pediatric_HeparinPlasma.hybNorm.medNormInt.plateScale.calibrate.anmlQC.qcCheck.medNormSMP.adat	SomaScan Assay	SomaScan 7K	v4.1	RFU	PLT25326	Raw RFU, Hyb Normalization, medNormInt (SampleId), plateScale, Calibration, anmlQC, qcCheck, medNormSMP	SomaScan 7K	SomaScan Assay v4.1	20%	NT=affinity-proteomics;VV=v1.0.0	NT=human;VV=v1.1.0	NT=somascan;VV=v1.0.0	v1.1.0	NT=sdrf-skills-autoresearch;VV=v0.0.0
PAD000036-11311100001383	Homo sapiens	Blood	not available	not available	not available	42192	not available	170	not applicable	blood plasma	PAD000036-r00200-11311100001383	protein expression profiling by aptamer array	1	SS-2342592_v4.1_CADRE_Pediatric_HeparinPlasma.hybNorm.medNormInt.plateScale.calibrate.anmlQC.qcCheck.medNormSMP.adat	ftp://ftp.pride.ebi.ac.uk/pride/data/archive/2026/04/PAD000036/SS-2342592_v4.1_CADRE_Pediatric_HeparinPlasma.hybNorm.medNormInt.plateScale.calibrate.anmlQC.qcCheck.medNormSMP.adat	SomaScan Assay	SomaScan 7K	v4.1	RFU	PLT25326	Raw RFU, Hyb Normalization, medNormInt (SampleId), plateScale, Calibration, anmlQC, qcCheck, medNormSMP	SomaScan 7K	SomaScan Assay v4.1	20%	NT=affinity-proteomics;VV=v1.0.0	NT=human;VV=v1.1.0	NT=somascan;VV=v1.0.0	v1.1.0	NT=sdrf-skills-autoresearch;VV=v0.0.0
PAD000036-200170	Homo sapiens	Blood	not available	not available	not available	not available	not available	12	quality control sample	blood;blood plasma;blood serum	PAD000036-r00201-200170	protein expression profiling by aptamer array	3	SS-2342592_v4.1_CADRE_Pediatric_HeparinPlasma.hybNorm.medNormInt.plateScale.calibrate.anmlQC.qcCheck.medNormSMP.adat	ftp://ftp.pride.ebi.ac.uk/pride/data/archive/2026/04/PAD000036/SS-2342592_v4.1_CADRE_Pediatric_HeparinPlasma.hybNorm.medNormInt.plateScale.calibrate.anmlQC.qcCheck.medNormSMP.adat	SomaScan Assay	SomaScan 7K	v4.1	RFU	PLT25326	Raw RFU, Hyb Normalization, medNormInt (SampleId), plateScale, Calibration, anmlQC, qcCheck, medNormSMP	SomaScan 7K	SomaScan Assay v4.1	20%	NT=affinity-proteomics;VV=v1.0.0	NT=human;VV=v1.1.0	NT=somascan;VV=v1.0.0	v1.1.0	NT=sdrf-skills-autoresearch;VV=v0.0.0
PAD000036-036	Homo sapiens	Blood	not available	not available	not available	036	not available	171	not applicable	blood plasma	PAD000036-r00202-036	protein expression profiling by aptamer array	1	SS-2342592_v4.1_CADRE_Pediatric_HeparinPlasma.hybNorm.medNormInt.plateScale.calibrate.anmlQC.qcCheck.medNormSMP.adat	ftp://ftp.pride.ebi.ac.uk/pride/data/archive/2026/04/PAD000036/SS-2342592_v4.1_CADRE_Pediatric_HeparinPlasma.hybNorm.medNormInt.plateScale.calibrate.anmlQC.qcCheck.medNormSMP.adat	SomaScan Assay	SomaScan 7K	v4.1	RFU	PLT25326	Raw RFU, Hyb Normalization, medNormInt (SampleId), plateScale, Calibration, anmlQC, qcCheck, medNormSMP	SomaScan 7K	SomaScan Assay v4.1	20%	NT=affinity-proteomics;VV=v1.0.0	NT=human;VV=v1.1.0	NT=somascan;VV=v1.0.0	v1.1.0	NT=sdrf-skills-autoresearch;VV=v0.0.0
PAD000036-11311100002243	Homo sapiens	Blood	not available	not available	not available	36192	not available	172	not applicable	blood plasma	PAD000036-r00203-11311100002243	protein expression profiling by aptamer array	1	SS-2342592_v4.1_CADRE_Pediatric_HeparinPlasma.hybNorm.medNormInt.plateScale.calibrate.anmlQC.qcCheck.medNormSMP.adat	ftp://ftp.pride.ebi.ac.uk/pride/data/archive/2026/04/PAD000036/SS-2342592_v4.1_CADRE_Pediatric_HeparinPlasma.hybNorm.medNormInt.plateScale.calibrate.anmlQC.qcCheck.medNormSMP.adat	SomaScan Assay	SomaScan 7K	v4.1	RFU	PLT25326	Raw RFU, Hyb Normalization, medNormInt (SampleId), plateScale, Calibration, anmlQC, qcCheck, medNormSMP	SomaScan 7K	SomaScan Assay v4.1	20%	NT=affinity-proteomics;VV=v1.0.0	NT=human;VV=v1.1.0	NT=somascan;VV=v1.0.0	v1.1.0	NT=sdrf-skills-autoresearch;VV=v0.0.0
PAD000036-782739	Homo sapiens	Blood	not available	not available	not available	10142	not available	173	not applicable	blood plasma	PAD000036-r00204-782739	protein expression profiling by aptamer array	1	SS-2342592_v4.1_CADRE_Pediatric_HeparinPlasma.hybNorm.medNormInt.plateScale.calibrate.anmlQC.qcCheck.medNormSMP.adat	ftp://ftp.pride.ebi.ac.uk/pride/data/archive/2026/04/PAD000036/SS-2342592_v4.1_CADRE_Pediatric_HeparinPlasma.hybNorm.medNormInt.plateScale.calibrate.anmlQC.qcCheck.medNormSMP.adat	SomaScan Assay	SomaScan 7K	v4.1	RFU	PLT25326	Raw RFU, Hyb Normalization, medNormInt (SampleId), plateScale, Calibration, anmlQC, qcCheck, medNormSMP	SomaScan 7K	SomaScan Assay v4.1	20%	NT=affinity-proteomics;VV=v1.0.0	NT=human;VV=v1.1.0	NT=somascan;VV=v1.0.0	v1.1.0	NT=sdrf-skills-autoresearch;VV=v0.0.0
PAD000036-11311100009421	Homo sapiens	Blood	not available	not available	not available	26882	not available	174	not applicable	blood plasma	PAD000036-r00205-11311100009421	protein expression profiling by aptamer array	1	SS-2342592_v4.1_CADRE_Pediatric_HeparinPlasma.hybNorm.medNormInt.plateScale.calibrate.anmlQC.qcCheck.medNormSMP.adat	ftp://ftp.pride.ebi.ac.uk/pride/data/archive/2026/04/PAD000036/SS-2342592_v4.1_CADRE_Pediatric_HeparinPlasma.hybNorm.medNormInt.plateScale.calibrate.anmlQC.qcCheck.medNormSMP.adat	SomaScan Assay	SomaScan 7K	v4.1	RFU	PLT25326	Raw RFU, Hyb Normalization, medNormInt (SampleId), plateScale, Calibration, anmlQC, qcCheck, medNormSMP	SomaScan 7K	SomaScan Assay v4.1	20%	NT=affinity-proteomics;VV=v1.0.0	NT=human;VV=v1.1.0	NT=somascan;VV=v1.0.0	v1.1.0	NT=sdrf-skills-autoresearch;VV=v0.0.0
PAD000036-782750	Homo sapiens	Blood	not available	not available	not available	10601	not available	175	not applicable	blood plasma	PAD000036-r00206-782750	protein expression profiling by aptamer array	1	SS-2342592_v4.1_CADRE_Pediatric_HeparinPlasma.hybNorm.medNormInt.plateScale.calibrate.anmlQC.qcCheck.medNormSMP.adat	ftp://ftp.pride.ebi.ac.uk/pride/data/archive/2026/04/PAD000036/SS-2342592_v4.1_CADRE_Pediatric_HeparinPlasma.hybNorm.medNormInt.plateScale.calibrate.anmlQC.qcCheck.medNormSMP.adat	SomaScan Assay	SomaScan 7K	v4.1	RFU	PLT25326	Raw RFU, Hyb Normalization, medNormInt (SampleId), plateScale, Calibration, anmlQC, qcCheck, medNormSMP	SomaScan 7K	SomaScan Assay v4.1	20%	NT=affinity-proteomics;VV=v1.0.0	NT=human;VV=v1.1.0	NT=somascan;VV=v1.0.0	v1.1.0	NT=sdrf-skills-autoresearch;VV=v0.0.0
PAD000036-11311100009896	Homo sapiens	Blood	not available	not available	not available	12112	not available	176	not applicable	blood plasma	PAD000036-r00207-11311100009896	protein expression profiling by aptamer array	1	SS-2342592_v4.1_CADRE_Pediatric_HeparinPlasma.hybNorm.medNormInt.plateScale.calibrate.anmlQC.qcCheck.medNormSMP.adat	ftp://ftp.pride.ebi.ac.uk/pride/data/archive/2026/04/PAD000036/SS-2342592_v4.1_CADRE_Pediatric_HeparinPlasma.hybNorm.medNormInt.plateScale.calibrate.anmlQC.qcCheck.medNormSMP.adat	SomaScan Assay	SomaScan 7K	v4.1	RFU	PLT25326	Raw RFU, Hyb Normalization, medNormInt (SampleId), plateScale, Calibration, anmlQC, qcCheck, medNormSMP	SomaScan 7K	SomaScan Assay v4.1	20%	NT=affinity-proteomics;VV=v1.0.0	NT=human;VV=v1.1.0	NT=somascan;VV=v1.0.0	v1.1.0	NT=sdrf-skills-autoresearch;VV=v0.0.0
PAD000036-2201-Plasma60-10	Homo sapiens	Blood	not available	not available	not available	2201	not available	177	not applicable	blood plasma	PAD000036-r00208-2201-Plasma60-10	protein expression profiling by aptamer array	1	SS-2342592_v4.1_CADRE_Pediatric_HeparinPlasma.hybNorm.medNormInt.plateScale.calibrate.anmlQC.qcCheck.medNormSMP.adat	ftp://ftp.pride.ebi.ac.uk/pride/data/archive/2026/04/PAD000036/SS-2342592_v4.1_CADRE_Pediatric_HeparinPlasma.hybNorm.medNormInt.plateScale.calibrate.anmlQC.qcCheck.medNormSMP.adat	SomaScan Assay	SomaScan 7K	v4.1	RFU	PLT25326	Raw RFU, Hyb Normalization, medNormInt (SampleId), plateScale, Calibration, anmlQC, qcCheck, medNormSMP	SomaScan 7K	SomaScan Assay v4.1	20%	NT=affinity-proteomics;VV=v1.0.0	NT=human;VV=v1.1.0	NT=somascan;VV=v1.0.0	v1.1.0	NT=sdrf-skills-autoresearch;VV=v0.0.0
PAD000036-782752	Homo sapiens	Blood	not available	not available	not available	10671	not available	178	not applicable	blood plasma	PAD000036-r00209-782752	protein expression profiling by aptamer array	1	SS-2342592_v4.1_CADRE_Pediatric_HeparinPlasma.hybNorm.medNormInt.plateScale.calibrate.anmlQC.qcCheck.medNormSMP.adat	ftp://ftp.pride.ebi.ac.uk/pride/data/archive/2026/04/PAD000036/SS-2342592_v4.1_CADRE_Pediatric_HeparinPlasma.hybNorm.medNormInt.plateScale.calibrate.anmlQC.qcCheck.medNormSMP.adat	SomaScan Assay	SomaScan 7K	v4.1	RFU	PLT25326	Raw RFU, Hyb Normalization, medNormInt (SampleId), plateScale, Calibration, anmlQC, qcCheck, medNormSMP	SomaScan 7K	SomaScan Assay v4.1	20%	NT=affinity-proteomics;VV=v1.0.0	NT=human;VV=v1.1.0	NT=somascan;VV=v1.0.0	v1.1.0	NT=sdrf-skills-autoresearch;VV=v0.0.0
PAD000036-11311100006126	Homo sapiens	Blood	not available	not available	not available	15832	not available	179	not applicable	blood plasma	PAD000036-r00210-11311100006126	protein expression profiling by aptamer array	1	SS-2342592_v4.1_CADRE_Pediatric_HeparinPlasma.hybNorm.medNormInt.plateScale.calibrate.anmlQC.qcCheck.medNormSMP.adat	ftp://ftp.pride.ebi.ac.uk/pride/data/archive/2026/04/PAD000036/SS-2342592_v4.1_CADRE_Pediatric_HeparinPlasma.hybNorm.medNormInt.plateScale.calibrate.anmlQC.qcCheck.medNormSMP.adat	SomaScan Assay	SomaScan 7K	v4.1	RFU	PLT25326	Raw RFU, Hyb Normalization, medNormInt (SampleId), plateScale, Calibration, anmlQC, qcCheck, medNormSMP	SomaScan 7K	SomaScan Assay v4.1	20%	NT=affinity-proteomics;VV=v1.0.0	NT=human;VV=v1.1.0	NT=somascan;VV=v1.0.0	v1.1.0	NT=sdrf-skills-autoresearch;VV=v0.0.0
PAD000036-11311100001542	Homo sapiens	Blood	not available	not available	not available	25372	not available	180	not applicable	blood plasma	PAD000036-r00211-11311100001542	protein expression profiling by aptamer array	1	SS-2342592_v4.1_CADRE_Pediatric_HeparinPlasma.hybNorm.medNormInt.plateScale.calibrate.anmlQC.qcCheck.medNormSMP.adat	ftp://ftp.pride.ebi.ac.uk/pride/data/archive/2026/04/PAD000036/SS-2342592_v4.1_CADRE_Pediatric_HeparinPlasma.hybNorm.medNormInt.plateScale.calibrate.anmlQC.qcCheck.medNormSMP.adat	SomaScan Assay	SomaScan 7K	v4.1	RFU	PLT25326	Raw RFU, Hyb Normalization, medNormInt (SampleId), plateScale, Calibration, anmlQC, qcCheck, medNormSMP	SomaScan 7K	SomaScan Assay v4.1	20%	NT=affinity-proteomics;VV=v1.0.0	NT=human;VV=v1.1.0	NT=somascan;VV=v1.0.0	v1.1.0	NT=sdrf-skills-autoresearch;VV=v0.0.0
PAD000036-782755	Homo sapiens	Blood	not available	not available	not available	10579	not available	181	not applicable	blood plasma	PAD000036-r00212-782755	protein expression profiling by aptamer array	1	SS-2342592_v4.1_CADRE_Pediatric_HeparinPlasma.hybNorm.medNormInt.plateScale.calibrate.anmlQC.qcCheck.medNormSMP.adat	ftp://ftp.pride.ebi.ac.uk/pride/data/archive/2026/04/PAD000036/SS-2342592_v4.1_CADRE_Pediatric_HeparinPlasma.hybNorm.medNormInt.plateScale.calibrate.anmlQC.qcCheck.medNormSMP.adat	SomaScan Assay	SomaScan 7K	v4.1	RFU	PLT25326	Raw RFU, Hyb Normalization, medNormInt (SampleId), plateScale, Calibration, anmlQC, qcCheck, medNormSMP	SomaScan 7K	SomaScan Assay v4.1	20%	NT=affinity-proteomics;VV=v1.0.0	NT=human;VV=v1.1.0	NT=somascan;VV=v1.0.0	v1.1.0	NT=sdrf-skills-autoresearch;VV=v0.0.0
PAD000036-11311100004877	Homo sapiens	Blood	not available	not available	not available	38182	not available	182	not applicable	blood plasma	PAD000036-r00213-11311100004877	protein expression profiling by aptamer array	1	SS-2342592_v4.1_CADRE_Pediatric_HeparinPlasma.hybNorm.medNormInt.plateScale.calibrate.anmlQC.qcCheck.medNormSMP.adat	ftp://ftp.pride.ebi.ac.uk/pride/data/archive/2026/04/PAD000036/SS-2342592_v4.1_CADRE_Pediatric_HeparinPlasma.hybNorm.medNormInt.plateScale.calibrate.anmlQC.qcCheck.medNormSMP.adat	SomaScan Assay	SomaScan 7K	v4.1	RFU	PLT25326	Raw RFU, Hyb Normalization, medNormInt (SampleId), plateScale, Calibration, anmlQC, qcCheck, medNormSMP	SomaScan 7K	SomaScan Assay v4.1	20%	NT=affinity-proteomics;VV=v1.0.0	NT=human;VV=v1.1.0	NT=somascan;VV=v1.0.0	v1.1.0	NT=sdrf-skills-autoresearch;VV=v0.0.0
PAD000036-782749	Homo sapiens	Blood	not available	not available	not available	10128	not available	183	not applicable	blood plasma	PAD000036-r00214-782749	protein expression profiling by aptamer array	1	SS-2342592_v4.1_CADRE_Pediatric_HeparinPlasma.hybNorm.medNormInt.plateScale.calibrate.anmlQC.qcCheck.medNormSMP.adat	ftp://ftp.pride.ebi.ac.uk/pride/data/archive/2026/04/PAD000036/SS-2342592_v4.1_CADRE_Pediatric_HeparinPlasma.hybNorm.medNormInt.plateScale.calibrate.anmlQC.qcCheck.medNormSMP.adat	SomaScan Assay	SomaScan 7K	v4.1	RFU	PLT25326	Raw RFU, Hyb Normalization, medNormInt (SampleId), plateScale, Calibration, anmlQC, qcCheck, medNormSMP	SomaScan 7K	SomaScan Assay v4.1	20%	NT=affinity-proteomics;VV=v1.0.0	NT=human;VV=v1.1.0	NT=somascan;VV=v1.0.0	v1.1.0	NT=sdrf-skills-autoresearch;VV=v0.0.0
PAD000036-11311100002784	Homo sapiens	Blood	not available	not available	not available	26112	not available	184	not applicable	blood plasma	PAD000036-r00215-11311100002784	protein expression profiling by aptamer array	1	SS-2342592_v4.1_CADRE_Pediatric_HeparinPlasma.hybNorm.medNormInt.plateScale.calibrate.anmlQC.qcCheck.medNormSMP.adat	ftp://ftp.pride.ebi.ac.uk/pride/data/archive/2026/04/PAD000036/SS-2342592_v4.1_CADRE_Pediatric_HeparinPlasma.hybNorm.medNormInt.plateScale.calibrate.anmlQC.qcCheck.medNormSMP.adat	SomaScan Assay	SomaScan 7K	v4.1	RFU	PLT25326	Raw RFU, Hyb Normalization, medNormInt (SampleId), plateScale, Calibration, anmlQC, qcCheck, medNormSMP	SomaScan 7K	SomaScan Assay v4.1	20%	NT=affinity-proteomics;VV=v1.0.0	NT=human;VV=v1.1.0	NT=somascan;VV=v1.0.0	v1.1.0	NT=sdrf-skills-autoresearch;VV=v0.0.0
PAD000036-11311100012132	Homo sapiens	Blood	not available	not available	not available	20312	not available	185	not applicable	blood plasma	PAD000036-r00216-11311100012132	protein expression profiling by aptamer array	1	SS-2342592_v4.1_CADRE_Pediatric_HeparinPlasma.hybNorm.medNormInt.plateScale.calibrate.anmlQC.qcCheck.medNormSMP.adat	ftp://ftp.pride.ebi.ac.uk/pride/data/archive/2026/04/PAD000036/SS-2342592_v4.1_CADRE_Pediatric_HeparinPlasma.hybNorm.medNormInt.plateScale.calibrate.anmlQC.qcCheck.medNormSMP.adat	SomaScan Assay	SomaScan 7K	v4.1	RFU	PLT25326	Raw RFU, Hyb Normalization, medNormInt (SampleId), plateScale, Calibration, anmlQC, qcCheck, medNormSMP	SomaScan 7K	SomaScan Assay v4.1	20%	NT=affinity-proteomics;VV=v1.0.0	NT=human;VV=v1.1.0	NT=somascan;VV=v1.0.0	v1.1.0	NT=sdrf-skills-autoresearch;VV=v0.0.0
PAD000036-782745	Homo sapiens	Blood	not available	not available	not available	10098	not available	186	not applicable	blood plasma	PAD000036-r00217-782745	protein expression profiling by aptamer array	1	SS-2342592_v4.1_CADRE_Pediatric_HeparinPlasma.hybNorm.medNormInt.plateScale.calibrate.anmlQC.qcCheck.medNormSMP.adat	ftp://ftp.pride.ebi.ac.uk/pride/data/archive/2026/04/PAD000036/SS-2342592_v4.1_CADRE_Pediatric_HeparinPlasma.hybNorm.medNormInt.plateScale.calibrate.anmlQC.qcCheck.medNormSMP.adat	SomaScan Assay	SomaScan 7K	v4.1	RFU	PLT25326	Raw RFU, Hyb Normalization, medNormInt (SampleId), plateScale, Calibration, anmlQC, qcCheck, medNormSMP	SomaScan 7K	SomaScan Assay v4.1	20%	NT=affinity-proteomics;VV=v1.0.0	NT=human;VV=v1.1.0	NT=somascan;VV=v1.0.0	v1.1.0	NT=sdrf-skills-autoresearch;VV=v0.0.0
PAD000036-230066	Homo sapiens	Blood	not available	not available	not available	not available	not available	4	not applicable	blood;blood plasma;blood serum	PAD000036-r00218-230066	protein expression profiling by aptamer array	7	SS-2342592_v4.1_CADRE_Pediatric_HeparinPlasma.hybNorm.medNormInt.plateScale.calibrate.anmlQC.qcCheck.medNormSMP.adat	ftp://ftp.pride.ebi.ac.uk/pride/data/archive/2026/04/PAD000036/SS-2342592_v4.1_CADRE_Pediatric_HeparinPlasma.hybNorm.medNormInt.plateScale.calibrate.anmlQC.qcCheck.medNormSMP.adat	SomaScan Assay	SomaScan 7K	v4.1	RFU	PLT25326	Raw RFU, Hyb Normalization, medNormInt (SampleId), plateScale, Calibration, anmlQC, qcCheck, medNormSMP	SomaScan 7K	SomaScan Assay v4.1	20%	NT=affinity-proteomics;VV=v1.0.0	NT=human;VV=v1.1.0	NT=somascan;VV=v1.0.0	v1.1.0	NT=sdrf-skills-autoresearch;VV=v0.0.0
PAD000036-230066	Homo sapiens	Blood	not available	not available	not available	not available	not available	4	not applicable	blood;blood plasma;blood serum	PAD000036-r00219-230066	protein expression profiling by aptamer array	8	SS-2342592_v4.1_CADRE_Pediatric_HeparinPlasma.hybNorm.medNormInt.plateScale.calibrate.anmlQC.qcCheck.medNormSMP.adat	ftp://ftp.pride.ebi.ac.uk/pride/data/archive/2026/04/PAD000036/SS-2342592_v4.1_CADRE_Pediatric_HeparinPlasma.hybNorm.medNormInt.plateScale.calibrate.anmlQC.qcCheck.medNormSMP.adat	SomaScan Assay	SomaScan 7K	v4.1	RFU	PLT25326	Raw RFU, Hyb Normalization, medNormInt (SampleId), plateScale, Calibration, anmlQC, qcCheck, medNormSMP	SomaScan 7K	SomaScan Assay v4.1	20%	NT=affinity-proteomics;VV=v1.0.0	NT=human;VV=v1.1.0	NT=somascan;VV=v1.0.0	v1.1.0	NT=sdrf-skills-autoresearch;VV=v0.0.0
PAD000036-195	Homo sapiens	Blood	not available	not available	not available	195	not available	187	not applicable	blood plasma	PAD000036-r00220-195	protein expression profiling by aptamer array	1	SS-2342592_v4.1_CADRE_Pediatric_HeparinPlasma.hybNorm.medNormInt.plateScale.calibrate.anmlQC.qcCheck.medNormSMP.adat	ftp://ftp.pride.ebi.ac.uk/pride/data/archive/2026/04/PAD000036/SS-2342592_v4.1_CADRE_Pediatric_HeparinPlasma.hybNorm.medNormInt.plateScale.calibrate.anmlQC.qcCheck.medNormSMP.adat	SomaScan Assay	SomaScan 7K	v4.1	RFU	PLT25326	Raw RFU, Hyb Normalization, medNormInt (SampleId), plateScale, Calibration, anmlQC, qcCheck, medNormSMP	SomaScan 7K	SomaScan Assay v4.1	20%	NT=affinity-proteomics;VV=v1.0.0	NT=human;VV=v1.1.0	NT=somascan;VV=v1.0.0	v1.1.0	NT=sdrf-skills-autoresearch;VV=v0.0.0
PAD000036-782748	Homo sapiens	Blood	not available	not available	not available	10265	not available	188	not applicable	blood plasma	PAD000036-r00221-782748	protein expression profiling by aptamer array	1	SS-2342592_v4.1_CADRE_Pediatric_HeparinPlasma.hybNorm.medNormInt.plateScale.calibrate.anmlQC.qcCheck.medNormSMP.adat	ftp://ftp.pride.ebi.ac.uk/pride/data/archive/2026/04/PAD000036/SS-2342592_v4.1_CADRE_Pediatric_HeparinPlasma.hybNorm.medNormInt.plateScale.calibrate.anmlQC.qcCheck.medNormSMP.adat	SomaScan Assay	SomaScan 7K	v4.1	RFU	PLT25326	Raw RFU, Hyb Normalization, medNormInt (SampleId), plateScale, Calibration, anmlQC, qcCheck, medNormSMP	SomaScan 7K	SomaScan Assay v4.1	20%	NT=affinity-proteomics;VV=v1.0.0	NT=human;VV=v1.1.0	NT=somascan;VV=v1.0.0	v1.1.0	NT=sdrf-skills-autoresearch;VV=v0.0.0
PAD000036-243	Homo sapiens	Blood	not available	not available	not available	243	not available	189	not applicable	blood plasma	PAD000036-r00222-243	protein expression profiling by aptamer array	1	SS-2342592_v4.1_CADRE_Pediatric_HeparinPlasma.hybNorm.medNormInt.plateScale.calibrate.anmlQC.qcCheck.medNormSMP.adat	ftp://ftp.pride.ebi.ac.uk/pride/data/archive/2026/04/PAD000036/SS-2342592_v4.1_CADRE_Pediatric_HeparinPlasma.hybNorm.medNormInt.plateScale.calibrate.anmlQC.qcCheck.medNormSMP.adat	SomaScan Assay	SomaScan 7K	v4.1	RFU	PLT25326	Raw RFU, Hyb Normalization, medNormInt (SampleId), plateScale, Calibration, anmlQC, qcCheck, medNormSMP	SomaScan 7K	SomaScan Assay v4.1	20%	NT=affinity-proteomics;VV=v1.0.0	NT=human;VV=v1.1.0	NT=somascan;VV=v1.0.0	v1.1.0	NT=sdrf-skills-autoresearch;VV=v0.0.0
PAD000036-782743	Homo sapiens	Blood	not available	not available	not available	10349	not available	190	not applicable	blood plasma	PAD000036-r00223-782743	protein expression profiling by aptamer array	1	SS-2342592_v4.1_CADRE_Pediatric_HeparinPlasma.hybNorm.medNormInt.plateScale.calibrate.anmlQC.qcCheck.medNormSMP.adat	ftp://ftp.pride.ebi.ac.uk/pride/data/archive/2026/04/PAD000036/SS-2342592_v4.1_CADRE_Pediatric_HeparinPlasma.hybNorm.medNormInt.plateScale.calibrate.anmlQC.qcCheck.medNormSMP.adat	SomaScan Assay	SomaScan 7K	v4.1	RFU	PLT25326	Raw RFU, Hyb Normalization, medNormInt (SampleId), plateScale, Calibration, anmlQC, qcCheck, medNormSMP	SomaScan 7K	SomaScan Assay v4.1	20%	NT=affinity-proteomics;VV=v1.0.0	NT=human;VV=v1.1.0	NT=somascan;VV=v1.0.0	v1.1.0	NT=sdrf-skills-autoresearch;VV=v0.0.0
PAD000036-230066	Homo sapiens	Blood	not available	not available	not available	not available	not available	4	not applicable	blood;blood plasma;blood serum	PAD000036-r00224-230066	protein expression profiling by aptamer array	9	SS-2342592_v4.1_CADRE_Pediatric_HeparinPlasma.hybNorm.medNormInt.plateScale.calibrate.anmlQC.qcCheck.medNormSMP.adat	ftp://ftp.pride.ebi.ac.uk/pride/data/archive/2026/04/PAD000036/SS-2342592_v4.1_CADRE_Pediatric_HeparinPlasma.hybNorm.medNormInt.plateScale.calibrate.anmlQC.qcCheck.medNormSMP.adat	SomaScan Assay	SomaScan 7K	v4.1	RFU	PLT25326	Raw RFU, Hyb Normalization, medNormInt (SampleId), plateScale, Calibration, anmlQC, qcCheck, medNormSMP	SomaScan 7K	SomaScan Assay v4.1	20%	NT=affinity-proteomics;VV=v1.0.0	NT=human;VV=v1.1.0	NT=somascan;VV=v1.0.0	v1.1.0	NT=sdrf-skills-autoresearch;VV=v0.0.0
PAD000036-11311100004907	Homo sapiens	Blood	not available	not available	not available	15252	not available	191	not applicable	blood plasma	PAD000036-r00225-11311100004907	protein expression profiling by aptamer array	1	SS-2342592_v4.1_CADRE_Pediatric_HeparinPlasma.hybNorm.medNormInt.plateScale.calibrate.anmlQC.qcCheck.medNormSMP.adat	ftp://ftp.pride.ebi.ac.uk/pride/data/archive/2026/04/PAD000036/SS-2342592_v4.1_CADRE_Pediatric_HeparinPlasma.hybNorm.medNormInt.plateScale.calibrate.anmlQC.qcCheck.medNormSMP.adat	SomaScan Assay	SomaScan 7K	v4.1	RFU	PLT25326	Raw RFU, Hyb Normalization, medNormInt (SampleId), plateScale, Calibration, anmlQC, qcCheck, medNormSMP	SomaScan 7K	SomaScan Assay v4.1	20%	NT=affinity-proteomics;VV=v1.0.0	NT=human;VV=v1.1.0	NT=somascan;VV=v1.0.0	v1.1.0	NT=sdrf-skills-autoresearch;VV=v0.0.0
PAD000036-11311100011236	Homo sapiens	Blood	not available	not available	not available	28482	not available	192	not applicable	blood plasma	PAD000036-r00226-11311100011236	protein expression profiling by aptamer array	1	SS-2342592_v4.1_CADRE_Pediatric_HeparinPlasma.hybNorm.medNormInt.plateScale.calibrate.anmlQC.qcCheck.medNormSMP.adat	ftp://ftp.pride.ebi.ac.uk/pride/data/archive/2026/04/PAD000036/SS-2342592_v4.1_CADRE_Pediatric_HeparinPlasma.hybNorm.medNormInt.plateScale.calibrate.anmlQC.qcCheck.medNormSMP.adat	SomaScan Assay	SomaScan 7K	v4.1	RFU	PLT25326	Raw RFU, Hyb Normalization, medNormInt (SampleId), plateScale, Calibration, anmlQC, qcCheck, medNormSMP	SomaScan 7K	SomaScan Assay v4.1	20%	NT=affinity-proteomics;VV=v1.0.0	NT=human;VV=v1.1.0	NT=somascan;VV=v1.0.0	v1.1.0	NT=sdrf-skills-autoresearch;VV=v0.0.0
PAD000036-200169	Homo sapiens	Blood	not available	not available	not available	not available	not available	20	calibrator	blood;blood plasma;blood serum	PAD000036-r00227-200169	protein expression profiling by aptamer array	4	SS-2342592_v4.1_CADRE_Pediatric_HeparinPlasma.hybNorm.medNormInt.plateScale.calibrate.anmlQC.qcCheck.medNormSMP.adat	ftp://ftp.pride.ebi.ac.uk/pride/data/archive/2026/04/PAD000036/SS-2342592_v4.1_CADRE_Pediatric_HeparinPlasma.hybNorm.medNormInt.plateScale.calibrate.anmlQC.qcCheck.medNormSMP.adat	SomaScan Assay	SomaScan 7K	v4.1	RFU	PLT25326	Raw RFU, Hyb Normalization, medNormInt (SampleId), plateScale, Calibration, anmlQC, qcCheck, medNormSMP	SomaScan 7K	SomaScan Assay v4.1	20%	NT=affinity-proteomics;VV=v1.0.0	NT=human;VV=v1.1.0	NT=somascan;VV=v1.0.0	v1.1.0	NT=sdrf-skills-autoresearch;VV=v0.0.0
PAD000036-11311100000130	Homo sapiens	Blood	not available	not available	not available	20332	not available	193	not applicable	blood plasma	PAD000036-r00228-11311100000130	protein expression profiling by aptamer array	1	SS-2342592_v4.1_CADRE_Pediatric_HeparinPlasma.hybNorm.medNormInt.plateScale.calibrate.anmlQC.qcCheck.medNormSMP.adat	ftp://ftp.pride.ebi.ac.uk/pride/data/archive/2026/04/PAD000036/SS-2342592_v4.1_CADRE_Pediatric_HeparinPlasma.hybNorm.medNormInt.plateScale.calibrate.anmlQC.qcCheck.medNormSMP.adat	SomaScan Assay	SomaScan 7K	v4.1	RFU	PLT25326	Raw RFU, Hyb Normalization, medNormInt (SampleId), plateScale, Calibration, anmlQC, qcCheck, medNormSMP	SomaScan 7K	SomaScan Assay v4.1	20%	NT=affinity-proteomics;VV=v1.0.0	NT=human;VV=v1.1.0	NT=somascan;VV=v1.0.0	v1.1.0	NT=sdrf-skills-autoresearch;VV=v0.0.0
PAD000036-068	Homo sapiens	Blood	not available	not available	not available	068	not available	194	not applicable	blood plasma	PAD000036-r00229-068	protein expression profiling by aptamer array	1	SS-2342592_v4.1_CADRE_Pediatric_HeparinPlasma.hybNorm.medNormInt.plateScale.calibrate.anmlQC.qcCheck.medNormSMP.adat	ftp://ftp.pride.ebi.ac.uk/pride/data/archive/2026/04/PAD000036/SS-2342592_v4.1_CADRE_Pediatric_HeparinPlasma.hybNorm.medNormInt.plateScale.calibrate.anmlQC.qcCheck.medNormSMP.adat	SomaScan Assay	SomaScan 7K	v4.1	RFU	PLT25326	Raw RFU, Hyb Normalization, medNormInt (SampleId), plateScale, Calibration, anmlQC, qcCheck, medNormSMP	SomaScan 7K	SomaScan Assay v4.1	20%	NT=affinity-proteomics;VV=v1.0.0	NT=human;VV=v1.1.0	NT=somascan;VV=v1.0.0	v1.1.0	NT=sdrf-skills-autoresearch;VV=v0.0.0
PAD000036-782759	Homo sapiens	Blood	not available	not available	not available	55830	not available	195	not applicable	blood plasma	PAD000036-r00230-782759	protein expression profiling by aptamer array	1	SS-2342592_v4.1_CADRE_Pediatric_HeparinPlasma.hybNorm.medNormInt.plateScale.calibrate.anmlQC.qcCheck.medNormSMP.adat	ftp://ftp.pride.ebi.ac.uk/pride/data/archive/2026/04/PAD000036/SS-2342592_v4.1_CADRE_Pediatric_HeparinPlasma.hybNorm.medNormInt.plateScale.calibrate.anmlQC.qcCheck.medNormSMP.adat	SomaScan Assay	SomaScan 7K	v4.1	RFU	PLT25326	Raw RFU, Hyb Normalization, medNormInt (SampleId), plateScale, Calibration, anmlQC, qcCheck, medNormSMP	SomaScan 7K	SomaScan Assay v4.1	20%	NT=affinity-proteomics;VV=v1.0.0	NT=human;VV=v1.1.0	NT=somascan;VV=v1.0.0	v1.1.0	NT=sdrf-skills-autoresearch;VV=v0.0.0
PAD000036-200169	Homo sapiens	Blood	not available	not available	not available	not available	not available	20	calibrator	blood;blood plasma;blood serum	PAD000036-r00231-200169	protein expression profiling by aptamer array	5	SS-2342592_v4.1_CADRE_Pediatric_HeparinPlasma.hybNorm.medNormInt.plateScale.calibrate.anmlQC.qcCheck.medNormSMP.adat	ftp://ftp.pride.ebi.ac.uk/pride/data/archive/2026/04/PAD000036/SS-2342592_v4.1_CADRE_Pediatric_HeparinPlasma.hybNorm.medNormInt.plateScale.calibrate.anmlQC.qcCheck.medNormSMP.adat	SomaScan Assay	SomaScan 7K	v4.1	RFU	PLT25326	Raw RFU, Hyb Normalization, medNormInt (SampleId), plateScale, Calibration, anmlQC, qcCheck, medNormSMP	SomaScan 7K	SomaScan Assay v4.1	20%	NT=affinity-proteomics;VV=v1.0.0	NT=human;VV=v1.1.0	NT=somascan;VV=v1.0.0	v1.1.0	NT=sdrf-skills-autoresearch;VV=v0.0.0
PAD000036-11311100007396	Homo sapiens	Blood	not available	not available	not available	29992	not available	196	not applicable	blood plasma	PAD000036-r00232-11311100007396	protein expression profiling by aptamer array	1	SS-2342592_v4.1_CADRE_Pediatric_HeparinPlasma.hybNorm.medNormInt.plateScale.calibrate.anmlQC.qcCheck.medNormSMP.adat	ftp://ftp.pride.ebi.ac.uk/pride/data/archive/2026/04/PAD000036/SS-2342592_v4.1_CADRE_Pediatric_HeparinPlasma.hybNorm.medNormInt.plateScale.calibrate.anmlQC.qcCheck.medNormSMP.adat	SomaScan Assay	SomaScan 7K	v4.1	RFU	PLT25326	Raw RFU, Hyb Normalization, medNormInt (SampleId), plateScale, Calibration, anmlQC, qcCheck, medNormSMP	SomaScan 7K	SomaScan Assay v4.1	20%	NT=affinity-proteomics;VV=v1.0.0	NT=human;VV=v1.1.0	NT=somascan;VV=v1.0.0	v1.1.0	NT=sdrf-skills-autoresearch;VV=v0.0.0
PAD000036-782744	Homo sapiens	Blood	not available	not available	not available	11082	not available	197	not applicable	blood plasma	PAD000036-r00233-782744	protein expression profiling by aptamer array	1	SS-2342592_v4.1_CADRE_Pediatric_HeparinPlasma.hybNorm.medNormInt.plateScale.calibrate.anmlQC.qcCheck.medNormSMP.adat	ftp://ftp.pride.ebi.ac.uk/pride/data/archive/2026/04/PAD000036/SS-2342592_v4.1_CADRE_Pediatric_HeparinPlasma.hybNorm.medNormInt.plateScale.calibrate.anmlQC.qcCheck.medNormSMP.adat	SomaScan Assay	SomaScan 7K	v4.1	RFU	PLT25326	Raw RFU, Hyb Normalization, medNormInt (SampleId), plateScale, Calibration, anmlQC, qcCheck, medNormSMP	SomaScan 7K	SomaScan Assay v4.1	20%	NT=affinity-proteomics;VV=v1.0.0	NT=human;VV=v1.1.0	NT=somascan;VV=v1.0.0	v1.1.0	NT=sdrf-skills-autoresearch;VV=v0.0.0
PAD000036-230066	Homo sapiens	Blood	not available	not available	not available	not available	not available	4	not applicable	blood;blood plasma;blood serum	PAD000036-r00234-230066	protein expression profiling by aptamer array	10	SS-2342592_v4.1_CADRE_Pediatric_HeparinPlasma.hybNorm.medNormInt.plateScale.calibrate.anmlQC.qcCheck.medNormSMP.adat	ftp://ftp.pride.ebi.ac.uk/pride/data/archive/2026/04/PAD000036/SS-2342592_v4.1_CADRE_Pediatric_HeparinPlasma.hybNorm.medNormInt.plateScale.calibrate.anmlQC.qcCheck.medNormSMP.adat	SomaScan Assay	SomaScan 7K	v4.1	RFU	PLT25326	Raw RFU, Hyb Normalization, medNormInt (SampleId), plateScale, Calibration, anmlQC, qcCheck, medNormSMP	SomaScan 7K	SomaScan Assay v4.1	20%	NT=affinity-proteomics;VV=v1.0.0	NT=human;VV=v1.1.0	NT=somascan;VV=v1.0.0	v1.1.0	NT=sdrf-skills-autoresearch;VV=v0.0.0
PAD000036-11311100005358	Homo sapiens	Blood	not available	not available	not available	37872	not available	198	not applicable	blood plasma	PAD000036-r00235-11311100005358	protein expression profiling by aptamer array	1	SS-2342592_v4.1_CADRE_Pediatric_HeparinPlasma.hybNorm.medNormInt.plateScale.calibrate.anmlQC.qcCheck.medNormSMP.adat	ftp://ftp.pride.ebi.ac.uk/pride/data/archive/2026/04/PAD000036/SS-2342592_v4.1_CADRE_Pediatric_HeparinPlasma.hybNorm.medNormInt.plateScale.calibrate.anmlQC.qcCheck.medNormSMP.adat	SomaScan Assay	SomaScan 7K	v4.1	RFU	PLT25326	Raw RFU, Hyb Normalization, medNormInt (SampleId), plateScale, Calibration, anmlQC, qcCheck, medNormSMP	SomaScan 7K	SomaScan Assay v4.1	20%	NT=affinity-proteomics;VV=v1.0.0	NT=human;VV=v1.1.0	NT=somascan;VV=v1.0.0	v1.1.0	NT=sdrf-skills-autoresearch;VV=v0.0.0
PAD000036-11311100011005	Homo sapiens	Blood	not available	not available	not available	24692	not available	199	not applicable	blood plasma	PAD000036-r00236-11311100011005	protein expression profiling by aptamer array	1	SS-2342592_v4.1_CADRE_Pediatric_HeparinPlasma.hybNorm.medNormInt.plateScale.calibrate.anmlQC.qcCheck.medNormSMP.adat	ftp://ftp.pride.ebi.ac.uk/pride/data/archive/2026/04/PAD000036/SS-2342592_v4.1_CADRE_Pediatric_HeparinPlasma.hybNorm.medNormInt.plateScale.calibrate.anmlQC.qcCheck.medNormSMP.adat	SomaScan Assay	SomaScan 7K	v4.1	RFU	PLT25326	Raw RFU, Hyb Normalization, medNormInt (SampleId), plateScale, Calibration, anmlQC, qcCheck, medNormSMP	SomaScan 7K	SomaScan Assay v4.1	20%	NT=affinity-proteomics;VV=v1.0.0	NT=human;VV=v1.1.0	NT=somascan;VV=v1.0.0	v1.1.0	NT=sdrf-skills-autoresearch;VV=v0.0.0
PAD000036-1851-Plasma60-10	Homo sapiens	Blood	not available	not available	not available	1851	not available	200	not applicable	blood plasma	PAD000036-r00237-1851-Plasma60-10	protein expression profiling by aptamer array	1	SS-2342592_v4.1_CADRE_Pediatric_HeparinPlasma.hybNorm.medNormInt.plateScale.calibrate.anmlQC.qcCheck.medNormSMP.adat	ftp://ftp.pride.ebi.ac.uk/pride/data/archive/2026/04/PAD000036/SS-2342592_v4.1_CADRE_Pediatric_HeparinPlasma.hybNorm.medNormInt.plateScale.calibrate.anmlQC.qcCheck.medNormSMP.adat	SomaScan Assay	SomaScan 7K	v4.1	RFU	PLT25326	Raw RFU, Hyb Normalization, medNormInt (SampleId), plateScale, Calibration, anmlQC, qcCheck, medNormSMP	SomaScan 7K	SomaScan Assay v4.1	20%	NT=affinity-proteomics;VV=v1.0.0	NT=human;VV=v1.1.0	NT=somascan;VV=v1.0.0	v1.1.0	NT=sdrf-skills-autoresearch;VV=v0.0.0
PAD000036-11311100010884	Homo sapiens	Blood	not available	not available	not available	24602	not available	201	not applicable	blood plasma	PAD000036-r00238-11311100010884	protein expression profiling by aptamer array	1	SS-2342592_v4.1_CADRE_Pediatric_HeparinPlasma.hybNorm.medNormInt.plateScale.calibrate.anmlQC.qcCheck.medNormSMP.adat	ftp://ftp.pride.ebi.ac.uk/pride/data/archive/2026/04/PAD000036/SS-2342592_v4.1_CADRE_Pediatric_HeparinPlasma.hybNorm.medNormInt.plateScale.calibrate.anmlQC.qcCheck.medNormSMP.adat	SomaScan Assay	SomaScan 7K	v4.1	RFU	PLT25326	Raw RFU, Hyb Normalization, medNormInt (SampleId), plateScale, Calibration, anmlQC, qcCheck, medNormSMP	SomaScan 7K	SomaScan Assay v4.1	20%	NT=affinity-proteomics;VV=v1.0.0	NT=human;VV=v1.1.0	NT=somascan;VV=v1.0.0	v1.1.0	NT=sdrf-skills-autoresearch;VV=v0.0.0
PAD000036-11311100013440	Homo sapiens	Blood	not available	not available	not available	30692	not available	202	not applicable	blood plasma	PAD000036-r00239-11311100013440	protein expression profiling by aptamer array	1	SS-2342592_v4.1_CADRE_Pediatric_HeparinPlasma.hybNorm.medNormInt.plateScale.calibrate.anmlQC.qcCheck.medNormSMP.adat	ftp://ftp.pride.ebi.ac.uk/pride/data/archive/2026/04/PAD000036/SS-2342592_v4.1_CADRE_Pediatric_HeparinPlasma.hybNorm.medNormInt.plateScale.calibrate.anmlQC.qcCheck.medNormSMP.adat	SomaScan Assay	SomaScan 7K	v4.1	RFU	PLT25326	Raw RFU, Hyb Normalization, medNormInt (SampleId), plateScale, Calibration, anmlQC, qcCheck, medNormSMP	SomaScan 7K	SomaScan Assay v4.1	20%	NT=affinity-proteomics;VV=v1.0.0	NT=human;VV=v1.1.0	NT=somascan;VV=v1.0.0	v1.1.0	NT=sdrf-skills-autoresearch;VV=v0.0.0
PAD000036-782753	Homo sapiens	Blood	not available	not available	not available	10668	not available	203	not applicable	blood plasma	PAD000036-r00240-782753	protein expression profiling by aptamer array	1	SS-2342592_v4.1_CADRE_Pediatric_HeparinPlasma.hybNorm.medNormInt.plateScale.calibrate.anmlQC.qcCheck.medNormSMP.adat	ftp://ftp.pride.ebi.ac.uk/pride/data/archive/2026/04/PAD000036/SS-2342592_v4.1_CADRE_Pediatric_HeparinPlasma.hybNorm.medNormInt.plateScale.calibrate.anmlQC.qcCheck.medNormSMP.adat	SomaScan Assay	SomaScan 7K	v4.1	RFU	PLT25326	Raw RFU, Hyb Normalization, medNormInt (SampleId), plateScale, Calibration, anmlQC, qcCheck, medNormSMP	SomaScan 7K	SomaScan Assay v4.1	20%	NT=affinity-proteomics;VV=v1.0.0	NT=human;VV=v1.1.0	NT=somascan;VV=v1.0.0	v1.1.0	NT=sdrf-skills-autoresearch;VV=v0.0.0
PAD000036-745643	Homo sapiens	Blood	not available	not available	not available	CLI8007F506	not available	204	not applicable	blood serum	PAD000036-r00241-745643	protein expression profiling by aptamer array	1	SS-2217260_v4.1_TCRS_Cord_Serum.hybNorm.medNormInt.plateScale.calibrate.anmlQC.qcCheck.medNormRefSMP.adat	ftp://ftp.pride.ebi.ac.uk/pride/data/archive/2026/04/PAD000036/SS-2217260_v4.1_TCRS_Cord_Serum.hybNorm.medNormInt.plateScale.calibrate.anmlQC.qcCheck.medNormRefSMP.adat	SomaScan Assay	SomaScan 7K	v4.1	RFU	PLT11461	Raw RFU, Hyb Normalization, medNormInt (SampleId), plateScale, Calibration, anmlQC, qcCheck, medNormRefSMP (SampleType)	SomaScan 7K	SomaScan Assay v4.1	20%	NT=affinity-proteomics;VV=v1.0.0	NT=human;VV=v1.1.0	NT=somascan;VV=v1.0.0	v1.1.0	NT=sdrf-skills-autoresearch;VV=v0.0.0
PAD000036-745652	Homo sapiens	Blood	not available	not available	not available	CLI8007F506	not available	205	not applicable	blood serum	PAD000036-r00242-745652	protein expression profiling by aptamer array	1	SS-2217260_v4.1_TCRS_Cord_Serum.hybNorm.medNormInt.plateScale.calibrate.anmlQC.qcCheck.medNormRefSMP.adat	ftp://ftp.pride.ebi.ac.uk/pride/data/archive/2026/04/PAD000036/SS-2217260_v4.1_TCRS_Cord_Serum.hybNorm.medNormInt.plateScale.calibrate.anmlQC.qcCheck.medNormRefSMP.adat	SomaScan Assay	SomaScan 7K	v4.1	RFU	PLT11461	Raw RFU, Hyb Normalization, medNormInt (SampleId), plateScale, Calibration, anmlQC, qcCheck, medNormRefSMP (SampleType)	SomaScan 7K	SomaScan Assay v4.1	20%	NT=affinity-proteomics;VV=v1.0.0	NT=human;VV=v1.1.0	NT=somascan;VV=v1.0.0	v1.1.0	NT=sdrf-skills-autoresearch;VV=v0.0.0
PAD000036-745677	Homo sapiens	Blood	not available	not available	not available	CLI8007F506	not available	206	not applicable	blood serum	PAD000036-r00243-745677	protein expression profiling by aptamer array	1	SS-2217260_v4.1_TCRS_Cord_Serum.hybNorm.medNormInt.plateScale.calibrate.anmlQC.qcCheck.medNormRefSMP.adat	ftp://ftp.pride.ebi.ac.uk/pride/data/archive/2026/04/PAD000036/SS-2217260_v4.1_TCRS_Cord_Serum.hybNorm.medNormInt.plateScale.calibrate.anmlQC.qcCheck.medNormRefSMP.adat	SomaScan Assay	SomaScan 7K	v4.1	RFU	PLT11461	Raw RFU, Hyb Normalization, medNormInt (SampleId), plateScale, Calibration, anmlQC, qcCheck, medNormRefSMP (SampleType)	SomaScan 7K	SomaScan Assay v4.1	20%	NT=affinity-proteomics;VV=v1.0.0	NT=human;VV=v1.1.0	NT=somascan;VV=v1.0.0	v1.1.0	NT=sdrf-skills-autoresearch;VV=v0.0.0
PAD000036-745630	Homo sapiens	Blood	not available	not available	not available	CLI8007F506	not available	207	not applicable	blood serum	PAD000036-r00244-745630	protein expression profiling by aptamer array	1	SS-2217260_v4.1_TCRS_Cord_Serum.hybNorm.medNormInt.plateScale.calibrate.anmlQC.qcCheck.medNormRefSMP.adat	ftp://ftp.pride.ebi.ac.uk/pride/data/archive/2026/04/PAD000036/SS-2217260_v4.1_TCRS_Cord_Serum.hybNorm.medNormInt.plateScale.calibrate.anmlQC.qcCheck.medNormRefSMP.adat	SomaScan Assay	SomaScan 7K	v4.1	RFU	PLT11461	Raw RFU, Hyb Normalization, medNormInt (SampleId), plateScale, Calibration, anmlQC, qcCheck, medNormRefSMP (SampleType)	SomaScan 7K	SomaScan Assay v4.1	20%	NT=affinity-proteomics;VV=v1.0.0	NT=human;VV=v1.1.0	NT=somascan;VV=v1.0.0	v1.1.0	NT=sdrf-skills-autoresearch;VV=v0.0.0
PAD000036-220214	Homo sapiens	Blood	not available	not available	not available	not available	not available	208	not applicable	blood;blood plasma;blood serum	PAD000036-r00245-220214	protein expression profiling by aptamer array	1	SS-2217260_v4.1_TCRS_Cord_Serum.hybNorm.medNormInt.plateScale.calibrate.anmlQC.qcCheck.medNormRefSMP.adat	ftp://ftp.pride.ebi.ac.uk/pride/data/archive/2026/04/PAD000036/SS-2217260_v4.1_TCRS_Cord_Serum.hybNorm.medNormInt.plateScale.calibrate.anmlQC.qcCheck.medNormRefSMP.adat	SomaScan Assay	SomaScan 7K	v4.1	RFU	PLT11461	Raw RFU, Hyb Normalization, medNormInt (SampleId), plateScale, Calibration, anmlQC, qcCheck, medNormRefSMP (SampleType)	SomaScan 7K	SomaScan Assay v4.1	20%	NT=affinity-proteomics;VV=v1.0.0	NT=human;VV=v1.1.0	NT=somascan;VV=v1.0.0	v1.1.0	NT=sdrf-skills-autoresearch;VV=v0.0.0
PAD000036-745669	Homo sapiens	Blood	not available	not available	not available	CLI8007F506	not available	209	not applicable	blood serum	PAD000036-r00246-745669	protein expression profiling by aptamer array	1	SS-2217260_v4.1_TCRS_Cord_Serum.hybNorm.medNormInt.plateScale.calibrate.anmlQC.qcCheck.medNormRefSMP.adat	ftp://ftp.pride.ebi.ac.uk/pride/data/archive/2026/04/PAD000036/SS-2217260_v4.1_TCRS_Cord_Serum.hybNorm.medNormInt.plateScale.calibrate.anmlQC.qcCheck.medNormRefSMP.adat	SomaScan Assay	SomaScan 7K	v4.1	RFU	PLT11461	Raw RFU, Hyb Normalization, medNormInt (SampleId), plateScale, Calibration, anmlQC, qcCheck, medNormRefSMP (SampleType)	SomaScan 7K	SomaScan Assay v4.1	20%	NT=affinity-proteomics;VV=v1.0.0	NT=human;VV=v1.1.0	NT=somascan;VV=v1.0.0	v1.1.0	NT=sdrf-skills-autoresearch;VV=v0.0.0
PAD000036-745656	Homo sapiens	Blood	not available	not available	not available	CLI8007F506	not available	210	not applicable	blood serum	PAD000036-r00247-745656	protein expression profiling by aptamer array	1	SS-2217260_v4.1_TCRS_Cord_Serum.hybNorm.medNormInt.plateScale.calibrate.anmlQC.qcCheck.medNormRefSMP.adat	ftp://ftp.pride.ebi.ac.uk/pride/data/archive/2026/04/PAD000036/SS-2217260_v4.1_TCRS_Cord_Serum.hybNorm.medNormInt.plateScale.calibrate.anmlQC.qcCheck.medNormRefSMP.adat	SomaScan Assay	SomaScan 7K	v4.1	RFU	PLT11461	Raw RFU, Hyb Normalization, medNormInt (SampleId), plateScale, Calibration, anmlQC, qcCheck, medNormRefSMP (SampleType)	SomaScan 7K	SomaScan Assay v4.1	20%	NT=affinity-proteomics;VV=v1.0.0	NT=human;VV=v1.1.0	NT=somascan;VV=v1.0.0	v1.1.0	NT=sdrf-skills-autoresearch;VV=v0.0.0
PAD000036-745637	Homo sapiens	Blood	not available	not available	not available	CLI8007F506	not available	211	not applicable	blood serum	PAD000036-r00248-745637	protein expression profiling by aptamer array	1	SS-2217260_v4.1_TCRS_Cord_Serum.hybNorm.medNormInt.plateScale.calibrate.anmlQC.qcCheck.medNormRefSMP.adat	ftp://ftp.pride.ebi.ac.uk/pride/data/archive/2026/04/PAD000036/SS-2217260_v4.1_TCRS_Cord_Serum.hybNorm.medNormInt.plateScale.calibrate.anmlQC.qcCheck.medNormRefSMP.adat	SomaScan Assay	SomaScan 7K	v4.1	RFU	PLT11461	Raw RFU, Hyb Normalization, medNormInt (SampleId), plateScale, Calibration, anmlQC, qcCheck, medNormRefSMP (SampleType)	SomaScan 7K	SomaScan Assay v4.1	20%	NT=affinity-proteomics;VV=v1.0.0	NT=human;VV=v1.1.0	NT=somascan;VV=v1.0.0	v1.1.0	NT=sdrf-skills-autoresearch;VV=v0.0.0
PAD000036-745667	Homo sapiens	Blood	not available	not available	not available	CLI8007F506	not available	212	not applicable	blood serum	PAD000036-r00249-745667	protein expression profiling by aptamer array	1	SS-2217260_v4.1_TCRS_Cord_Serum.hybNorm.medNormInt.plateScale.calibrate.anmlQC.qcCheck.medNormRefSMP.adat	ftp://ftp.pride.ebi.ac.uk/pride/data/archive/2026/04/PAD000036/SS-2217260_v4.1_TCRS_Cord_Serum.hybNorm.medNormInt.plateScale.calibrate.anmlQC.qcCheck.medNormRefSMP.adat	SomaScan Assay	SomaScan 7K	v4.1	RFU	PLT11461	Raw RFU, Hyb Normalization, medNormInt (SampleId), plateScale, Calibration, anmlQC, qcCheck, medNormRefSMP (SampleType)	SomaScan 7K	SomaScan Assay v4.1	20%	NT=affinity-proteomics;VV=v1.0.0	NT=human;VV=v1.1.0	NT=somascan;VV=v1.0.0	v1.1.0	NT=sdrf-skills-autoresearch;VV=v0.0.0
PAD000036-745631	Homo sapiens	Blood	not available	not available	not available	CLI8007F506	not available	213	not applicable	blood serum	PAD000036-r00250-745631	protein expression profiling by aptamer array	1	SS-2217260_v4.1_TCRS_Cord_Serum.hybNorm.medNormInt.plateScale.calibrate.anmlQC.qcCheck.medNormRefSMP.adat	ftp://ftp.pride.ebi.ac.uk/pride/data/archive/2026/04/PAD000036/SS-2217260_v4.1_TCRS_Cord_Serum.hybNorm.medNormInt.plateScale.calibrate.anmlQC.qcCheck.medNormRefSMP.adat	SomaScan Assay	SomaScan 7K	v4.1	RFU	PLT11461	Raw RFU, Hyb Normalization, medNormInt (SampleId), plateScale, Calibration, anmlQC, qcCheck, medNormRefSMP (SampleType)	SomaScan 7K	SomaScan Assay v4.1	20%	NT=affinity-proteomics;VV=v1.0.0	NT=human;VV=v1.1.0	NT=somascan;VV=v1.0.0	v1.1.0	NT=sdrf-skills-autoresearch;VV=v0.0.0
PAD000036-200174	Homo sapiens	Blood	not available	not available	not available	not available	not available	214	quality control sample	blood;blood plasma;blood serum	PAD000036-r00251-200174	protein expression profiling by aptamer array	1	SS-2217260_v4.1_TCRS_Cord_Serum.hybNorm.medNormInt.plateScale.calibrate.anmlQC.qcCheck.medNormRefSMP.adat	ftp://ftp.pride.ebi.ac.uk/pride/data/archive/2026/04/PAD000036/SS-2217260_v4.1_TCRS_Cord_Serum.hybNorm.medNormInt.plateScale.calibrate.anmlQC.qcCheck.medNormRefSMP.adat	SomaScan Assay	SomaScan 7K	v4.1	RFU	PLT11461	Raw RFU, Hyb Normalization, medNormInt (SampleId), plateScale, Calibration, anmlQC, qcCheck, medNormRefSMP (SampleType)	SomaScan 7K	SomaScan Assay v4.1	20%	NT=affinity-proteomics;VV=v1.0.0	NT=human;VV=v1.1.0	NT=somascan;VV=v1.0.0	v1.1.0	NT=sdrf-skills-autoresearch;VV=v0.0.0
PAD000036-745666	Homo sapiens	Blood	not available	not available	not available	CLI8007F506	not available	215	not applicable	blood serum	PAD000036-r00252-745666	protein expression profiling by aptamer array	1	SS-2217260_v4.1_TCRS_Cord_Serum.hybNorm.medNormInt.plateScale.calibrate.anmlQC.qcCheck.medNormRefSMP.adat	ftp://ftp.pride.ebi.ac.uk/pride/data/archive/2026/04/PAD000036/SS-2217260_v4.1_TCRS_Cord_Serum.hybNorm.medNormInt.plateScale.calibrate.anmlQC.qcCheck.medNormRefSMP.adat	SomaScan Assay	SomaScan 7K	v4.1	RFU	PLT11461	Raw RFU, Hyb Normalization, medNormInt (SampleId), plateScale, Calibration, anmlQC, qcCheck, medNormRefSMP (SampleType)	SomaScan 7K	SomaScan Assay v4.1	20%	NT=affinity-proteomics;VV=v1.0.0	NT=human;VV=v1.1.0	NT=somascan;VV=v1.0.0	v1.1.0	NT=sdrf-skills-autoresearch;VV=v0.0.0
PAD000036-745650	Homo sapiens	Blood	not available	not available	not available	CLI8007F506	not available	216	not applicable	blood serum	PAD000036-r00253-745650	protein expression profiling by aptamer array	1	SS-2217260_v4.1_TCRS_Cord_Serum.hybNorm.medNormInt.plateScale.calibrate.anmlQC.qcCheck.medNormRefSMP.adat	ftp://ftp.pride.ebi.ac.uk/pride/data/archive/2026/04/PAD000036/SS-2217260_v4.1_TCRS_Cord_Serum.hybNorm.medNormInt.plateScale.calibrate.anmlQC.qcCheck.medNormRefSMP.adat	SomaScan Assay	SomaScan 7K	v4.1	RFU	PLT11461	Raw RFU, Hyb Normalization, medNormInt (SampleId), plateScale, Calibration, anmlQC, qcCheck, medNormRefSMP (SampleType)	SomaScan 7K	SomaScan Assay v4.1	20%	NT=affinity-proteomics;VV=v1.0.0	NT=human;VV=v1.1.0	NT=somascan;VV=v1.0.0	v1.1.0	NT=sdrf-skills-autoresearch;VV=v0.0.0
PAD000036-745629	Homo sapiens	Blood	not available	not available	not available	CLI8007F506	not available	217	not applicable	blood serum	PAD000036-r00254-745629	protein expression profiling by aptamer array	1	SS-2217260_v4.1_TCRS_Cord_Serum.hybNorm.medNormInt.plateScale.calibrate.anmlQC.qcCheck.medNormRefSMP.adat	ftp://ftp.pride.ebi.ac.uk/pride/data/archive/2026/04/PAD000036/SS-2217260_v4.1_TCRS_Cord_Serum.hybNorm.medNormInt.plateScale.calibrate.anmlQC.qcCheck.medNormRefSMP.adat	SomaScan Assay	SomaScan 7K	v4.1	RFU	PLT11461	Raw RFU, Hyb Normalization, medNormInt (SampleId), plateScale, Calibration, anmlQC, qcCheck, medNormRefSMP (SampleType)	SomaScan 7K	SomaScan Assay v4.1	20%	NT=affinity-proteomics;VV=v1.0.0	NT=human;VV=v1.1.0	NT=somascan;VV=v1.0.0	v1.1.0	NT=sdrf-skills-autoresearch;VV=v0.0.0
PAD000036-745614	Homo sapiens	Blood	not available	not available	not available	CLI8007F506	not available	218	not applicable	blood serum	PAD000036-r00255-745614	protein expression profiling by aptamer array	1	SS-2217260_v4.1_TCRS_Cord_Serum.hybNorm.medNormInt.plateScale.calibrate.anmlQC.qcCheck.medNormRefSMP.adat	ftp://ftp.pride.ebi.ac.uk/pride/data/archive/2026/04/PAD000036/SS-2217260_v4.1_TCRS_Cord_Serum.hybNorm.medNormInt.plateScale.calibrate.anmlQC.qcCheck.medNormRefSMP.adat	SomaScan Assay	SomaScan 7K	v4.1	RFU	PLT11461	Raw RFU, Hyb Normalization, medNormInt (SampleId), plateScale, Calibration, anmlQC, qcCheck, medNormRefSMP (SampleType)	SomaScan 7K	SomaScan Assay v4.1	20%	NT=affinity-proteomics;VV=v1.0.0	NT=human;VV=v1.1.0	NT=somascan;VV=v1.0.0	v1.1.0	NT=sdrf-skills-autoresearch;VV=v0.0.0
PAD000036-745638	Homo sapiens	Blood	not available	not available	not available	CLI8007F506	not available	219	not applicable	blood serum	PAD000036-r00256-745638	protein expression profiling by aptamer array	1	SS-2217260_v4.1_TCRS_Cord_Serum.hybNorm.medNormInt.plateScale.calibrate.anmlQC.qcCheck.medNormRefSMP.adat	ftp://ftp.pride.ebi.ac.uk/pride/data/archive/2026/04/PAD000036/SS-2217260_v4.1_TCRS_Cord_Serum.hybNorm.medNormInt.plateScale.calibrate.anmlQC.qcCheck.medNormRefSMP.adat	SomaScan Assay	SomaScan 7K	v4.1	RFU	PLT11461	Raw RFU, Hyb Normalization, medNormInt (SampleId), plateScale, Calibration, anmlQC, qcCheck, medNormRefSMP (SampleType)	SomaScan 7K	SomaScan Assay v4.1	20%	NT=affinity-proteomics;VV=v1.0.0	NT=human;VV=v1.1.0	NT=somascan;VV=v1.0.0	v1.1.0	NT=sdrf-skills-autoresearch;VV=v0.0.0
PAD000036-745654	Homo sapiens	Blood	not available	not available	not available	CLI8007F506	not available	220	not applicable	blood serum	PAD000036-r00257-745654	protein expression profiling by aptamer array	1	SS-2217260_v4.1_TCRS_Cord_Serum.hybNorm.medNormInt.plateScale.calibrate.anmlQC.qcCheck.medNormRefSMP.adat	ftp://ftp.pride.ebi.ac.uk/pride/data/archive/2026/04/PAD000036/SS-2217260_v4.1_TCRS_Cord_Serum.hybNorm.medNormInt.plateScale.calibrate.anmlQC.qcCheck.medNormRefSMP.adat	SomaScan Assay	SomaScan 7K	v4.1	RFU	PLT11461	Raw RFU, Hyb Normalization, medNormInt (SampleId), plateScale, Calibration, anmlQC, qcCheck, medNormRefSMP (SampleType)	SomaScan 7K	SomaScan Assay v4.1	20%	NT=affinity-proteomics;VV=v1.0.0	NT=human;VV=v1.1.0	NT=somascan;VV=v1.0.0	v1.1.0	NT=sdrf-skills-autoresearch;VV=v0.0.0
PAD000036-745681	Homo sapiens	Blood	not available	not available	not available	CLI8007F506	not available	221	not applicable	blood serum	PAD000036-r00258-745681	protein expression profiling by aptamer array	1	SS-2217260_v4.1_TCRS_Cord_Serum.hybNorm.medNormInt.plateScale.calibrate.anmlQC.qcCheck.medNormRefSMP.adat	ftp://ftp.pride.ebi.ac.uk/pride/data/archive/2026/04/PAD000036/SS-2217260_v4.1_TCRS_Cord_Serum.hybNorm.medNormInt.plateScale.calibrate.anmlQC.qcCheck.medNormRefSMP.adat	SomaScan Assay	SomaScan 7K	v4.1	RFU	PLT11461	Raw RFU, Hyb Normalization, medNormInt (SampleId), plateScale, Calibration, anmlQC, qcCheck, medNormRefSMP (SampleType)	SomaScan 7K	SomaScan Assay v4.1	20%	NT=affinity-proteomics;VV=v1.0.0	NT=human;VV=v1.1.0	NT=somascan;VV=v1.0.0	v1.1.0	NT=sdrf-skills-autoresearch;VV=v0.0.0
PAD000036-745610	Homo sapiens	Blood	not available	not available	not available	CLI8007F506	not available	222	not applicable	blood serum	PAD000036-r00259-745610	protein expression profiling by aptamer array	1	SS-2217260_v4.1_TCRS_Cord_Serum.hybNorm.medNormInt.plateScale.calibrate.anmlQC.qcCheck.medNormRefSMP.adat	ftp://ftp.pride.ebi.ac.uk/pride/data/archive/2026/04/PAD000036/SS-2217260_v4.1_TCRS_Cord_Serum.hybNorm.medNormInt.plateScale.calibrate.anmlQC.qcCheck.medNormRefSMP.adat	SomaScan Assay	SomaScan 7K	v4.1	RFU	PLT11461	Raw RFU, Hyb Normalization, medNormInt (SampleId), plateScale, Calibration, anmlQC, qcCheck, medNormRefSMP (SampleType)	SomaScan 7K	SomaScan Assay v4.1	20%	NT=affinity-proteomics;VV=v1.0.0	NT=human;VV=v1.1.0	NT=somascan;VV=v1.0.0	v1.1.0	NT=sdrf-skills-autoresearch;VV=v0.0.0
PAD000036-745676	Homo sapiens	Blood	not available	not available	not available	CLI8007F506	not available	223	not applicable	blood serum	PAD000036-r00260-745676	protein expression profiling by aptamer array	1	SS-2217260_v4.1_TCRS_Cord_Serum.hybNorm.medNormInt.plateScale.calibrate.anmlQC.qcCheck.medNormRefSMP.adat	ftp://ftp.pride.ebi.ac.uk/pride/data/archive/2026/04/PAD000036/SS-2217260_v4.1_TCRS_Cord_Serum.hybNorm.medNormInt.plateScale.calibrate.anmlQC.qcCheck.medNormRefSMP.adat	SomaScan Assay	SomaScan 7K	v4.1	RFU	PLT11461	Raw RFU, Hyb Normalization, medNormInt (SampleId), plateScale, Calibration, anmlQC, qcCheck, medNormRefSMP (SampleType)	SomaScan 7K	SomaScan Assay v4.1	20%	NT=affinity-proteomics;VV=v1.0.0	NT=human;VV=v1.1.0	NT=somascan;VV=v1.0.0	v1.1.0	NT=sdrf-skills-autoresearch;VV=v0.0.0
PAD000036-200173	Homo sapiens	Blood	not available	not available	not available	not available	not available	224	calibrator	blood;blood plasma;blood serum	PAD000036-r00261-200173	protein expression profiling by aptamer array	1	SS-2217260_v4.1_TCRS_Cord_Serum.hybNorm.medNormInt.plateScale.calibrate.anmlQC.qcCheck.medNormRefSMP.adat	ftp://ftp.pride.ebi.ac.uk/pride/data/archive/2026/04/PAD000036/SS-2217260_v4.1_TCRS_Cord_Serum.hybNorm.medNormInt.plateScale.calibrate.anmlQC.qcCheck.medNormRefSMP.adat	SomaScan Assay	SomaScan 7K	v4.1	RFU	PLT11461	Raw RFU, Hyb Normalization, medNormInt (SampleId), plateScale, Calibration, anmlQC, qcCheck, medNormRefSMP (SampleType)	SomaScan 7K	SomaScan Assay v4.1	20%	NT=affinity-proteomics;VV=v1.0.0	NT=human;VV=v1.1.0	NT=somascan;VV=v1.0.0	v1.1.0	NT=sdrf-skills-autoresearch;VV=v0.0.0
PAD000036-745641	Homo sapiens	Blood	not available	not available	not available	CLI8007F506	not available	225	not applicable	blood serum	PAD000036-r00262-745641	protein expression profiling by aptamer array	1	SS-2217260_v4.1_TCRS_Cord_Serum.hybNorm.medNormInt.plateScale.calibrate.anmlQC.qcCheck.medNormRefSMP.adat	ftp://ftp.pride.ebi.ac.uk/pride/data/archive/2026/04/PAD000036/SS-2217260_v4.1_TCRS_Cord_Serum.hybNorm.medNormInt.plateScale.calibrate.anmlQC.qcCheck.medNormRefSMP.adat	SomaScan Assay	SomaScan 7K	v4.1	RFU	PLT11461	Raw RFU, Hyb Normalization, medNormInt (SampleId), plateScale, Calibration, anmlQC, qcCheck, medNormRefSMP (SampleType)	SomaScan 7K	SomaScan Assay v4.1	20%	NT=affinity-proteomics;VV=v1.0.0	NT=human;VV=v1.1.0	NT=somascan;VV=v1.0.0	v1.1.0	NT=sdrf-skills-autoresearch;VV=v0.0.0
PAD000036-745651	Homo sapiens	Blood	not available	not available	not available	CLI8007F506	not available	226	not applicable	blood serum	PAD000036-r00263-745651	protein expression profiling by aptamer array	1	SS-2217260_v4.1_TCRS_Cord_Serum.hybNorm.medNormInt.plateScale.calibrate.anmlQC.qcCheck.medNormRefSMP.adat	ftp://ftp.pride.ebi.ac.uk/pride/data/archive/2026/04/PAD000036/SS-2217260_v4.1_TCRS_Cord_Serum.hybNorm.medNormInt.plateScale.calibrate.anmlQC.qcCheck.medNormRefSMP.adat	SomaScan Assay	SomaScan 7K	v4.1	RFU	PLT11461	Raw RFU, Hyb Normalization, medNormInt (SampleId), plateScale, Calibration, anmlQC, qcCheck, medNormRefSMP (SampleType)	SomaScan 7K	SomaScan Assay v4.1	20%	NT=affinity-proteomics;VV=v1.0.0	NT=human;VV=v1.1.0	NT=somascan;VV=v1.0.0	v1.1.0	NT=sdrf-skills-autoresearch;VV=v0.0.0
PAD000036-745622	Homo sapiens	Blood	not available	not available	not available	CLI8007F506	not available	227	not applicable	blood serum	PAD000036-r00264-745622	protein expression profiling by aptamer array	1	SS-2217260_v4.1_TCRS_Cord_Serum.hybNorm.medNormInt.plateScale.calibrate.anmlQC.qcCheck.medNormRefSMP.adat	ftp://ftp.pride.ebi.ac.uk/pride/data/archive/2026/04/PAD000036/SS-2217260_v4.1_TCRS_Cord_Serum.hybNorm.medNormInt.plateScale.calibrate.anmlQC.qcCheck.medNormRefSMP.adat	SomaScan Assay	SomaScan 7K	v4.1	RFU	PLT11461	Raw RFU, Hyb Normalization, medNormInt (SampleId), plateScale, Calibration, anmlQC, qcCheck, medNormRefSMP (SampleType)	SomaScan 7K	SomaScan Assay v4.1	20%	NT=affinity-proteomics;VV=v1.0.0	NT=human;VV=v1.1.0	NT=somascan;VV=v1.0.0	v1.1.0	NT=sdrf-skills-autoresearch;VV=v0.0.0
PAD000036-745685	Homo sapiens	Blood	not available	not available	not available	CLI8007F506	not available	228	not applicable	blood serum	PAD000036-r00265-745685	protein expression profiling by aptamer array	1	SS-2217260_v4.1_TCRS_Cord_Serum.hybNorm.medNormInt.plateScale.calibrate.anmlQC.qcCheck.medNormRefSMP.adat	ftp://ftp.pride.ebi.ac.uk/pride/data/archive/2026/04/PAD000036/SS-2217260_v4.1_TCRS_Cord_Serum.hybNorm.medNormInt.plateScale.calibrate.anmlQC.qcCheck.medNormRefSMP.adat	SomaScan Assay	SomaScan 7K	v4.1	RFU	PLT11461	Raw RFU, Hyb Normalization, medNormInt (SampleId), plateScale, Calibration, anmlQC, qcCheck, medNormRefSMP (SampleType)	SomaScan 7K	SomaScan Assay v4.1	20%	NT=affinity-proteomics;VV=v1.0.0	NT=human;VV=v1.1.0	NT=somascan;VV=v1.0.0	v1.1.0	NT=sdrf-skills-autoresearch;VV=v0.0.0
PAD000036-745653	Homo sapiens	Blood	not available	not available	not available	CLI8007F506	not available	229	not applicable	blood serum	PAD000036-r00266-745653	protein expression profiling by aptamer array	1	SS-2217260_v4.1_TCRS_Cord_Serum.hybNorm.medNormInt.plateScale.calibrate.anmlQC.qcCheck.medNormRefSMP.adat	ftp://ftp.pride.ebi.ac.uk/pride/data/archive/2026/04/PAD000036/SS-2217260_v4.1_TCRS_Cord_Serum.hybNorm.medNormInt.plateScale.calibrate.anmlQC.qcCheck.medNormRefSMP.adat	SomaScan Assay	SomaScan 7K	v4.1	RFU	PLT11461	Raw RFU, Hyb Normalization, medNormInt (SampleId), plateScale, Calibration, anmlQC, qcCheck, medNormRefSMP (SampleType)	SomaScan 7K	SomaScan Assay v4.1	20%	NT=affinity-proteomics;VV=v1.0.0	NT=human;VV=v1.1.0	NT=somascan;VV=v1.0.0	v1.1.0	NT=sdrf-skills-autoresearch;VV=v0.0.0
PAD000036-745618	Homo sapiens	Blood	not available	not available	not available	CLI8007F506	not available	230	not applicable	blood serum	PAD000036-r00267-745618	protein expression profiling by aptamer array	1	SS-2217260_v4.1_TCRS_Cord_Serum.hybNorm.medNormInt.plateScale.calibrate.anmlQC.qcCheck.medNormRefSMP.adat	ftp://ftp.pride.ebi.ac.uk/pride/data/archive/2026/04/PAD000036/SS-2217260_v4.1_TCRS_Cord_Serum.hybNorm.medNormInt.plateScale.calibrate.anmlQC.qcCheck.medNormRefSMP.adat	SomaScan Assay	SomaScan 7K	v4.1	RFU	PLT11461	Raw RFU, Hyb Normalization, medNormInt (SampleId), plateScale, Calibration, anmlQC, qcCheck, medNormRefSMP (SampleType)	SomaScan 7K	SomaScan Assay v4.1	20%	NT=affinity-proteomics;VV=v1.0.0	NT=human;VV=v1.1.0	NT=somascan;VV=v1.0.0	v1.1.0	NT=sdrf-skills-autoresearch;VV=v0.0.0
PAD000036-745649	Homo sapiens	Blood	not available	not available	not available	CLI8007F506	not available	231	not applicable	blood serum	PAD000036-r00268-745649	protein expression profiling by aptamer array	1	SS-2217260_v4.1_TCRS_Cord_Serum.hybNorm.medNormInt.plateScale.calibrate.anmlQC.qcCheck.medNormRefSMP.adat	ftp://ftp.pride.ebi.ac.uk/pride/data/archive/2026/04/PAD000036/SS-2217260_v4.1_TCRS_Cord_Serum.hybNorm.medNormInt.plateScale.calibrate.anmlQC.qcCheck.medNormRefSMP.adat	SomaScan Assay	SomaScan 7K	v4.1	RFU	PLT11461	Raw RFU, Hyb Normalization, medNormInt (SampleId), plateScale, Calibration, anmlQC, qcCheck, medNormRefSMP (SampleType)	SomaScan 7K	SomaScan Assay v4.1	20%	NT=affinity-proteomics;VV=v1.0.0	NT=human;VV=v1.1.0	NT=somascan;VV=v1.0.0	v1.1.0	NT=sdrf-skills-autoresearch;VV=v0.0.0
PAD000036-745680	Homo sapiens	Blood	not available	not available	not available	CLI8007F506	not available	232	not applicable	blood serum	PAD000036-r00269-745680	protein expression profiling by aptamer array	1	SS-2217260_v4.1_TCRS_Cord_Serum.hybNorm.medNormInt.plateScale.calibrate.anmlQC.qcCheck.medNormRefSMP.adat	ftp://ftp.pride.ebi.ac.uk/pride/data/archive/2026/04/PAD000036/SS-2217260_v4.1_TCRS_Cord_Serum.hybNorm.medNormInt.plateScale.calibrate.anmlQC.qcCheck.medNormRefSMP.adat	SomaScan Assay	SomaScan 7K	v4.1	RFU	PLT11461	Raw RFU, Hyb Normalization, medNormInt (SampleId), plateScale, Calibration, anmlQC, qcCheck, medNormRefSMP (SampleType)	SomaScan 7K	SomaScan Assay v4.1	20%	NT=affinity-proteomics;VV=v1.0.0	NT=human;VV=v1.1.0	NT=somascan;VV=v1.0.0	v1.1.0	NT=sdrf-skills-autoresearch;VV=v0.0.0
PAD000036-220214	Homo sapiens	Blood	not available	not available	not available	not available	not available	208	not applicable	blood;blood plasma;blood serum	PAD000036-r00270-220214	protein expression profiling by aptamer array	2	SS-2217260_v4.1_TCRS_Cord_Serum.hybNorm.medNormInt.plateScale.calibrate.anmlQC.qcCheck.medNormRefSMP.adat	ftp://ftp.pride.ebi.ac.uk/pride/data/archive/2026/04/PAD000036/SS-2217260_v4.1_TCRS_Cord_Serum.hybNorm.medNormInt.plateScale.calibrate.anmlQC.qcCheck.medNormRefSMP.adat	SomaScan Assay	SomaScan 7K	v4.1	RFU	PLT11461	Raw RFU, Hyb Normalization, medNormInt (SampleId), plateScale, Calibration, anmlQC, qcCheck, medNormRefSMP (SampleType)	SomaScan 7K	SomaScan Assay v4.1	20%	NT=affinity-proteomics;VV=v1.0.0	NT=human;VV=v1.1.0	NT=somascan;VV=v1.0.0	v1.1.0	NT=sdrf-skills-autoresearch;VV=v0.0.0
PAD000036-745625	Homo sapiens	Blood	not available	not available	not available	CLI8007F506	not available	233	not applicable	blood serum	PAD000036-r00271-745625	protein expression profiling by aptamer array	1	SS-2217260_v4.1_TCRS_Cord_Serum.hybNorm.medNormInt.plateScale.calibrate.anmlQC.qcCheck.medNormRefSMP.adat	ftp://ftp.pride.ebi.ac.uk/pride/data/archive/2026/04/PAD000036/SS-2217260_v4.1_TCRS_Cord_Serum.hybNorm.medNormInt.plateScale.calibrate.anmlQC.qcCheck.medNormRefSMP.adat	SomaScan Assay	SomaScan 7K	v4.1	RFU	PLT11461	Raw RFU, Hyb Normalization, medNormInt (SampleId), plateScale, Calibration, anmlQC, qcCheck, medNormRefSMP (SampleType)	SomaScan 7K	SomaScan Assay v4.1	20%	NT=affinity-proteomics;VV=v1.0.0	NT=human;VV=v1.1.0	NT=somascan;VV=v1.0.0	v1.1.0	NT=sdrf-skills-autoresearch;VV=v0.0.0
PAD000036-200174	Homo sapiens	Blood	not available	not available	not available	not available	not available	214	quality control sample	blood;blood plasma;blood serum	PAD000036-r00272-200174	protein expression profiling by aptamer array	2	SS-2217260_v4.1_TCRS_Cord_Serum.hybNorm.medNormInt.plateScale.calibrate.anmlQC.qcCheck.medNormRefSMP.adat	ftp://ftp.pride.ebi.ac.uk/pride/data/archive/2026/04/PAD000036/SS-2217260_v4.1_TCRS_Cord_Serum.hybNorm.medNormInt.plateScale.calibrate.anmlQC.qcCheck.medNormRefSMP.adat	SomaScan Assay	SomaScan 7K	v4.1	RFU	PLT11461	Raw RFU, Hyb Normalization, medNormInt (SampleId), plateScale, Calibration, anmlQC, qcCheck, medNormRefSMP (SampleType)	SomaScan 7K	SomaScan Assay v4.1	20%	NT=affinity-proteomics;VV=v1.0.0	NT=human;VV=v1.1.0	NT=somascan;VV=v1.0.0	v1.1.0	NT=sdrf-skills-autoresearch;VV=v0.0.0
PAD000036-745611	Homo sapiens	Blood	not available	not available	not available	CLI8007F506	not available	234	not applicable	blood serum	PAD000036-r00273-745611	protein expression profiling by aptamer array	1	SS-2217260_v4.1_TCRS_Cord_Serum.hybNorm.medNormInt.plateScale.calibrate.anmlQC.qcCheck.medNormRefSMP.adat	ftp://ftp.pride.ebi.ac.uk/pride/data/archive/2026/04/PAD000036/SS-2217260_v4.1_TCRS_Cord_Serum.hybNorm.medNormInt.plateScale.calibrate.anmlQC.qcCheck.medNormRefSMP.adat	SomaScan Assay	SomaScan 7K	v4.1	RFU	PLT11461	Raw RFU, Hyb Normalization, medNormInt (SampleId), plateScale, Calibration, anmlQC, qcCheck, medNormRefSMP (SampleType)	SomaScan 7K	SomaScan Assay v4.1	20%	NT=affinity-proteomics;VV=v1.0.0	NT=human;VV=v1.1.0	NT=somascan;VV=v1.0.0	v1.1.0	NT=sdrf-skills-autoresearch;VV=v0.0.0
PAD000036-745612	Homo sapiens	Blood	not available	not available	not available	CLI8007F506	not available	235	not applicable	blood serum	PAD000036-r00274-745612	protein expression profiling by aptamer array	1	SS-2217260_v4.1_TCRS_Cord_Serum.hybNorm.medNormInt.plateScale.calibrate.anmlQC.qcCheck.medNormRefSMP.adat	ftp://ftp.pride.ebi.ac.uk/pride/data/archive/2026/04/PAD000036/SS-2217260_v4.1_TCRS_Cord_Serum.hybNorm.medNormInt.plateScale.calibrate.anmlQC.qcCheck.medNormRefSMP.adat	SomaScan Assay	SomaScan 7K	v4.1	RFU	PLT11461	Raw RFU, Hyb Normalization, medNormInt (SampleId), plateScale, Calibration, anmlQC, qcCheck, medNormRefSMP (SampleType)	SomaScan 7K	SomaScan Assay v4.1	20%	NT=affinity-proteomics;VV=v1.0.0	NT=human;VV=v1.1.0	NT=somascan;VV=v1.0.0	v1.1.0	NT=sdrf-skills-autoresearch;VV=v0.0.0
PAD000036-745682	Homo sapiens	Blood	not available	not available	not available	CLI8007F506	not available	236	not applicable	blood serum	PAD000036-r00275-745682	protein expression profiling by aptamer array	1	SS-2217260_v4.1_TCRS_Cord_Serum.hybNorm.medNormInt.plateScale.calibrate.anmlQC.qcCheck.medNormRefSMP.adat	ftp://ftp.pride.ebi.ac.uk/pride/data/archive/2026/04/PAD000036/SS-2217260_v4.1_TCRS_Cord_Serum.hybNorm.medNormInt.plateScale.calibrate.anmlQC.qcCheck.medNormRefSMP.adat	SomaScan Assay	SomaScan 7K	v4.1	RFU	PLT11461	Raw RFU, Hyb Normalization, medNormInt (SampleId), plateScale, Calibration, anmlQC, qcCheck, medNormRefSMP (SampleType)	SomaScan 7K	SomaScan Assay v4.1	20%	NT=affinity-proteomics;VV=v1.0.0	NT=human;VV=v1.1.0	NT=somascan;VV=v1.0.0	v1.1.0	NT=sdrf-skills-autoresearch;VV=v0.0.0
PAD000036-220214	Homo sapiens	Blood	not available	not available	not available	not available	not available	208	not applicable	blood;blood plasma;blood serum	PAD000036-r00276-220214	protein expression profiling by aptamer array	3	SS-2217260_v4.1_TCRS_Cord_Serum.hybNorm.medNormInt.plateScale.calibrate.anmlQC.qcCheck.medNormRefSMP.adat	ftp://ftp.pride.ebi.ac.uk/pride/data/archive/2026/04/PAD000036/SS-2217260_v4.1_TCRS_Cord_Serum.hybNorm.medNormInt.plateScale.calibrate.anmlQC.qcCheck.medNormRefSMP.adat	SomaScan Assay	SomaScan 7K	v4.1	RFU	PLT11461	Raw RFU, Hyb Normalization, medNormInt (SampleId), plateScale, Calibration, anmlQC, qcCheck, medNormRefSMP (SampleType)	SomaScan 7K	SomaScan Assay v4.1	20%	NT=affinity-proteomics;VV=v1.0.0	NT=human;VV=v1.1.0	NT=somascan;VV=v1.0.0	v1.1.0	NT=sdrf-skills-autoresearch;VV=v0.0.0
PAD000036-220214	Homo sapiens	Blood	not available	not available	not available	not available	not available	208	not applicable	blood;blood plasma;blood serum	PAD000036-r00277-220214	protein expression profiling by aptamer array	4	SS-2217260_v4.1_TCRS_Cord_Serum.hybNorm.medNormInt.plateScale.calibrate.anmlQC.qcCheck.medNormRefSMP.adat	ftp://ftp.pride.ebi.ac.uk/pride/data/archive/2026/04/PAD000036/SS-2217260_v4.1_TCRS_Cord_Serum.hybNorm.medNormInt.plateScale.calibrate.anmlQC.qcCheck.medNormRefSMP.adat	SomaScan Assay	SomaScan 7K	v4.1	RFU	PLT11461	Raw RFU, Hyb Normalization, medNormInt (SampleId), plateScale, Calibration, anmlQC, qcCheck, medNormRefSMP (SampleType)	SomaScan 7K	SomaScan Assay v4.1	20%	NT=affinity-proteomics;VV=v1.0.0	NT=human;VV=v1.1.0	NT=somascan;VV=v1.0.0	v1.1.0	NT=sdrf-skills-autoresearch;VV=v0.0.0
PAD000036-745679	Homo sapiens	Blood	not available	not available	not available	CLI8007F506	not available	237	not applicable	blood serum	PAD000036-r00278-745679	protein expression profiling by aptamer array	1	SS-2217260_v4.1_TCRS_Cord_Serum.hybNorm.medNormInt.plateScale.calibrate.anmlQC.qcCheck.medNormRefSMP.adat	ftp://ftp.pride.ebi.ac.uk/pride/data/archive/2026/04/PAD000036/SS-2217260_v4.1_TCRS_Cord_Serum.hybNorm.medNormInt.plateScale.calibrate.anmlQC.qcCheck.medNormRefSMP.adat	SomaScan Assay	SomaScan 7K	v4.1	RFU	PLT11461	Raw RFU, Hyb Normalization, medNormInt (SampleId), plateScale, Calibration, anmlQC, qcCheck, medNormRefSMP (SampleType)	SomaScan 7K	SomaScan Assay v4.1	20%	NT=affinity-proteomics;VV=v1.0.0	NT=human;VV=v1.1.0	NT=somascan;VV=v1.0.0	v1.1.0	NT=sdrf-skills-autoresearch;VV=v0.0.0
PAD000036-745623	Homo sapiens	Blood	not available	not available	not available	CLI8007F506	not available	238	not applicable	blood serum	PAD000036-r00279-745623	protein expression profiling by aptamer array	1	SS-2217260_v4.1_TCRS_Cord_Serum.hybNorm.medNormInt.plateScale.calibrate.anmlQC.qcCheck.medNormRefSMP.adat	ftp://ftp.pride.ebi.ac.uk/pride/data/archive/2026/04/PAD000036/SS-2217260_v4.1_TCRS_Cord_Serum.hybNorm.medNormInt.plateScale.calibrate.anmlQC.qcCheck.medNormRefSMP.adat	SomaScan Assay	SomaScan 7K	v4.1	RFU	PLT11461	Raw RFU, Hyb Normalization, medNormInt (SampleId), plateScale, Calibration, anmlQC, qcCheck, medNormRefSMP (SampleType)	SomaScan 7K	SomaScan Assay v4.1	20%	NT=affinity-proteomics;VV=v1.0.0	NT=human;VV=v1.1.0	NT=somascan;VV=v1.0.0	v1.1.0	NT=sdrf-skills-autoresearch;VV=v0.0.0
PAD000036-200173	Homo sapiens	Blood	not available	not available	not available	not available	not available	224	calibrator	blood;blood plasma;blood serum	PAD000036-r00280-200173	protein expression profiling by aptamer array	2	SS-2217260_v4.1_TCRS_Cord_Serum.hybNorm.medNormInt.plateScale.calibrate.anmlQC.qcCheck.medNormRefSMP.adat	ftp://ftp.pride.ebi.ac.uk/pride/data/archive/2026/04/PAD000036/SS-2217260_v4.1_TCRS_Cord_Serum.hybNorm.medNormInt.plateScale.calibrate.anmlQC.qcCheck.medNormRefSMP.adat	SomaScan Assay	SomaScan 7K	v4.1	RFU	PLT11461	Raw RFU, Hyb Normalization, medNormInt (SampleId), plateScale, Calibration, anmlQC, qcCheck, medNormRefSMP (SampleType)	SomaScan 7K	SomaScan Assay v4.1	20%	NT=affinity-proteomics;VV=v1.0.0	NT=human;VV=v1.1.0	NT=somascan;VV=v1.0.0	v1.1.0	NT=sdrf-skills-autoresearch;VV=v0.0.0
PAD000036-745644	Homo sapiens	Blood	not available	not available	not available	CLI8007F506	not available	239	not applicable	blood serum	PAD000036-r00281-745644	protein expression profiling by aptamer array	1	SS-2217260_v4.1_TCRS_Cord_Serum.hybNorm.medNormInt.plateScale.calibrate.anmlQC.qcCheck.medNormRefSMP.adat	ftp://ftp.pride.ebi.ac.uk/pride/data/archive/2026/04/PAD000036/SS-2217260_v4.1_TCRS_Cord_Serum.hybNorm.medNormInt.plateScale.calibrate.anmlQC.qcCheck.medNormRefSMP.adat	SomaScan Assay	SomaScan 7K	v4.1	RFU	PLT11461	Raw RFU, Hyb Normalization, medNormInt (SampleId), plateScale, Calibration, anmlQC, qcCheck, medNormRefSMP (SampleType)	SomaScan 7K	SomaScan Assay v4.1	20%	NT=affinity-proteomics;VV=v1.0.0	NT=human;VV=v1.1.0	NT=somascan;VV=v1.0.0	v1.1.0	NT=sdrf-skills-autoresearch;VV=v0.0.0
PAD000036-745642	Homo sapiens	Blood	not available	not available	not available	CLI8007F506	not available	240	not applicable	blood serum	PAD000036-r00282-745642	protein expression profiling by aptamer array	1	SS-2217260_v4.1_TCRS_Cord_Serum.hybNorm.medNormInt.plateScale.calibrate.anmlQC.qcCheck.medNormRefSMP.adat	ftp://ftp.pride.ebi.ac.uk/pride/data/archive/2026/04/PAD000036/SS-2217260_v4.1_TCRS_Cord_Serum.hybNorm.medNormInt.plateScale.calibrate.anmlQC.qcCheck.medNormRefSMP.adat	SomaScan Assay	SomaScan 7K	v4.1	RFU	PLT11461	Raw RFU, Hyb Normalization, medNormInt (SampleId), plateScale, Calibration, anmlQC, qcCheck, medNormRefSMP (SampleType)	SomaScan 7K	SomaScan Assay v4.1	20%	NT=affinity-proteomics;VV=v1.0.0	NT=human;VV=v1.1.0	NT=somascan;VV=v1.0.0	v1.1.0	NT=sdrf-skills-autoresearch;VV=v0.0.0
PAD000036-745672	Homo sapiens	Blood	not available	not available	not available	CLI8007F506	not available	241	not applicable	blood serum	PAD000036-r00283-745672	protein expression profiling by aptamer array	1	SS-2217260_v4.1_TCRS_Cord_Serum.hybNorm.medNormInt.plateScale.calibrate.anmlQC.qcCheck.medNormRefSMP.adat	ftp://ftp.pride.ebi.ac.uk/pride/data/archive/2026/04/PAD000036/SS-2217260_v4.1_TCRS_Cord_Serum.hybNorm.medNormInt.plateScale.calibrate.anmlQC.qcCheck.medNormRefSMP.adat	SomaScan Assay	SomaScan 7K	v4.1	RFU	PLT11461	Raw RFU, Hyb Normalization, medNormInt (SampleId), plateScale, Calibration, anmlQC, qcCheck, medNormRefSMP (SampleType)	SomaScan 7K	SomaScan Assay v4.1	20%	NT=affinity-proteomics;VV=v1.0.0	NT=human;VV=v1.1.0	NT=somascan;VV=v1.0.0	v1.1.0	NT=sdrf-skills-autoresearch;VV=v0.0.0
PAD000036-745648	Homo sapiens	Blood	not available	not available	not available	CLI8007F506	not available	242	not applicable	blood serum	PAD000036-r00284-745648	protein expression profiling by aptamer array	1	SS-2217260_v4.1_TCRS_Cord_Serum.hybNorm.medNormInt.plateScale.calibrate.anmlQC.qcCheck.medNormRefSMP.adat	ftp://ftp.pride.ebi.ac.uk/pride/data/archive/2026/04/PAD000036/SS-2217260_v4.1_TCRS_Cord_Serum.hybNorm.medNormInt.plateScale.calibrate.anmlQC.qcCheck.medNormRefSMP.adat	SomaScan Assay	SomaScan 7K	v4.1	RFU	PLT11461	Raw RFU, Hyb Normalization, medNormInt (SampleId), plateScale, Calibration, anmlQC, qcCheck, medNormRefSMP (SampleType)	SomaScan 7K	SomaScan Assay v4.1	20%	NT=affinity-proteomics;VV=v1.0.0	NT=human;VV=v1.1.0	NT=somascan;VV=v1.0.0	v1.1.0	NT=sdrf-skills-autoresearch;VV=v0.0.0
PAD000036-745683	Homo sapiens	Blood	not available	not available	not available	CLI8007F506	not available	243	not applicable	blood serum	PAD000036-r00285-745683	protein expression profiling by aptamer array	1	SS-2217260_v4.1_TCRS_Cord_Serum.hybNorm.medNormInt.plateScale.calibrate.anmlQC.qcCheck.medNormRefSMP.adat	ftp://ftp.pride.ebi.ac.uk/pride/data/archive/2026/04/PAD000036/SS-2217260_v4.1_TCRS_Cord_Serum.hybNorm.medNormInt.plateScale.calibrate.anmlQC.qcCheck.medNormRefSMP.adat	SomaScan Assay	SomaScan 7K	v4.1	RFU	PLT11461	Raw RFU, Hyb Normalization, medNormInt (SampleId), plateScale, Calibration, anmlQC, qcCheck, medNormRefSMP (SampleType)	SomaScan 7K	SomaScan Assay v4.1	20%	NT=affinity-proteomics;VV=v1.0.0	NT=human;VV=v1.1.0	NT=somascan;VV=v1.0.0	v1.1.0	NT=sdrf-skills-autoresearch;VV=v0.0.0
PAD000036-220214	Homo sapiens	Blood	not available	not available	not available	not available	not available	208	not applicable	blood;blood plasma;blood serum	PAD000036-r00286-220214	protein expression profiling by aptamer array	5	SS-2217260_v4.1_TCRS_Cord_Serum.hybNorm.medNormInt.plateScale.calibrate.anmlQC.qcCheck.medNormRefSMP.adat	ftp://ftp.pride.ebi.ac.uk/pride/data/archive/2026/04/PAD000036/SS-2217260_v4.1_TCRS_Cord_Serum.hybNorm.medNormInt.plateScale.calibrate.anmlQC.qcCheck.medNormRefSMP.adat	SomaScan Assay	SomaScan 7K	v4.1	RFU	PLT11461	Raw RFU, Hyb Normalization, medNormInt (SampleId), plateScale, Calibration, anmlQC, qcCheck, medNormRefSMP (SampleType)	SomaScan 7K	SomaScan Assay v4.1	20%	NT=affinity-proteomics;VV=v1.0.0	NT=human;VV=v1.1.0	NT=somascan;VV=v1.0.0	v1.1.0	NT=sdrf-skills-autoresearch;VV=v0.0.0
PAD000036-745627	Homo sapiens	Blood	not available	not available	not available	CLI8007F506	not available	244	not applicable	blood serum	PAD000036-r00287-745627	protein expression profiling by aptamer array	1	SS-2217260_v4.1_TCRS_Cord_Serum.hybNorm.medNormInt.plateScale.calibrate.anmlQC.qcCheck.medNormRefSMP.adat	ftp://ftp.pride.ebi.ac.uk/pride/data/archive/2026/04/PAD000036/SS-2217260_v4.1_TCRS_Cord_Serum.hybNorm.medNormInt.plateScale.calibrate.anmlQC.qcCheck.medNormRefSMP.adat	SomaScan Assay	SomaScan 7K	v4.1	RFU	PLT11461	Raw RFU, Hyb Normalization, medNormInt (SampleId), plateScale, Calibration, anmlQC, qcCheck, medNormRefSMP (SampleType)	SomaScan 7K	SomaScan Assay v4.1	20%	NT=affinity-proteomics;VV=v1.0.0	NT=human;VV=v1.1.0	NT=somascan;VV=v1.0.0	v1.1.0	NT=sdrf-skills-autoresearch;VV=v0.0.0
PAD000036-745628	Homo sapiens	Blood	not available	not available	not available	CLI8007F506	not available	245	not applicable	blood serum	PAD000036-r00288-745628	protein expression profiling by aptamer array	1	SS-2217260_v4.1_TCRS_Cord_Serum.hybNorm.medNormInt.plateScale.calibrate.anmlQC.qcCheck.medNormRefSMP.adat	ftp://ftp.pride.ebi.ac.uk/pride/data/archive/2026/04/PAD000036/SS-2217260_v4.1_TCRS_Cord_Serum.hybNorm.medNormInt.plateScale.calibrate.anmlQC.qcCheck.medNormRefSMP.adat	SomaScan Assay	SomaScan 7K	v4.1	RFU	PLT11461	Raw RFU, Hyb Normalization, medNormInt (SampleId), plateScale, Calibration, anmlQC, qcCheck, medNormRefSMP (SampleType)	SomaScan 7K	SomaScan Assay v4.1	20%	NT=affinity-proteomics;VV=v1.0.0	NT=human;VV=v1.1.0	NT=somascan;VV=v1.0.0	v1.1.0	NT=sdrf-skills-autoresearch;VV=v0.0.0
PAD000036-745617	Homo sapiens	Blood	not available	not available	not available	CLI8007F506	not available	246	not applicable	blood serum	PAD000036-r00289-745617	protein expression profiling by aptamer array	1	SS-2217260_v4.1_TCRS_Cord_Serum.hybNorm.medNormInt.plateScale.calibrate.anmlQC.qcCheck.medNormRefSMP.adat	ftp://ftp.pride.ebi.ac.uk/pride/data/archive/2026/04/PAD000036/SS-2217260_v4.1_TCRS_Cord_Serum.hybNorm.medNormInt.plateScale.calibrate.anmlQC.qcCheck.medNormRefSMP.adat	SomaScan Assay	SomaScan 7K	v4.1	RFU	PLT11461	Raw RFU, Hyb Normalization, medNormInt (SampleId), plateScale, Calibration, anmlQC, qcCheck, medNormRefSMP (SampleType)	SomaScan 7K	SomaScan Assay v4.1	20%	NT=affinity-proteomics;VV=v1.0.0	NT=human;VV=v1.1.0	NT=somascan;VV=v1.0.0	v1.1.0	NT=sdrf-skills-autoresearch;VV=v0.0.0
PAD000036-745671	Homo sapiens	Blood	not available	not available	not available	CLI8007F506	not available	247	not applicable	blood serum	PAD000036-r00290-745671	protein expression profiling by aptamer array	1	SS-2217260_v4.1_TCRS_Cord_Serum.hybNorm.medNormInt.plateScale.calibrate.anmlQC.qcCheck.medNormRefSMP.adat	ftp://ftp.pride.ebi.ac.uk/pride/data/archive/2026/04/PAD000036/SS-2217260_v4.1_TCRS_Cord_Serum.hybNorm.medNormInt.plateScale.calibrate.anmlQC.qcCheck.medNormRefSMP.adat	SomaScan Assay	SomaScan 7K	v4.1	RFU	PLT11461	Raw RFU, Hyb Normalization, medNormInt (SampleId), plateScale, Calibration, anmlQC, qcCheck, medNormRefSMP (SampleType)	SomaScan 7K	SomaScan Assay v4.1	20%	NT=affinity-proteomics;VV=v1.0.0	NT=human;VV=v1.1.0	NT=somascan;VV=v1.0.0	v1.1.0	NT=sdrf-skills-autoresearch;VV=v0.0.0
PAD000036-220214	Homo sapiens	Blood	not available	not available	not available	not available	not available	208	not applicable	blood;blood plasma;blood serum	PAD000036-r00291-220214	protein expression profiling by aptamer array	6	SS-2217260_v4.1_TCRS_Cord_Serum.hybNorm.medNormInt.plateScale.calibrate.anmlQC.qcCheck.medNormRefSMP.adat	ftp://ftp.pride.ebi.ac.uk/pride/data/archive/2026/04/PAD000036/SS-2217260_v4.1_TCRS_Cord_Serum.hybNorm.medNormInt.plateScale.calibrate.anmlQC.qcCheck.medNormRefSMP.adat	SomaScan Assay	SomaScan 7K	v4.1	RFU	PLT11461	Raw RFU, Hyb Normalization, medNormInt (SampleId), plateScale, Calibration, anmlQC, qcCheck, medNormRefSMP (SampleType)	SomaScan 7K	SomaScan Assay v4.1	20%	NT=affinity-proteomics;VV=v1.0.0	NT=human;VV=v1.1.0	NT=somascan;VV=v1.0.0	v1.1.0	NT=sdrf-skills-autoresearch;VV=v0.0.0
PAD000036-745645	Homo sapiens	Blood	not available	not available	not available	CLI8007F506	not available	248	not applicable	blood serum	PAD000036-r00292-745645	protein expression profiling by aptamer array	1	SS-2217260_v4.1_TCRS_Cord_Serum.hybNorm.medNormInt.plateScale.calibrate.anmlQC.qcCheck.medNormRefSMP.adat	ftp://ftp.pride.ebi.ac.uk/pride/data/archive/2026/04/PAD000036/SS-2217260_v4.1_TCRS_Cord_Serum.hybNorm.medNormInt.plateScale.calibrate.anmlQC.qcCheck.medNormRefSMP.adat	SomaScan Assay	SomaScan 7K	v4.1	RFU	PLT11461	Raw RFU, Hyb Normalization, medNormInt (SampleId), plateScale, Calibration, anmlQC, qcCheck, medNormRefSMP (SampleType)	SomaScan 7K	SomaScan Assay v4.1	20%	NT=affinity-proteomics;VV=v1.0.0	NT=human;VV=v1.1.0	NT=somascan;VV=v1.0.0	v1.1.0	NT=sdrf-skills-autoresearch;VV=v0.0.0
PAD000036-745659	Homo sapiens	Blood	not available	not available	not available	CLI8007F506	not available	249	not applicable	blood serum	PAD000036-r00293-745659	protein expression profiling by aptamer array	1	SS-2217260_v4.1_TCRS_Cord_Serum.hybNorm.medNormInt.plateScale.calibrate.anmlQC.qcCheck.medNormRefSMP.adat	ftp://ftp.pride.ebi.ac.uk/pride/data/archive/2026/04/PAD000036/SS-2217260_v4.1_TCRS_Cord_Serum.hybNorm.medNormInt.plateScale.calibrate.anmlQC.qcCheck.medNormRefSMP.adat	SomaScan Assay	SomaScan 7K	v4.1	RFU	PLT11461	Raw RFU, Hyb Normalization, medNormInt (SampleId), plateScale, Calibration, anmlQC, qcCheck, medNormRefSMP (SampleType)	SomaScan 7K	SomaScan Assay v4.1	20%	NT=affinity-proteomics;VV=v1.0.0	NT=human;VV=v1.1.0	NT=somascan;VV=v1.0.0	v1.1.0	NT=sdrf-skills-autoresearch;VV=v0.0.0
PAD000036-745668	Homo sapiens	Blood	not available	not available	not available	CLI8007F506	not available	250	not applicable	blood serum	PAD000036-r00294-745668	protein expression profiling by aptamer array	1	SS-2217260_v4.1_TCRS_Cord_Serum.hybNorm.medNormInt.plateScale.calibrate.anmlQC.qcCheck.medNormRefSMP.adat	ftp://ftp.pride.ebi.ac.uk/pride/data/archive/2026/04/PAD000036/SS-2217260_v4.1_TCRS_Cord_Serum.hybNorm.medNormInt.plateScale.calibrate.anmlQC.qcCheck.medNormRefSMP.adat	SomaScan Assay	SomaScan 7K	v4.1	RFU	PLT11461	Raw RFU, Hyb Normalization, medNormInt (SampleId), plateScale, Calibration, anmlQC, qcCheck, medNormRefSMP (SampleType)	SomaScan 7K	SomaScan Assay v4.1	20%	NT=affinity-proteomics;VV=v1.0.0	NT=human;VV=v1.1.0	NT=somascan;VV=v1.0.0	v1.1.0	NT=sdrf-skills-autoresearch;VV=v0.0.0
PAD000036-220214	Homo sapiens	Blood	not available	not available	not available	not available	not available	208	not applicable	blood;blood plasma;blood serum	PAD000036-r00295-220214	protein expression profiling by aptamer array	7	SS-2217260_v4.1_TCRS_Cord_Serum.hybNorm.medNormInt.plateScale.calibrate.anmlQC.qcCheck.medNormRefSMP.adat	ftp://ftp.pride.ebi.ac.uk/pride/data/archive/2026/04/PAD000036/SS-2217260_v4.1_TCRS_Cord_Serum.hybNorm.medNormInt.plateScale.calibrate.anmlQC.qcCheck.medNormRefSMP.adat	SomaScan Assay	SomaScan 7K	v4.1	RFU	PLT11461	Raw RFU, Hyb Normalization, medNormInt (SampleId), plateScale, Calibration, anmlQC, qcCheck, medNormRefSMP (SampleType)	SomaScan 7K	SomaScan Assay v4.1	20%	NT=affinity-proteomics;VV=v1.0.0	NT=human;VV=v1.1.0	NT=somascan;VV=v1.0.0	v1.1.0	NT=sdrf-skills-autoresearch;VV=v0.0.0
PAD000036-745657	Homo sapiens	Blood	not available	not available	not available	CLI8007F506	not available	251	not applicable	blood serum	PAD000036-r00296-745657	protein expression profiling by aptamer array	1	SS-2217260_v4.1_TCRS_Cord_Serum.hybNorm.medNormInt.plateScale.calibrate.anmlQC.qcCheck.medNormRefSMP.adat	ftp://ftp.pride.ebi.ac.uk/pride/data/archive/2026/04/PAD000036/SS-2217260_v4.1_TCRS_Cord_Serum.hybNorm.medNormInt.plateScale.calibrate.anmlQC.qcCheck.medNormRefSMP.adat	SomaScan Assay	SomaScan 7K	v4.1	RFU	PLT11461	Raw RFU, Hyb Normalization, medNormInt (SampleId), plateScale, Calibration, anmlQC, qcCheck, medNormRefSMP (SampleType)	SomaScan 7K	SomaScan Assay v4.1	20%	NT=affinity-proteomics;VV=v1.0.0	NT=human;VV=v1.1.0	NT=somascan;VV=v1.0.0	v1.1.0	NT=sdrf-skills-autoresearch;VV=v0.0.0
PAD000036-220214	Homo sapiens	Blood	not available	not available	not available	not available	not available	208	not applicable	blood;blood plasma;blood serum	PAD000036-r00297-220214	protein expression profiling by aptamer array	8	SS-2217260_v4.1_TCRS_Cord_Serum.hybNorm.medNormInt.plateScale.calibrate.anmlQC.qcCheck.medNormRefSMP.adat	ftp://ftp.pride.ebi.ac.uk/pride/data/archive/2026/04/PAD000036/SS-2217260_v4.1_TCRS_Cord_Serum.hybNorm.medNormInt.plateScale.calibrate.anmlQC.qcCheck.medNormRefSMP.adat	SomaScan Assay	SomaScan 7K	v4.1	RFU	PLT11461	Raw RFU, Hyb Normalization, medNormInt (SampleId), plateScale, Calibration, anmlQC, qcCheck, medNormRefSMP (SampleType)	SomaScan 7K	SomaScan Assay v4.1	20%	NT=affinity-proteomics;VV=v1.0.0	NT=human;VV=v1.1.0	NT=somascan;VV=v1.0.0	v1.1.0	NT=sdrf-skills-autoresearch;VV=v0.0.0
PAD000036-745670	Homo sapiens	Blood	not available	not available	not available	CLI8007F506	not available	252	not applicable	blood serum	PAD000036-r00298-745670	protein expression profiling by aptamer array	1	SS-2217260_v4.1_TCRS_Cord_Serum.hybNorm.medNormInt.plateScale.calibrate.anmlQC.qcCheck.medNormRefSMP.adat	ftp://ftp.pride.ebi.ac.uk/pride/data/archive/2026/04/PAD000036/SS-2217260_v4.1_TCRS_Cord_Serum.hybNorm.medNormInt.plateScale.calibrate.anmlQC.qcCheck.medNormRefSMP.adat	SomaScan Assay	SomaScan 7K	v4.1	RFU	PLT11461	Raw RFU, Hyb Normalization, medNormInt (SampleId), plateScale, Calibration, anmlQC, qcCheck, medNormRefSMP (SampleType)	SomaScan 7K	SomaScan Assay v4.1	20%	NT=affinity-proteomics;VV=v1.0.0	NT=human;VV=v1.1.0	NT=somascan;VV=v1.0.0	v1.1.0	NT=sdrf-skills-autoresearch;VV=v0.0.0
PAD000036-745678	Homo sapiens	Blood	not available	not available	not available	CLI8007F506	not available	253	not applicable	blood serum	PAD000036-r00299-745678	protein expression profiling by aptamer array	1	SS-2217260_v4.1_TCRS_Cord_Serum.hybNorm.medNormInt.plateScale.calibrate.anmlQC.qcCheck.medNormRefSMP.adat	ftp://ftp.pride.ebi.ac.uk/pride/data/archive/2026/04/PAD000036/SS-2217260_v4.1_TCRS_Cord_Serum.hybNorm.medNormInt.plateScale.calibrate.anmlQC.qcCheck.medNormRefSMP.adat	SomaScan Assay	SomaScan 7K	v4.1	RFU	PLT11461	Raw RFU, Hyb Normalization, medNormInt (SampleId), plateScale, Calibration, anmlQC, qcCheck, medNormRefSMP (SampleType)	SomaScan 7K	SomaScan Assay v4.1	20%	NT=affinity-proteomics;VV=v1.0.0	NT=human;VV=v1.1.0	NT=somascan;VV=v1.0.0	v1.1.0	NT=sdrf-skills-autoresearch;VV=v0.0.0
PAD000036-745616	Homo sapiens	Blood	not available	not available	not available	CLI8007F506	not available	254	not applicable	blood serum	PAD000036-r00300-745616	protein expression profiling by aptamer array	1	SS-2217260_v4.1_TCRS_Cord_Serum.hybNorm.medNormInt.plateScale.calibrate.anmlQC.qcCheck.medNormRefSMP.adat	ftp://ftp.pride.ebi.ac.uk/pride/data/archive/2026/04/PAD000036/SS-2217260_v4.1_TCRS_Cord_Serum.hybNorm.medNormInt.plateScale.calibrate.anmlQC.qcCheck.medNormRefSMP.adat	SomaScan Assay	SomaScan 7K	v4.1	RFU	PLT11461	Raw RFU, Hyb Normalization, medNormInt (SampleId), plateScale, Calibration, anmlQC, qcCheck, medNormRefSMP (SampleType)	SomaScan 7K	SomaScan Assay v4.1	20%	NT=affinity-proteomics;VV=v1.0.0	NT=human;VV=v1.1.0	NT=somascan;VV=v1.0.0	v1.1.0	NT=sdrf-skills-autoresearch;VV=v0.0.0
PAD000036-745660	Homo sapiens	Blood	not available	not available	not available	CLI8007F506	not available	255	not applicable	blood serum	PAD000036-r00301-745660	protein expression profiling by aptamer array	1	SS-2217260_v4.1_TCRS_Cord_Serum.hybNorm.medNormInt.plateScale.calibrate.anmlQC.qcCheck.medNormRefSMP.adat	ftp://ftp.pride.ebi.ac.uk/pride/data/archive/2026/04/PAD000036/SS-2217260_v4.1_TCRS_Cord_Serum.hybNorm.medNormInt.plateScale.calibrate.anmlQC.qcCheck.medNormRefSMP.adat	SomaScan Assay	SomaScan 7K	v4.1	RFU	PLT11461	Raw RFU, Hyb Normalization, medNormInt (SampleId), plateScale, Calibration, anmlQC, qcCheck, medNormRefSMP (SampleType)	SomaScan 7K	SomaScan Assay v4.1	20%	NT=affinity-proteomics;VV=v1.0.0	NT=human;VV=v1.1.0	NT=somascan;VV=v1.0.0	v1.1.0	NT=sdrf-skills-autoresearch;VV=v0.0.0
PAD000036-745635	Homo sapiens	Blood	not available	not available	not available	CLI8007F506	not available	256	not applicable	blood serum	PAD000036-r00302-745635	protein expression profiling by aptamer array	1	SS-2217260_v4.1_TCRS_Cord_Serum.hybNorm.medNormInt.plateScale.calibrate.anmlQC.qcCheck.medNormRefSMP.adat	ftp://ftp.pride.ebi.ac.uk/pride/data/archive/2026/04/PAD000036/SS-2217260_v4.1_TCRS_Cord_Serum.hybNorm.medNormInt.plateScale.calibrate.anmlQC.qcCheck.medNormRefSMP.adat	SomaScan Assay	SomaScan 7K	v4.1	RFU	PLT11461	Raw RFU, Hyb Normalization, medNormInt (SampleId), plateScale, Calibration, anmlQC, qcCheck, medNormRefSMP (SampleType)	SomaScan 7K	SomaScan Assay v4.1	20%	NT=affinity-proteomics;VV=v1.0.0	NT=human;VV=v1.1.0	NT=somascan;VV=v1.0.0	v1.1.0	NT=sdrf-skills-autoresearch;VV=v0.0.0
PAD000036-745624	Homo sapiens	Blood	not available	not available	not available	CLI8007F506	not available	257	not applicable	blood serum	PAD000036-r00303-745624	protein expression profiling by aptamer array	1	SS-2217260_v4.1_TCRS_Cord_Serum.hybNorm.medNormInt.plateScale.calibrate.anmlQC.qcCheck.medNormRefSMP.adat	ftp://ftp.pride.ebi.ac.uk/pride/data/archive/2026/04/PAD000036/SS-2217260_v4.1_TCRS_Cord_Serum.hybNorm.medNormInt.plateScale.calibrate.anmlQC.qcCheck.medNormRefSMP.adat	SomaScan Assay	SomaScan 7K	v4.1	RFU	PLT11461	Raw RFU, Hyb Normalization, medNormInt (SampleId), plateScale, Calibration, anmlQC, qcCheck, medNormRefSMP (SampleType)	SomaScan 7K	SomaScan Assay v4.1	20%	NT=affinity-proteomics;VV=v1.0.0	NT=human;VV=v1.1.0	NT=somascan;VV=v1.0.0	v1.1.0	NT=sdrf-skills-autoresearch;VV=v0.0.0
PAD000036-745674	Homo sapiens	Blood	not available	not available	not available	CLI8007F506	not available	258	not applicable	blood serum	PAD000036-r00304-745674	protein expression profiling by aptamer array	1	SS-2217260_v4.1_TCRS_Cord_Serum.hybNorm.medNormInt.plateScale.calibrate.anmlQC.qcCheck.medNormRefSMP.adat	ftp://ftp.pride.ebi.ac.uk/pride/data/archive/2026/04/PAD000036/SS-2217260_v4.1_TCRS_Cord_Serum.hybNorm.medNormInt.plateScale.calibrate.anmlQC.qcCheck.medNormRefSMP.adat	SomaScan Assay	SomaScan 7K	v4.1	RFU	PLT11461	Raw RFU, Hyb Normalization, medNormInt (SampleId), plateScale, Calibration, anmlQC, qcCheck, medNormRefSMP (SampleType)	SomaScan 7K	SomaScan Assay v4.1	20%	NT=affinity-proteomics;VV=v1.0.0	NT=human;VV=v1.1.0	NT=somascan;VV=v1.0.0	v1.1.0	NT=sdrf-skills-autoresearch;VV=v0.0.0
PAD000036-200173	Homo sapiens	Blood	not available	not available	not available	not available	not available	224	calibrator	blood;blood plasma;blood serum	PAD000036-r00305-200173	protein expression profiling by aptamer array	3	SS-2217260_v4.1_TCRS_Cord_Serum.hybNorm.medNormInt.plateScale.calibrate.anmlQC.qcCheck.medNormRefSMP.adat	ftp://ftp.pride.ebi.ac.uk/pride/data/archive/2026/04/PAD000036/SS-2217260_v4.1_TCRS_Cord_Serum.hybNorm.medNormInt.plateScale.calibrate.anmlQC.qcCheck.medNormRefSMP.adat	SomaScan Assay	SomaScan 7K	v4.1	RFU	PLT11461	Raw RFU, Hyb Normalization, medNormInt (SampleId), plateScale, Calibration, anmlQC, qcCheck, medNormRefSMP (SampleType)	SomaScan 7K	SomaScan Assay v4.1	20%	NT=affinity-proteomics;VV=v1.0.0	NT=human;VV=v1.1.0	NT=somascan;VV=v1.0.0	v1.1.0	NT=sdrf-skills-autoresearch;VV=v0.0.0
PAD000036-745640	Homo sapiens	Blood	not available	not available	not available	CLI8007F506	not available	259	not applicable	blood serum	PAD000036-r00306-745640	protein expression profiling by aptamer array	1	SS-2217260_v4.1_TCRS_Cord_Serum.hybNorm.medNormInt.plateScale.calibrate.anmlQC.qcCheck.medNormRefSMP.adat	ftp://ftp.pride.ebi.ac.uk/pride/data/archive/2026/04/PAD000036/SS-2217260_v4.1_TCRS_Cord_Serum.hybNorm.medNormInt.plateScale.calibrate.anmlQC.qcCheck.medNormRefSMP.adat	SomaScan Assay	SomaScan 7K	v4.1	RFU	PLT11461	Raw RFU, Hyb Normalization, medNormInt (SampleId), plateScale, Calibration, anmlQC, qcCheck, medNormRefSMP (SampleType)	SomaScan 7K	SomaScan Assay v4.1	20%	NT=affinity-proteomics;VV=v1.0.0	NT=human;VV=v1.1.0	NT=somascan;VV=v1.0.0	v1.1.0	NT=sdrf-skills-autoresearch;VV=v0.0.0
PAD000036-745684	Homo sapiens	Blood	not available	not available	not available	CLI8007F506	not available	260	not applicable	blood serum	PAD000036-r00307-745684	protein expression profiling by aptamer array	1	SS-2217260_v4.1_TCRS_Cord_Serum.hybNorm.medNormInt.plateScale.calibrate.anmlQC.qcCheck.medNormRefSMP.adat	ftp://ftp.pride.ebi.ac.uk/pride/data/archive/2026/04/PAD000036/SS-2217260_v4.1_TCRS_Cord_Serum.hybNorm.medNormInt.plateScale.calibrate.anmlQC.qcCheck.medNormRefSMP.adat	SomaScan Assay	SomaScan 7K	v4.1	RFU	PLT11461	Raw RFU, Hyb Normalization, medNormInt (SampleId), plateScale, Calibration, anmlQC, qcCheck, medNormRefSMP (SampleType)	SomaScan 7K	SomaScan Assay v4.1	20%	NT=affinity-proteomics;VV=v1.0.0	NT=human;VV=v1.1.0	NT=somascan;VV=v1.0.0	v1.1.0	NT=sdrf-skills-autoresearch;VV=v0.0.0
PAD000036-745673	Homo sapiens	Blood	not available	not available	not available	CLI8007F506	not available	261	not applicable	blood serum	PAD000036-r00308-745673	protein expression profiling by aptamer array	1	SS-2217260_v4.1_TCRS_Cord_Serum.hybNorm.medNormInt.plateScale.calibrate.anmlQC.qcCheck.medNormRefSMP.adat	ftp://ftp.pride.ebi.ac.uk/pride/data/archive/2026/04/PAD000036/SS-2217260_v4.1_TCRS_Cord_Serum.hybNorm.medNormInt.plateScale.calibrate.anmlQC.qcCheck.medNormRefSMP.adat	SomaScan Assay	SomaScan 7K	v4.1	RFU	PLT11461	Raw RFU, Hyb Normalization, medNormInt (SampleId), plateScale, Calibration, anmlQC, qcCheck, medNormRefSMP (SampleType)	SomaScan 7K	SomaScan Assay v4.1	20%	NT=affinity-proteomics;VV=v1.0.0	NT=human;VV=v1.1.0	NT=somascan;VV=v1.0.0	v1.1.0	NT=sdrf-skills-autoresearch;VV=v0.0.0
PAD000036-745636	Homo sapiens	Blood	not available	not available	not available	CLI8007F506	not available	262	not applicable	blood serum	PAD000036-r00309-745636	protein expression profiling by aptamer array	1	SS-2217260_v4.1_TCRS_Cord_Serum.hybNorm.medNormInt.plateScale.calibrate.anmlQC.qcCheck.medNormRefSMP.adat	ftp://ftp.pride.ebi.ac.uk/pride/data/archive/2026/04/PAD000036/SS-2217260_v4.1_TCRS_Cord_Serum.hybNorm.medNormInt.plateScale.calibrate.anmlQC.qcCheck.medNormRefSMP.adat	SomaScan Assay	SomaScan 7K	v4.1	RFU	PLT11461	Raw RFU, Hyb Normalization, medNormInt (SampleId), plateScale, Calibration, anmlQC, qcCheck, medNormRefSMP (SampleType)	SomaScan 7K	SomaScan Assay v4.1	20%	NT=affinity-proteomics;VV=v1.0.0	NT=human;VV=v1.1.0	NT=somascan;VV=v1.0.0	v1.1.0	NT=sdrf-skills-autoresearch;VV=v0.0.0
PAD000036-745663	Homo sapiens	Blood	not available	not available	not available	CLI8007F506	not available	263	not applicable	blood serum	PAD000036-r00310-745663	protein expression profiling by aptamer array	1	SS-2217260_v4.1_TCRS_Cord_Serum.hybNorm.medNormInt.plateScale.calibrate.anmlQC.qcCheck.medNormRefSMP.adat	ftp://ftp.pride.ebi.ac.uk/pride/data/archive/2026/04/PAD000036/SS-2217260_v4.1_TCRS_Cord_Serum.hybNorm.medNormInt.plateScale.calibrate.anmlQC.qcCheck.medNormRefSMP.adat	SomaScan Assay	SomaScan 7K	v4.1	RFU	PLT11461	Raw RFU, Hyb Normalization, medNormInt (SampleId), plateScale, Calibration, anmlQC, qcCheck, medNormRefSMP (SampleType)	SomaScan 7K	SomaScan Assay v4.1	20%	NT=affinity-proteomics;VV=v1.0.0	NT=human;VV=v1.1.0	NT=somascan;VV=v1.0.0	v1.1.0	NT=sdrf-skills-autoresearch;VV=v0.0.0
PAD000036-220214	Homo sapiens	Blood	not available	not available	not available	not available	not available	208	not applicable	blood;blood plasma;blood serum	PAD000036-r00311-220214	protein expression profiling by aptamer array	9	SS-2217260_v4.1_TCRS_Cord_Serum.hybNorm.medNormInt.plateScale.calibrate.anmlQC.qcCheck.medNormRefSMP.adat	ftp://ftp.pride.ebi.ac.uk/pride/data/archive/2026/04/PAD000036/SS-2217260_v4.1_TCRS_Cord_Serum.hybNorm.medNormInt.plateScale.calibrate.anmlQC.qcCheck.medNormRefSMP.adat	SomaScan Assay	SomaScan 7K	v4.1	RFU	PLT11461	Raw RFU, Hyb Normalization, medNormInt (SampleId), plateScale, Calibration, anmlQC, qcCheck, medNormRefSMP (SampleType)	SomaScan 7K	SomaScan Assay v4.1	20%	NT=affinity-proteomics;VV=v1.0.0	NT=human;VV=v1.1.0	NT=somascan;VV=v1.0.0	v1.1.0	NT=sdrf-skills-autoresearch;VV=v0.0.0
PAD000036-745655	Homo sapiens	Blood	not available	not available	not available	CLI8007F506	not available	264	not applicable	blood serum	PAD000036-r00312-745655	protein expression profiling by aptamer array	1	SS-2217260_v4.1_TCRS_Cord_Serum.hybNorm.medNormInt.plateScale.calibrate.anmlQC.qcCheck.medNormRefSMP.adat	ftp://ftp.pride.ebi.ac.uk/pride/data/archive/2026/04/PAD000036/SS-2217260_v4.1_TCRS_Cord_Serum.hybNorm.medNormInt.plateScale.calibrate.anmlQC.qcCheck.medNormRefSMP.adat	SomaScan Assay	SomaScan 7K	v4.1	RFU	PLT11461	Raw RFU, Hyb Normalization, medNormInt (SampleId), plateScale, Calibration, anmlQC, qcCheck, medNormRefSMP (SampleType)	SomaScan 7K	SomaScan Assay v4.1	20%	NT=affinity-proteomics;VV=v1.0.0	NT=human;VV=v1.1.0	NT=somascan;VV=v1.0.0	v1.1.0	NT=sdrf-skills-autoresearch;VV=v0.0.0
PAD000036-745620	Homo sapiens	Blood	not available	not available	not available	CLI8007F506	not available	265	not applicable	blood serum	PAD000036-r00313-745620	protein expression profiling by aptamer array	1	SS-2217260_v4.1_TCRS_Cord_Serum.hybNorm.medNormInt.plateScale.calibrate.anmlQC.qcCheck.medNormRefSMP.adat	ftp://ftp.pride.ebi.ac.uk/pride/data/archive/2026/04/PAD000036/SS-2217260_v4.1_TCRS_Cord_Serum.hybNorm.medNormInt.plateScale.calibrate.anmlQC.qcCheck.medNormRefSMP.adat	SomaScan Assay	SomaScan 7K	v4.1	RFU	PLT11461	Raw RFU, Hyb Normalization, medNormInt (SampleId), plateScale, Calibration, anmlQC, qcCheck, medNormRefSMP (SampleType)	SomaScan 7K	SomaScan Assay v4.1	20%	NT=affinity-proteomics;VV=v1.0.0	NT=human;VV=v1.1.0	NT=somascan;VV=v1.0.0	v1.1.0	NT=sdrf-skills-autoresearch;VV=v0.0.0
PAD000036-200173	Homo sapiens	Blood	not available	not available	not available	not available	not available	224	calibrator	blood;blood plasma;blood serum	PAD000036-r00314-200173	protein expression profiling by aptamer array	4	SS-2217260_v4.1_TCRS_Cord_Serum.hybNorm.medNormInt.plateScale.calibrate.anmlQC.qcCheck.medNormRefSMP.adat	ftp://ftp.pride.ebi.ac.uk/pride/data/archive/2026/04/PAD000036/SS-2217260_v4.1_TCRS_Cord_Serum.hybNorm.medNormInt.plateScale.calibrate.anmlQC.qcCheck.medNormRefSMP.adat	SomaScan Assay	SomaScan 7K	v4.1	RFU	PLT11461	Raw RFU, Hyb Normalization, medNormInt (SampleId), plateScale, Calibration, anmlQC, qcCheck, medNormRefSMP (SampleType)	SomaScan 7K	SomaScan Assay v4.1	20%	NT=affinity-proteomics;VV=v1.0.0	NT=human;VV=v1.1.0	NT=somascan;VV=v1.0.0	v1.1.0	NT=sdrf-skills-autoresearch;VV=v0.0.0
PAD000036-745647	Homo sapiens	Blood	not available	not available	not available	CLI8007F506	not available	266	not applicable	blood serum	PAD000036-r00315-745647	protein expression profiling by aptamer array	1	SS-2217260_v4.1_TCRS_Cord_Serum.hybNorm.medNormInt.plateScale.calibrate.anmlQC.qcCheck.medNormRefSMP.adat	ftp://ftp.pride.ebi.ac.uk/pride/data/archive/2026/04/PAD000036/SS-2217260_v4.1_TCRS_Cord_Serum.hybNorm.medNormInt.plateScale.calibrate.anmlQC.qcCheck.medNormRefSMP.adat	SomaScan Assay	SomaScan 7K	v4.1	RFU	PLT11461	Raw RFU, Hyb Normalization, medNormInt (SampleId), plateScale, Calibration, anmlQC, qcCheck, medNormRefSMP (SampleType)	SomaScan 7K	SomaScan Assay v4.1	20%	NT=affinity-proteomics;VV=v1.0.0	NT=human;VV=v1.1.0	NT=somascan;VV=v1.0.0	v1.1.0	NT=sdrf-skills-autoresearch;VV=v0.0.0
PAD000036-745675	Homo sapiens	Blood	not available	not available	not available	CLI8007F506	not available	267	not applicable	blood serum	PAD000036-r00316-745675	protein expression profiling by aptamer array	1	SS-2217260_v4.1_TCRS_Cord_Serum.hybNorm.medNormInt.plateScale.calibrate.anmlQC.qcCheck.medNormRefSMP.adat	ftp://ftp.pride.ebi.ac.uk/pride/data/archive/2026/04/PAD000036/SS-2217260_v4.1_TCRS_Cord_Serum.hybNorm.medNormInt.plateScale.calibrate.anmlQC.qcCheck.medNormRefSMP.adat	SomaScan Assay	SomaScan 7K	v4.1	RFU	PLT11461	Raw RFU, Hyb Normalization, medNormInt (SampleId), plateScale, Calibration, anmlQC, qcCheck, medNormRefSMP (SampleType)	SomaScan 7K	SomaScan Assay v4.1	20%	NT=affinity-proteomics;VV=v1.0.0	NT=human;VV=v1.1.0	NT=somascan;VV=v1.0.0	v1.1.0	NT=sdrf-skills-autoresearch;VV=v0.0.0
PAD000036-745609	Homo sapiens	Blood	not available	not available	not available	CLI8007F506	not available	268	not applicable	blood serum	PAD000036-r00317-745609	protein expression profiling by aptamer array	1	SS-2217260_v4.1_TCRS_Cord_Serum.hybNorm.medNormInt.plateScale.calibrate.anmlQC.qcCheck.medNormRefSMP.adat	ftp://ftp.pride.ebi.ac.uk/pride/data/archive/2026/04/PAD000036/SS-2217260_v4.1_TCRS_Cord_Serum.hybNorm.medNormInt.plateScale.calibrate.anmlQC.qcCheck.medNormRefSMP.adat	SomaScan Assay	SomaScan 7K	v4.1	RFU	PLT11461	Raw RFU, Hyb Normalization, medNormInt (SampleId), plateScale, Calibration, anmlQC, qcCheck, medNormRefSMP (SampleType)	SomaScan 7K	SomaScan Assay v4.1	20%	NT=affinity-proteomics;VV=v1.0.0	NT=human;VV=v1.1.0	NT=somascan;VV=v1.0.0	v1.1.0	NT=sdrf-skills-autoresearch;VV=v0.0.0
PAD000036-745621	Homo sapiens	Blood	not available	not available	not available	CLI8007F506	not available	269	not applicable	blood serum	PAD000036-r00318-745621	protein expression profiling by aptamer array	1	SS-2217260_v4.1_TCRS_Cord_Serum.hybNorm.medNormInt.plateScale.calibrate.anmlQC.qcCheck.medNormRefSMP.adat	ftp://ftp.pride.ebi.ac.uk/pride/data/archive/2026/04/PAD000036/SS-2217260_v4.1_TCRS_Cord_Serum.hybNorm.medNormInt.plateScale.calibrate.anmlQC.qcCheck.medNormRefSMP.adat	SomaScan Assay	SomaScan 7K	v4.1	RFU	PLT11461	Raw RFU, Hyb Normalization, medNormInt (SampleId), plateScale, Calibration, anmlQC, qcCheck, medNormRefSMP (SampleType)	SomaScan 7K	SomaScan Assay v4.1	20%	NT=affinity-proteomics;VV=v1.0.0	NT=human;VV=v1.1.0	NT=somascan;VV=v1.0.0	v1.1.0	NT=sdrf-skills-autoresearch;VV=v0.0.0
PAD000036-745664	Homo sapiens	Blood	not available	not available	not available	CLI8007F506	not available	270	not applicable	blood serum	PAD000036-r00319-745664	protein expression profiling by aptamer array	1	SS-2217260_v4.1_TCRS_Cord_Serum.hybNorm.medNormInt.plateScale.calibrate.anmlQC.qcCheck.medNormRefSMP.adat	ftp://ftp.pride.ebi.ac.uk/pride/data/archive/2026/04/PAD000036/SS-2217260_v4.1_TCRS_Cord_Serum.hybNorm.medNormInt.plateScale.calibrate.anmlQC.qcCheck.medNormRefSMP.adat	SomaScan Assay	SomaScan 7K	v4.1	RFU	PLT11461	Raw RFU, Hyb Normalization, medNormInt (SampleId), plateScale, Calibration, anmlQC, qcCheck, medNormRefSMP (SampleType)	SomaScan 7K	SomaScan Assay v4.1	20%	NT=affinity-proteomics;VV=v1.0.0	NT=human;VV=v1.1.0	NT=somascan;VV=v1.0.0	v1.1.0	NT=sdrf-skills-autoresearch;VV=v0.0.0
PAD000036-200173	Homo sapiens	Blood	not available	not available	not available	not available	not available	224	calibrator	blood;blood plasma;blood serum	PAD000036-r00320-200173	protein expression profiling by aptamer array	5	SS-2217260_v4.1_TCRS_Cord_Serum.hybNorm.medNormInt.plateScale.calibrate.anmlQC.qcCheck.medNormRefSMP.adat	ftp://ftp.pride.ebi.ac.uk/pride/data/archive/2026/04/PAD000036/SS-2217260_v4.1_TCRS_Cord_Serum.hybNorm.medNormInt.plateScale.calibrate.anmlQC.qcCheck.medNormRefSMP.adat	SomaScan Assay	SomaScan 7K	v4.1	RFU	PLT11461	Raw RFU, Hyb Normalization, medNormInt (SampleId), plateScale, Calibration, anmlQC, qcCheck, medNormRefSMP (SampleType)	SomaScan 7K	SomaScan Assay v4.1	20%	NT=affinity-proteomics;VV=v1.0.0	NT=human;VV=v1.1.0	NT=somascan;VV=v1.0.0	v1.1.0	NT=sdrf-skills-autoresearch;VV=v0.0.0
PAD000036-745662	Homo sapiens	Blood	not available	not available	not available	CLI8007F506	not available	271	not applicable	blood serum	PAD000036-r00321-745662	protein expression profiling by aptamer array	1	SS-2217260_v4.1_TCRS_Cord_Serum.hybNorm.medNormInt.plateScale.calibrate.anmlQC.qcCheck.medNormRefSMP.adat	ftp://ftp.pride.ebi.ac.uk/pride/data/archive/2026/04/PAD000036/SS-2217260_v4.1_TCRS_Cord_Serum.hybNorm.medNormInt.plateScale.calibrate.anmlQC.qcCheck.medNormRefSMP.adat	SomaScan Assay	SomaScan 7K	v4.1	RFU	PLT11461	Raw RFU, Hyb Normalization, medNormInt (SampleId), plateScale, Calibration, anmlQC, qcCheck, medNormRefSMP (SampleType)	SomaScan 7K	SomaScan Assay v4.1	20%	NT=affinity-proteomics;VV=v1.0.0	NT=human;VV=v1.1.0	NT=somascan;VV=v1.0.0	v1.1.0	NT=sdrf-skills-autoresearch;VV=v0.0.0
PAD000036-745615	Homo sapiens	Blood	not available	not available	not available	CLI8007F506	not available	272	not applicable	blood serum	PAD000036-r00322-745615	protein expression profiling by aptamer array	1	SS-2217260_v4.1_TCRS_Cord_Serum.hybNorm.medNormInt.plateScale.calibrate.anmlQC.qcCheck.medNormRefSMP.adat	ftp://ftp.pride.ebi.ac.uk/pride/data/archive/2026/04/PAD000036/SS-2217260_v4.1_TCRS_Cord_Serum.hybNorm.medNormInt.plateScale.calibrate.anmlQC.qcCheck.medNormRefSMP.adat	SomaScan Assay	SomaScan 7K	v4.1	RFU	PLT11461	Raw RFU, Hyb Normalization, medNormInt (SampleId), plateScale, Calibration, anmlQC, qcCheck, medNormRefSMP (SampleType)	SomaScan 7K	SomaScan Assay v4.1	20%	NT=affinity-proteomics;VV=v1.0.0	NT=human;VV=v1.1.0	NT=somascan;VV=v1.0.0	v1.1.0	NT=sdrf-skills-autoresearch;VV=v0.0.0
PAD000036-745632	Homo sapiens	Blood	not available	not available	not available	CLI8007F506	not available	273	not applicable	blood serum	PAD000036-r00323-745632	protein expression profiling by aptamer array	1	SS-2217260_v4.1_TCRS_Cord_Serum.hybNorm.medNormInt.plateScale.calibrate.anmlQC.qcCheck.medNormRefSMP.adat	ftp://ftp.pride.ebi.ac.uk/pride/data/archive/2026/04/PAD000036/SS-2217260_v4.1_TCRS_Cord_Serum.hybNorm.medNormInt.plateScale.calibrate.anmlQC.qcCheck.medNormRefSMP.adat	SomaScan Assay	SomaScan 7K	v4.1	RFU	PLT11461	Raw RFU, Hyb Normalization, medNormInt (SampleId), plateScale, Calibration, anmlQC, qcCheck, medNormRefSMP (SampleType)	SomaScan 7K	SomaScan Assay v4.1	20%	NT=affinity-proteomics;VV=v1.0.0	NT=human;VV=v1.1.0	NT=somascan;VV=v1.0.0	v1.1.0	NT=sdrf-skills-autoresearch;VV=v0.0.0
PAD000036-745665	Homo sapiens	Blood	not available	not available	not available	CLI8007F506	not available	274	not applicable	blood serum	PAD000036-r00324-745665	protein expression profiling by aptamer array	1	SS-2217260_v4.1_TCRS_Cord_Serum.hybNorm.medNormInt.plateScale.calibrate.anmlQC.qcCheck.medNormRefSMP.adat	ftp://ftp.pride.ebi.ac.uk/pride/data/archive/2026/04/PAD000036/SS-2217260_v4.1_TCRS_Cord_Serum.hybNorm.medNormInt.plateScale.calibrate.anmlQC.qcCheck.medNormRefSMP.adat	SomaScan Assay	SomaScan 7K	v4.1	RFU	PLT11461	Raw RFU, Hyb Normalization, medNormInt (SampleId), plateScale, Calibration, anmlQC, qcCheck, medNormRefSMP (SampleType)	SomaScan 7K	SomaScan Assay v4.1	20%	NT=affinity-proteomics;VV=v1.0.0	NT=human;VV=v1.1.0	NT=somascan;VV=v1.0.0	v1.1.0	NT=sdrf-skills-autoresearch;VV=v0.0.0
PAD000036-745634	Homo sapiens	Blood	not available	not available	not available	CLI8007F506	not available	275	not applicable	blood serum	PAD000036-r00325-745634	protein expression profiling by aptamer array	1	SS-2217260_v4.1_TCRS_Cord_Serum.hybNorm.medNormInt.plateScale.calibrate.anmlQC.qcCheck.medNormRefSMP.adat	ftp://ftp.pride.ebi.ac.uk/pride/data/archive/2026/04/PAD000036/SS-2217260_v4.1_TCRS_Cord_Serum.hybNorm.medNormInt.plateScale.calibrate.anmlQC.qcCheck.medNormRefSMP.adat	SomaScan Assay	SomaScan 7K	v4.1	RFU	PLT11461	Raw RFU, Hyb Normalization, medNormInt (SampleId), plateScale, Calibration, anmlQC, qcCheck, medNormRefSMP (SampleType)	SomaScan 7K	SomaScan Assay v4.1	20%	NT=affinity-proteomics;VV=v1.0.0	NT=human;VV=v1.1.0	NT=somascan;VV=v1.0.0	v1.1.0	NT=sdrf-skills-autoresearch;VV=v0.0.0
PAD000036-745658	Homo sapiens	Blood	not available	not available	not available	CLI8007F506	not available	276	not applicable	blood serum	PAD000036-r00326-745658	protein expression profiling by aptamer array	1	SS-2217260_v4.1_TCRS_Cord_Serum.hybNorm.medNormInt.plateScale.calibrate.anmlQC.qcCheck.medNormRefSMP.adat	ftp://ftp.pride.ebi.ac.uk/pride/data/archive/2026/04/PAD000036/SS-2217260_v4.1_TCRS_Cord_Serum.hybNorm.medNormInt.plateScale.calibrate.anmlQC.qcCheck.medNormRefSMP.adat	SomaScan Assay	SomaScan 7K	v4.1	RFU	PLT11461	Raw RFU, Hyb Normalization, medNormInt (SampleId), plateScale, Calibration, anmlQC, qcCheck, medNormRefSMP (SampleType)	SomaScan 7K	SomaScan Assay v4.1	20%	NT=affinity-proteomics;VV=v1.0.0	NT=human;VV=v1.1.0	NT=somascan;VV=v1.0.0	v1.1.0	NT=sdrf-skills-autoresearch;VV=v0.0.0
PAD000036-745646	Homo sapiens	Blood	not available	not available	not available	CLI8007F506	not available	277	not applicable	blood serum	PAD000036-r00327-745646	protein expression profiling by aptamer array	1	SS-2217260_v4.1_TCRS_Cord_Serum.hybNorm.medNormInt.plateScale.calibrate.anmlQC.qcCheck.medNormRefSMP.adat	ftp://ftp.pride.ebi.ac.uk/pride/data/archive/2026/04/PAD000036/SS-2217260_v4.1_TCRS_Cord_Serum.hybNorm.medNormInt.plateScale.calibrate.anmlQC.qcCheck.medNormRefSMP.adat	SomaScan Assay	SomaScan 7K	v4.1	RFU	PLT11461	Raw RFU, Hyb Normalization, medNormInt (SampleId), plateScale, Calibration, anmlQC, qcCheck, medNormRefSMP (SampleType)	SomaScan 7K	SomaScan Assay v4.1	20%	NT=affinity-proteomics;VV=v1.0.0	NT=human;VV=v1.1.0	NT=somascan;VV=v1.0.0	v1.1.0	NT=sdrf-skills-autoresearch;VV=v0.0.0
PAD000036-745619	Homo sapiens	Blood	not available	not available	not available	CLI8007F506	not available	278	not applicable	blood serum	PAD000036-r00328-745619	protein expression profiling by aptamer array	1	SS-2217260_v4.1_TCRS_Cord_Serum.hybNorm.medNormInt.plateScale.calibrate.anmlQC.qcCheck.medNormRefSMP.adat	ftp://ftp.pride.ebi.ac.uk/pride/data/archive/2026/04/PAD000036/SS-2217260_v4.1_TCRS_Cord_Serum.hybNorm.medNormInt.plateScale.calibrate.anmlQC.qcCheck.medNormRefSMP.adat	SomaScan Assay	SomaScan 7K	v4.1	RFU	PLT11461	Raw RFU, Hyb Normalization, medNormInt (SampleId), plateScale, Calibration, anmlQC, qcCheck, medNormRefSMP (SampleType)	SomaScan 7K	SomaScan Assay v4.1	20%	NT=affinity-proteomics;VV=v1.0.0	NT=human;VV=v1.1.0	NT=somascan;VV=v1.0.0	v1.1.0	NT=sdrf-skills-autoresearch;VV=v0.0.0
PAD000036-200174	Homo sapiens	Blood	not available	not available	not available	not available	not available	214	quality control sample	blood;blood plasma;blood serum	PAD000036-r00329-200174	protein expression profiling by aptamer array	3	SS-2217260_v4.1_TCRS_Cord_Serum.hybNorm.medNormInt.plateScale.calibrate.anmlQC.qcCheck.medNormRefSMP.adat	ftp://ftp.pride.ebi.ac.uk/pride/data/archive/2026/04/PAD000036/SS-2217260_v4.1_TCRS_Cord_Serum.hybNorm.medNormInt.plateScale.calibrate.anmlQC.qcCheck.medNormRefSMP.adat	SomaScan Assay	SomaScan 7K	v4.1	RFU	PLT11461	Raw RFU, Hyb Normalization, medNormInt (SampleId), plateScale, Calibration, anmlQC, qcCheck, medNormRefSMP (SampleType)	SomaScan 7K	SomaScan Assay v4.1	20%	NT=affinity-proteomics;VV=v1.0.0	NT=human;VV=v1.1.0	NT=somascan;VV=v1.0.0	v1.1.0	NT=sdrf-skills-autoresearch;VV=v0.0.0
PAD000036-745639	Homo sapiens	Blood	not available	not available	not available	CLI8007F506	not available	279	not applicable	blood serum	PAD000036-r00330-745639	protein expression profiling by aptamer array	1	SS-2217260_v4.1_TCRS_Cord_Serum.hybNorm.medNormInt.plateScale.calibrate.anmlQC.qcCheck.medNormRefSMP.adat	ftp://ftp.pride.ebi.ac.uk/pride/data/archive/2026/04/PAD000036/SS-2217260_v4.1_TCRS_Cord_Serum.hybNorm.medNormInt.plateScale.calibrate.anmlQC.qcCheck.medNormRefSMP.adat	SomaScan Assay	SomaScan 7K	v4.1	RFU	PLT11461	Raw RFU, Hyb Normalization, medNormInt (SampleId), plateScale, Calibration, anmlQC, qcCheck, medNormRefSMP (SampleType)	SomaScan 7K	SomaScan Assay v4.1	20%	NT=affinity-proteomics;VV=v1.0.0	NT=human;VV=v1.1.0	NT=somascan;VV=v1.0.0	v1.1.0	NT=sdrf-skills-autoresearch;VV=v0.0.0
PAD000036-745626	Homo sapiens	Blood	not available	not available	not available	CLI8007F506	not available	280	not applicable	blood serum	PAD000036-r00331-745626	protein expression profiling by aptamer array	1	SS-2217260_v4.1_TCRS_Cord_Serum.hybNorm.medNormInt.plateScale.calibrate.anmlQC.qcCheck.medNormRefSMP.adat	ftp://ftp.pride.ebi.ac.uk/pride/data/archive/2026/04/PAD000036/SS-2217260_v4.1_TCRS_Cord_Serum.hybNorm.medNormInt.plateScale.calibrate.anmlQC.qcCheck.medNormRefSMP.adat	SomaScan Assay	SomaScan 7K	v4.1	RFU	PLT11461	Raw RFU, Hyb Normalization, medNormInt (SampleId), plateScale, Calibration, anmlQC, qcCheck, medNormRefSMP (SampleType)	SomaScan 7K	SomaScan Assay v4.1	20%	NT=affinity-proteomics;VV=v1.0.0	NT=human;VV=v1.1.0	NT=somascan;VV=v1.0.0	v1.1.0	NT=sdrf-skills-autoresearch;VV=v0.0.0
PAD000036-745613	Homo sapiens	Blood	not available	not available	not available	CLI8007F506	not available	281	not applicable	blood serum	PAD000036-r00332-745613	protein expression profiling by aptamer array	1	SS-2217260_v4.1_TCRS_Cord_Serum.hybNorm.medNormInt.plateScale.calibrate.anmlQC.qcCheck.medNormRefSMP.adat	ftp://ftp.pride.ebi.ac.uk/pride/data/archive/2026/04/PAD000036/SS-2217260_v4.1_TCRS_Cord_Serum.hybNorm.medNormInt.plateScale.calibrate.anmlQC.qcCheck.medNormRefSMP.adat	SomaScan Assay	SomaScan 7K	v4.1	RFU	PLT11461	Raw RFU, Hyb Normalization, medNormInt (SampleId), plateScale, Calibration, anmlQC, qcCheck, medNormRefSMP (SampleType)	SomaScan 7K	SomaScan Assay v4.1	20%	NT=affinity-proteomics;VV=v1.0.0	NT=human;VV=v1.1.0	NT=somascan;VV=v1.0.0	v1.1.0	NT=sdrf-skills-autoresearch;VV=v0.0.0
PAD000036-745608	Homo sapiens	Blood	not available	not available	not available	CLI8007F506	not available	282	not applicable	blood serum	PAD000036-r00333-745608	protein expression profiling by aptamer array	1	SS-2217260_v4.1_TCRS_Cord_Serum.hybNorm.medNormInt.plateScale.calibrate.anmlQC.qcCheck.medNormRefSMP.adat	ftp://ftp.pride.ebi.ac.uk/pride/data/archive/2026/04/PAD000036/SS-2217260_v4.1_TCRS_Cord_Serum.hybNorm.medNormInt.plateScale.calibrate.anmlQC.qcCheck.medNormRefSMP.adat	SomaScan Assay	SomaScan 7K	v4.1	RFU	PLT11461	Raw RFU, Hyb Normalization, medNormInt (SampleId), plateScale, Calibration, anmlQC, qcCheck, medNormRefSMP (SampleType)	SomaScan 7K	SomaScan Assay v4.1	20%	NT=affinity-proteomics;VV=v1.0.0	NT=human;VV=v1.1.0	NT=somascan;VV=v1.0.0	v1.1.0	NT=sdrf-skills-autoresearch;VV=v0.0.0
PAD000036-745661	Homo sapiens	Blood	not available	not available	not available	CLI8007F506	not available	283	not applicable	blood serum	PAD000036-r00334-745661	protein expression profiling by aptamer array	1	SS-2217260_v4.1_TCRS_Cord_Serum.hybNorm.medNormInt.plateScale.calibrate.anmlQC.qcCheck.medNormRefSMP.adat	ftp://ftp.pride.ebi.ac.uk/pride/data/archive/2026/04/PAD000036/SS-2217260_v4.1_TCRS_Cord_Serum.hybNorm.medNormInt.plateScale.calibrate.anmlQC.qcCheck.medNormRefSMP.adat	SomaScan Assay	SomaScan 7K	v4.1	RFU	PLT11461	Raw RFU, Hyb Normalization, medNormInt (SampleId), plateScale, Calibration, anmlQC, qcCheck, medNormRefSMP (SampleType)	SomaScan 7K	SomaScan Assay v4.1	20%	NT=affinity-proteomics;VV=v1.0.0	NT=human;VV=v1.1.0	NT=somascan;VV=v1.0.0	v1.1.0	NT=sdrf-skills-autoresearch;VV=v0.0.0
PAD000036-745633	Homo sapiens	Blood	not available	not available	not available	CLI8007F506	not available	284	not applicable	blood serum	PAD000036-r00335-745633	protein expression profiling by aptamer array	1	SS-2217260_v4.1_TCRS_Cord_Serum.hybNorm.medNormInt.plateScale.calibrate.anmlQC.qcCheck.medNormRefSMP.adat	ftp://ftp.pride.ebi.ac.uk/pride/data/archive/2026/04/PAD000036/SS-2217260_v4.1_TCRS_Cord_Serum.hybNorm.medNormInt.plateScale.calibrate.anmlQC.qcCheck.medNormRefSMP.adat	SomaScan Assay	SomaScan 7K	v4.1	RFU	PLT11461	Raw RFU, Hyb Normalization, medNormInt (SampleId), plateScale, Calibration, anmlQC, qcCheck, medNormRefSMP (SampleType)	SomaScan 7K	SomaScan Assay v4.1	20%	NT=affinity-proteomics;VV=v1.0.0	NT=human;VV=v1.1.0	NT=somascan;VV=v1.0.0	v1.1.0	NT=sdrf-skills-autoresearch;VV=v0.0.0
PAD000036-744500	Homo sapiens	Blood	not available	not available	not available	CLI8007F506	not available	285	not applicable	blood serum	PAD000036-r00336-744500	protein expression profiling by aptamer array	1	SS-2217258_v4.1_TCRS_Adult_Serum.hybNorm.medNormInt.plateScale.calibrate.anmlQC.qcCheck.medNormRefSMP.adat	ftp://ftp.pride.ebi.ac.uk/pride/data/archive/2026/04/PAD000036/SS-2217258_v4.1_TCRS_Adult_Serum.hybNorm.medNormInt.plateScale.calibrate.anmlQC.qcCheck.medNormRefSMP.adat	SomaScan Assay	SomaScan 7K	v4.1	RFU	PLT11454	Raw RFU, Hyb Normalization, medNormInt (SampleId), plateScale, Calibration, anmlQC, qcCheck, medNormRefSMP (SampleType)	SomaScan 7K	SomaScan Assay v4.1	20%	NT=affinity-proteomics;VV=v1.0.0	NT=human;VV=v1.1.0	NT=somascan;VV=v1.0.0	v1.1.0	NT=sdrf-skills-autoresearch;VV=v0.0.0
PAD000036-744470	Homo sapiens	Blood	not available	not available	not available	CLI8007F506	not available	286	not applicable	blood serum	PAD000036-r00337-744470	protein expression profiling by aptamer array	1	SS-2217258_v4.1_TCRS_Adult_Serum.hybNorm.medNormInt.plateScale.calibrate.anmlQC.qcCheck.medNormRefSMP.adat	ftp://ftp.pride.ebi.ac.uk/pride/data/archive/2026/04/PAD000036/SS-2217258_v4.1_TCRS_Adult_Serum.hybNorm.medNormInt.plateScale.calibrate.anmlQC.qcCheck.medNormRefSMP.adat	SomaScan Assay	SomaScan 7K	v4.1	RFU	PLT11454	Raw RFU, Hyb Normalization, medNormInt (SampleId), plateScale, Calibration, anmlQC, qcCheck, medNormRefSMP (SampleType)	SomaScan 7K	SomaScan Assay v4.1	20%	NT=affinity-proteomics;VV=v1.0.0	NT=human;VV=v1.1.0	NT=somascan;VV=v1.0.0	v1.1.0	NT=sdrf-skills-autoresearch;VV=v0.0.0
PAD000036-744454	Homo sapiens	Blood	not available	not available	not available	CLI8007F506	not available	287	not applicable	blood serum	PAD000036-r00338-744454	protein expression profiling by aptamer array	1	SS-2217258_v4.1_TCRS_Adult_Serum.hybNorm.medNormInt.plateScale.calibrate.anmlQC.qcCheck.medNormRefSMP.adat	ftp://ftp.pride.ebi.ac.uk/pride/data/archive/2026/04/PAD000036/SS-2217258_v4.1_TCRS_Adult_Serum.hybNorm.medNormInt.plateScale.calibrate.anmlQC.qcCheck.medNormRefSMP.adat	SomaScan Assay	SomaScan 7K	v4.1	RFU	PLT11454	Raw RFU, Hyb Normalization, medNormInt (SampleId), plateScale, Calibration, anmlQC, qcCheck, medNormRefSMP (SampleType)	SomaScan 7K	SomaScan Assay v4.1	20%	NT=affinity-proteomics;VV=v1.0.0	NT=human;VV=v1.1.0	NT=somascan;VV=v1.0.0	v1.1.0	NT=sdrf-skills-autoresearch;VV=v0.0.0
PAD000036-744352	Homo sapiens	Blood	not available	not available	not available	CLI8007F506	not available	288	not applicable	blood serum	PAD000036-r00339-744352	protein expression profiling by aptamer array	1	SS-2217258_v4.1_TCRS_Adult_Serum.hybNorm.medNormInt.plateScale.calibrate.anmlQC.qcCheck.medNormRefSMP.adat	ftp://ftp.pride.ebi.ac.uk/pride/data/archive/2026/04/PAD000036/SS-2217258_v4.1_TCRS_Adult_Serum.hybNorm.medNormInt.plateScale.calibrate.anmlQC.qcCheck.medNormRefSMP.adat	SomaScan Assay	SomaScan 7K	v4.1	RFU	PLT11454	Raw RFU, Hyb Normalization, medNormInt (SampleId), plateScale, Calibration, anmlQC, qcCheck, medNormRefSMP (SampleType)	SomaScan 7K	SomaScan Assay v4.1	20%	NT=affinity-proteomics;VV=v1.0.0	NT=human;VV=v1.1.0	NT=somascan;VV=v1.0.0	v1.1.0	NT=sdrf-skills-autoresearch;VV=v0.0.0
PAD000036-745462	Homo sapiens	Blood	not available	not available	not available	CLI8007F506	not available	289	not applicable	blood serum	PAD000036-r00340-745462	protein expression profiling by aptamer array	1	SS-2217258_v4.1_TCRS_Adult_Serum.hybNorm.medNormInt.plateScale.calibrate.anmlQC.qcCheck.medNormRefSMP.adat	ftp://ftp.pride.ebi.ac.uk/pride/data/archive/2026/04/PAD000036/SS-2217258_v4.1_TCRS_Adult_Serum.hybNorm.medNormInt.plateScale.calibrate.anmlQC.qcCheck.medNormRefSMP.adat	SomaScan Assay	SomaScan 7K	v4.1	RFU	PLT11454	Raw RFU, Hyb Normalization, medNormInt (SampleId), plateScale, Calibration, anmlQC, qcCheck, medNormRefSMP (SampleType)	SomaScan 7K	SomaScan Assay v4.1	20%	NT=affinity-proteomics;VV=v1.0.0	NT=human;VV=v1.1.0	NT=somascan;VV=v1.0.0	v1.1.0	NT=sdrf-skills-autoresearch;VV=v0.0.0
PAD000036-744398	Homo sapiens	Blood	not available	not available	not available	CLI8007F506	not available	290	not applicable	blood serum	PAD000036-r00341-744398	protein expression profiling by aptamer array	1	SS-2217258_v4.1_TCRS_Adult_Serum.hybNorm.medNormInt.plateScale.calibrate.anmlQC.qcCheck.medNormRefSMP.adat	ftp://ftp.pride.ebi.ac.uk/pride/data/archive/2026/04/PAD000036/SS-2217258_v4.1_TCRS_Adult_Serum.hybNorm.medNormInt.plateScale.calibrate.anmlQC.qcCheck.medNormRefSMP.adat	SomaScan Assay	SomaScan 7K	v4.1	RFU	PLT11454	Raw RFU, Hyb Normalization, medNormInt (SampleId), plateScale, Calibration, anmlQC, qcCheck, medNormRefSMP (SampleType)	SomaScan 7K	SomaScan Assay v4.1	20%	NT=affinity-proteomics;VV=v1.0.0	NT=human;VV=v1.1.0	NT=somascan;VV=v1.0.0	v1.1.0	NT=sdrf-skills-autoresearch;VV=v0.0.0
PAD000036-744365	Homo sapiens	Blood	not available	not available	not available	CLI8007F506	not available	291	not applicable	blood serum	PAD000036-r00342-744365	protein expression profiling by aptamer array	1	SS-2217258_v4.1_TCRS_Adult_Serum.hybNorm.medNormInt.plateScale.calibrate.anmlQC.qcCheck.medNormRefSMP.adat	ftp://ftp.pride.ebi.ac.uk/pride/data/archive/2026/04/PAD000036/SS-2217258_v4.1_TCRS_Adult_Serum.hybNorm.medNormInt.plateScale.calibrate.anmlQC.qcCheck.medNormRefSMP.adat	SomaScan Assay	SomaScan 7K	v4.1	RFU	PLT11454	Raw RFU, Hyb Normalization, medNormInt (SampleId), plateScale, Calibration, anmlQC, qcCheck, medNormRefSMP (SampleType)	SomaScan 7K	SomaScan Assay v4.1	20%	NT=affinity-proteomics;VV=v1.0.0	NT=human;VV=v1.1.0	NT=somascan;VV=v1.0.0	v1.1.0	NT=sdrf-skills-autoresearch;VV=v0.0.0
PAD000036-200173	Homo sapiens	Blood	not available	not available	not available	not available	not available	224	calibrator	blood;blood plasma;blood serum	PAD000036-r00343-200173	protein expression profiling by aptamer array	1	SS-2217258_v4.1_TCRS_Adult_Serum.hybNorm.medNormInt.plateScale.calibrate.anmlQC.qcCheck.medNormRefSMP.adat	ftp://ftp.pride.ebi.ac.uk/pride/data/archive/2026/04/PAD000036/SS-2217258_v4.1_TCRS_Adult_Serum.hybNorm.medNormInt.plateScale.calibrate.anmlQC.qcCheck.medNormRefSMP.adat	SomaScan Assay	SomaScan 7K	v4.1	RFU	PLT11454	Raw RFU, Hyb Normalization, medNormInt (SampleId), plateScale, Calibration, anmlQC, qcCheck, medNormRefSMP (SampleType)	SomaScan 7K	SomaScan Assay v4.1	20%	NT=affinity-proteomics;VV=v1.0.0	NT=human;VV=v1.1.0	NT=somascan;VV=v1.0.0	v1.1.0	NT=sdrf-skills-autoresearch;VV=v0.0.0
PAD000036-745511	Homo sapiens	Blood	not available	not available	not available	CLI8007F506	not available	292	not applicable	blood serum	PAD000036-r00344-745511	protein expression profiling by aptamer array	1	SS-2217258_v4.1_TCRS_Adult_Serum.hybNorm.medNormInt.plateScale.calibrate.anmlQC.qcCheck.medNormRefSMP.adat	ftp://ftp.pride.ebi.ac.uk/pride/data/archive/2026/04/PAD000036/SS-2217258_v4.1_TCRS_Adult_Serum.hybNorm.medNormInt.plateScale.calibrate.anmlQC.qcCheck.medNormRefSMP.adat	SomaScan Assay	SomaScan 7K	v4.1	RFU	PLT11454	Raw RFU, Hyb Normalization, medNormInt (SampleId), plateScale, Calibration, anmlQC, qcCheck, medNormRefSMP (SampleType)	SomaScan 7K	SomaScan Assay v4.1	20%	NT=affinity-proteomics;VV=v1.0.0	NT=human;VV=v1.1.0	NT=somascan;VV=v1.0.0	v1.1.0	NT=sdrf-skills-autoresearch;VV=v0.0.0
PAD000036-744455	Homo sapiens	Blood	not available	not available	not available	CLI8007F506	not available	293	not applicable	blood serum	PAD000036-r00345-744455	protein expression profiling by aptamer array	1	SS-2217258_v4.1_TCRS_Adult_Serum.hybNorm.medNormInt.plateScale.calibrate.anmlQC.qcCheck.medNormRefSMP.adat	ftp://ftp.pride.ebi.ac.uk/pride/data/archive/2026/04/PAD000036/SS-2217258_v4.1_TCRS_Adult_Serum.hybNorm.medNormInt.plateScale.calibrate.anmlQC.qcCheck.medNormRefSMP.adat	SomaScan Assay	SomaScan 7K	v4.1	RFU	PLT11454	Raw RFU, Hyb Normalization, medNormInt (SampleId), plateScale, Calibration, anmlQC, qcCheck, medNormRefSMP (SampleType)	SomaScan 7K	SomaScan Assay v4.1	20%	NT=affinity-proteomics;VV=v1.0.0	NT=human;VV=v1.1.0	NT=somascan;VV=v1.0.0	v1.1.0	NT=sdrf-skills-autoresearch;VV=v0.0.0
PAD000036-745454	Homo sapiens	Blood	not available	not available	not available	CLI8007F506	not available	294	not applicable	blood serum	PAD000036-r00346-745454	protein expression profiling by aptamer array	1	SS-2217258_v4.1_TCRS_Adult_Serum.hybNorm.medNormInt.plateScale.calibrate.anmlQC.qcCheck.medNormRefSMP.adat	ftp://ftp.pride.ebi.ac.uk/pride/data/archive/2026/04/PAD000036/SS-2217258_v4.1_TCRS_Adult_Serum.hybNorm.medNormInt.plateScale.calibrate.anmlQC.qcCheck.medNormRefSMP.adat	SomaScan Assay	SomaScan 7K	v4.1	RFU	PLT11454	Raw RFU, Hyb Normalization, medNormInt (SampleId), plateScale, Calibration, anmlQC, qcCheck, medNormRefSMP (SampleType)	SomaScan 7K	SomaScan Assay v4.1	20%	NT=affinity-proteomics;VV=v1.0.0	NT=human;VV=v1.1.0	NT=somascan;VV=v1.0.0	v1.1.0	NT=sdrf-skills-autoresearch;VV=v0.0.0
PAD000036-744572	Homo sapiens	Blood	not available	not available	not available	CLI8007F506	not available	295	not applicable	blood serum	PAD000036-r00347-744572	protein expression profiling by aptamer array	1	SS-2217258_v4.1_TCRS_Adult_Serum.hybNorm.medNormInt.plateScale.calibrate.anmlQC.qcCheck.medNormRefSMP.adat	ftp://ftp.pride.ebi.ac.uk/pride/data/archive/2026/04/PAD000036/SS-2217258_v4.1_TCRS_Adult_Serum.hybNorm.medNormInt.plateScale.calibrate.anmlQC.qcCheck.medNormRefSMP.adat	SomaScan Assay	SomaScan 7K	v4.1	RFU	PLT11454	Raw RFU, Hyb Normalization, medNormInt (SampleId), plateScale, Calibration, anmlQC, qcCheck, medNormRefSMP (SampleType)	SomaScan 7K	SomaScan Assay v4.1	20%	NT=affinity-proteomics;VV=v1.0.0	NT=human;VV=v1.1.0	NT=somascan;VV=v1.0.0	v1.1.0	NT=sdrf-skills-autoresearch;VV=v0.0.0
PAD000036-200173	Homo sapiens	Blood	not available	not available	not available	not available	not available	224	calibrator	blood;blood plasma;blood serum	PAD000036-r00348-200173	protein expression profiling by aptamer array	2	SS-2217258_v4.1_TCRS_Adult_Serum.hybNorm.medNormInt.plateScale.calibrate.anmlQC.qcCheck.medNormRefSMP.adat	ftp://ftp.pride.ebi.ac.uk/pride/data/archive/2026/04/PAD000036/SS-2217258_v4.1_TCRS_Adult_Serum.hybNorm.medNormInt.plateScale.calibrate.anmlQC.qcCheck.medNormRefSMP.adat	SomaScan Assay	SomaScan 7K	v4.1	RFU	PLT11454	Raw RFU, Hyb Normalization, medNormInt (SampleId), plateScale, Calibration, anmlQC, qcCheck, medNormRefSMP (SampleType)	SomaScan 7K	SomaScan Assay v4.1	20%	NT=affinity-proteomics;VV=v1.0.0	NT=human;VV=v1.1.0	NT=somascan;VV=v1.0.0	v1.1.0	NT=sdrf-skills-autoresearch;VV=v0.0.0
PAD000036-744688	Homo sapiens	Blood	not available	not available	not available	CLI8007F506	not available	296	not applicable	blood serum	PAD000036-r00349-744688	protein expression profiling by aptamer array	1	SS-2217258_v4.1_TCRS_Adult_Serum.hybNorm.medNormInt.plateScale.calibrate.anmlQC.qcCheck.medNormRefSMP.adat	ftp://ftp.pride.ebi.ac.uk/pride/data/archive/2026/04/PAD000036/SS-2217258_v4.1_TCRS_Adult_Serum.hybNorm.medNormInt.plateScale.calibrate.anmlQC.qcCheck.medNormRefSMP.adat	SomaScan Assay	SomaScan 7K	v4.1	RFU	PLT11454	Raw RFU, Hyb Normalization, medNormInt (SampleId), plateScale, Calibration, anmlQC, qcCheck, medNormRefSMP (SampleType)	SomaScan 7K	SomaScan Assay v4.1	20%	NT=affinity-proteomics;VV=v1.0.0	NT=human;VV=v1.1.0	NT=somascan;VV=v1.0.0	v1.1.0	NT=sdrf-skills-autoresearch;VV=v0.0.0
PAD000036-220214	Homo sapiens	Blood	not available	not available	not available	not available	not available	208	not applicable	blood;blood plasma;blood serum	PAD000036-r00350-220214	protein expression profiling by aptamer array	1	SS-2217258_v4.1_TCRS_Adult_Serum.hybNorm.medNormInt.plateScale.calibrate.anmlQC.qcCheck.medNormRefSMP.adat	ftp://ftp.pride.ebi.ac.uk/pride/data/archive/2026/04/PAD000036/SS-2217258_v4.1_TCRS_Adult_Serum.hybNorm.medNormInt.plateScale.calibrate.anmlQC.qcCheck.medNormRefSMP.adat	SomaScan Assay	SomaScan 7K	v4.1	RFU	PLT11454	Raw RFU, Hyb Normalization, medNormInt (SampleId), plateScale, Calibration, anmlQC, qcCheck, medNormRefSMP (SampleType)	SomaScan 7K	SomaScan Assay v4.1	20%	NT=affinity-proteomics;VV=v1.0.0	NT=human;VV=v1.1.0	NT=somascan;VV=v1.0.0	v1.1.0	NT=sdrf-skills-autoresearch;VV=v0.0.0
PAD000036-744478	Homo sapiens	Blood	not available	not available	not available	CLI8007F506	not available	297	not applicable	blood serum	PAD000036-r00351-744478	protein expression profiling by aptamer array	1	SS-2217258_v4.1_TCRS_Adult_Serum.hybNorm.medNormInt.plateScale.calibrate.anmlQC.qcCheck.medNormRefSMP.adat	ftp://ftp.pride.ebi.ac.uk/pride/data/archive/2026/04/PAD000036/SS-2217258_v4.1_TCRS_Adult_Serum.hybNorm.medNormInt.plateScale.calibrate.anmlQC.qcCheck.medNormRefSMP.adat	SomaScan Assay	SomaScan 7K	v4.1	RFU	PLT11454	Raw RFU, Hyb Normalization, medNormInt (SampleId), plateScale, Calibration, anmlQC, qcCheck, medNormRefSMP (SampleType)	SomaScan 7K	SomaScan Assay v4.1	20%	NT=affinity-proteomics;VV=v1.0.0	NT=human;VV=v1.1.0	NT=somascan;VV=v1.0.0	v1.1.0	NT=sdrf-skills-autoresearch;VV=v0.0.0
PAD000036-745484	Homo sapiens	Blood	not available	not available	not available	CLI8007F506	not available	298	not applicable	blood serum	PAD000036-r00352-745484	protein expression profiling by aptamer array	1	SS-2217258_v4.1_TCRS_Adult_Serum.hybNorm.medNormInt.plateScale.calibrate.anmlQC.qcCheck.medNormRefSMP.adat	ftp://ftp.pride.ebi.ac.uk/pride/data/archive/2026/04/PAD000036/SS-2217258_v4.1_TCRS_Adult_Serum.hybNorm.medNormInt.plateScale.calibrate.anmlQC.qcCheck.medNormRefSMP.adat	SomaScan Assay	SomaScan 7K	v4.1	RFU	PLT11454	Raw RFU, Hyb Normalization, medNormInt (SampleId), plateScale, Calibration, anmlQC, qcCheck, medNormRefSMP (SampleType)	SomaScan 7K	SomaScan Assay v4.1	20%	NT=affinity-proteomics;VV=v1.0.0	NT=human;VV=v1.1.0	NT=somascan;VV=v1.0.0	v1.1.0	NT=sdrf-skills-autoresearch;VV=v0.0.0
PAD000036-744450	Homo sapiens	Blood	not available	not available	not available	CLI8007F506	not available	299	not applicable	blood serum	PAD000036-r00353-744450	protein expression profiling by aptamer array	1	SS-2217258_v4.1_TCRS_Adult_Serum.hybNorm.medNormInt.plateScale.calibrate.anmlQC.qcCheck.medNormRefSMP.adat	ftp://ftp.pride.ebi.ac.uk/pride/data/archive/2026/04/PAD000036/SS-2217258_v4.1_TCRS_Adult_Serum.hybNorm.medNormInt.plateScale.calibrate.anmlQC.qcCheck.medNormRefSMP.adat	SomaScan Assay	SomaScan 7K	v4.1	RFU	PLT11454	Raw RFU, Hyb Normalization, medNormInt (SampleId), plateScale, Calibration, anmlQC, qcCheck, medNormRefSMP (SampleType)	SomaScan 7K	SomaScan Assay v4.1	20%	NT=affinity-proteomics;VV=v1.0.0	NT=human;VV=v1.1.0	NT=somascan;VV=v1.0.0	v1.1.0	NT=sdrf-skills-autoresearch;VV=v0.0.0
PAD000036-744544	Homo sapiens	Blood	not available	not available	not available	CLI8007F506	not available	300	not applicable	blood serum	PAD000036-r00354-744544	protein expression profiling by aptamer array	1	SS-2217258_v4.1_TCRS_Adult_Serum.hybNorm.medNormInt.plateScale.calibrate.anmlQC.qcCheck.medNormRefSMP.adat	ftp://ftp.pride.ebi.ac.uk/pride/data/archive/2026/04/PAD000036/SS-2217258_v4.1_TCRS_Adult_Serum.hybNorm.medNormInt.plateScale.calibrate.anmlQC.qcCheck.medNormRefSMP.adat	SomaScan Assay	SomaScan 7K	v4.1	RFU	PLT11454	Raw RFU, Hyb Normalization, medNormInt (SampleId), plateScale, Calibration, anmlQC, qcCheck, medNormRefSMP (SampleType)	SomaScan 7K	SomaScan Assay v4.1	20%	NT=affinity-proteomics;VV=v1.0.0	NT=human;VV=v1.1.0	NT=somascan;VV=v1.0.0	v1.1.0	NT=sdrf-skills-autoresearch;VV=v0.0.0
PAD000036-744610	Homo sapiens	Blood	not available	not available	not available	CLI8007F506	not available	301	not applicable	blood serum	PAD000036-r00355-744610	protein expression profiling by aptamer array	1	SS-2217258_v4.1_TCRS_Adult_Serum.hybNorm.medNormInt.plateScale.calibrate.anmlQC.qcCheck.medNormRefSMP.adat	ftp://ftp.pride.ebi.ac.uk/pride/data/archive/2026/04/PAD000036/SS-2217258_v4.1_TCRS_Adult_Serum.hybNorm.medNormInt.plateScale.calibrate.anmlQC.qcCheck.medNormRefSMP.adat	SomaScan Assay	SomaScan 7K	v4.1	RFU	PLT11454	Raw RFU, Hyb Normalization, medNormInt (SampleId), plateScale, Calibration, anmlQC, qcCheck, medNormRefSMP (SampleType)	SomaScan 7K	SomaScan Assay v4.1	20%	NT=affinity-proteomics;VV=v1.0.0	NT=human;VV=v1.1.0	NT=somascan;VV=v1.0.0	v1.1.0	NT=sdrf-skills-autoresearch;VV=v0.0.0
PAD000036-745033	Homo sapiens	Blood	not available	not available	not available	CLI8007F506	not available	302	not applicable	blood serum	PAD000036-r00356-745033	protein expression profiling by aptamer array	1	SS-2217258_v4.1_TCRS_Adult_Serum.hybNorm.medNormInt.plateScale.calibrate.anmlQC.qcCheck.medNormRefSMP.adat	ftp://ftp.pride.ebi.ac.uk/pride/data/archive/2026/04/PAD000036/SS-2217258_v4.1_TCRS_Adult_Serum.hybNorm.medNormInt.plateScale.calibrate.anmlQC.qcCheck.medNormRefSMP.adat	SomaScan Assay	SomaScan 7K	v4.1	RFU	PLT11454	Raw RFU, Hyb Normalization, medNormInt (SampleId), plateScale, Calibration, anmlQC, qcCheck, medNormRefSMP (SampleType)	SomaScan 7K	SomaScan Assay v4.1	20%	NT=affinity-proteomics;VV=v1.0.0	NT=human;VV=v1.1.0	NT=somascan;VV=v1.0.0	v1.1.0	NT=sdrf-skills-autoresearch;VV=v0.0.0
PAD000036-744639	Homo sapiens	Blood	not available	not available	not available	CLI8007F506	not available	303	not applicable	blood serum	PAD000036-r00357-744639	protein expression profiling by aptamer array	1	SS-2217258_v4.1_TCRS_Adult_Serum.hybNorm.medNormInt.plateScale.calibrate.anmlQC.qcCheck.medNormRefSMP.adat	ftp://ftp.pride.ebi.ac.uk/pride/data/archive/2026/04/PAD000036/SS-2217258_v4.1_TCRS_Adult_Serum.hybNorm.medNormInt.plateScale.calibrate.anmlQC.qcCheck.medNormRefSMP.adat	SomaScan Assay	SomaScan 7K	v4.1	RFU	PLT11454	Raw RFU, Hyb Normalization, medNormInt (SampleId), plateScale, Calibration, anmlQC, qcCheck, medNormRefSMP (SampleType)	SomaScan 7K	SomaScan Assay v4.1	20%	NT=affinity-proteomics;VV=v1.0.0	NT=human;VV=v1.1.0	NT=somascan;VV=v1.0.0	v1.1.0	NT=sdrf-skills-autoresearch;VV=v0.0.0
PAD000036-744687	Homo sapiens	Blood	not available	not available	not available	CLI8007F506	not available	304	not applicable	blood serum	PAD000036-r00358-744687	protein expression profiling by aptamer array	1	SS-2217258_v4.1_TCRS_Adult_Serum.hybNorm.medNormInt.plateScale.calibrate.anmlQC.qcCheck.medNormRefSMP.adat	ftp://ftp.pride.ebi.ac.uk/pride/data/archive/2026/04/PAD000036/SS-2217258_v4.1_TCRS_Adult_Serum.hybNorm.medNormInt.plateScale.calibrate.anmlQC.qcCheck.medNormRefSMP.adat	SomaScan Assay	SomaScan 7K	v4.1	RFU	PLT11454	Raw RFU, Hyb Normalization, medNormInt (SampleId), plateScale, Calibration, anmlQC, qcCheck, medNormRefSMP (SampleType)	SomaScan 7K	SomaScan Assay v4.1	20%	NT=affinity-proteomics;VV=v1.0.0	NT=human;VV=v1.1.0	NT=somascan;VV=v1.0.0	v1.1.0	NT=sdrf-skills-autoresearch;VV=v0.0.0
PAD000036-744395	Homo sapiens	Blood	not available	not available	not available	CLI8007F506	not available	305	not applicable	blood serum	PAD000036-r00359-744395	protein expression profiling by aptamer array	1	SS-2217258_v4.1_TCRS_Adult_Serum.hybNorm.medNormInt.plateScale.calibrate.anmlQC.qcCheck.medNormRefSMP.adat	ftp://ftp.pride.ebi.ac.uk/pride/data/archive/2026/04/PAD000036/SS-2217258_v4.1_TCRS_Adult_Serum.hybNorm.medNormInt.plateScale.calibrate.anmlQC.qcCheck.medNormRefSMP.adat	SomaScan Assay	SomaScan 7K	v4.1	RFU	PLT11454	Raw RFU, Hyb Normalization, medNormInt (SampleId), plateScale, Calibration, anmlQC, qcCheck, medNormRefSMP (SampleType)	SomaScan 7K	SomaScan Assay v4.1	20%	NT=affinity-proteomics;VV=v1.0.0	NT=human;VV=v1.1.0	NT=somascan;VV=v1.0.0	v1.1.0	NT=sdrf-skills-autoresearch;VV=v0.0.0
PAD000036-745468	Homo sapiens	Blood	not available	not available	not available	CLI8007F506	not available	306	not applicable	blood serum	PAD000036-r00360-745468	protein expression profiling by aptamer array	1	SS-2217258_v4.1_TCRS_Adult_Serum.hybNorm.medNormInt.plateScale.calibrate.anmlQC.qcCheck.medNormRefSMP.adat	ftp://ftp.pride.ebi.ac.uk/pride/data/archive/2026/04/PAD000036/SS-2217258_v4.1_TCRS_Adult_Serum.hybNorm.medNormInt.plateScale.calibrate.anmlQC.qcCheck.medNormRefSMP.adat	SomaScan Assay	SomaScan 7K	v4.1	RFU	PLT11454	Raw RFU, Hyb Normalization, medNormInt (SampleId), plateScale, Calibration, anmlQC, qcCheck, medNormRefSMP (SampleType)	SomaScan 7K	SomaScan Assay v4.1	20%	NT=affinity-proteomics;VV=v1.0.0	NT=human;VV=v1.1.0	NT=somascan;VV=v1.0.0	v1.1.0	NT=sdrf-skills-autoresearch;VV=v0.0.0
PAD000036-744684	Homo sapiens	Blood	not available	not available	not available	CLI8007F506	not available	307	not applicable	blood serum	PAD000036-r00361-744684	protein expression profiling by aptamer array	1	SS-2217258_v4.1_TCRS_Adult_Serum.hybNorm.medNormInt.plateScale.calibrate.anmlQC.qcCheck.medNormRefSMP.adat	ftp://ftp.pride.ebi.ac.uk/pride/data/archive/2026/04/PAD000036/SS-2217258_v4.1_TCRS_Adult_Serum.hybNorm.medNormInt.plateScale.calibrate.anmlQC.qcCheck.medNormRefSMP.adat	SomaScan Assay	SomaScan 7K	v4.1	RFU	PLT11454	Raw RFU, Hyb Normalization, medNormInt (SampleId), plateScale, Calibration, anmlQC, qcCheck, medNormRefSMP (SampleType)	SomaScan 7K	SomaScan Assay v4.1	20%	NT=affinity-proteomics;VV=v1.0.0	NT=human;VV=v1.1.0	NT=somascan;VV=v1.0.0	v1.1.0	NT=sdrf-skills-autoresearch;VV=v0.0.0
PAD000036-744557	Homo sapiens	Blood	not available	not available	not available	CLI8007F506	not available	308	not applicable	blood serum	PAD000036-r00362-744557	protein expression profiling by aptamer array	1	SS-2217258_v4.1_TCRS_Adult_Serum.hybNorm.medNormInt.plateScale.calibrate.anmlQC.qcCheck.medNormRefSMP.adat	ftp://ftp.pride.ebi.ac.uk/pride/data/archive/2026/04/PAD000036/SS-2217258_v4.1_TCRS_Adult_Serum.hybNorm.medNormInt.plateScale.calibrate.anmlQC.qcCheck.medNormRefSMP.adat	SomaScan Assay	SomaScan 7K	v4.1	RFU	PLT11454	Raw RFU, Hyb Normalization, medNormInt (SampleId), plateScale, Calibration, anmlQC, qcCheck, medNormRefSMP (SampleType)	SomaScan 7K	SomaScan Assay v4.1	20%	NT=affinity-proteomics;VV=v1.0.0	NT=human;VV=v1.1.0	NT=somascan;VV=v1.0.0	v1.1.0	NT=sdrf-skills-autoresearch;VV=v0.0.0
PAD000036-744412	Homo sapiens	Blood	not available	not available	not available	CLI8007F506	not available	309	not applicable	blood serum	PAD000036-r00363-744412	protein expression profiling by aptamer array	1	SS-2217258_v4.1_TCRS_Adult_Serum.hybNorm.medNormInt.plateScale.calibrate.anmlQC.qcCheck.medNormRefSMP.adat	ftp://ftp.pride.ebi.ac.uk/pride/data/archive/2026/04/PAD000036/SS-2217258_v4.1_TCRS_Adult_Serum.hybNorm.medNormInt.plateScale.calibrate.anmlQC.qcCheck.medNormRefSMP.adat	SomaScan Assay	SomaScan 7K	v4.1	RFU	PLT11454	Raw RFU, Hyb Normalization, medNormInt (SampleId), plateScale, Calibration, anmlQC, qcCheck, medNormRefSMP (SampleType)	SomaScan 7K	SomaScan Assay v4.1	20%	NT=affinity-proteomics;VV=v1.0.0	NT=human;VV=v1.1.0	NT=somascan;VV=v1.0.0	v1.1.0	NT=sdrf-skills-autoresearch;VV=v0.0.0
PAD000036-744601	Homo sapiens	Blood	not available	not available	not available	CLI8007F506	not available	310	not applicable	blood serum	PAD000036-r00364-744601	protein expression profiling by aptamer array	1	SS-2217258_v4.1_TCRS_Adult_Serum.hybNorm.medNormInt.plateScale.calibrate.anmlQC.qcCheck.medNormRefSMP.adat	ftp://ftp.pride.ebi.ac.uk/pride/data/archive/2026/04/PAD000036/SS-2217258_v4.1_TCRS_Adult_Serum.hybNorm.medNormInt.plateScale.calibrate.anmlQC.qcCheck.medNormRefSMP.adat	SomaScan Assay	SomaScan 7K	v4.1	RFU	PLT11454	Raw RFU, Hyb Normalization, medNormInt (SampleId), plateScale, Calibration, anmlQC, qcCheck, medNormRefSMP (SampleType)	SomaScan 7K	SomaScan Assay v4.1	20%	NT=affinity-proteomics;VV=v1.0.0	NT=human;VV=v1.1.0	NT=somascan;VV=v1.0.0	v1.1.0	NT=sdrf-skills-autoresearch;VV=v0.0.0
PAD000036-745447	Homo sapiens	Blood	not available	not available	not available	CLI8007F506	not available	311	not applicable	blood serum	PAD000036-r00365-745447	protein expression profiling by aptamer array	1	SS-2217258_v4.1_TCRS_Adult_Serum.hybNorm.medNormInt.plateScale.calibrate.anmlQC.qcCheck.medNormRefSMP.adat	ftp://ftp.pride.ebi.ac.uk/pride/data/archive/2026/04/PAD000036/SS-2217258_v4.1_TCRS_Adult_Serum.hybNorm.medNormInt.plateScale.calibrate.anmlQC.qcCheck.medNormRefSMP.adat	SomaScan Assay	SomaScan 7K	v4.1	RFU	PLT11454	Raw RFU, Hyb Normalization, medNormInt (SampleId), plateScale, Calibration, anmlQC, qcCheck, medNormRefSMP (SampleType)	SomaScan 7K	SomaScan Assay v4.1	20%	NT=affinity-proteomics;VV=v1.0.0	NT=human;VV=v1.1.0	NT=somascan;VV=v1.0.0	v1.1.0	NT=sdrf-skills-autoresearch;VV=v0.0.0
PAD000036-744427	Homo sapiens	Blood	not available	not available	not available	CLI8007F506	not available	312	not applicable	blood serum	PAD000036-r00366-744427	protein expression profiling by aptamer array	1	SS-2217258_v4.1_TCRS_Adult_Serum.hybNorm.medNormInt.plateScale.calibrate.anmlQC.qcCheck.medNormRefSMP.adat	ftp://ftp.pride.ebi.ac.uk/pride/data/archive/2026/04/PAD000036/SS-2217258_v4.1_TCRS_Adult_Serum.hybNorm.medNormInt.plateScale.calibrate.anmlQC.qcCheck.medNormRefSMP.adat	SomaScan Assay	SomaScan 7K	v4.1	RFU	PLT11454	Raw RFU, Hyb Normalization, medNormInt (SampleId), plateScale, Calibration, anmlQC, qcCheck, medNormRefSMP (SampleType)	SomaScan 7K	SomaScan Assay v4.1	20%	NT=affinity-proteomics;VV=v1.0.0	NT=human;VV=v1.1.0	NT=somascan;VV=v1.0.0	v1.1.0	NT=sdrf-skills-autoresearch;VV=v0.0.0
PAD000036-744461	Homo sapiens	Blood	not available	not available	not available	CLI8007F506	not available	313	not applicable	blood serum	PAD000036-r00367-744461	protein expression profiling by aptamer array	1	SS-2217258_v4.1_TCRS_Adult_Serum.hybNorm.medNormInt.plateScale.calibrate.anmlQC.qcCheck.medNormRefSMP.adat	ftp://ftp.pride.ebi.ac.uk/pride/data/archive/2026/04/PAD000036/SS-2217258_v4.1_TCRS_Adult_Serum.hybNorm.medNormInt.plateScale.calibrate.anmlQC.qcCheck.medNormRefSMP.adat	SomaScan Assay	SomaScan 7K	v4.1	RFU	PLT11454	Raw RFU, Hyb Normalization, medNormInt (SampleId), plateScale, Calibration, anmlQC, qcCheck, medNormRefSMP (SampleType)	SomaScan 7K	SomaScan Assay v4.1	20%	NT=affinity-proteomics;VV=v1.0.0	NT=human;VV=v1.1.0	NT=somascan;VV=v1.0.0	v1.1.0	NT=sdrf-skills-autoresearch;VV=v0.0.0
PAD000036-744358	Homo sapiens	Blood	not available	not available	not available	CLI8007F506	not available	314	not applicable	blood serum	PAD000036-r00368-744358	protein expression profiling by aptamer array	1	SS-2217258_v4.1_TCRS_Adult_Serum.hybNorm.medNormInt.plateScale.calibrate.anmlQC.qcCheck.medNormRefSMP.adat	ftp://ftp.pride.ebi.ac.uk/pride/data/archive/2026/04/PAD000036/SS-2217258_v4.1_TCRS_Adult_Serum.hybNorm.medNormInt.plateScale.calibrate.anmlQC.qcCheck.medNormRefSMP.adat	SomaScan Assay	SomaScan 7K	v4.1	RFU	PLT11454	Raw RFU, Hyb Normalization, medNormInt (SampleId), plateScale, Calibration, anmlQC, qcCheck, medNormRefSMP (SampleType)	SomaScan 7K	SomaScan Assay v4.1	20%	NT=affinity-proteomics;VV=v1.0.0	NT=human;VV=v1.1.0	NT=somascan;VV=v1.0.0	v1.1.0	NT=sdrf-skills-autoresearch;VV=v0.0.0
PAD000036-200173	Homo sapiens	Blood	not available	not available	not available	not available	not available	224	calibrator	blood;blood plasma;blood serum	PAD000036-r00369-200173	protein expression profiling by aptamer array	3	SS-2217258_v4.1_TCRS_Adult_Serum.hybNorm.medNormInt.plateScale.calibrate.anmlQC.qcCheck.medNormRefSMP.adat	ftp://ftp.pride.ebi.ac.uk/pride/data/archive/2026/04/PAD000036/SS-2217258_v4.1_TCRS_Adult_Serum.hybNorm.medNormInt.plateScale.calibrate.anmlQC.qcCheck.medNormRefSMP.adat	SomaScan Assay	SomaScan 7K	v4.1	RFU	PLT11454	Raw RFU, Hyb Normalization, medNormInt (SampleId), plateScale, Calibration, anmlQC, qcCheck, medNormRefSMP (SampleType)	SomaScan 7K	SomaScan Assay v4.1	20%	NT=affinity-proteomics;VV=v1.0.0	NT=human;VV=v1.1.0	NT=somascan;VV=v1.0.0	v1.1.0	NT=sdrf-skills-autoresearch;VV=v0.0.0
PAD000036-745483	Homo sapiens	Blood	not available	not available	not available	CLI8007F506	not available	315	not applicable	blood serum	PAD000036-r00370-745483	protein expression profiling by aptamer array	1	SS-2217258_v4.1_TCRS_Adult_Serum.hybNorm.medNormInt.plateScale.calibrate.anmlQC.qcCheck.medNormRefSMP.adat	ftp://ftp.pride.ebi.ac.uk/pride/data/archive/2026/04/PAD000036/SS-2217258_v4.1_TCRS_Adult_Serum.hybNorm.medNormInt.plateScale.calibrate.anmlQC.qcCheck.medNormRefSMP.adat	SomaScan Assay	SomaScan 7K	v4.1	RFU	PLT11454	Raw RFU, Hyb Normalization, medNormInt (SampleId), plateScale, Calibration, anmlQC, qcCheck, medNormRefSMP (SampleType)	SomaScan 7K	SomaScan Assay v4.1	20%	NT=affinity-proteomics;VV=v1.0.0	NT=human;VV=v1.1.0	NT=somascan;VV=v1.0.0	v1.1.0	NT=sdrf-skills-autoresearch;VV=v0.0.0
PAD000036-744665	Homo sapiens	Blood	not available	not available	not available	CLI8007F506	not available	316	not applicable	blood serum	PAD000036-r00371-744665	protein expression profiling by aptamer array	1	SS-2217258_v4.1_TCRS_Adult_Serum.hybNorm.medNormInt.plateScale.calibrate.anmlQC.qcCheck.medNormRefSMP.adat	ftp://ftp.pride.ebi.ac.uk/pride/data/archive/2026/04/PAD000036/SS-2217258_v4.1_TCRS_Adult_Serum.hybNorm.medNormInt.plateScale.calibrate.anmlQC.qcCheck.medNormRefSMP.adat	SomaScan Assay	SomaScan 7K	v4.1	RFU	PLT11454	Raw RFU, Hyb Normalization, medNormInt (SampleId), plateScale, Calibration, anmlQC, qcCheck, medNormRefSMP (SampleType)	SomaScan 7K	SomaScan Assay v4.1	20%	NT=affinity-proteomics;VV=v1.0.0	NT=human;VV=v1.1.0	NT=somascan;VV=v1.0.0	v1.1.0	NT=sdrf-skills-autoresearch;VV=v0.0.0
PAD000036-744477	Homo sapiens	Blood	not available	not available	not available	CLI8007F506	not available	317	not applicable	blood serum	PAD000036-r00372-744477	protein expression profiling by aptamer array	1	SS-2217258_v4.1_TCRS_Adult_Serum.hybNorm.medNormInt.plateScale.calibrate.anmlQC.qcCheck.medNormRefSMP.adat	ftp://ftp.pride.ebi.ac.uk/pride/data/archive/2026/04/PAD000036/SS-2217258_v4.1_TCRS_Adult_Serum.hybNorm.medNormInt.plateScale.calibrate.anmlQC.qcCheck.medNormRefSMP.adat	SomaScan Assay	SomaScan 7K	v4.1	RFU	PLT11454	Raw RFU, Hyb Normalization, medNormInt (SampleId), plateScale, Calibration, anmlQC, qcCheck, medNormRefSMP (SampleType)	SomaScan 7K	SomaScan Assay v4.1	20%	NT=affinity-proteomics;VV=v1.0.0	NT=human;VV=v1.1.0	NT=somascan;VV=v1.0.0	v1.1.0	NT=sdrf-skills-autoresearch;VV=v0.0.0
PAD000036-744473	Homo sapiens	Blood	not available	not available	not available	CLI8007F506	not available	318	not applicable	blood serum	PAD000036-r00373-744473	protein expression profiling by aptamer array	1	SS-2217258_v4.1_TCRS_Adult_Serum.hybNorm.medNormInt.plateScale.calibrate.anmlQC.qcCheck.medNormRefSMP.adat	ftp://ftp.pride.ebi.ac.uk/pride/data/archive/2026/04/PAD000036/SS-2217258_v4.1_TCRS_Adult_Serum.hybNorm.medNormInt.plateScale.calibrate.anmlQC.qcCheck.medNormRefSMP.adat	SomaScan Assay	SomaScan 7K	v4.1	RFU	PLT11454	Raw RFU, Hyb Normalization, medNormInt (SampleId), plateScale, Calibration, anmlQC, qcCheck, medNormRefSMP (SampleType)	SomaScan 7K	SomaScan Assay v4.1	20%	NT=affinity-proteomics;VV=v1.0.0	NT=human;VV=v1.1.0	NT=somascan;VV=v1.0.0	v1.1.0	NT=sdrf-skills-autoresearch;VV=v0.0.0
PAD000036-744475	Homo sapiens	Blood	not available	not available	not available	CLI8007F506	not available	319	not applicable	blood serum	PAD000036-r00374-744475	protein expression profiling by aptamer array	1	SS-2217258_v4.1_TCRS_Adult_Serum.hybNorm.medNormInt.plateScale.calibrate.anmlQC.qcCheck.medNormRefSMP.adat	ftp://ftp.pride.ebi.ac.uk/pride/data/archive/2026/04/PAD000036/SS-2217258_v4.1_TCRS_Adult_Serum.hybNorm.medNormInt.plateScale.calibrate.anmlQC.qcCheck.medNormRefSMP.adat	SomaScan Assay	SomaScan 7K	v4.1	RFU	PLT11454	Raw RFU, Hyb Normalization, medNormInt (SampleId), plateScale, Calibration, anmlQC, qcCheck, medNormRefSMP (SampleType)	SomaScan 7K	SomaScan Assay v4.1	20%	NT=affinity-proteomics;VV=v1.0.0	NT=human;VV=v1.1.0	NT=somascan;VV=v1.0.0	v1.1.0	NT=sdrf-skills-autoresearch;VV=v0.0.0
PAD000036-744671	Homo sapiens	Blood	not available	not available	not available	CLI8007F506	not available	320	not applicable	blood serum	PAD000036-r00375-744671	protein expression profiling by aptamer array	1	SS-2217258_v4.1_TCRS_Adult_Serum.hybNorm.medNormInt.plateScale.calibrate.anmlQC.qcCheck.medNormRefSMP.adat	ftp://ftp.pride.ebi.ac.uk/pride/data/archive/2026/04/PAD000036/SS-2217258_v4.1_TCRS_Adult_Serum.hybNorm.medNormInt.plateScale.calibrate.anmlQC.qcCheck.medNormRefSMP.adat	SomaScan Assay	SomaScan 7K	v4.1	RFU	PLT11454	Raw RFU, Hyb Normalization, medNormInt (SampleId), plateScale, Calibration, anmlQC, qcCheck, medNormRefSMP (SampleType)	SomaScan 7K	SomaScan Assay v4.1	20%	NT=affinity-proteomics;VV=v1.0.0	NT=human;VV=v1.1.0	NT=somascan;VV=v1.0.0	v1.1.0	NT=sdrf-skills-autoresearch;VV=v0.0.0
PAD000036-744662	Homo sapiens	Blood	not available	not available	not available	CLI8007F506	not available	321	not applicable	blood serum	PAD000036-r00376-744662	protein expression profiling by aptamer array	1	SS-2217258_v4.1_TCRS_Adult_Serum.hybNorm.medNormInt.plateScale.calibrate.anmlQC.qcCheck.medNormRefSMP.adat	ftp://ftp.pride.ebi.ac.uk/pride/data/archive/2026/04/PAD000036/SS-2217258_v4.1_TCRS_Adult_Serum.hybNorm.medNormInt.plateScale.calibrate.anmlQC.qcCheck.medNormRefSMP.adat	SomaScan Assay	SomaScan 7K	v4.1	RFU	PLT11454	Raw RFU, Hyb Normalization, medNormInt (SampleId), plateScale, Calibration, anmlQC, qcCheck, medNormRefSMP (SampleType)	SomaScan 7K	SomaScan Assay v4.1	20%	NT=affinity-proteomics;VV=v1.0.0	NT=human;VV=v1.1.0	NT=somascan;VV=v1.0.0	v1.1.0	NT=sdrf-skills-autoresearch;VV=v0.0.0
PAD000036-744459	Homo sapiens	Blood	not available	not available	not available	CLI8007F506	not available	322	not applicable	blood serum	PAD000036-r00377-744459	protein expression profiling by aptamer array	1	SS-2217258_v4.1_TCRS_Adult_Serum.hybNorm.medNormInt.plateScale.calibrate.anmlQC.qcCheck.medNormRefSMP.adat	ftp://ftp.pride.ebi.ac.uk/pride/data/archive/2026/04/PAD000036/SS-2217258_v4.1_TCRS_Adult_Serum.hybNorm.medNormInt.plateScale.calibrate.anmlQC.qcCheck.medNormRefSMP.adat	SomaScan Assay	SomaScan 7K	v4.1	RFU	PLT11454	Raw RFU, Hyb Normalization, medNormInt (SampleId), plateScale, Calibration, anmlQC, qcCheck, medNormRefSMP (SampleType)	SomaScan 7K	SomaScan Assay v4.1	20%	NT=affinity-proteomics;VV=v1.0.0	NT=human;VV=v1.1.0	NT=somascan;VV=v1.0.0	v1.1.0	NT=sdrf-skills-autoresearch;VV=v0.0.0
PAD000036-220214	Homo sapiens	Blood	not available	not available	not available	not available	not available	208	not applicable	blood;blood plasma;blood serum	PAD000036-r00378-220214	protein expression profiling by aptamer array	2	SS-2217258_v4.1_TCRS_Adult_Serum.hybNorm.medNormInt.plateScale.calibrate.anmlQC.qcCheck.medNormRefSMP.adat	ftp://ftp.pride.ebi.ac.uk/pride/data/archive/2026/04/PAD000036/SS-2217258_v4.1_TCRS_Adult_Serum.hybNorm.medNormInt.plateScale.calibrate.anmlQC.qcCheck.medNormRefSMP.adat	SomaScan Assay	SomaScan 7K	v4.1	RFU	PLT11454	Raw RFU, Hyb Normalization, medNormInt (SampleId), plateScale, Calibration, anmlQC, qcCheck, medNormRefSMP (SampleType)	SomaScan 7K	SomaScan Assay v4.1	20%	NT=affinity-proteomics;VV=v1.0.0	NT=human;VV=v1.1.0	NT=somascan;VV=v1.0.0	v1.1.0	NT=sdrf-skills-autoresearch;VV=v0.0.0
PAD000036-744686	Homo sapiens	Blood	not available	not available	not available	CLI8007F506	not available	323	not applicable	blood serum	PAD000036-r00379-744686	protein expression profiling by aptamer array	1	SS-2217258_v4.1_TCRS_Adult_Serum.hybNorm.medNormInt.plateScale.calibrate.anmlQC.qcCheck.medNormRefSMP.adat	ftp://ftp.pride.ebi.ac.uk/pride/data/archive/2026/04/PAD000036/SS-2217258_v4.1_TCRS_Adult_Serum.hybNorm.medNormInt.plateScale.calibrate.anmlQC.qcCheck.medNormRefSMP.adat	SomaScan Assay	SomaScan 7K	v4.1	RFU	PLT11454	Raw RFU, Hyb Normalization, medNormInt (SampleId), plateScale, Calibration, anmlQC, qcCheck, medNormRefSMP (SampleType)	SomaScan 7K	SomaScan Assay v4.1	20%	NT=affinity-proteomics;VV=v1.0.0	NT=human;VV=v1.1.0	NT=somascan;VV=v1.0.0	v1.1.0	NT=sdrf-skills-autoresearch;VV=v0.0.0
PAD000036-744644	Homo sapiens	Blood	not available	not available	not available	CLI8007F506	not available	324	not applicable	blood serum	PAD000036-r00380-744644	protein expression profiling by aptamer array	1	SS-2217258_v4.1_TCRS_Adult_Serum.hybNorm.medNormInt.plateScale.calibrate.anmlQC.qcCheck.medNormRefSMP.adat	ftp://ftp.pride.ebi.ac.uk/pride/data/archive/2026/04/PAD000036/SS-2217258_v4.1_TCRS_Adult_Serum.hybNorm.medNormInt.plateScale.calibrate.anmlQC.qcCheck.medNormRefSMP.adat	SomaScan Assay	SomaScan 7K	v4.1	RFU	PLT11454	Raw RFU, Hyb Normalization, medNormInt (SampleId), plateScale, Calibration, anmlQC, qcCheck, medNormRefSMP (SampleType)	SomaScan 7K	SomaScan Assay v4.1	20%	NT=affinity-proteomics;VV=v1.0.0	NT=human;VV=v1.1.0	NT=somascan;VV=v1.0.0	v1.1.0	NT=sdrf-skills-autoresearch;VV=v0.0.0
PAD000036-744385	Homo sapiens	Blood	not available	not available	not available	CLI8007F506	not available	325	not applicable	blood serum	PAD000036-r00381-744385	protein expression profiling by aptamer array	1	SS-2217258_v4.1_TCRS_Adult_Serum.hybNorm.medNormInt.plateScale.calibrate.anmlQC.qcCheck.medNormRefSMP.adat	ftp://ftp.pride.ebi.ac.uk/pride/data/archive/2026/04/PAD000036/SS-2217258_v4.1_TCRS_Adult_Serum.hybNorm.medNormInt.plateScale.calibrate.anmlQC.qcCheck.medNormRefSMP.adat	SomaScan Assay	SomaScan 7K	v4.1	RFU	PLT11454	Raw RFU, Hyb Normalization, medNormInt (SampleId), plateScale, Calibration, anmlQC, qcCheck, medNormRefSMP (SampleType)	SomaScan 7K	SomaScan Assay v4.1	20%	NT=affinity-proteomics;VV=v1.0.0	NT=human;VV=v1.1.0	NT=somascan;VV=v1.0.0	v1.1.0	NT=sdrf-skills-autoresearch;VV=v0.0.0
PAD000036-744587	Homo sapiens	Blood	not available	not available	not available	CLI8007F506	not available	326	not applicable	blood serum	PAD000036-r00382-744587	protein expression profiling by aptamer array	1	SS-2217258_v4.1_TCRS_Adult_Serum.hybNorm.medNormInt.plateScale.calibrate.anmlQC.qcCheck.medNormRefSMP.adat	ftp://ftp.pride.ebi.ac.uk/pride/data/archive/2026/04/PAD000036/SS-2217258_v4.1_TCRS_Adult_Serum.hybNorm.medNormInt.plateScale.calibrate.anmlQC.qcCheck.medNormRefSMP.adat	SomaScan Assay	SomaScan 7K	v4.1	RFU	PLT11454	Raw RFU, Hyb Normalization, medNormInt (SampleId), plateScale, Calibration, anmlQC, qcCheck, medNormRefSMP (SampleType)	SomaScan 7K	SomaScan Assay v4.1	20%	NT=affinity-proteomics;VV=v1.0.0	NT=human;VV=v1.1.0	NT=somascan;VV=v1.0.0	v1.1.0	NT=sdrf-skills-autoresearch;VV=v0.0.0
PAD000036-200174	Homo sapiens	Blood	not available	not available	not available	not available	not available	214	quality control sample	blood;blood plasma;blood serum	PAD000036-r00383-200174	protein expression profiling by aptamer array	1	SS-2217258_v4.1_TCRS_Adult_Serum.hybNorm.medNormInt.plateScale.calibrate.anmlQC.qcCheck.medNormRefSMP.adat	ftp://ftp.pride.ebi.ac.uk/pride/data/archive/2026/04/PAD000036/SS-2217258_v4.1_TCRS_Adult_Serum.hybNorm.medNormInt.plateScale.calibrate.anmlQC.qcCheck.medNormRefSMP.adat	SomaScan Assay	SomaScan 7K	v4.1	RFU	PLT11454	Raw RFU, Hyb Normalization, medNormInt (SampleId), plateScale, Calibration, anmlQC, qcCheck, medNormRefSMP (SampleType)	SomaScan 7K	SomaScan Assay v4.1	20%	NT=affinity-proteomics;VV=v1.0.0	NT=human;VV=v1.1.0	NT=somascan;VV=v1.0.0	v1.1.0	NT=sdrf-skills-autoresearch;VV=v0.0.0
PAD000036-744480	Homo sapiens	Blood	not available	not available	not available	CLI8007F506	not available	327	not applicable	blood serum	PAD000036-r00384-744480	protein expression profiling by aptamer array	1	SS-2217258_v4.1_TCRS_Adult_Serum.hybNorm.medNormInt.plateScale.calibrate.anmlQC.qcCheck.medNormRefSMP.adat	ftp://ftp.pride.ebi.ac.uk/pride/data/archive/2026/04/PAD000036/SS-2217258_v4.1_TCRS_Adult_Serum.hybNorm.medNormInt.plateScale.calibrate.anmlQC.qcCheck.medNormRefSMP.adat	SomaScan Assay	SomaScan 7K	v4.1	RFU	PLT11454	Raw RFU, Hyb Normalization, medNormInt (SampleId), plateScale, Calibration, anmlQC, qcCheck, medNormRefSMP (SampleType)	SomaScan 7K	SomaScan Assay v4.1	20%	NT=affinity-proteomics;VV=v1.0.0	NT=human;VV=v1.1.0	NT=somascan;VV=v1.0.0	v1.1.0	NT=sdrf-skills-autoresearch;VV=v0.0.0
PAD000036-744528	Homo sapiens	Blood	not available	not available	not available	CLI8007F506	not available	328	not applicable	blood serum	PAD000036-r00385-744528	protein expression profiling by aptamer array	1	SS-2217258_v4.1_TCRS_Adult_Serum.hybNorm.medNormInt.plateScale.calibrate.anmlQC.qcCheck.medNormRefSMP.adat	ftp://ftp.pride.ebi.ac.uk/pride/data/archive/2026/04/PAD000036/SS-2217258_v4.1_TCRS_Adult_Serum.hybNorm.medNormInt.plateScale.calibrate.anmlQC.qcCheck.medNormRefSMP.adat	SomaScan Assay	SomaScan 7K	v4.1	RFU	PLT11454	Raw RFU, Hyb Normalization, medNormInt (SampleId), plateScale, Calibration, anmlQC, qcCheck, medNormRefSMP (SampleType)	SomaScan 7K	SomaScan Assay v4.1	20%	NT=affinity-proteomics;VV=v1.0.0	NT=human;VV=v1.1.0	NT=somascan;VV=v1.0.0	v1.1.0	NT=sdrf-skills-autoresearch;VV=v0.0.0
PAD000036-745485	Homo sapiens	Blood	not available	not available	not available	CLI8007F506	not available	329	not applicable	blood serum	PAD000036-r00386-745485	protein expression profiling by aptamer array	1	SS-2217258_v4.1_TCRS_Adult_Serum.hybNorm.medNormInt.plateScale.calibrate.anmlQC.qcCheck.medNormRefSMP.adat	ftp://ftp.pride.ebi.ac.uk/pride/data/archive/2026/04/PAD000036/SS-2217258_v4.1_TCRS_Adult_Serum.hybNorm.medNormInt.plateScale.calibrate.anmlQC.qcCheck.medNormRefSMP.adat	SomaScan Assay	SomaScan 7K	v4.1	RFU	PLT11454	Raw RFU, Hyb Normalization, medNormInt (SampleId), plateScale, Calibration, anmlQC, qcCheck, medNormRefSMP (SampleType)	SomaScan 7K	SomaScan Assay v4.1	20%	NT=affinity-proteomics;VV=v1.0.0	NT=human;VV=v1.1.0	NT=somascan;VV=v1.0.0	v1.1.0	NT=sdrf-skills-autoresearch;VV=v0.0.0
PAD000036-744618	Homo sapiens	Blood	not available	not available	not available	CLI8007F506	not available	330	not applicable	blood serum	PAD000036-r00387-744618	protein expression profiling by aptamer array	1	SS-2217258_v4.1_TCRS_Adult_Serum.hybNorm.medNormInt.plateScale.calibrate.anmlQC.qcCheck.medNormRefSMP.adat	ftp://ftp.pride.ebi.ac.uk/pride/data/archive/2026/04/PAD000036/SS-2217258_v4.1_TCRS_Adult_Serum.hybNorm.medNormInt.plateScale.calibrate.anmlQC.qcCheck.medNormRefSMP.adat	SomaScan Assay	SomaScan 7K	v4.1	RFU	PLT11454	Raw RFU, Hyb Normalization, medNormInt (SampleId), plateScale, Calibration, anmlQC, qcCheck, medNormRefSMP (SampleType)	SomaScan 7K	SomaScan Assay v4.1	20%	NT=affinity-proteomics;VV=v1.0.0	NT=human;VV=v1.1.0	NT=somascan;VV=v1.0.0	v1.1.0	NT=sdrf-skills-autoresearch;VV=v0.0.0
PAD000036-200174	Homo sapiens	Blood	not available	not available	not available	not available	not available	214	quality control sample	blood;blood plasma;blood serum	PAD000036-r00388-200174	protein expression profiling by aptamer array	2	SS-2217258_v4.1_TCRS_Adult_Serum.hybNorm.medNormInt.plateScale.calibrate.anmlQC.qcCheck.medNormRefSMP.adat	ftp://ftp.pride.ebi.ac.uk/pride/data/archive/2026/04/PAD000036/SS-2217258_v4.1_TCRS_Adult_Serum.hybNorm.medNormInt.plateScale.calibrate.anmlQC.qcCheck.medNormRefSMP.adat	SomaScan Assay	SomaScan 7K	v4.1	RFU	PLT11454	Raw RFU, Hyb Normalization, medNormInt (SampleId), plateScale, Calibration, anmlQC, qcCheck, medNormRefSMP (SampleType)	SomaScan 7K	SomaScan Assay v4.1	20%	NT=affinity-proteomics;VV=v1.0.0	NT=human;VV=v1.1.0	NT=somascan;VV=v1.0.0	v1.1.0	NT=sdrf-skills-autoresearch;VV=v0.0.0
PAD000036-744488	Homo sapiens	Blood	not available	not available	not available	CLI8007F506	not available	331	not applicable	blood serum	PAD000036-r00389-744488	protein expression profiling by aptamer array	1	SS-2217258_v4.1_TCRS_Adult_Serum.hybNorm.medNormInt.plateScale.calibrate.anmlQC.qcCheck.medNormRefSMP.adat	ftp://ftp.pride.ebi.ac.uk/pride/data/archive/2026/04/PAD000036/SS-2217258_v4.1_TCRS_Adult_Serum.hybNorm.medNormInt.plateScale.calibrate.anmlQC.qcCheck.medNormRefSMP.adat	SomaScan Assay	SomaScan 7K	v4.1	RFU	PLT11454	Raw RFU, Hyb Normalization, medNormInt (SampleId), plateScale, Calibration, anmlQC, qcCheck, medNormRefSMP (SampleType)	SomaScan 7K	SomaScan Assay v4.1	20%	NT=affinity-proteomics;VV=v1.0.0	NT=human;VV=v1.1.0	NT=somascan;VV=v1.0.0	v1.1.0	NT=sdrf-skills-autoresearch;VV=v0.0.0
PAD000036-744647	Homo sapiens	Blood	not available	not available	not available	CLI8007F506	not available	332	not applicable	blood serum	PAD000036-r00390-744647	protein expression profiling by aptamer array	1	SS-2217258_v4.1_TCRS_Adult_Serum.hybNorm.medNormInt.plateScale.calibrate.anmlQC.qcCheck.medNormRefSMP.adat	ftp://ftp.pride.ebi.ac.uk/pride/data/archive/2026/04/PAD000036/SS-2217258_v4.1_TCRS_Adult_Serum.hybNorm.medNormInt.plateScale.calibrate.anmlQC.qcCheck.medNormRefSMP.adat	SomaScan Assay	SomaScan 7K	v4.1	RFU	PLT11454	Raw RFU, Hyb Normalization, medNormInt (SampleId), plateScale, Calibration, anmlQC, qcCheck, medNormRefSMP (SampleType)	SomaScan 7K	SomaScan Assay v4.1	20%	NT=affinity-proteomics;VV=v1.0.0	NT=human;VV=v1.1.0	NT=somascan;VV=v1.0.0	v1.1.0	NT=sdrf-skills-autoresearch;VV=v0.0.0
PAD000036-744653	Homo sapiens	Blood	not available	not available	not available	CLI8007F506	not available	333	not applicable	blood serum	PAD000036-r00391-744653	protein expression profiling by aptamer array	1	SS-2217258_v4.1_TCRS_Adult_Serum.hybNorm.medNormInt.plateScale.calibrate.anmlQC.qcCheck.medNormRefSMP.adat	ftp://ftp.pride.ebi.ac.uk/pride/data/archive/2026/04/PAD000036/SS-2217258_v4.1_TCRS_Adult_Serum.hybNorm.medNormInt.plateScale.calibrate.anmlQC.qcCheck.medNormRefSMP.adat	SomaScan Assay	SomaScan 7K	v4.1	RFU	PLT11454	Raw RFU, Hyb Normalization, medNormInt (SampleId), plateScale, Calibration, anmlQC, qcCheck, medNormRefSMP (SampleType)	SomaScan 7K	SomaScan Assay v4.1	20%	NT=affinity-proteomics;VV=v1.0.0	NT=human;VV=v1.1.0	NT=somascan;VV=v1.0.0	v1.1.0	NT=sdrf-skills-autoresearch;VV=v0.0.0
PAD000036-745518	Homo sapiens	Blood	not available	not available	not available	CLI8007F506	not available	334	not applicable	blood serum	PAD000036-r00392-745518	protein expression profiling by aptamer array	1	SS-2217258_v4.1_TCRS_Adult_Serum.hybNorm.medNormInt.plateScale.calibrate.anmlQC.qcCheck.medNormRefSMP.adat	ftp://ftp.pride.ebi.ac.uk/pride/data/archive/2026/04/PAD000036/SS-2217258_v4.1_TCRS_Adult_Serum.hybNorm.medNormInt.plateScale.calibrate.anmlQC.qcCheck.medNormRefSMP.adat	SomaScan Assay	SomaScan 7K	v4.1	RFU	PLT11454	Raw RFU, Hyb Normalization, medNormInt (SampleId), plateScale, Calibration, anmlQC, qcCheck, medNormRefSMP (SampleType)	SomaScan 7K	SomaScan Assay v4.1	20%	NT=affinity-proteomics;VV=v1.0.0	NT=human;VV=v1.1.0	NT=somascan;VV=v1.0.0	v1.1.0	NT=sdrf-skills-autoresearch;VV=v0.0.0
PAD000036-744483	Homo sapiens	Blood	not available	not available	not available	CLI8007F506	not available	335	not applicable	blood serum	PAD000036-r00393-744483	protein expression profiling by aptamer array	1	SS-2217258_v4.1_TCRS_Adult_Serum.hybNorm.medNormInt.plateScale.calibrate.anmlQC.qcCheck.medNormRefSMP.adat	ftp://ftp.pride.ebi.ac.uk/pride/data/archive/2026/04/PAD000036/SS-2217258_v4.1_TCRS_Adult_Serum.hybNorm.medNormInt.plateScale.calibrate.anmlQC.qcCheck.medNormRefSMP.adat	SomaScan Assay	SomaScan 7K	v4.1	RFU	PLT11454	Raw RFU, Hyb Normalization, medNormInt (SampleId), plateScale, Calibration, anmlQC, qcCheck, medNormRefSMP (SampleType)	SomaScan 7K	SomaScan Assay v4.1	20%	NT=affinity-proteomics;VV=v1.0.0	NT=human;VV=v1.1.0	NT=somascan;VV=v1.0.0	v1.1.0	NT=sdrf-skills-autoresearch;VV=v0.0.0
PAD000036-745519	Homo sapiens	Blood	not available	not available	not available	CLI8007F506	not available	336	not applicable	blood serum	PAD000036-r00394-745519	protein expression profiling by aptamer array	1	SS-2217258_v4.1_TCRS_Adult_Serum.hybNorm.medNormInt.plateScale.calibrate.anmlQC.qcCheck.medNormRefSMP.adat	ftp://ftp.pride.ebi.ac.uk/pride/data/archive/2026/04/PAD000036/SS-2217258_v4.1_TCRS_Adult_Serum.hybNorm.medNormInt.plateScale.calibrate.anmlQC.qcCheck.medNormRefSMP.adat	SomaScan Assay	SomaScan 7K	v4.1	RFU	PLT11454	Raw RFU, Hyb Normalization, medNormInt (SampleId), plateScale, Calibration, anmlQC, qcCheck, medNormRefSMP (SampleType)	SomaScan 7K	SomaScan Assay v4.1	20%	NT=affinity-proteomics;VV=v1.0.0	NT=human;VV=v1.1.0	NT=somascan;VV=v1.0.0	v1.1.0	NT=sdrf-skills-autoresearch;VV=v0.0.0
PAD000036-744650	Homo sapiens	Blood	not available	not available	not available	CLI8007F506	not available	337	not applicable	blood serum	PAD000036-r00395-744650	protein expression profiling by aptamer array	1	SS-2217258_v4.1_TCRS_Adult_Serum.hybNorm.medNormInt.plateScale.calibrate.anmlQC.qcCheck.medNormRefSMP.adat	ftp://ftp.pride.ebi.ac.uk/pride/data/archive/2026/04/PAD000036/SS-2217258_v4.1_TCRS_Adult_Serum.hybNorm.medNormInt.plateScale.calibrate.anmlQC.qcCheck.medNormRefSMP.adat	SomaScan Assay	SomaScan 7K	v4.1	RFU	PLT11454	Raw RFU, Hyb Normalization, medNormInt (SampleId), plateScale, Calibration, anmlQC, qcCheck, medNormRefSMP (SampleType)	SomaScan 7K	SomaScan Assay v4.1	20%	NT=affinity-proteomics;VV=v1.0.0	NT=human;VV=v1.1.0	NT=somascan;VV=v1.0.0	v1.1.0	NT=sdrf-skills-autoresearch;VV=v0.0.0
PAD000036-744679	Homo sapiens	Blood	not available	not available	not available	CLI8007F506	not available	338	not applicable	blood serum	PAD000036-r00396-744679	protein expression profiling by aptamer array	1	SS-2217258_v4.1_TCRS_Adult_Serum.hybNorm.medNormInt.plateScale.calibrate.anmlQC.qcCheck.medNormRefSMP.adat	ftp://ftp.pride.ebi.ac.uk/pride/data/archive/2026/04/PAD000036/SS-2217258_v4.1_TCRS_Adult_Serum.hybNorm.medNormInt.plateScale.calibrate.anmlQC.qcCheck.medNormRefSMP.adat	SomaScan Assay	SomaScan 7K	v4.1	RFU	PLT11454	Raw RFU, Hyb Normalization, medNormInt (SampleId), plateScale, Calibration, anmlQC, qcCheck, medNormRefSMP (SampleType)	SomaScan 7K	SomaScan Assay v4.1	20%	NT=affinity-proteomics;VV=v1.0.0	NT=human;VV=v1.1.0	NT=somascan;VV=v1.0.0	v1.1.0	NT=sdrf-skills-autoresearch;VV=v0.0.0
PAD000036-744608	Homo sapiens	Blood	not available	not available	not available	CLI8007F506	not available	339	not applicable	blood serum	PAD000036-r00397-744608	protein expression profiling by aptamer array	1	SS-2217258_v4.1_TCRS_Adult_Serum.hybNorm.medNormInt.plateScale.calibrate.anmlQC.qcCheck.medNormRefSMP.adat	ftp://ftp.pride.ebi.ac.uk/pride/data/archive/2026/04/PAD000036/SS-2217258_v4.1_TCRS_Adult_Serum.hybNorm.medNormInt.plateScale.calibrate.anmlQC.qcCheck.medNormRefSMP.adat	SomaScan Assay	SomaScan 7K	v4.1	RFU	PLT11454	Raw RFU, Hyb Normalization, medNormInt (SampleId), plateScale, Calibration, anmlQC, qcCheck, medNormRefSMP (SampleType)	SomaScan 7K	SomaScan Assay v4.1	20%	NT=affinity-proteomics;VV=v1.0.0	NT=human;VV=v1.1.0	NT=somascan;VV=v1.0.0	v1.1.0	NT=sdrf-skills-autoresearch;VV=v0.0.0
PAD000036-744583	Homo sapiens	Blood	not available	not available	not available	CLI8007F506	not available	340	not applicable	blood serum	PAD000036-r00398-744583	protein expression profiling by aptamer array	1	SS-2217258_v4.1_TCRS_Adult_Serum.hybNorm.medNormInt.plateScale.calibrate.anmlQC.qcCheck.medNormRefSMP.adat	ftp://ftp.pride.ebi.ac.uk/pride/data/archive/2026/04/PAD000036/SS-2217258_v4.1_TCRS_Adult_Serum.hybNorm.medNormInt.plateScale.calibrate.anmlQC.qcCheck.medNormRefSMP.adat	SomaScan Assay	SomaScan 7K	v4.1	RFU	PLT11454	Raw RFU, Hyb Normalization, medNormInt (SampleId), plateScale, Calibration, anmlQC, qcCheck, medNormRefSMP (SampleType)	SomaScan 7K	SomaScan Assay v4.1	20%	NT=affinity-proteomics;VV=v1.0.0	NT=human;VV=v1.1.0	NT=somascan;VV=v1.0.0	v1.1.0	NT=sdrf-skills-autoresearch;VV=v0.0.0
PAD000036-744530	Homo sapiens	Blood	not available	not available	not available	CLI8007F506	not available	341	not applicable	blood serum	PAD000036-r00399-744530	protein expression profiling by aptamer array	1	SS-2217258_v4.1_TCRS_Adult_Serum.hybNorm.medNormInt.plateScale.calibrate.anmlQC.qcCheck.medNormRefSMP.adat	ftp://ftp.pride.ebi.ac.uk/pride/data/archive/2026/04/PAD000036/SS-2217258_v4.1_TCRS_Adult_Serum.hybNorm.medNormInt.plateScale.calibrate.anmlQC.qcCheck.medNormRefSMP.adat	SomaScan Assay	SomaScan 7K	v4.1	RFU	PLT11454	Raw RFU, Hyb Normalization, medNormInt (SampleId), plateScale, Calibration, anmlQC, qcCheck, medNormRefSMP (SampleType)	SomaScan 7K	SomaScan Assay v4.1	20%	NT=affinity-proteomics;VV=v1.0.0	NT=human;VV=v1.1.0	NT=somascan;VV=v1.0.0	v1.1.0	NT=sdrf-skills-autoresearch;VV=v0.0.0
PAD000036-744479	Homo sapiens	Blood	not available	not available	not available	CLI8007F506	not available	342	not applicable	blood serum	PAD000036-r00400-744479	protein expression profiling by aptamer array	1	SS-2217258_v4.1_TCRS_Adult_Serum.hybNorm.medNormInt.plateScale.calibrate.anmlQC.qcCheck.medNormRefSMP.adat	ftp://ftp.pride.ebi.ac.uk/pride/data/archive/2026/04/PAD000036/SS-2217258_v4.1_TCRS_Adult_Serum.hybNorm.medNormInt.plateScale.calibrate.anmlQC.qcCheck.medNormRefSMP.adat	SomaScan Assay	SomaScan 7K	v4.1	RFU	PLT11454	Raw RFU, Hyb Normalization, medNormInt (SampleId), plateScale, Calibration, anmlQC, qcCheck, medNormRefSMP (SampleType)	SomaScan 7K	SomaScan Assay v4.1	20%	NT=affinity-proteomics;VV=v1.0.0	NT=human;VV=v1.1.0	NT=somascan;VV=v1.0.0	v1.1.0	NT=sdrf-skills-autoresearch;VV=v0.0.0
PAD000036-744378	Homo sapiens	Blood	not available	not available	not available	CLI8007F506	not available	343	not applicable	blood serum	PAD000036-r00401-744378	protein expression profiling by aptamer array	1	SS-2217258_v4.1_TCRS_Adult_Serum.hybNorm.medNormInt.plateScale.calibrate.anmlQC.qcCheck.medNormRefSMP.adat	ftp://ftp.pride.ebi.ac.uk/pride/data/archive/2026/04/PAD000036/SS-2217258_v4.1_TCRS_Adult_Serum.hybNorm.medNormInt.plateScale.calibrate.anmlQC.qcCheck.medNormRefSMP.adat	SomaScan Assay	SomaScan 7K	v4.1	RFU	PLT11454	Raw RFU, Hyb Normalization, medNormInt (SampleId), plateScale, Calibration, anmlQC, qcCheck, medNormRefSMP (SampleType)	SomaScan 7K	SomaScan Assay v4.1	20%	NT=affinity-proteomics;VV=v1.0.0	NT=human;VV=v1.1.0	NT=somascan;VV=v1.0.0	v1.1.0	NT=sdrf-skills-autoresearch;VV=v0.0.0
PAD000036-744651	Homo sapiens	Blood	not available	not available	not available	CLI8007F506	not available	344	not applicable	blood serum	PAD000036-r00402-744651	protein expression profiling by aptamer array	1	SS-2217258_v4.1_TCRS_Adult_Serum.hybNorm.medNormInt.plateScale.calibrate.anmlQC.qcCheck.medNormRefSMP.adat	ftp://ftp.pride.ebi.ac.uk/pride/data/archive/2026/04/PAD000036/SS-2217258_v4.1_TCRS_Adult_Serum.hybNorm.medNormInt.plateScale.calibrate.anmlQC.qcCheck.medNormRefSMP.adat	SomaScan Assay	SomaScan 7K	v4.1	RFU	PLT11454	Raw RFU, Hyb Normalization, medNormInt (SampleId), plateScale, Calibration, anmlQC, qcCheck, medNormRefSMP (SampleType)	SomaScan 7K	SomaScan Assay v4.1	20%	NT=affinity-proteomics;VV=v1.0.0	NT=human;VV=v1.1.0	NT=somascan;VV=v1.0.0	v1.1.0	NT=sdrf-skills-autoresearch;VV=v0.0.0
PAD000036-744357	Homo sapiens	Blood	not available	not available	not available	CLI8007F506	not available	345	not applicable	blood serum	PAD000036-r00403-744357	protein expression profiling by aptamer array	1	SS-2217258_v4.1_TCRS_Adult_Serum.hybNorm.medNormInt.plateScale.calibrate.anmlQC.qcCheck.medNormRefSMP.adat	ftp://ftp.pride.ebi.ac.uk/pride/data/archive/2026/04/PAD000036/SS-2217258_v4.1_TCRS_Adult_Serum.hybNorm.medNormInt.plateScale.calibrate.anmlQC.qcCheck.medNormRefSMP.adat	SomaScan Assay	SomaScan 7K	v4.1	RFU	PLT11454	Raw RFU, Hyb Normalization, medNormInt (SampleId), plateScale, Calibration, anmlQC, qcCheck, medNormRefSMP (SampleType)	SomaScan 7K	SomaScan Assay v4.1	20%	NT=affinity-proteomics;VV=v1.0.0	NT=human;VV=v1.1.0	NT=somascan;VV=v1.0.0	v1.1.0	NT=sdrf-skills-autoresearch;VV=v0.0.0
PAD000036-744502	Homo sapiens	Blood	not available	not available	not available	CLI8007F506	not available	346	not applicable	blood serum	PAD000036-r00404-744502	protein expression profiling by aptamer array	1	SS-2217258_v4.1_TCRS_Adult_Serum.hybNorm.medNormInt.plateScale.calibrate.anmlQC.qcCheck.medNormRefSMP.adat	ftp://ftp.pride.ebi.ac.uk/pride/data/archive/2026/04/PAD000036/SS-2217258_v4.1_TCRS_Adult_Serum.hybNorm.medNormInt.plateScale.calibrate.anmlQC.qcCheck.medNormRefSMP.adat	SomaScan Assay	SomaScan 7K	v4.1	RFU	PLT11454	Raw RFU, Hyb Normalization, medNormInt (SampleId), plateScale, Calibration, anmlQC, qcCheck, medNormRefSMP (SampleType)	SomaScan 7K	SomaScan Assay v4.1	20%	NT=affinity-proteomics;VV=v1.0.0	NT=human;VV=v1.1.0	NT=somascan;VV=v1.0.0	v1.1.0	NT=sdrf-skills-autoresearch;VV=v0.0.0
PAD000036-744495	Homo sapiens	Blood	not available	not available	not available	CLI8007F506	not available	347	not applicable	blood serum	PAD000036-r00405-744495	protein expression profiling by aptamer array	1	SS-2217258_v4.1_TCRS_Adult_Serum.hybNorm.medNormInt.plateScale.calibrate.anmlQC.qcCheck.medNormRefSMP.adat	ftp://ftp.pride.ebi.ac.uk/pride/data/archive/2026/04/PAD000036/SS-2217258_v4.1_TCRS_Adult_Serum.hybNorm.medNormInt.plateScale.calibrate.anmlQC.qcCheck.medNormRefSMP.adat	SomaScan Assay	SomaScan 7K	v4.1	RFU	PLT11454	Raw RFU, Hyb Normalization, medNormInt (SampleId), plateScale, Calibration, anmlQC, qcCheck, medNormRefSMP (SampleType)	SomaScan 7K	SomaScan Assay v4.1	20%	NT=affinity-proteomics;VV=v1.0.0	NT=human;VV=v1.1.0	NT=somascan;VV=v1.0.0	v1.1.0	NT=sdrf-skills-autoresearch;VV=v0.0.0
PAD000036-200173	Homo sapiens	Blood	not available	not available	not available	not available	not available	224	calibrator	blood;blood plasma;blood serum	PAD000036-r00406-200173	protein expression profiling by aptamer array	4	SS-2217258_v4.1_TCRS_Adult_Serum.hybNorm.medNormInt.plateScale.calibrate.anmlQC.qcCheck.medNormRefSMP.adat	ftp://ftp.pride.ebi.ac.uk/pride/data/archive/2026/04/PAD000036/SS-2217258_v4.1_TCRS_Adult_Serum.hybNorm.medNormInt.plateScale.calibrate.anmlQC.qcCheck.medNormRefSMP.adat	SomaScan Assay	SomaScan 7K	v4.1	RFU	PLT11454	Raw RFU, Hyb Normalization, medNormInt (SampleId), plateScale, Calibration, anmlQC, qcCheck, medNormRefSMP (SampleType)	SomaScan 7K	SomaScan Assay v4.1	20%	NT=affinity-proteomics;VV=v1.0.0	NT=human;VV=v1.1.0	NT=somascan;VV=v1.0.0	v1.1.0	NT=sdrf-skills-autoresearch;VV=v0.0.0
PAD000036-744414	Homo sapiens	Blood	not available	not available	not available	CLI8007F506	not available	348	not applicable	blood serum	PAD000036-r00407-744414	protein expression profiling by aptamer array	1	SS-2217258_v4.1_TCRS_Adult_Serum.hybNorm.medNormInt.plateScale.calibrate.anmlQC.qcCheck.medNormRefSMP.adat	ftp://ftp.pride.ebi.ac.uk/pride/data/archive/2026/04/PAD000036/SS-2217258_v4.1_TCRS_Adult_Serum.hybNorm.medNormInt.plateScale.calibrate.anmlQC.qcCheck.medNormRefSMP.adat	SomaScan Assay	SomaScan 7K	v4.1	RFU	PLT11454	Raw RFU, Hyb Normalization, medNormInt (SampleId), plateScale, Calibration, anmlQC, qcCheck, medNormRefSMP (SampleType)	SomaScan 7K	SomaScan Assay v4.1	20%	NT=affinity-proteomics;VV=v1.0.0	NT=human;VV=v1.1.0	NT=somascan;VV=v1.0.0	v1.1.0	NT=sdrf-skills-autoresearch;VV=v0.0.0
PAD000036-744516	Homo sapiens	Blood	not available	not available	not available	CLI8007F506	not available	349	not applicable	blood serum	PAD000036-r00408-744516	protein expression profiling by aptamer array	1	SS-2217258_v4.1_TCRS_Adult_Serum.hybNorm.medNormInt.plateScale.calibrate.anmlQC.qcCheck.medNormRefSMP.adat	ftp://ftp.pride.ebi.ac.uk/pride/data/archive/2026/04/PAD000036/SS-2217258_v4.1_TCRS_Adult_Serum.hybNorm.medNormInt.plateScale.calibrate.anmlQC.qcCheck.medNormRefSMP.adat	SomaScan Assay	SomaScan 7K	v4.1	RFU	PLT11454	Raw RFU, Hyb Normalization, medNormInt (SampleId), plateScale, Calibration, anmlQC, qcCheck, medNormRefSMP (SampleType)	SomaScan 7K	SomaScan Assay v4.1	20%	NT=affinity-proteomics;VV=v1.0.0	NT=human;VV=v1.1.0	NT=somascan;VV=v1.0.0	v1.1.0	NT=sdrf-skills-autoresearch;VV=v0.0.0
PAD000036-744704	Homo sapiens	Blood	not available	not available	not available	CLI8007F506	not available	350	not applicable	blood serum	PAD000036-r00409-744704	protein expression profiling by aptamer array	1	SS-2217258_v4.1_TCRS_Adult_Serum.hybNorm.medNormInt.plateScale.calibrate.anmlQC.qcCheck.medNormRefSMP.adat	ftp://ftp.pride.ebi.ac.uk/pride/data/archive/2026/04/PAD000036/SS-2217258_v4.1_TCRS_Adult_Serum.hybNorm.medNormInt.plateScale.calibrate.anmlQC.qcCheck.medNormRefSMP.adat	SomaScan Assay	SomaScan 7K	v4.1	RFU	PLT11454	Raw RFU, Hyb Normalization, medNormInt (SampleId), plateScale, Calibration, anmlQC, qcCheck, medNormRefSMP (SampleType)	SomaScan 7K	SomaScan Assay v4.1	20%	NT=affinity-proteomics;VV=v1.0.0	NT=human;VV=v1.1.0	NT=somascan;VV=v1.0.0	v1.1.0	NT=sdrf-skills-autoresearch;VV=v0.0.0
PAD000036-745475	Homo sapiens	Blood	not available	not available	not available	CLI8007F506	not available	351	not applicable	blood serum	PAD000036-r00410-745475	protein expression profiling by aptamer array	1	SS-2217258_v4.1_TCRS_Adult_Serum.hybNorm.medNormInt.plateScale.calibrate.anmlQC.qcCheck.medNormRefSMP.adat	ftp://ftp.pride.ebi.ac.uk/pride/data/archive/2026/04/PAD000036/SS-2217258_v4.1_TCRS_Adult_Serum.hybNorm.medNormInt.plateScale.calibrate.anmlQC.qcCheck.medNormRefSMP.adat	SomaScan Assay	SomaScan 7K	v4.1	RFU	PLT11454	Raw RFU, Hyb Normalization, medNormInt (SampleId), plateScale, Calibration, anmlQC, qcCheck, medNormRefSMP (SampleType)	SomaScan 7K	SomaScan Assay v4.1	20%	NT=affinity-proteomics;VV=v1.0.0	NT=human;VV=v1.1.0	NT=somascan;VV=v1.0.0	v1.1.0	NT=sdrf-skills-autoresearch;VV=v0.0.0
PAD000036-744696	Homo sapiens	Blood	not available	not available	not available	CLI8007F506	not available	352	not applicable	blood serum	PAD000036-r00411-744696	protein expression profiling by aptamer array	1	SS-2217258_v4.1_TCRS_Adult_Serum.hybNorm.medNormInt.plateScale.calibrate.anmlQC.qcCheck.medNormRefSMP.adat	ftp://ftp.pride.ebi.ac.uk/pride/data/archive/2026/04/PAD000036/SS-2217258_v4.1_TCRS_Adult_Serum.hybNorm.medNormInt.plateScale.calibrate.anmlQC.qcCheck.medNormRefSMP.adat	SomaScan Assay	SomaScan 7K	v4.1	RFU	PLT11454	Raw RFU, Hyb Normalization, medNormInt (SampleId), plateScale, Calibration, anmlQC, qcCheck, medNormRefSMP (SampleType)	SomaScan 7K	SomaScan Assay v4.1	20%	NT=affinity-proteomics;VV=v1.0.0	NT=human;VV=v1.1.0	NT=somascan;VV=v1.0.0	v1.1.0	NT=sdrf-skills-autoresearch;VV=v0.0.0
PAD000036-744519	Homo sapiens	Blood	not available	not available	not available	CLI8007F506	not available	353	not applicable	blood serum	PAD000036-r00412-744519	protein expression profiling by aptamer array	1	SS-2217258_v4.1_TCRS_Adult_Serum.hybNorm.medNormInt.plateScale.calibrate.anmlQC.qcCheck.medNormRefSMP.adat	ftp://ftp.pride.ebi.ac.uk/pride/data/archive/2026/04/PAD000036/SS-2217258_v4.1_TCRS_Adult_Serum.hybNorm.medNormInt.plateScale.calibrate.anmlQC.qcCheck.medNormRefSMP.adat	SomaScan Assay	SomaScan 7K	v4.1	RFU	PLT11454	Raw RFU, Hyb Normalization, medNormInt (SampleId), plateScale, Calibration, anmlQC, qcCheck, medNormRefSMP (SampleType)	SomaScan 7K	SomaScan Assay v4.1	20%	NT=affinity-proteomics;VV=v1.0.0	NT=human;VV=v1.1.0	NT=somascan;VV=v1.0.0	v1.1.0	NT=sdrf-skills-autoresearch;VV=v0.0.0
PAD000036-744382	Homo sapiens	Blood	not available	not available	not available	CLI8007F506	not available	354	not applicable	blood serum	PAD000036-r00413-744382	protein expression profiling by aptamer array	1	SS-2217258_v4.1_TCRS_Adult_Serum.hybNorm.medNormInt.plateScale.calibrate.anmlQC.qcCheck.medNormRefSMP.adat	ftp://ftp.pride.ebi.ac.uk/pride/data/archive/2026/04/PAD000036/SS-2217258_v4.1_TCRS_Adult_Serum.hybNorm.medNormInt.plateScale.calibrate.anmlQC.qcCheck.medNormRefSMP.adat	SomaScan Assay	SomaScan 7K	v4.1	RFU	PLT11454	Raw RFU, Hyb Normalization, medNormInt (SampleId), plateScale, Calibration, anmlQC, qcCheck, medNormRefSMP (SampleType)	SomaScan 7K	SomaScan Assay v4.1	20%	NT=affinity-proteomics;VV=v1.0.0	NT=human;VV=v1.1.0	NT=somascan;VV=v1.0.0	v1.1.0	NT=sdrf-skills-autoresearch;VV=v0.0.0
PAD000036-744514	Homo sapiens	Blood	not available	not available	not available	CLI8007F506	not available	355	not applicable	blood serum	PAD000036-r00414-744514	protein expression profiling by aptamer array	1	SS-2217258_v4.1_TCRS_Adult_Serum.hybNorm.medNormInt.plateScale.calibrate.anmlQC.qcCheck.medNormRefSMP.adat	ftp://ftp.pride.ebi.ac.uk/pride/data/archive/2026/04/PAD000036/SS-2217258_v4.1_TCRS_Adult_Serum.hybNorm.medNormInt.plateScale.calibrate.anmlQC.qcCheck.medNormRefSMP.adat	SomaScan Assay	SomaScan 7K	v4.1	RFU	PLT11454	Raw RFU, Hyb Normalization, medNormInt (SampleId), plateScale, Calibration, anmlQC, qcCheck, medNormRefSMP (SampleType)	SomaScan 7K	SomaScan Assay v4.1	20%	NT=affinity-proteomics;VV=v1.0.0	NT=human;VV=v1.1.0	NT=somascan;VV=v1.0.0	v1.1.0	NT=sdrf-skills-autoresearch;VV=v0.0.0
PAD000036-745036	Homo sapiens	Blood	not available	not available	not available	CLI8007F506	not available	356	not applicable	blood serum	PAD000036-r00415-745036	protein expression profiling by aptamer array	1	SS-2217258_v4.1_TCRS_Adult_Serum.hybNorm.medNormInt.plateScale.calibrate.anmlQC.qcCheck.medNormRefSMP.adat	ftp://ftp.pride.ebi.ac.uk/pride/data/archive/2026/04/PAD000036/SS-2217258_v4.1_TCRS_Adult_Serum.hybNorm.medNormInt.plateScale.calibrate.anmlQC.qcCheck.medNormRefSMP.adat	SomaScan Assay	SomaScan 7K	v4.1	RFU	PLT11454	Raw RFU, Hyb Normalization, medNormInt (SampleId), plateScale, Calibration, anmlQC, qcCheck, medNormRefSMP (SampleType)	SomaScan 7K	SomaScan Assay v4.1	20%	NT=affinity-proteomics;VV=v1.0.0	NT=human;VV=v1.1.0	NT=somascan;VV=v1.0.0	v1.1.0	NT=sdrf-skills-autoresearch;VV=v0.0.0
PAD000036-220214	Homo sapiens	Blood	not available	not available	not available	not available	not available	208	not applicable	blood;blood plasma;blood serum	PAD000036-r00416-220214	protein expression profiling by aptamer array	3	SS-2217258_v4.1_TCRS_Adult_Serum.hybNorm.medNormInt.plateScale.calibrate.anmlQC.qcCheck.medNormRefSMP.adat	ftp://ftp.pride.ebi.ac.uk/pride/data/archive/2026/04/PAD000036/SS-2217258_v4.1_TCRS_Adult_Serum.hybNorm.medNormInt.plateScale.calibrate.anmlQC.qcCheck.medNormRefSMP.adat	SomaScan Assay	SomaScan 7K	v4.1	RFU	PLT11454	Raw RFU, Hyb Normalization, medNormInt (SampleId), plateScale, Calibration, anmlQC, qcCheck, medNormRefSMP (SampleType)	SomaScan 7K	SomaScan Assay v4.1	20%	NT=affinity-proteomics;VV=v1.0.0	NT=human;VV=v1.1.0	NT=somascan;VV=v1.0.0	v1.1.0	NT=sdrf-skills-autoresearch;VV=v0.0.0
PAD000036-744606	Homo sapiens	Blood	not available	not available	not available	CLI8007F506	not available	357	not applicable	blood serum	PAD000036-r00417-744606	protein expression profiling by aptamer array	1	SS-2217258_v4.1_TCRS_Adult_Serum.hybNorm.medNormInt.plateScale.calibrate.anmlQC.qcCheck.medNormRefSMP.adat	ftp://ftp.pride.ebi.ac.uk/pride/data/archive/2026/04/PAD000036/SS-2217258_v4.1_TCRS_Adult_Serum.hybNorm.medNormInt.plateScale.calibrate.anmlQC.qcCheck.medNormRefSMP.adat	SomaScan Assay	SomaScan 7K	v4.1	RFU	PLT11454	Raw RFU, Hyb Normalization, medNormInt (SampleId), plateScale, Calibration, anmlQC, qcCheck, medNormRefSMP (SampleType)	SomaScan 7K	SomaScan Assay v4.1	20%	NT=affinity-proteomics;VV=v1.0.0	NT=human;VV=v1.1.0	NT=somascan;VV=v1.0.0	v1.1.0	NT=sdrf-skills-autoresearch;VV=v0.0.0
PAD000036-744403	Homo sapiens	Blood	not available	not available	not available	CLI8007F506	not available	358	not applicable	blood serum	PAD000036-r00418-744403	protein expression profiling by aptamer array	1	SS-2217258_v4.1_TCRS_Adult_Serum.hybNorm.medNormInt.plateScale.calibrate.anmlQC.qcCheck.medNormRefSMP.adat	ftp://ftp.pride.ebi.ac.uk/pride/data/archive/2026/04/PAD000036/SS-2217258_v4.1_TCRS_Adult_Serum.hybNorm.medNormInt.plateScale.calibrate.anmlQC.qcCheck.medNormRefSMP.adat	SomaScan Assay	SomaScan 7K	v4.1	RFU	PLT11454	Raw RFU, Hyb Normalization, medNormInt (SampleId), plateScale, Calibration, anmlQC, qcCheck, medNormRefSMP (SampleType)	SomaScan 7K	SomaScan Assay v4.1	20%	NT=affinity-proteomics;VV=v1.0.0	NT=human;VV=v1.1.0	NT=somascan;VV=v1.0.0	v1.1.0	NT=sdrf-skills-autoresearch;VV=v0.0.0
PAD000036-744364	Homo sapiens	Blood	not available	not available	not available	CLI8007F506	not available	359	not applicable	blood serum	PAD000036-r00419-744364	protein expression profiling by aptamer array	1	SS-2217258_v4.1_TCRS_Adult_Serum.hybNorm.medNormInt.plateScale.calibrate.anmlQC.qcCheck.medNormRefSMP.adat	ftp://ftp.pride.ebi.ac.uk/pride/data/archive/2026/04/PAD000036/SS-2217258_v4.1_TCRS_Adult_Serum.hybNorm.medNormInt.plateScale.calibrate.anmlQC.qcCheck.medNormRefSMP.adat	SomaScan Assay	SomaScan 7K	v4.1	RFU	PLT11454	Raw RFU, Hyb Normalization, medNormInt (SampleId), plateScale, Calibration, anmlQC, qcCheck, medNormRefSMP (SampleType)	SomaScan 7K	SomaScan Assay v4.1	20%	NT=affinity-proteomics;VV=v1.0.0	NT=human;VV=v1.1.0	NT=somascan;VV=v1.0.0	v1.1.0	NT=sdrf-skills-autoresearch;VV=v0.0.0
PAD000036-744481	Homo sapiens	Blood	not available	not available	not available	CLI8007F506	not available	360	not applicable	blood serum	PAD000036-r00420-744481	protein expression profiling by aptamer array	1	SS-2217258_v4.1_TCRS_Adult_Serum.hybNorm.medNormInt.plateScale.calibrate.anmlQC.qcCheck.medNormRefSMP.adat	ftp://ftp.pride.ebi.ac.uk/pride/data/archive/2026/04/PAD000036/SS-2217258_v4.1_TCRS_Adult_Serum.hybNorm.medNormInt.plateScale.calibrate.anmlQC.qcCheck.medNormRefSMP.adat	SomaScan Assay	SomaScan 7K	v4.1	RFU	PLT11454	Raw RFU, Hyb Normalization, medNormInt (SampleId), plateScale, Calibration, anmlQC, qcCheck, medNormRefSMP (SampleType)	SomaScan 7K	SomaScan Assay v4.1	20%	NT=affinity-proteomics;VV=v1.0.0	NT=human;VV=v1.1.0	NT=somascan;VV=v1.0.0	v1.1.0	NT=sdrf-skills-autoresearch;VV=v0.0.0
PAD000036-744566	Homo sapiens	Blood	not available	not available	not available	CLI8007F506	not available	361	not applicable	blood serum	PAD000036-r00421-744566	protein expression profiling by aptamer array	1	SS-2217258_v4.1_TCRS_Adult_Serum.hybNorm.medNormInt.plateScale.calibrate.anmlQC.qcCheck.medNormRefSMP.adat	ftp://ftp.pride.ebi.ac.uk/pride/data/archive/2026/04/PAD000036/SS-2217258_v4.1_TCRS_Adult_Serum.hybNorm.medNormInt.plateScale.calibrate.anmlQC.qcCheck.medNormRefSMP.adat	SomaScan Assay	SomaScan 7K	v4.1	RFU	PLT11454	Raw RFU, Hyb Normalization, medNormInt (SampleId), plateScale, Calibration, anmlQC, qcCheck, medNormRefSMP (SampleType)	SomaScan 7K	SomaScan Assay v4.1	20%	NT=affinity-proteomics;VV=v1.0.0	NT=human;VV=v1.1.0	NT=somascan;VV=v1.0.0	v1.1.0	NT=sdrf-skills-autoresearch;VV=v0.0.0
PAD000036-744474	Homo sapiens	Blood	not available	not available	not available	CLI8007F506	not available	362	not applicable	blood serum	PAD000036-r00422-744474	protein expression profiling by aptamer array	1	SS-2217258_v4.1_TCRS_Adult_Serum.hybNorm.medNormInt.plateScale.calibrate.anmlQC.qcCheck.medNormRefSMP.adat	ftp://ftp.pride.ebi.ac.uk/pride/data/archive/2026/04/PAD000036/SS-2217258_v4.1_TCRS_Adult_Serum.hybNorm.medNormInt.plateScale.calibrate.anmlQC.qcCheck.medNormRefSMP.adat	SomaScan Assay	SomaScan 7K	v4.1	RFU	PLT11454	Raw RFU, Hyb Normalization, medNormInt (SampleId), plateScale, Calibration, anmlQC, qcCheck, medNormRefSMP (SampleType)	SomaScan 7K	SomaScan Assay v4.1	20%	NT=affinity-proteomics;VV=v1.0.0	NT=human;VV=v1.1.0	NT=somascan;VV=v1.0.0	v1.1.0	NT=sdrf-skills-autoresearch;VV=v0.0.0
PAD000036-200174	Homo sapiens	Blood	not available	not available	not available	not available	not available	214	quality control sample	blood;blood plasma;blood serum	PAD000036-r00423-200174	protein expression profiling by aptamer array	3	SS-2217258_v4.1_TCRS_Adult_Serum.hybNorm.medNormInt.plateScale.calibrate.anmlQC.qcCheck.medNormRefSMP.adat	ftp://ftp.pride.ebi.ac.uk/pride/data/archive/2026/04/PAD000036/SS-2217258_v4.1_TCRS_Adult_Serum.hybNorm.medNormInt.plateScale.calibrate.anmlQC.qcCheck.medNormRefSMP.adat	SomaScan Assay	SomaScan 7K	v4.1	RFU	PLT11454	Raw RFU, Hyb Normalization, medNormInt (SampleId), plateScale, Calibration, anmlQC, qcCheck, medNormRefSMP (SampleType)	SomaScan 7K	SomaScan Assay v4.1	20%	NT=affinity-proteomics;VV=v1.0.0	NT=human;VV=v1.1.0	NT=somascan;VV=v1.0.0	v1.1.0	NT=sdrf-skills-autoresearch;VV=v0.0.0
PAD000036-745491	Homo sapiens	Blood	not available	not available	not available	CLI8007F506	not available	363	not applicable	blood serum	PAD000036-r00424-745491	protein expression profiling by aptamer array	1	SS-2217258_v4.1_TCRS_Adult_Serum.hybNorm.medNormInt.plateScale.calibrate.anmlQC.qcCheck.medNormRefSMP.adat	ftp://ftp.pride.ebi.ac.uk/pride/data/archive/2026/04/PAD000036/SS-2217258_v4.1_TCRS_Adult_Serum.hybNorm.medNormInt.plateScale.calibrate.anmlQC.qcCheck.medNormRefSMP.adat	SomaScan Assay	SomaScan 7K	v4.1	RFU	PLT11454	Raw RFU, Hyb Normalization, medNormInt (SampleId), plateScale, Calibration, anmlQC, qcCheck, medNormRefSMP (SampleType)	SomaScan 7K	SomaScan Assay v4.1	20%	NT=affinity-proteomics;VV=v1.0.0	NT=human;VV=v1.1.0	NT=somascan;VV=v1.0.0	v1.1.0	NT=sdrf-skills-autoresearch;VV=v0.0.0
PAD000036-200173	Homo sapiens	Blood	not available	not available	not available	not available	not available	224	calibrator	blood;blood plasma;blood serum	PAD000036-r00425-200173	protein expression profiling by aptamer array	5	SS-2217258_v4.1_TCRS_Adult_Serum.hybNorm.medNormInt.plateScale.calibrate.anmlQC.qcCheck.medNormRefSMP.adat	ftp://ftp.pride.ebi.ac.uk/pride/data/archive/2026/04/PAD000036/SS-2217258_v4.1_TCRS_Adult_Serum.hybNorm.medNormInt.plateScale.calibrate.anmlQC.qcCheck.medNormRefSMP.adat	SomaScan Assay	SomaScan 7K	v4.1	RFU	PLT11454	Raw RFU, Hyb Normalization, medNormInt (SampleId), plateScale, Calibration, anmlQC, qcCheck, medNormRefSMP (SampleType)	SomaScan 7K	SomaScan Assay v4.1	20%	NT=affinity-proteomics;VV=v1.0.0	NT=human;VV=v1.1.0	NT=somascan;VV=v1.0.0	v1.1.0	NT=sdrf-skills-autoresearch;VV=v0.0.0
PAD000036-745035	Homo sapiens	Blood	not available	not available	not available	CLI8007F506	not available	364	not applicable	blood serum	PAD000036-r00426-745035	protein expression profiling by aptamer array	1	SS-2217258_v4.1_TCRS_Adult_Serum.hybNorm.medNormInt.plateScale.calibrate.anmlQC.qcCheck.medNormRefSMP.adat	ftp://ftp.pride.ebi.ac.uk/pride/data/archive/2026/04/PAD000036/SS-2217258_v4.1_TCRS_Adult_Serum.hybNorm.medNormInt.plateScale.calibrate.anmlQC.qcCheck.medNormRefSMP.adat	SomaScan Assay	SomaScan 7K	v4.1	RFU	PLT11454	Raw RFU, Hyb Normalization, medNormInt (SampleId), plateScale, Calibration, anmlQC, qcCheck, medNormRefSMP (SampleType)	SomaScan 7K	SomaScan Assay v4.1	20%	NT=affinity-proteomics;VV=v1.0.0	NT=human;VV=v1.1.0	NT=somascan;VV=v1.0.0	v1.1.0	NT=sdrf-skills-autoresearch;VV=v0.0.0
PAD000036-744569	Homo sapiens	Blood	not available	not available	not available	CLI8007F506	not available	365	not applicable	blood serum	PAD000036-r00427-744569	protein expression profiling by aptamer array	1	SS-2217258_v4.1_TCRS_Adult_Serum.hybNorm.medNormInt.plateScale.calibrate.anmlQC.qcCheck.medNormRefSMP.adat	ftp://ftp.pride.ebi.ac.uk/pride/data/archive/2026/04/PAD000036/SS-2217258_v4.1_TCRS_Adult_Serum.hybNorm.medNormInt.plateScale.calibrate.anmlQC.qcCheck.medNormRefSMP.adat	SomaScan Assay	SomaScan 7K	v4.1	RFU	PLT11454	Raw RFU, Hyb Normalization, medNormInt (SampleId), plateScale, Calibration, anmlQC, qcCheck, medNormRefSMP (SampleType)	SomaScan 7K	SomaScan Assay v4.1	20%	NT=affinity-proteomics;VV=v1.0.0	NT=human;VV=v1.1.0	NT=somascan;VV=v1.0.0	v1.1.0	NT=sdrf-skills-autoresearch;VV=v0.0.0
PAD000036-744467	Homo sapiens	Blood	not available	not available	not available	CLI8007F506	not available	366	not applicable	blood serum	PAD000036-r00428-744467	protein expression profiling by aptamer array	1	SS-2217258_v4.1_TCRS_Adult_Serum.hybNorm.medNormInt.plateScale.calibrate.anmlQC.qcCheck.medNormRefSMP.adat	ftp://ftp.pride.ebi.ac.uk/pride/data/archive/2026/04/PAD000036/SS-2217258_v4.1_TCRS_Adult_Serum.hybNorm.medNormInt.plateScale.calibrate.anmlQC.qcCheck.medNormRefSMP.adat	SomaScan Assay	SomaScan 7K	v4.1	RFU	PLT11454	Raw RFU, Hyb Normalization, medNormInt (SampleId), plateScale, Calibration, anmlQC, qcCheck, medNormRefSMP (SampleType)	SomaScan 7K	SomaScan Assay v4.1	20%	NT=affinity-proteomics;VV=v1.0.0	NT=human;VV=v1.1.0	NT=somascan;VV=v1.0.0	v1.1.0	NT=sdrf-skills-autoresearch;VV=v0.0.0
PAD000036-744369	Homo sapiens	Blood	not available	not available	not available	CLI8007F506	not available	367	not applicable	blood serum	PAD000036-r00429-744369	protein expression profiling by aptamer array	1	SS-2217258_v4.1_TCRS_Adult_Serum.hybNorm.medNormInt.plateScale.calibrate.anmlQC.qcCheck.medNormRefSMP.adat	ftp://ftp.pride.ebi.ac.uk/pride/data/archive/2026/04/PAD000036/SS-2217258_v4.1_TCRS_Adult_Serum.hybNorm.medNormInt.plateScale.calibrate.anmlQC.qcCheck.medNormRefSMP.adat	SomaScan Assay	SomaScan 7K	v4.1	RFU	PLT11454	Raw RFU, Hyb Normalization, medNormInt (SampleId), plateScale, Calibration, anmlQC, qcCheck, medNormRefSMP (SampleType)	SomaScan 7K	SomaScan Assay v4.1	20%	NT=affinity-proteomics;VV=v1.0.0	NT=human;VV=v1.1.0	NT=somascan;VV=v1.0.0	v1.1.0	NT=sdrf-skills-autoresearch;VV=v0.0.0
PAD000036-744442	Homo sapiens	Blood	not available	not available	not available	CLI8007F506	not available	368	not applicable	blood serum	PAD000036-r00430-744442	protein expression profiling by aptamer array	1	SS-2217258_v4.1_TCRS_Adult_Serum.hybNorm.medNormInt.plateScale.calibrate.anmlQC.qcCheck.medNormRefSMP.adat	ftp://ftp.pride.ebi.ac.uk/pride/data/archive/2026/04/PAD000036/SS-2217258_v4.1_TCRS_Adult_Serum.hybNorm.medNormInt.plateScale.calibrate.anmlQC.qcCheck.medNormRefSMP.adat	SomaScan Assay	SomaScan 7K	v4.1	RFU	PLT11454	Raw RFU, Hyb Normalization, medNormInt (SampleId), plateScale, Calibration, anmlQC, qcCheck, medNormRefSMP (SampleType)	SomaScan 7K	SomaScan Assay v4.1	20%	NT=affinity-proteomics;VV=v1.0.0	NT=human;VV=v1.1.0	NT=somascan;VV=v1.0.0	v1.1.0	NT=sdrf-skills-autoresearch;VV=v0.0.0
PAD000036-744434	Homo sapiens	Blood	not available	not available	not available	CLI8007F506	not available	369	not applicable	blood serum	PAD000036-r00431-744434	protein expression profiling by aptamer array	1	SS-2217258_v4.1_TCRS_Adult_Serum.hybNorm.medNormInt.plateScale.calibrate.anmlQC.qcCheck.medNormRefSMP.adat	ftp://ftp.pride.ebi.ac.uk/pride/data/archive/2026/04/PAD000036/SS-2217258_v4.1_TCRS_Adult_Serum.hybNorm.medNormInt.plateScale.calibrate.anmlQC.qcCheck.medNormRefSMP.adat	SomaScan Assay	SomaScan 7K	v4.1	RFU	PLT11454	Raw RFU, Hyb Normalization, medNormInt (SampleId), plateScale, Calibration, anmlQC, qcCheck, medNormRefSMP (SampleType)	SomaScan 7K	SomaScan Assay v4.1	20%	NT=affinity-proteomics;VV=v1.0.0	NT=human;VV=v1.1.0	NT=somascan;VV=v1.0.0	v1.1.0	NT=sdrf-skills-autoresearch;VV=v0.0.0
PAD000036-744643	Homo sapiens	Blood	not available	not available	not available	CLI8007F506	not available	370	not applicable	blood serum	PAD000036-r00432-744643	protein expression profiling by aptamer array	1	SS-2217258_v4.1_TCRS_Adult_Serum.hybNorm.medNormInt.plateScale.calibrate.anmlQC.qcCheck.medNormRefSMP.adat	ftp://ftp.pride.ebi.ac.uk/pride/data/archive/2026/04/PAD000036/SS-2217258_v4.1_TCRS_Adult_Serum.hybNorm.medNormInt.plateScale.calibrate.anmlQC.qcCheck.medNormRefSMP.adat	SomaScan Assay	SomaScan 7K	v4.1	RFU	PLT11458	Raw RFU, Hyb Normalization, medNormInt (SampleId), plateScale, Calibration, anmlQC, qcCheck, medNormRefSMP (SampleType)	SomaScan 7K	SomaScan Assay v4.1	20%	NT=affinity-proteomics;VV=v1.0.0	NT=human;VV=v1.1.0	NT=somascan;VV=v1.0.0	v1.1.0	NT=sdrf-skills-autoresearch;VV=v0.0.0
PAD000036-744674	Homo sapiens	Blood	not available	not available	not available	CLI8007F506	not available	371	not applicable	blood serum	PAD000036-r00433-744674	protein expression profiling by aptamer array	1	SS-2217258_v4.1_TCRS_Adult_Serum.hybNorm.medNormInt.plateScale.calibrate.anmlQC.qcCheck.medNormRefSMP.adat	ftp://ftp.pride.ebi.ac.uk/pride/data/archive/2026/04/PAD000036/SS-2217258_v4.1_TCRS_Adult_Serum.hybNorm.medNormInt.plateScale.calibrate.anmlQC.qcCheck.medNormRefSMP.adat	SomaScan Assay	SomaScan 7K	v4.1	RFU	PLT11458	Raw RFU, Hyb Normalization, medNormInt (SampleId), plateScale, Calibration, anmlQC, qcCheck, medNormRefSMP (SampleType)	SomaScan 7K	SomaScan Assay v4.1	20%	NT=affinity-proteomics;VV=v1.0.0	NT=human;VV=v1.1.0	NT=somascan;VV=v1.0.0	v1.1.0	NT=sdrf-skills-autoresearch;VV=v0.0.0
PAD000036-744660	Homo sapiens	Blood	not available	not available	not available	CLI8007F506	not available	372	not applicable	blood serum	PAD000036-r00434-744660	protein expression profiling by aptamer array	1	SS-2217258_v4.1_TCRS_Adult_Serum.hybNorm.medNormInt.plateScale.calibrate.anmlQC.qcCheck.medNormRefSMP.adat	ftp://ftp.pride.ebi.ac.uk/pride/data/archive/2026/04/PAD000036/SS-2217258_v4.1_TCRS_Adult_Serum.hybNorm.medNormInt.plateScale.calibrate.anmlQC.qcCheck.medNormRefSMP.adat	SomaScan Assay	SomaScan 7K	v4.1	RFU	PLT11458	Raw RFU, Hyb Normalization, medNormInt (SampleId), plateScale, Calibration, anmlQC, qcCheck, medNormRefSMP (SampleType)	SomaScan 7K	SomaScan Assay v4.1	20%	NT=affinity-proteomics;VV=v1.0.0	NT=human;VV=v1.1.0	NT=somascan;VV=v1.0.0	v1.1.0	NT=sdrf-skills-autoresearch;VV=v0.0.0
PAD000036-744631	Homo sapiens	Blood	not available	not available	not available	CLI8007F506	not available	373	not applicable	blood serum	PAD000036-r00435-744631	protein expression profiling by aptamer array	1	SS-2217258_v4.1_TCRS_Adult_Serum.hybNorm.medNormInt.plateScale.calibrate.anmlQC.qcCheck.medNormRefSMP.adat	ftp://ftp.pride.ebi.ac.uk/pride/data/archive/2026/04/PAD000036/SS-2217258_v4.1_TCRS_Adult_Serum.hybNorm.medNormInt.plateScale.calibrate.anmlQC.qcCheck.medNormRefSMP.adat	SomaScan Assay	SomaScan 7K	v4.1	RFU	PLT11458	Raw RFU, Hyb Normalization, medNormInt (SampleId), plateScale, Calibration, anmlQC, qcCheck, medNormRefSMP (SampleType)	SomaScan 7K	SomaScan Assay v4.1	20%	NT=affinity-proteomics;VV=v1.0.0	NT=human;VV=v1.1.0	NT=somascan;VV=v1.0.0	v1.1.0	NT=sdrf-skills-autoresearch;VV=v0.0.0
PAD000036-745489	Homo sapiens	Blood	not available	not available	not available	CLI8007F506	not available	374	not applicable	blood serum	PAD000036-r00436-745489	protein expression profiling by aptamer array	1	SS-2217258_v4.1_TCRS_Adult_Serum.hybNorm.medNormInt.plateScale.calibrate.anmlQC.qcCheck.medNormRefSMP.adat	ftp://ftp.pride.ebi.ac.uk/pride/data/archive/2026/04/PAD000036/SS-2217258_v4.1_TCRS_Adult_Serum.hybNorm.medNormInt.plateScale.calibrate.anmlQC.qcCheck.medNormRefSMP.adat	SomaScan Assay	SomaScan 7K	v4.1	RFU	PLT11458	Raw RFU, Hyb Normalization, medNormInt (SampleId), plateScale, Calibration, anmlQC, qcCheck, medNormRefSMP (SampleType)	SomaScan 7K	SomaScan Assay v4.1	20%	NT=affinity-proteomics;VV=v1.0.0	NT=human;VV=v1.1.0	NT=somascan;VV=v1.0.0	v1.1.0	NT=sdrf-skills-autoresearch;VV=v0.0.0
PAD000036-745492	Homo sapiens	Blood	not available	not available	not available	CLI8007F506	not available	375	not applicable	blood serum	PAD000036-r00437-745492	protein expression profiling by aptamer array	1	SS-2217258_v4.1_TCRS_Adult_Serum.hybNorm.medNormInt.plateScale.calibrate.anmlQC.qcCheck.medNormRefSMP.adat	ftp://ftp.pride.ebi.ac.uk/pride/data/archive/2026/04/PAD000036/SS-2217258_v4.1_TCRS_Adult_Serum.hybNorm.medNormInt.plateScale.calibrate.anmlQC.qcCheck.medNormRefSMP.adat	SomaScan Assay	SomaScan 7K	v4.1	RFU	PLT11458	Raw RFU, Hyb Normalization, medNormInt (SampleId), plateScale, Calibration, anmlQC, qcCheck, medNormRefSMP (SampleType)	SomaScan 7K	SomaScan Assay v4.1	20%	NT=affinity-proteomics;VV=v1.0.0	NT=human;VV=v1.1.0	NT=somascan;VV=v1.0.0	v1.1.0	NT=sdrf-skills-autoresearch;VV=v0.0.0
PAD000036-744394	Homo sapiens	Blood	not available	not available	not available	CLI8007F506	not available	376	not applicable	blood serum	PAD000036-r00438-744394	protein expression profiling by aptamer array	1	SS-2217258_v4.1_TCRS_Adult_Serum.hybNorm.medNormInt.plateScale.calibrate.anmlQC.qcCheck.medNormRefSMP.adat	ftp://ftp.pride.ebi.ac.uk/pride/data/archive/2026/04/PAD000036/SS-2217258_v4.1_TCRS_Adult_Serum.hybNorm.medNormInt.plateScale.calibrate.anmlQC.qcCheck.medNormRefSMP.adat	SomaScan Assay	SomaScan 7K	v4.1	RFU	PLT11458	Raw RFU, Hyb Normalization, medNormInt (SampleId), plateScale, Calibration, anmlQC, qcCheck, medNormRefSMP (SampleType)	SomaScan 7K	SomaScan Assay v4.1	20%	NT=affinity-proteomics;VV=v1.0.0	NT=human;VV=v1.1.0	NT=somascan;VV=v1.0.0	v1.1.0	NT=sdrf-skills-autoresearch;VV=v0.0.0
PAD000036-744621	Homo sapiens	Blood	not available	not available	not available	CLI8007F506	not available	377	not applicable	blood serum	PAD000036-r00439-744621	protein expression profiling by aptamer array	1	SS-2217258_v4.1_TCRS_Adult_Serum.hybNorm.medNormInt.plateScale.calibrate.anmlQC.qcCheck.medNormRefSMP.adat	ftp://ftp.pride.ebi.ac.uk/pride/data/archive/2026/04/PAD000036/SS-2217258_v4.1_TCRS_Adult_Serum.hybNorm.medNormInt.plateScale.calibrate.anmlQC.qcCheck.medNormRefSMP.adat	SomaScan Assay	SomaScan 7K	v4.1	RFU	PLT11458	Raw RFU, Hyb Normalization, medNormInt (SampleId), plateScale, Calibration, anmlQC, qcCheck, medNormRefSMP (SampleType)	SomaScan 7K	SomaScan Assay v4.1	20%	NT=affinity-proteomics;VV=v1.0.0	NT=human;VV=v1.1.0	NT=somascan;VV=v1.0.0	v1.1.0	NT=sdrf-skills-autoresearch;VV=v0.0.0
PAD000036-745453	Homo sapiens	Blood	not available	not available	not available	CLI8007F506	not available	378	not applicable	blood serum	PAD000036-r00440-745453	protein expression profiling by aptamer array	1	SS-2217258_v4.1_TCRS_Adult_Serum.hybNorm.medNormInt.plateScale.calibrate.anmlQC.qcCheck.medNormRefSMP.adat	ftp://ftp.pride.ebi.ac.uk/pride/data/archive/2026/04/PAD000036/SS-2217258_v4.1_TCRS_Adult_Serum.hybNorm.medNormInt.plateScale.calibrate.anmlQC.qcCheck.medNormRefSMP.adat	SomaScan Assay	SomaScan 7K	v4.1	RFU	PLT11458	Raw RFU, Hyb Normalization, medNormInt (SampleId), plateScale, Calibration, anmlQC, qcCheck, medNormRefSMP (SampleType)	SomaScan 7K	SomaScan Assay v4.1	20%	NT=affinity-proteomics;VV=v1.0.0	NT=human;VV=v1.1.0	NT=somascan;VV=v1.0.0	v1.1.0	NT=sdrf-skills-autoresearch;VV=v0.0.0
PAD000036-220214	Homo sapiens	Blood	not available	not available	not available	not available	not available	208	not applicable	blood;blood plasma;blood serum	PAD000036-r00441-220214	protein expression profiling by aptamer array	4	SS-2217258_v4.1_TCRS_Adult_Serum.hybNorm.medNormInt.plateScale.calibrate.anmlQC.qcCheck.medNormRefSMP.adat	ftp://ftp.pride.ebi.ac.uk/pride/data/archive/2026/04/PAD000036/SS-2217258_v4.1_TCRS_Adult_Serum.hybNorm.medNormInt.plateScale.calibrate.anmlQC.qcCheck.medNormRefSMP.adat	SomaScan Assay	SomaScan 7K	v4.1	RFU	PLT11458	Raw RFU, Hyb Normalization, medNormInt (SampleId), plateScale, Calibration, anmlQC, qcCheck, medNormRefSMP (SampleType)	SomaScan 7K	SomaScan Assay v4.1	20%	NT=affinity-proteomics;VV=v1.0.0	NT=human;VV=v1.1.0	NT=somascan;VV=v1.0.0	v1.1.0	NT=sdrf-skills-autoresearch;VV=v0.0.0
PAD000036-745505	Homo sapiens	Blood	not available	not available	not available	CLI8007F506	not available	379	not applicable	blood serum	PAD000036-r00442-745505	protein expression profiling by aptamer array	1	SS-2217258_v4.1_TCRS_Adult_Serum.hybNorm.medNormInt.plateScale.calibrate.anmlQC.qcCheck.medNormRefSMP.adat	ftp://ftp.pride.ebi.ac.uk/pride/data/archive/2026/04/PAD000036/SS-2217258_v4.1_TCRS_Adult_Serum.hybNorm.medNormInt.plateScale.calibrate.anmlQC.qcCheck.medNormRefSMP.adat	SomaScan Assay	SomaScan 7K	v4.1	RFU	PLT11458	Raw RFU, Hyb Normalization, medNormInt (SampleId), plateScale, Calibration, anmlQC, qcCheck, medNormRefSMP (SampleType)	SomaScan 7K	SomaScan Assay v4.1	20%	NT=affinity-proteomics;VV=v1.0.0	NT=human;VV=v1.1.0	NT=somascan;VV=v1.0.0	v1.1.0	NT=sdrf-skills-autoresearch;VV=v0.0.0
PAD000036-745448	Homo sapiens	Blood	not available	not available	not available	CLI8007F506	not available	380	not applicable	blood serum	PAD000036-r00443-745448	protein expression profiling by aptamer array	1	SS-2217258_v4.1_TCRS_Adult_Serum.hybNorm.medNormInt.plateScale.calibrate.anmlQC.qcCheck.medNormRefSMP.adat	ftp://ftp.pride.ebi.ac.uk/pride/data/archive/2026/04/PAD000036/SS-2217258_v4.1_TCRS_Adult_Serum.hybNorm.medNormInt.plateScale.calibrate.anmlQC.qcCheck.medNormRefSMP.adat	SomaScan Assay	SomaScan 7K	v4.1	RFU	PLT11458	Raw RFU, Hyb Normalization, medNormInt (SampleId), plateScale, Calibration, anmlQC, qcCheck, medNormRefSMP (SampleType)	SomaScan 7K	SomaScan Assay v4.1	20%	NT=affinity-proteomics;VV=v1.0.0	NT=human;VV=v1.1.0	NT=somascan;VV=v1.0.0	v1.1.0	NT=sdrf-skills-autoresearch;VV=v0.0.0
PAD000036-744375	Homo sapiens	Blood	not available	not available	not available	CLI8007F506	not available	381	not applicable	blood serum	PAD000036-r00444-744375	protein expression profiling by aptamer array	1	SS-2217258_v4.1_TCRS_Adult_Serum.hybNorm.medNormInt.plateScale.calibrate.anmlQC.qcCheck.medNormRefSMP.adat	ftp://ftp.pride.ebi.ac.uk/pride/data/archive/2026/04/PAD000036/SS-2217258_v4.1_TCRS_Adult_Serum.hybNorm.medNormInt.plateScale.calibrate.anmlQC.qcCheck.medNormRefSMP.adat	SomaScan Assay	SomaScan 7K	v4.1	RFU	PLT11458	Raw RFU, Hyb Normalization, medNormInt (SampleId), plateScale, Calibration, anmlQC, qcCheck, medNormRefSMP (SampleType)	SomaScan 7K	SomaScan Assay v4.1	20%	NT=affinity-proteomics;VV=v1.0.0	NT=human;VV=v1.1.0	NT=somascan;VV=v1.0.0	v1.1.0	NT=sdrf-skills-autoresearch;VV=v0.0.0
PAD000036-745509	Homo sapiens	Blood	not available	not available	not available	CLI8007F506	not available	382	not applicable	blood serum	PAD000036-r00445-745509	protein expression profiling by aptamer array	1	SS-2217258_v4.1_TCRS_Adult_Serum.hybNorm.medNormInt.plateScale.calibrate.anmlQC.qcCheck.medNormRefSMP.adat	ftp://ftp.pride.ebi.ac.uk/pride/data/archive/2026/04/PAD000036/SS-2217258_v4.1_TCRS_Adult_Serum.hybNorm.medNormInt.plateScale.calibrate.anmlQC.qcCheck.medNormRefSMP.adat	SomaScan Assay	SomaScan 7K	v4.1	RFU	PLT11458	Raw RFU, Hyb Normalization, medNormInt (SampleId), plateScale, Calibration, anmlQC, qcCheck, medNormRefSMP (SampleType)	SomaScan 7K	SomaScan Assay v4.1	20%	NT=affinity-proteomics;VV=v1.0.0	NT=human;VV=v1.1.0	NT=somascan;VV=v1.0.0	v1.1.0	NT=sdrf-skills-autoresearch;VV=v0.0.0
PAD000036-744463	Homo sapiens	Blood	not available	not available	not available	CLI8007F506	not available	383	not applicable	blood serum	PAD000036-r00446-744463	protein expression profiling by aptamer array	1	SS-2217258_v4.1_TCRS_Adult_Serum.hybNorm.medNormInt.plateScale.calibrate.anmlQC.qcCheck.medNormRefSMP.adat	ftp://ftp.pride.ebi.ac.uk/pride/data/archive/2026/04/PAD000036/SS-2217258_v4.1_TCRS_Adult_Serum.hybNorm.medNormInt.plateScale.calibrate.anmlQC.qcCheck.medNormRefSMP.adat	SomaScan Assay	SomaScan 7K	v4.1	RFU	PLT11458	Raw RFU, Hyb Normalization, medNormInt (SampleId), plateScale, Calibration, anmlQC, qcCheck, medNormRefSMP (SampleType)	SomaScan 7K	SomaScan Assay v4.1	20%	NT=affinity-proteomics;VV=v1.0.0	NT=human;VV=v1.1.0	NT=somascan;VV=v1.0.0	v1.1.0	NT=sdrf-skills-autoresearch;VV=v0.0.0
PAD000036-744381	Homo sapiens	Blood	not available	not available	not available	CLI8007F506	not available	384	not applicable	blood serum	PAD000036-r00447-744381	protein expression profiling by aptamer array	1	SS-2217258_v4.1_TCRS_Adult_Serum.hybNorm.medNormInt.plateScale.calibrate.anmlQC.qcCheck.medNormRefSMP.adat	ftp://ftp.pride.ebi.ac.uk/pride/data/archive/2026/04/PAD000036/SS-2217258_v4.1_TCRS_Adult_Serum.hybNorm.medNormInt.plateScale.calibrate.anmlQC.qcCheck.medNormRefSMP.adat	SomaScan Assay	SomaScan 7K	v4.1	RFU	PLT11458	Raw RFU, Hyb Normalization, medNormInt (SampleId), plateScale, Calibration, anmlQC, qcCheck, medNormRefSMP (SampleType)	SomaScan 7K	SomaScan Assay v4.1	20%	NT=affinity-proteomics;VV=v1.0.0	NT=human;VV=v1.1.0	NT=somascan;VV=v1.0.0	v1.1.0	NT=sdrf-skills-autoresearch;VV=v0.0.0
PAD000036-744537	Homo sapiens	Blood	not available	not available	not available	CLI8007F506	not available	385	not applicable	blood serum	PAD000036-r00448-744537	protein expression profiling by aptamer array	1	SS-2217258_v4.1_TCRS_Adult_Serum.hybNorm.medNormInt.plateScale.calibrate.anmlQC.qcCheck.medNormRefSMP.adat	ftp://ftp.pride.ebi.ac.uk/pride/data/archive/2026/04/PAD000036/SS-2217258_v4.1_TCRS_Adult_Serum.hybNorm.medNormInt.plateScale.calibrate.anmlQC.qcCheck.medNormRefSMP.adat	SomaScan Assay	SomaScan 7K	v4.1	RFU	PLT11458	Raw RFU, Hyb Normalization, medNormInt (SampleId), plateScale, Calibration, anmlQC, qcCheck, medNormRefSMP (SampleType)	SomaScan 7K	SomaScan Assay v4.1	20%	NT=affinity-proteomics;VV=v1.0.0	NT=human;VV=v1.1.0	NT=somascan;VV=v1.0.0	v1.1.0	NT=sdrf-skills-autoresearch;VV=v0.0.0
PAD000036-744703	Homo sapiens	Blood	not available	not available	not available	CLI8007F506	not available	386	not applicable	blood serum	PAD000036-r00449-744703	protein expression profiling by aptamer array	1	SS-2217258_v4.1_TCRS_Adult_Serum.hybNorm.medNormInt.plateScale.calibrate.anmlQC.qcCheck.medNormRefSMP.adat	ftp://ftp.pride.ebi.ac.uk/pride/data/archive/2026/04/PAD000036/SS-2217258_v4.1_TCRS_Adult_Serum.hybNorm.medNormInt.plateScale.calibrate.anmlQC.qcCheck.medNormRefSMP.adat	SomaScan Assay	SomaScan 7K	v4.1	RFU	PLT11458	Raw RFU, Hyb Normalization, medNormInt (SampleId), plateScale, Calibration, anmlQC, qcCheck, medNormRefSMP (SampleType)	SomaScan 7K	SomaScan Assay v4.1	20%	NT=affinity-proteomics;VV=v1.0.0	NT=human;VV=v1.1.0	NT=somascan;VV=v1.0.0	v1.1.0	NT=sdrf-skills-autoresearch;VV=v0.0.0
PAD000036-744417	Homo sapiens	Blood	not available	not available	not available	CLI8007F506	not available	387	not applicable	blood serum	PAD000036-r00450-744417	protein expression profiling by aptamer array	1	SS-2217258_v4.1_TCRS_Adult_Serum.hybNorm.medNormInt.plateScale.calibrate.anmlQC.qcCheck.medNormRefSMP.adat	ftp://ftp.pride.ebi.ac.uk/pride/data/archive/2026/04/PAD000036/SS-2217258_v4.1_TCRS_Adult_Serum.hybNorm.medNormInt.plateScale.calibrate.anmlQC.qcCheck.medNormRefSMP.adat	SomaScan Assay	SomaScan 7K	v4.1	RFU	PLT11458	Raw RFU, Hyb Normalization, medNormInt (SampleId), plateScale, Calibration, anmlQC, qcCheck, medNormRefSMP (SampleType)	SomaScan 7K	SomaScan Assay v4.1	20%	NT=affinity-proteomics;VV=v1.0.0	NT=human;VV=v1.1.0	NT=somascan;VV=v1.0.0	v1.1.0	NT=sdrf-skills-autoresearch;VV=v0.0.0
PAD000036-200174	Homo sapiens	Blood	not available	not available	not available	not available	not available	214	quality control sample	blood;blood plasma;blood serum	PAD000036-r00451-200174	protein expression profiling by aptamer array	4	SS-2217258_v4.1_TCRS_Adult_Serum.hybNorm.medNormInt.plateScale.calibrate.anmlQC.qcCheck.medNormRefSMP.adat	ftp://ftp.pride.ebi.ac.uk/pride/data/archive/2026/04/PAD000036/SS-2217258_v4.1_TCRS_Adult_Serum.hybNorm.medNormInt.plateScale.calibrate.anmlQC.qcCheck.medNormRefSMP.adat	SomaScan Assay	SomaScan 7K	v4.1	RFU	PLT11458	Raw RFU, Hyb Normalization, medNormInt (SampleId), plateScale, Calibration, anmlQC, qcCheck, medNormRefSMP (SampleType)	SomaScan 7K	SomaScan Assay v4.1	20%	NT=affinity-proteomics;VV=v1.0.0	NT=human;VV=v1.1.0	NT=somascan;VV=v1.0.0	v1.1.0	NT=sdrf-skills-autoresearch;VV=v0.0.0
PAD000036-744377	Homo sapiens	Blood	not available	not available	not available	CLI8007F506	not available	388	not applicable	blood serum	PAD000036-r00452-744377	protein expression profiling by aptamer array	1	SS-2217258_v4.1_TCRS_Adult_Serum.hybNorm.medNormInt.plateScale.calibrate.anmlQC.qcCheck.medNormRefSMP.adat	ftp://ftp.pride.ebi.ac.uk/pride/data/archive/2026/04/PAD000036/SS-2217258_v4.1_TCRS_Adult_Serum.hybNorm.medNormInt.plateScale.calibrate.anmlQC.qcCheck.medNormRefSMP.adat	SomaScan Assay	SomaScan 7K	v4.1	RFU	PLT11458	Raw RFU, Hyb Normalization, medNormInt (SampleId), plateScale, Calibration, anmlQC, qcCheck, medNormRefSMP (SampleType)	SomaScan 7K	SomaScan Assay v4.1	20%	NT=affinity-proteomics;VV=v1.0.0	NT=human;VV=v1.1.0	NT=somascan;VV=v1.0.0	v1.1.0	NT=sdrf-skills-autoresearch;VV=v0.0.0
PAD000036-745455	Homo sapiens	Blood	not available	not available	not available	CLI8007F506	not available	389	not applicable	blood serum	PAD000036-r00453-745455	protein expression profiling by aptamer array	1	SS-2217258_v4.1_TCRS_Adult_Serum.hybNorm.medNormInt.plateScale.calibrate.anmlQC.qcCheck.medNormRefSMP.adat	ftp://ftp.pride.ebi.ac.uk/pride/data/archive/2026/04/PAD000036/SS-2217258_v4.1_TCRS_Adult_Serum.hybNorm.medNormInt.plateScale.calibrate.anmlQC.qcCheck.medNormRefSMP.adat	SomaScan Assay	SomaScan 7K	v4.1	RFU	PLT11458	Raw RFU, Hyb Normalization, medNormInt (SampleId), plateScale, Calibration, anmlQC, qcCheck, medNormRefSMP (SampleType)	SomaScan 7K	SomaScan Assay v4.1	20%	NT=affinity-proteomics;VV=v1.0.0	NT=human;VV=v1.1.0	NT=somascan;VV=v1.0.0	v1.1.0	NT=sdrf-skills-autoresearch;VV=v0.0.0
PAD000036-744496	Homo sapiens	Blood	not available	not available	not available	CLI8007F506	not available	390	not applicable	blood serum	PAD000036-r00454-744496	protein expression profiling by aptamer array	1	SS-2217258_v4.1_TCRS_Adult_Serum.hybNorm.medNormInt.plateScale.calibrate.anmlQC.qcCheck.medNormRefSMP.adat	ftp://ftp.pride.ebi.ac.uk/pride/data/archive/2026/04/PAD000036/SS-2217258_v4.1_TCRS_Adult_Serum.hybNorm.medNormInt.plateScale.calibrate.anmlQC.qcCheck.medNormRefSMP.adat	SomaScan Assay	SomaScan 7K	v4.1	RFU	PLT11458	Raw RFU, Hyb Normalization, medNormInt (SampleId), plateScale, Calibration, anmlQC, qcCheck, medNormRefSMP (SampleType)	SomaScan 7K	SomaScan Assay v4.1	20%	NT=affinity-proteomics;VV=v1.0.0	NT=human;VV=v1.1.0	NT=somascan;VV=v1.0.0	v1.1.0	NT=sdrf-skills-autoresearch;VV=v0.0.0
PAD000036-744410	Homo sapiens	Blood	not available	not available	not available	CLI8007F506	not available	391	not applicable	blood serum	PAD000036-r00455-744410	protein expression profiling by aptamer array	1	SS-2217258_v4.1_TCRS_Adult_Serum.hybNorm.medNormInt.plateScale.calibrate.anmlQC.qcCheck.medNormRefSMP.adat	ftp://ftp.pride.ebi.ac.uk/pride/data/archive/2026/04/PAD000036/SS-2217258_v4.1_TCRS_Adult_Serum.hybNorm.medNormInt.plateScale.calibrate.anmlQC.qcCheck.medNormRefSMP.adat	SomaScan Assay	SomaScan 7K	v4.1	RFU	PLT11458	Raw RFU, Hyb Normalization, medNormInt (SampleId), plateScale, Calibration, anmlQC, qcCheck, medNormRefSMP (SampleType)	SomaScan 7K	SomaScan Assay v4.1	20%	NT=affinity-proteomics;VV=v1.0.0	NT=human;VV=v1.1.0	NT=somascan;VV=v1.0.0	v1.1.0	NT=sdrf-skills-autoresearch;VV=v0.0.0
PAD000036-744539	Homo sapiens	Blood	not available	not available	not available	CLI8007F506	not available	392	not applicable	blood serum	PAD000036-r00456-744539	protein expression profiling by aptamer array	1	SS-2217258_v4.1_TCRS_Adult_Serum.hybNorm.medNormInt.plateScale.calibrate.anmlQC.qcCheck.medNormRefSMP.adat	ftp://ftp.pride.ebi.ac.uk/pride/data/archive/2026/04/PAD000036/SS-2217258_v4.1_TCRS_Adult_Serum.hybNorm.medNormInt.plateScale.calibrate.anmlQC.qcCheck.medNormRefSMP.adat	SomaScan Assay	SomaScan 7K	v4.1	RFU	PLT11458	Raw RFU, Hyb Normalization, medNormInt (SampleId), plateScale, Calibration, anmlQC, qcCheck, medNormRefSMP (SampleType)	SomaScan 7K	SomaScan Assay v4.1	20%	NT=affinity-proteomics;VV=v1.0.0	NT=human;VV=v1.1.0	NT=somascan;VV=v1.0.0	v1.1.0	NT=sdrf-skills-autoresearch;VV=v0.0.0
PAD000036-744656	Homo sapiens	Blood	not available	not available	not available	CLI8007F506	not available	393	not applicable	blood serum	PAD000036-r00457-744656	protein expression profiling by aptamer array	1	SS-2217258_v4.1_TCRS_Adult_Serum.hybNorm.medNormInt.plateScale.calibrate.anmlQC.qcCheck.medNormRefSMP.adat	ftp://ftp.pride.ebi.ac.uk/pride/data/archive/2026/04/PAD000036/SS-2217258_v4.1_TCRS_Adult_Serum.hybNorm.medNormInt.plateScale.calibrate.anmlQC.qcCheck.medNormRefSMP.adat	SomaScan Assay	SomaScan 7K	v4.1	RFU	PLT11458	Raw RFU, Hyb Normalization, medNormInt (SampleId), plateScale, Calibration, anmlQC, qcCheck, medNormRefSMP (SampleType)	SomaScan 7K	SomaScan Assay v4.1	20%	NT=affinity-proteomics;VV=v1.0.0	NT=human;VV=v1.1.0	NT=somascan;VV=v1.0.0	v1.1.0	NT=sdrf-skills-autoresearch;VV=v0.0.0
PAD000036-744526	Homo sapiens	Blood	not available	not available	not available	CLI8007F506	not available	394	not applicable	blood serum	PAD000036-r00458-744526	protein expression profiling by aptamer array	1	SS-2217258_v4.1_TCRS_Adult_Serum.hybNorm.medNormInt.plateScale.calibrate.anmlQC.qcCheck.medNormRefSMP.adat	ftp://ftp.pride.ebi.ac.uk/pride/data/archive/2026/04/PAD000036/SS-2217258_v4.1_TCRS_Adult_Serum.hybNorm.medNormInt.plateScale.calibrate.anmlQC.qcCheck.medNormRefSMP.adat	SomaScan Assay	SomaScan 7K	v4.1	RFU	PLT11458	Raw RFU, Hyb Normalization, medNormInt (SampleId), plateScale, Calibration, anmlQC, qcCheck, medNormRefSMP (SampleType)	SomaScan 7K	SomaScan Assay v4.1	20%	NT=affinity-proteomics;VV=v1.0.0	NT=human;VV=v1.1.0	NT=somascan;VV=v1.0.0	v1.1.0	NT=sdrf-skills-autoresearch;VV=v0.0.0
PAD000036-744645	Homo sapiens	Blood	not available	not available	not available	CLI8007F506	not available	395	not applicable	blood serum	PAD000036-r00459-744645	protein expression profiling by aptamer array	1	SS-2217258_v4.1_TCRS_Adult_Serum.hybNorm.medNormInt.plateScale.calibrate.anmlQC.qcCheck.medNormRefSMP.adat	ftp://ftp.pride.ebi.ac.uk/pride/data/archive/2026/04/PAD000036/SS-2217258_v4.1_TCRS_Adult_Serum.hybNorm.medNormInt.plateScale.calibrate.anmlQC.qcCheck.medNormRefSMP.adat	SomaScan Assay	SomaScan 7K	v4.1	RFU	PLT11458	Raw RFU, Hyb Normalization, medNormInt (SampleId), plateScale, Calibration, anmlQC, qcCheck, medNormRefSMP (SampleType)	SomaScan 7K	SomaScan Assay v4.1	20%	NT=affinity-proteomics;VV=v1.0.0	NT=human;VV=v1.1.0	NT=somascan;VV=v1.0.0	v1.1.0	NT=sdrf-skills-autoresearch;VV=v0.0.0
PAD000036-744552	Homo sapiens	Blood	not available	not available	not available	CLI8007F506	not available	396	not applicable	blood serum	PAD000036-r00460-744552	protein expression profiling by aptamer array	1	SS-2217258_v4.1_TCRS_Adult_Serum.hybNorm.medNormInt.plateScale.calibrate.anmlQC.qcCheck.medNormRefSMP.adat	ftp://ftp.pride.ebi.ac.uk/pride/data/archive/2026/04/PAD000036/SS-2217258_v4.1_TCRS_Adult_Serum.hybNorm.medNormInt.plateScale.calibrate.anmlQC.qcCheck.medNormRefSMP.adat	SomaScan Assay	SomaScan 7K	v4.1	RFU	PLT11458	Raw RFU, Hyb Normalization, medNormInt (SampleId), plateScale, Calibration, anmlQC, qcCheck, medNormRefSMP (SampleType)	SomaScan 7K	SomaScan Assay v4.1	20%	NT=affinity-proteomics;VV=v1.0.0	NT=human;VV=v1.1.0	NT=somascan;VV=v1.0.0	v1.1.0	NT=sdrf-skills-autoresearch;VV=v0.0.0
PAD000036-744619	Homo sapiens	Blood	not available	not available	not available	CLI8007F506	not available	397	not applicable	blood serum	PAD000036-r00461-744619	protein expression profiling by aptamer array	1	SS-2217258_v4.1_TCRS_Adult_Serum.hybNorm.medNormInt.plateScale.calibrate.anmlQC.qcCheck.medNormRefSMP.adat	ftp://ftp.pride.ebi.ac.uk/pride/data/archive/2026/04/PAD000036/SS-2217258_v4.1_TCRS_Adult_Serum.hybNorm.medNormInt.plateScale.calibrate.anmlQC.qcCheck.medNormRefSMP.adat	SomaScan Assay	SomaScan 7K	v4.1	RFU	PLT11458	Raw RFU, Hyb Normalization, medNormInt (SampleId), plateScale, Calibration, anmlQC, qcCheck, medNormRefSMP (SampleType)	SomaScan 7K	SomaScan Assay v4.1	20%	NT=affinity-proteomics;VV=v1.0.0	NT=human;VV=v1.1.0	NT=somascan;VV=v1.0.0	v1.1.0	NT=sdrf-skills-autoresearch;VV=v0.0.0
PAD000036-744648	Homo sapiens	Blood	not available	not available	not available	CLI8007F506	not available	398	not applicable	blood serum	PAD000036-r00462-744648	protein expression profiling by aptamer array	1	SS-2217258_v4.1_TCRS_Adult_Serum.hybNorm.medNormInt.plateScale.calibrate.anmlQC.qcCheck.medNormRefSMP.adat	ftp://ftp.pride.ebi.ac.uk/pride/data/archive/2026/04/PAD000036/SS-2217258_v4.1_TCRS_Adult_Serum.hybNorm.medNormInt.plateScale.calibrate.anmlQC.qcCheck.medNormRefSMP.adat	SomaScan Assay	SomaScan 7K	v4.1	RFU	PLT11458	Raw RFU, Hyb Normalization, medNormInt (SampleId), plateScale, Calibration, anmlQC, qcCheck, medNormRefSMP (SampleType)	SomaScan 7K	SomaScan Assay v4.1	20%	NT=affinity-proteomics;VV=v1.0.0	NT=human;VV=v1.1.0	NT=somascan;VV=v1.0.0	v1.1.0	NT=sdrf-skills-autoresearch;VV=v0.0.0
PAD000036-744627	Homo sapiens	Blood	not available	not available	not available	CLI8007F506	not available	399	not applicable	blood serum	PAD000036-r00463-744627	protein expression profiling by aptamer array	1	SS-2217258_v4.1_TCRS_Adult_Serum.hybNorm.medNormInt.plateScale.calibrate.anmlQC.qcCheck.medNormRefSMP.adat	ftp://ftp.pride.ebi.ac.uk/pride/data/archive/2026/04/PAD000036/SS-2217258_v4.1_TCRS_Adult_Serum.hybNorm.medNormInt.plateScale.calibrate.anmlQC.qcCheck.medNormRefSMP.adat	SomaScan Assay	SomaScan 7K	v4.1	RFU	PLT11458	Raw RFU, Hyb Normalization, medNormInt (SampleId), plateScale, Calibration, anmlQC, qcCheck, medNormRefSMP (SampleType)	SomaScan 7K	SomaScan Assay v4.1	20%	NT=affinity-proteomics;VV=v1.0.0	NT=human;VV=v1.1.0	NT=somascan;VV=v1.0.0	v1.1.0	NT=sdrf-skills-autoresearch;VV=v0.0.0
PAD000036-744628	Homo sapiens	Blood	not available	not available	not available	CLI8007F506	not available	400	not applicable	blood serum	PAD000036-r00464-744628	protein expression profiling by aptamer array	1	SS-2217258_v4.1_TCRS_Adult_Serum.hybNorm.medNormInt.plateScale.calibrate.anmlQC.qcCheck.medNormRefSMP.adat	ftp://ftp.pride.ebi.ac.uk/pride/data/archive/2026/04/PAD000036/SS-2217258_v4.1_TCRS_Adult_Serum.hybNorm.medNormInt.plateScale.calibrate.anmlQC.qcCheck.medNormRefSMP.adat	SomaScan Assay	SomaScan 7K	v4.1	RFU	PLT11458	Raw RFU, Hyb Normalization, medNormInt (SampleId), plateScale, Calibration, anmlQC, qcCheck, medNormRefSMP (SampleType)	SomaScan 7K	SomaScan Assay v4.1	20%	NT=affinity-proteomics;VV=v1.0.0	NT=human;VV=v1.1.0	NT=somascan;VV=v1.0.0	v1.1.0	NT=sdrf-skills-autoresearch;VV=v0.0.0
PAD000036-744658	Homo sapiens	Blood	not available	not available	not available	CLI8007F506	not available	401	not applicable	blood serum	PAD000036-r00465-744658	protein expression profiling by aptamer array	1	SS-2217258_v4.1_TCRS_Adult_Serum.hybNorm.medNormInt.plateScale.calibrate.anmlQC.qcCheck.medNormRefSMP.adat	ftp://ftp.pride.ebi.ac.uk/pride/data/archive/2026/04/PAD000036/SS-2217258_v4.1_TCRS_Adult_Serum.hybNorm.medNormInt.plateScale.calibrate.anmlQC.qcCheck.medNormRefSMP.adat	SomaScan Assay	SomaScan 7K	v4.1	RFU	PLT11458	Raw RFU, Hyb Normalization, medNormInt (SampleId), plateScale, Calibration, anmlQC, qcCheck, medNormRefSMP (SampleType)	SomaScan 7K	SomaScan Assay v4.1	20%	NT=affinity-proteomics;VV=v1.0.0	NT=human;VV=v1.1.0	NT=somascan;VV=v1.0.0	v1.1.0	NT=sdrf-skills-autoresearch;VV=v0.0.0
PAD000036-200173	Homo sapiens	Blood	not available	not available	not available	not available	not available	224	calibrator	blood;blood plasma;blood serum	PAD000036-r00466-200173	protein expression profiling by aptamer array	6	SS-2217258_v4.1_TCRS_Adult_Serum.hybNorm.medNormInt.plateScale.calibrate.anmlQC.qcCheck.medNormRefSMP.adat	ftp://ftp.pride.ebi.ac.uk/pride/data/archive/2026/04/PAD000036/SS-2217258_v4.1_TCRS_Adult_Serum.hybNorm.medNormInt.plateScale.calibrate.anmlQC.qcCheck.medNormRefSMP.adat	SomaScan Assay	SomaScan 7K	v4.1	RFU	PLT11458	Raw RFU, Hyb Normalization, medNormInt (SampleId), plateScale, Calibration, anmlQC, qcCheck, medNormRefSMP (SampleType)	SomaScan 7K	SomaScan Assay v4.1	20%	NT=affinity-proteomics;VV=v1.0.0	NT=human;VV=v1.1.0	NT=somascan;VV=v1.0.0	v1.1.0	NT=sdrf-skills-autoresearch;VV=v0.0.0
PAD000036-745449	Homo sapiens	Blood	not available	not available	not available	CLI8007F506	not available	402	not applicable	blood serum	PAD000036-r00467-745449	protein expression profiling by aptamer array	1	SS-2217258_v4.1_TCRS_Adult_Serum.hybNorm.medNormInt.plateScale.calibrate.anmlQC.qcCheck.medNormRefSMP.adat	ftp://ftp.pride.ebi.ac.uk/pride/data/archive/2026/04/PAD000036/SS-2217258_v4.1_TCRS_Adult_Serum.hybNorm.medNormInt.plateScale.calibrate.anmlQC.qcCheck.medNormRefSMP.adat	SomaScan Assay	SomaScan 7K	v4.1	RFU	PLT11458	Raw RFU, Hyb Normalization, medNormInt (SampleId), plateScale, Calibration, anmlQC, qcCheck, medNormRefSMP (SampleType)	SomaScan 7K	SomaScan Assay v4.1	20%	NT=affinity-proteomics;VV=v1.0.0	NT=human;VV=v1.1.0	NT=somascan;VV=v1.0.0	v1.1.0	NT=sdrf-skills-autoresearch;VV=v0.0.0
PAD000036-744642	Homo sapiens	Blood	not available	not available	not available	CLI8007F506	not available	403	not applicable	blood serum	PAD000036-r00468-744642	protein expression profiling by aptamer array	1	SS-2217258_v4.1_TCRS_Adult_Serum.hybNorm.medNormInt.plateScale.calibrate.anmlQC.qcCheck.medNormRefSMP.adat	ftp://ftp.pride.ebi.ac.uk/pride/data/archive/2026/04/PAD000036/SS-2217258_v4.1_TCRS_Adult_Serum.hybNorm.medNormInt.plateScale.calibrate.anmlQC.qcCheck.medNormRefSMP.adat	SomaScan Assay	SomaScan 7K	v4.1	RFU	PLT11458	Raw RFU, Hyb Normalization, medNormInt (SampleId), plateScale, Calibration, anmlQC, qcCheck, medNormRefSMP (SampleType)	SomaScan 7K	SomaScan Assay v4.1	20%	NT=affinity-proteomics;VV=v1.0.0	NT=human;VV=v1.1.0	NT=somascan;VV=v1.0.0	v1.1.0	NT=sdrf-skills-autoresearch;VV=v0.0.0
PAD000036-744384	Homo sapiens	Blood	not available	not available	not available	CLI8007F506	not available	404	not applicable	blood serum	PAD000036-r00469-744384	protein expression profiling by aptamer array	1	SS-2217258_v4.1_TCRS_Adult_Serum.hybNorm.medNormInt.plateScale.calibrate.anmlQC.qcCheck.medNormRefSMP.adat	ftp://ftp.pride.ebi.ac.uk/pride/data/archive/2026/04/PAD000036/SS-2217258_v4.1_TCRS_Adult_Serum.hybNorm.medNormInt.plateScale.calibrate.anmlQC.qcCheck.medNormRefSMP.adat	SomaScan Assay	SomaScan 7K	v4.1	RFU	PLT11458	Raw RFU, Hyb Normalization, medNormInt (SampleId), plateScale, Calibration, anmlQC, qcCheck, medNormRefSMP (SampleType)	SomaScan 7K	SomaScan Assay v4.1	20%	NT=affinity-proteomics;VV=v1.0.0	NT=human;VV=v1.1.0	NT=somascan;VV=v1.0.0	v1.1.0	NT=sdrf-skills-autoresearch;VV=v0.0.0
PAD000036-200174	Homo sapiens	Blood	not available	not available	not available	not available	not available	214	quality control sample	blood;blood plasma;blood serum	PAD000036-r00470-200174	protein expression profiling by aptamer array	5	SS-2217258_v4.1_TCRS_Adult_Serum.hybNorm.medNormInt.plateScale.calibrate.anmlQC.qcCheck.medNormRefSMP.adat	ftp://ftp.pride.ebi.ac.uk/pride/data/archive/2026/04/PAD000036/SS-2217258_v4.1_TCRS_Adult_Serum.hybNorm.medNormInt.plateScale.calibrate.anmlQC.qcCheck.medNormRefSMP.adat	SomaScan Assay	SomaScan 7K	v4.1	RFU	PLT11458	Raw RFU, Hyb Normalization, medNormInt (SampleId), plateScale, Calibration, anmlQC, qcCheck, medNormRefSMP (SampleType)	SomaScan 7K	SomaScan Assay v4.1	20%	NT=affinity-proteomics;VV=v1.0.0	NT=human;VV=v1.1.0	NT=somascan;VV=v1.0.0	v1.1.0	NT=sdrf-skills-autoresearch;VV=v0.0.0
PAD000036-744691	Homo sapiens	Blood	not available	not available	not available	CLI8007F506	not available	405	not applicable	blood serum	PAD000036-r00471-744691	protein expression profiling by aptamer array	1	SS-2217258_v4.1_TCRS_Adult_Serum.hybNorm.medNormInt.plateScale.calibrate.anmlQC.qcCheck.medNormRefSMP.adat	ftp://ftp.pride.ebi.ac.uk/pride/data/archive/2026/04/PAD000036/SS-2217258_v4.1_TCRS_Adult_Serum.hybNorm.medNormInt.plateScale.calibrate.anmlQC.qcCheck.medNormRefSMP.adat	SomaScan Assay	SomaScan 7K	v4.1	RFU	PLT11458	Raw RFU, Hyb Normalization, medNormInt (SampleId), plateScale, Calibration, anmlQC, qcCheck, medNormRefSMP (SampleType)	SomaScan 7K	SomaScan Assay v4.1	20%	NT=affinity-proteomics;VV=v1.0.0	NT=human;VV=v1.1.0	NT=somascan;VV=v1.0.0	v1.1.0	NT=sdrf-skills-autoresearch;VV=v0.0.0
PAD000036-744573	Homo sapiens	Blood	not available	not available	not available	CLI8007F506	not available	406	not applicable	blood serum	PAD000036-r00472-744573	protein expression profiling by aptamer array	1	SS-2217258_v4.1_TCRS_Adult_Serum.hybNorm.medNormInt.plateScale.calibrate.anmlQC.qcCheck.medNormRefSMP.adat	ftp://ftp.pride.ebi.ac.uk/pride/data/archive/2026/04/PAD000036/SS-2217258_v4.1_TCRS_Adult_Serum.hybNorm.medNormInt.plateScale.calibrate.anmlQC.qcCheck.medNormRefSMP.adat	SomaScan Assay	SomaScan 7K	v4.1	RFU	PLT11458	Raw RFU, Hyb Normalization, medNormInt (SampleId), plateScale, Calibration, anmlQC, qcCheck, medNormRefSMP (SampleType)	SomaScan 7K	SomaScan Assay v4.1	20%	NT=affinity-proteomics;VV=v1.0.0	NT=human;VV=v1.1.0	NT=somascan;VV=v1.0.0	v1.1.0	NT=sdrf-skills-autoresearch;VV=v0.0.0
PAD000036-200173	Homo sapiens	Blood	not available	not available	not available	not available	not available	224	calibrator	blood;blood plasma;blood serum	PAD000036-r00473-200173	protein expression profiling by aptamer array	7	SS-2217258_v4.1_TCRS_Adult_Serum.hybNorm.medNormInt.plateScale.calibrate.anmlQC.qcCheck.medNormRefSMP.adat	ftp://ftp.pride.ebi.ac.uk/pride/data/archive/2026/04/PAD000036/SS-2217258_v4.1_TCRS_Adult_Serum.hybNorm.medNormInt.plateScale.calibrate.anmlQC.qcCheck.medNormRefSMP.adat	SomaScan Assay	SomaScan 7K	v4.1	RFU	PLT11458	Raw RFU, Hyb Normalization, medNormInt (SampleId), plateScale, Calibration, anmlQC, qcCheck, medNormRefSMP (SampleType)	SomaScan 7K	SomaScan Assay v4.1	20%	NT=affinity-proteomics;VV=v1.0.0	NT=human;VV=v1.1.0	NT=somascan;VV=v1.0.0	v1.1.0	NT=sdrf-skills-autoresearch;VV=v0.0.0
PAD000036-744527	Homo sapiens	Blood	not available	not available	not available	CLI8007F506	not available	407	not applicable	blood serum	PAD000036-r00474-744527	protein expression profiling by aptamer array	1	SS-2217258_v4.1_TCRS_Adult_Serum.hybNorm.medNormInt.plateScale.calibrate.anmlQC.qcCheck.medNormRefSMP.adat	ftp://ftp.pride.ebi.ac.uk/pride/data/archive/2026/04/PAD000036/SS-2217258_v4.1_TCRS_Adult_Serum.hybNorm.medNormInt.plateScale.calibrate.anmlQC.qcCheck.medNormRefSMP.adat	SomaScan Assay	SomaScan 7K	v4.1	RFU	PLT11458	Raw RFU, Hyb Normalization, medNormInt (SampleId), plateScale, Calibration, anmlQC, qcCheck, medNormRefSMP (SampleType)	SomaScan 7K	SomaScan Assay v4.1	20%	NT=affinity-proteomics;VV=v1.0.0	NT=human;VV=v1.1.0	NT=somascan;VV=v1.0.0	v1.1.0	NT=sdrf-skills-autoresearch;VV=v0.0.0
PAD000036-744669	Homo sapiens	Blood	not available	not available	not available	CLI8007F506	not available	408	not applicable	blood serum	PAD000036-r00475-744669	protein expression profiling by aptamer array	1	SS-2217258_v4.1_TCRS_Adult_Serum.hybNorm.medNormInt.plateScale.calibrate.anmlQC.qcCheck.medNormRefSMP.adat	ftp://ftp.pride.ebi.ac.uk/pride/data/archive/2026/04/PAD000036/SS-2217258_v4.1_TCRS_Adult_Serum.hybNorm.medNormInt.plateScale.calibrate.anmlQC.qcCheck.medNormRefSMP.adat	SomaScan Assay	SomaScan 7K	v4.1	RFU	PLT11458	Raw RFU, Hyb Normalization, medNormInt (SampleId), plateScale, Calibration, anmlQC, qcCheck, medNormRefSMP (SampleType)	SomaScan 7K	SomaScan Assay v4.1	20%	NT=affinity-proteomics;VV=v1.0.0	NT=human;VV=v1.1.0	NT=somascan;VV=v1.0.0	v1.1.0	NT=sdrf-skills-autoresearch;VV=v0.0.0
PAD000036-744355	Homo sapiens	Blood	not available	not available	not available	CLI8007F506	not available	409	not applicable	blood serum	PAD000036-r00476-744355	protein expression profiling by aptamer array	1	SS-2217258_v4.1_TCRS_Adult_Serum.hybNorm.medNormInt.plateScale.calibrate.anmlQC.qcCheck.medNormRefSMP.adat	ftp://ftp.pride.ebi.ac.uk/pride/data/archive/2026/04/PAD000036/SS-2217258_v4.1_TCRS_Adult_Serum.hybNorm.medNormInt.plateScale.calibrate.anmlQC.qcCheck.medNormRefSMP.adat	SomaScan Assay	SomaScan 7K	v4.1	RFU	PLT11458	Raw RFU, Hyb Normalization, medNormInt (SampleId), plateScale, Calibration, anmlQC, qcCheck, medNormRefSMP (SampleType)	SomaScan 7K	SomaScan Assay v4.1	20%	NT=affinity-proteomics;VV=v1.0.0	NT=human;VV=v1.1.0	NT=somascan;VV=v1.0.0	v1.1.0	NT=sdrf-skills-autoresearch;VV=v0.0.0
PAD000036-744635	Homo sapiens	Blood	not available	not available	not available	CLI8007F506	not available	410	not applicable	blood serum	PAD000036-r00477-744635	protein expression profiling by aptamer array	1	SS-2217258_v4.1_TCRS_Adult_Serum.hybNorm.medNormInt.plateScale.calibrate.anmlQC.qcCheck.medNormRefSMP.adat	ftp://ftp.pride.ebi.ac.uk/pride/data/archive/2026/04/PAD000036/SS-2217258_v4.1_TCRS_Adult_Serum.hybNorm.medNormInt.plateScale.calibrate.anmlQC.qcCheck.medNormRefSMP.adat	SomaScan Assay	SomaScan 7K	v4.1	RFU	PLT11458	Raw RFU, Hyb Normalization, medNormInt (SampleId), plateScale, Calibration, anmlQC, qcCheck, medNormRefSMP (SampleType)	SomaScan 7K	SomaScan Assay v4.1	20%	NT=affinity-proteomics;VV=v1.0.0	NT=human;VV=v1.1.0	NT=somascan;VV=v1.0.0	v1.1.0	NT=sdrf-skills-autoresearch;VV=v0.0.0
PAD000036-744374	Homo sapiens	Blood	not available	not available	not available	CLI8007F506	not available	411	not applicable	blood serum	PAD000036-r00478-744374	protein expression profiling by aptamer array	1	SS-2217258_v4.1_TCRS_Adult_Serum.hybNorm.medNormInt.plateScale.calibrate.anmlQC.qcCheck.medNormRefSMP.adat	ftp://ftp.pride.ebi.ac.uk/pride/data/archive/2026/04/PAD000036/SS-2217258_v4.1_TCRS_Adult_Serum.hybNorm.medNormInt.plateScale.calibrate.anmlQC.qcCheck.medNormRefSMP.adat	SomaScan Assay	SomaScan 7K	v4.1	RFU	PLT11458	Raw RFU, Hyb Normalization, medNormInt (SampleId), plateScale, Calibration, anmlQC, qcCheck, medNormRefSMP (SampleType)	SomaScan 7K	SomaScan Assay v4.1	20%	NT=affinity-proteomics;VV=v1.0.0	NT=human;VV=v1.1.0	NT=somascan;VV=v1.0.0	v1.1.0	NT=sdrf-skills-autoresearch;VV=v0.0.0
PAD000036-744393	Homo sapiens	Blood	not available	not available	not available	CLI8007F506	not available	412	not applicable	blood serum	PAD000036-r00479-744393	protein expression profiling by aptamer array	1	SS-2217258_v4.1_TCRS_Adult_Serum.hybNorm.medNormInt.plateScale.calibrate.anmlQC.qcCheck.medNormRefSMP.adat	ftp://ftp.pride.ebi.ac.uk/pride/data/archive/2026/04/PAD000036/SS-2217258_v4.1_TCRS_Adult_Serum.hybNorm.medNormInt.plateScale.calibrate.anmlQC.qcCheck.medNormRefSMP.adat	SomaScan Assay	SomaScan 7K	v4.1	RFU	PLT11458	Raw RFU, Hyb Normalization, medNormInt (SampleId), plateScale, Calibration, anmlQC, qcCheck, medNormRefSMP (SampleType)	SomaScan 7K	SomaScan Assay v4.1	20%	NT=affinity-proteomics;VV=v1.0.0	NT=human;VV=v1.1.0	NT=somascan;VV=v1.0.0	v1.1.0	NT=sdrf-skills-autoresearch;VV=v0.0.0
PAD000036-744641	Homo sapiens	Blood	not available	not available	not available	CLI8007F506	not available	413	not applicable	blood serum	PAD000036-r00480-744641	protein expression profiling by aptamer array	1	SS-2217258_v4.1_TCRS_Adult_Serum.hybNorm.medNormInt.plateScale.calibrate.anmlQC.qcCheck.medNormRefSMP.adat	ftp://ftp.pride.ebi.ac.uk/pride/data/archive/2026/04/PAD000036/SS-2217258_v4.1_TCRS_Adult_Serum.hybNorm.medNormInt.plateScale.calibrate.anmlQC.qcCheck.medNormRefSMP.adat	SomaScan Assay	SomaScan 7K	v4.1	RFU	PLT11458	Raw RFU, Hyb Normalization, medNormInt (SampleId), plateScale, Calibration, anmlQC, qcCheck, medNormRefSMP (SampleType)	SomaScan 7K	SomaScan Assay v4.1	20%	NT=affinity-proteomics;VV=v1.0.0	NT=human;VV=v1.1.0	NT=somascan;VV=v1.0.0	v1.1.0	NT=sdrf-skills-autoresearch;VV=v0.0.0
PAD000036-744424	Homo sapiens	Blood	not available	not available	not available	CLI8007F506	not available	414	not applicable	blood serum	PAD000036-r00481-744424	protein expression profiling by aptamer array	1	SS-2217258_v4.1_TCRS_Adult_Serum.hybNorm.medNormInt.plateScale.calibrate.anmlQC.qcCheck.medNormRefSMP.adat	ftp://ftp.pride.ebi.ac.uk/pride/data/archive/2026/04/PAD000036/SS-2217258_v4.1_TCRS_Adult_Serum.hybNorm.medNormInt.plateScale.calibrate.anmlQC.qcCheck.medNormRefSMP.adat	SomaScan Assay	SomaScan 7K	v4.1	RFU	PLT11458	Raw RFU, Hyb Normalization, medNormInt (SampleId), plateScale, Calibration, anmlQC, qcCheck, medNormRefSMP (SampleType)	SomaScan 7K	SomaScan Assay v4.1	20%	NT=affinity-proteomics;VV=v1.0.0	NT=human;VV=v1.1.0	NT=somascan;VV=v1.0.0	v1.1.0	NT=sdrf-skills-autoresearch;VV=v0.0.0
PAD000036-744529	Homo sapiens	Blood	not available	not available	not available	CLI8007F506	not available	415	not applicable	blood serum	PAD000036-r00482-744529	protein expression profiling by aptamer array	1	SS-2217258_v4.1_TCRS_Adult_Serum.hybNorm.medNormInt.plateScale.calibrate.anmlQC.qcCheck.medNormRefSMP.adat	ftp://ftp.pride.ebi.ac.uk/pride/data/archive/2026/04/PAD000036/SS-2217258_v4.1_TCRS_Adult_Serum.hybNorm.medNormInt.plateScale.calibrate.anmlQC.qcCheck.medNormRefSMP.adat	SomaScan Assay	SomaScan 7K	v4.1	RFU	PLT11458	Raw RFU, Hyb Normalization, medNormInt (SampleId), plateScale, Calibration, anmlQC, qcCheck, medNormRefSMP (SampleType)	SomaScan 7K	SomaScan Assay v4.1	20%	NT=affinity-proteomics;VV=v1.0.0	NT=human;VV=v1.1.0	NT=somascan;VV=v1.0.0	v1.1.0	NT=sdrf-skills-autoresearch;VV=v0.0.0
PAD000036-745446	Homo sapiens	Blood	not available	not available	not available	CLI8007F506	not available	416	not applicable	blood serum	PAD000036-r00483-745446	protein expression profiling by aptamer array	1	SS-2217258_v4.1_TCRS_Adult_Serum.hybNorm.medNormInt.plateScale.calibrate.anmlQC.qcCheck.medNormRefSMP.adat	ftp://ftp.pride.ebi.ac.uk/pride/data/archive/2026/04/PAD000036/SS-2217258_v4.1_TCRS_Adult_Serum.hybNorm.medNormInt.plateScale.calibrate.anmlQC.qcCheck.medNormRefSMP.adat	SomaScan Assay	SomaScan 7K	v4.1	RFU	PLT11458	Raw RFU, Hyb Normalization, medNormInt (SampleId), plateScale, Calibration, anmlQC, qcCheck, medNormRefSMP (SampleType)	SomaScan 7K	SomaScan Assay v4.1	20%	NT=affinity-proteomics;VV=v1.0.0	NT=human;VV=v1.1.0	NT=somascan;VV=v1.0.0	v1.1.0	NT=sdrf-skills-autoresearch;VV=v0.0.0
PAD000036-744524	Homo sapiens	Blood	not available	not available	not available	CLI8007F506	not available	417	not applicable	blood serum	PAD000036-r00484-744524	protein expression profiling by aptamer array	1	SS-2217258_v4.1_TCRS_Adult_Serum.hybNorm.medNormInt.plateScale.calibrate.anmlQC.qcCheck.medNormRefSMP.adat	ftp://ftp.pride.ebi.ac.uk/pride/data/archive/2026/04/PAD000036/SS-2217258_v4.1_TCRS_Adult_Serum.hybNorm.medNormInt.plateScale.calibrate.anmlQC.qcCheck.medNormRefSMP.adat	SomaScan Assay	SomaScan 7K	v4.1	RFU	PLT11458	Raw RFU, Hyb Normalization, medNormInt (SampleId), plateScale, Calibration, anmlQC, qcCheck, medNormRefSMP (SampleType)	SomaScan 7K	SomaScan Assay v4.1	20%	NT=affinity-proteomics;VV=v1.0.0	NT=human;VV=v1.1.0	NT=somascan;VV=v1.0.0	v1.1.0	NT=sdrf-skills-autoresearch;VV=v0.0.0
PAD000036-744399	Homo sapiens	Blood	not available	not available	not available	CLI8007F506	not available	418	not applicable	blood serum	PAD000036-r00485-744399	protein expression profiling by aptamer array	1	SS-2217258_v4.1_TCRS_Adult_Serum.hybNorm.medNormInt.plateScale.calibrate.anmlQC.qcCheck.medNormRefSMP.adat	ftp://ftp.pride.ebi.ac.uk/pride/data/archive/2026/04/PAD000036/SS-2217258_v4.1_TCRS_Adult_Serum.hybNorm.medNormInt.plateScale.calibrate.anmlQC.qcCheck.medNormRefSMP.adat	SomaScan Assay	SomaScan 7K	v4.1	RFU	PLT11458	Raw RFU, Hyb Normalization, medNormInt (SampleId), plateScale, Calibration, anmlQC, qcCheck, medNormRefSMP (SampleType)	SomaScan 7K	SomaScan Assay v4.1	20%	NT=affinity-proteomics;VV=v1.0.0	NT=human;VV=v1.1.0	NT=somascan;VV=v1.0.0	v1.1.0	NT=sdrf-skills-autoresearch;VV=v0.0.0
PAD000036-744522	Homo sapiens	Blood	not available	not available	not available	CLI8007F506	not available	419	not applicable	blood serum	PAD000036-r00486-744522	protein expression profiling by aptamer array	1	SS-2217258_v4.1_TCRS_Adult_Serum.hybNorm.medNormInt.plateScale.calibrate.anmlQC.qcCheck.medNormRefSMP.adat	ftp://ftp.pride.ebi.ac.uk/pride/data/archive/2026/04/PAD000036/SS-2217258_v4.1_TCRS_Adult_Serum.hybNorm.medNormInt.plateScale.calibrate.anmlQC.qcCheck.medNormRefSMP.adat	SomaScan Assay	SomaScan 7K	v4.1	RFU	PLT11458	Raw RFU, Hyb Normalization, medNormInt (SampleId), plateScale, Calibration, anmlQC, qcCheck, medNormRefSMP (SampleType)	SomaScan 7K	SomaScan Assay v4.1	20%	NT=affinity-proteomics;VV=v1.0.0	NT=human;VV=v1.1.0	NT=somascan;VV=v1.0.0	v1.1.0	NT=sdrf-skills-autoresearch;VV=v0.0.0
PAD000036-745445	Homo sapiens	Blood	not available	not available	not available	CLI8007F506	not available	420	not applicable	blood serum	PAD000036-r00487-745445	protein expression profiling by aptamer array	1	SS-2217258_v4.1_TCRS_Adult_Serum.hybNorm.medNormInt.plateScale.calibrate.anmlQC.qcCheck.medNormRefSMP.adat	ftp://ftp.pride.ebi.ac.uk/pride/data/archive/2026/04/PAD000036/SS-2217258_v4.1_TCRS_Adult_Serum.hybNorm.medNormInt.plateScale.calibrate.anmlQC.qcCheck.medNormRefSMP.adat	SomaScan Assay	SomaScan 7K	v4.1	RFU	PLT11458	Raw RFU, Hyb Normalization, medNormInt (SampleId), plateScale, Calibration, anmlQC, qcCheck, medNormRefSMP (SampleType)	SomaScan 7K	SomaScan Assay v4.1	20%	NT=affinity-proteomics;VV=v1.0.0	NT=human;VV=v1.1.0	NT=somascan;VV=v1.0.0	v1.1.0	NT=sdrf-skills-autoresearch;VV=v0.0.0
PAD000036-200174	Homo sapiens	Blood	not available	not available	not available	not available	not available	214	quality control sample	blood;blood plasma;blood serum	PAD000036-r00488-200174	protein expression profiling by aptamer array	6	SS-2217258_v4.1_TCRS_Adult_Serum.hybNorm.medNormInt.plateScale.calibrate.anmlQC.qcCheck.medNormRefSMP.adat	ftp://ftp.pride.ebi.ac.uk/pride/data/archive/2026/04/PAD000036/SS-2217258_v4.1_TCRS_Adult_Serum.hybNorm.medNormInt.plateScale.calibrate.anmlQC.qcCheck.medNormRefSMP.adat	SomaScan Assay	SomaScan 7K	v4.1	RFU	PLT11458	Raw RFU, Hyb Normalization, medNormInt (SampleId), plateScale, Calibration, anmlQC, qcCheck, medNormRefSMP (SampleType)	SomaScan 7K	SomaScan Assay v4.1	20%	NT=affinity-proteomics;VV=v1.0.0	NT=human;VV=v1.1.0	NT=somascan;VV=v1.0.0	v1.1.0	NT=sdrf-skills-autoresearch;VV=v0.0.0
PAD000036-744706	Homo sapiens	Blood	not available	not available	not available	CLI8007F506	not available	421	not applicable	blood serum	PAD000036-r00489-744706	protein expression profiling by aptamer array	1	SS-2217258_v4.1_TCRS_Adult_Serum.hybNorm.medNormInt.plateScale.calibrate.anmlQC.qcCheck.medNormRefSMP.adat	ftp://ftp.pride.ebi.ac.uk/pride/data/archive/2026/04/PAD000036/SS-2217258_v4.1_TCRS_Adult_Serum.hybNorm.medNormInt.plateScale.calibrate.anmlQC.qcCheck.medNormRefSMP.adat	SomaScan Assay	SomaScan 7K	v4.1	RFU	PLT11458	Raw RFU, Hyb Normalization, medNormInt (SampleId), plateScale, Calibration, anmlQC, qcCheck, medNormRefSMP (SampleType)	SomaScan 7K	SomaScan Assay v4.1	20%	NT=affinity-proteomics;VV=v1.0.0	NT=human;VV=v1.1.0	NT=somascan;VV=v1.0.0	v1.1.0	NT=sdrf-skills-autoresearch;VV=v0.0.0
PAD000036-744535	Homo sapiens	Blood	not available	not available	not available	CLI8007F506	not available	422	not applicable	blood serum	PAD000036-r00490-744535	protein expression profiling by aptamer array	1	SS-2217258_v4.1_TCRS_Adult_Serum.hybNorm.medNormInt.plateScale.calibrate.anmlQC.qcCheck.medNormRefSMP.adat	ftp://ftp.pride.ebi.ac.uk/pride/data/archive/2026/04/PAD000036/SS-2217258_v4.1_TCRS_Adult_Serum.hybNorm.medNormInt.plateScale.calibrate.anmlQC.qcCheck.medNormRefSMP.adat	SomaScan Assay	SomaScan 7K	v4.1	RFU	PLT11458	Raw RFU, Hyb Normalization, medNormInt (SampleId), plateScale, Calibration, anmlQC, qcCheck, medNormRefSMP (SampleType)	SomaScan 7K	SomaScan Assay v4.1	20%	NT=affinity-proteomics;VV=v1.0.0	NT=human;VV=v1.1.0	NT=somascan;VV=v1.0.0	v1.1.0	NT=sdrf-skills-autoresearch;VV=v0.0.0
PAD000036-744637	Homo sapiens	Blood	not available	not available	not available	CLI8007F506	not available	423	not applicable	blood serum	PAD000036-r00491-744637	protein expression profiling by aptamer array	1	SS-2217258_v4.1_TCRS_Adult_Serum.hybNorm.medNormInt.plateScale.calibrate.anmlQC.qcCheck.medNormRefSMP.adat	ftp://ftp.pride.ebi.ac.uk/pride/data/archive/2026/04/PAD000036/SS-2217258_v4.1_TCRS_Adult_Serum.hybNorm.medNormInt.plateScale.calibrate.anmlQC.qcCheck.medNormRefSMP.adat	SomaScan Assay	SomaScan 7K	v4.1	RFU	PLT11458	Raw RFU, Hyb Normalization, medNormInt (SampleId), plateScale, Calibration, anmlQC, qcCheck, medNormRefSMP (SampleType)	SomaScan 7K	SomaScan Assay v4.1	20%	NT=affinity-proteomics;VV=v1.0.0	NT=human;VV=v1.1.0	NT=somascan;VV=v1.0.0	v1.1.0	NT=sdrf-skills-autoresearch;VV=v0.0.0
PAD000036-744532	Homo sapiens	Blood	not available	not available	not available	CLI8007F506	not available	424	not applicable	blood serum	PAD000036-r00492-744532	protein expression profiling by aptamer array	1	SS-2217258_v4.1_TCRS_Adult_Serum.hybNorm.medNormInt.plateScale.calibrate.anmlQC.qcCheck.medNormRefSMP.adat	ftp://ftp.pride.ebi.ac.uk/pride/data/archive/2026/04/PAD000036/SS-2217258_v4.1_TCRS_Adult_Serum.hybNorm.medNormInt.plateScale.calibrate.anmlQC.qcCheck.medNormRefSMP.adat	SomaScan Assay	SomaScan 7K	v4.1	RFU	PLT11458	Raw RFU, Hyb Normalization, medNormInt (SampleId), plateScale, Calibration, anmlQC, qcCheck, medNormRefSMP (SampleType)	SomaScan 7K	SomaScan Assay v4.1	20%	NT=affinity-proteomics;VV=v1.0.0	NT=human;VV=v1.1.0	NT=somascan;VV=v1.0.0	v1.1.0	NT=sdrf-skills-autoresearch;VV=v0.0.0
PAD000036-744582	Homo sapiens	Blood	not available	not available	not available	CLI8007F506	not available	425	not applicable	blood serum	PAD000036-r00493-744582	protein expression profiling by aptamer array	1	SS-2217258_v4.1_TCRS_Adult_Serum.hybNorm.medNormInt.plateScale.calibrate.anmlQC.qcCheck.medNormRefSMP.adat	ftp://ftp.pride.ebi.ac.uk/pride/data/archive/2026/04/PAD000036/SS-2217258_v4.1_TCRS_Adult_Serum.hybNorm.medNormInt.plateScale.calibrate.anmlQC.qcCheck.medNormRefSMP.adat	SomaScan Assay	SomaScan 7K	v4.1	RFU	PLT11458	Raw RFU, Hyb Normalization, medNormInt (SampleId), plateScale, Calibration, anmlQC, qcCheck, medNormRefSMP (SampleType)	SomaScan 7K	SomaScan Assay v4.1	20%	NT=affinity-proteomics;VV=v1.0.0	NT=human;VV=v1.1.0	NT=somascan;VV=v1.0.0	v1.1.0	NT=sdrf-skills-autoresearch;VV=v0.0.0
PAD000036-745451	Homo sapiens	Blood	not available	not available	not available	CLI8007F506	not available	426	not applicable	blood serum	PAD000036-r00494-745451	protein expression profiling by aptamer array	1	SS-2217258_v4.1_TCRS_Adult_Serum.hybNorm.medNormInt.plateScale.calibrate.anmlQC.qcCheck.medNormRefSMP.adat	ftp://ftp.pride.ebi.ac.uk/pride/data/archive/2026/04/PAD000036/SS-2217258_v4.1_TCRS_Adult_Serum.hybNorm.medNormInt.plateScale.calibrate.anmlQC.qcCheck.medNormRefSMP.adat	SomaScan Assay	SomaScan 7K	v4.1	RFU	PLT11458	Raw RFU, Hyb Normalization, medNormInt (SampleId), plateScale, Calibration, anmlQC, qcCheck, medNormRefSMP (SampleType)	SomaScan 7K	SomaScan Assay v4.1	20%	NT=affinity-proteomics;VV=v1.0.0	NT=human;VV=v1.1.0	NT=somascan;VV=v1.0.0	v1.1.0	NT=sdrf-skills-autoresearch;VV=v0.0.0
PAD000036-745479	Homo sapiens	Blood	not available	not available	not available	CLI8007F506	not available	427	not applicable	blood serum	PAD000036-r00495-745479	protein expression profiling by aptamer array	1	SS-2217258_v4.1_TCRS_Adult_Serum.hybNorm.medNormInt.plateScale.calibrate.anmlQC.qcCheck.medNormRefSMP.adat	ftp://ftp.pride.ebi.ac.uk/pride/data/archive/2026/04/PAD000036/SS-2217258_v4.1_TCRS_Adult_Serum.hybNorm.medNormInt.plateScale.calibrate.anmlQC.qcCheck.medNormRefSMP.adat	SomaScan Assay	SomaScan 7K	v4.1	RFU	PLT11458	Raw RFU, Hyb Normalization, medNormInt (SampleId), plateScale, Calibration, anmlQC, qcCheck, medNormRefSMP (SampleType)	SomaScan 7K	SomaScan Assay v4.1	20%	NT=affinity-proteomics;VV=v1.0.0	NT=human;VV=v1.1.0	NT=somascan;VV=v1.0.0	v1.1.0	NT=sdrf-skills-autoresearch;VV=v0.0.0
PAD000036-744487	Homo sapiens	Blood	not available	not available	not available	CLI8007F506	not available	428	not applicable	blood serum	PAD000036-r00496-744487	protein expression profiling by aptamer array	1	SS-2217258_v4.1_TCRS_Adult_Serum.hybNorm.medNormInt.plateScale.calibrate.anmlQC.qcCheck.medNormRefSMP.adat	ftp://ftp.pride.ebi.ac.uk/pride/data/archive/2026/04/PAD000036/SS-2217258_v4.1_TCRS_Adult_Serum.hybNorm.medNormInt.plateScale.calibrate.anmlQC.qcCheck.medNormRefSMP.adat	SomaScan Assay	SomaScan 7K	v4.1	RFU	PLT11458	Raw RFU, Hyb Normalization, medNormInt (SampleId), plateScale, Calibration, anmlQC, qcCheck, medNormRefSMP (SampleType)	SomaScan 7K	SomaScan Assay v4.1	20%	NT=affinity-proteomics;VV=v1.0.0	NT=human;VV=v1.1.0	NT=somascan;VV=v1.0.0	v1.1.0	NT=sdrf-skills-autoresearch;VV=v0.0.0
PAD000036-745516	Homo sapiens	Blood	not available	not available	not available	CLI8007F506	not available	429	not applicable	blood serum	PAD000036-r00497-745516	protein expression profiling by aptamer array	1	SS-2217258_v4.1_TCRS_Adult_Serum.hybNorm.medNormInt.plateScale.calibrate.anmlQC.qcCheck.medNormRefSMP.adat	ftp://ftp.pride.ebi.ac.uk/pride/data/archive/2026/04/PAD000036/SS-2217258_v4.1_TCRS_Adult_Serum.hybNorm.medNormInt.plateScale.calibrate.anmlQC.qcCheck.medNormRefSMP.adat	SomaScan Assay	SomaScan 7K	v4.1	RFU	PLT11458	Raw RFU, Hyb Normalization, medNormInt (SampleId), plateScale, Calibration, anmlQC, qcCheck, medNormRefSMP (SampleType)	SomaScan 7K	SomaScan Assay v4.1	20%	NT=affinity-proteomics;VV=v1.0.0	NT=human;VV=v1.1.0	NT=somascan;VV=v1.0.0	v1.1.0	NT=sdrf-skills-autoresearch;VV=v0.0.0
PAD000036-745507	Homo sapiens	Blood	not available	not available	not available	CLI8007F506	not available	430	not applicable	blood serum	PAD000036-r00498-745507	protein expression profiling by aptamer array	1	SS-2217258_v4.1_TCRS_Adult_Serum.hybNorm.medNormInt.plateScale.calibrate.anmlQC.qcCheck.medNormRefSMP.adat	ftp://ftp.pride.ebi.ac.uk/pride/data/archive/2026/04/PAD000036/SS-2217258_v4.1_TCRS_Adult_Serum.hybNorm.medNormInt.plateScale.calibrate.anmlQC.qcCheck.medNormRefSMP.adat	SomaScan Assay	SomaScan 7K	v4.1	RFU	PLT11458	Raw RFU, Hyb Normalization, medNormInt (SampleId), plateScale, Calibration, anmlQC, qcCheck, medNormRefSMP (SampleType)	SomaScan 7K	SomaScan Assay v4.1	20%	NT=affinity-proteomics;VV=v1.0.0	NT=human;VV=v1.1.0	NT=somascan;VV=v1.0.0	v1.1.0	NT=sdrf-skills-autoresearch;VV=v0.0.0
PAD000036-744667	Homo sapiens	Blood	not available	not available	not available	CLI8007F506	not available	431	not applicable	blood serum	PAD000036-r00499-744667	protein expression profiling by aptamer array	1	SS-2217258_v4.1_TCRS_Adult_Serum.hybNorm.medNormInt.plateScale.calibrate.anmlQC.qcCheck.medNormRefSMP.adat	ftp://ftp.pride.ebi.ac.uk/pride/data/archive/2026/04/PAD000036/SS-2217258_v4.1_TCRS_Adult_Serum.hybNorm.medNormInt.plateScale.calibrate.anmlQC.qcCheck.medNormRefSMP.adat	SomaScan Assay	SomaScan 7K	v4.1	RFU	PLT11458	Raw RFU, Hyb Normalization, medNormInt (SampleId), plateScale, Calibration, anmlQC, qcCheck, medNormRefSMP (SampleType)	SomaScan 7K	SomaScan Assay v4.1	20%	NT=affinity-proteomics;VV=v1.0.0	NT=human;VV=v1.1.0	NT=somascan;VV=v1.0.0	v1.1.0	NT=sdrf-skills-autoresearch;VV=v0.0.0
PAD000036-745482	Homo sapiens	Blood	not available	not available	not available	CLI8007F506	not available	432	not applicable	blood serum	PAD000036-r00500-745482	protein expression profiling by aptamer array	1	SS-2217258_v4.1_TCRS_Adult_Serum.hybNorm.medNormInt.plateScale.calibrate.anmlQC.qcCheck.medNormRefSMP.adat	ftp://ftp.pride.ebi.ac.uk/pride/data/archive/2026/04/PAD000036/SS-2217258_v4.1_TCRS_Adult_Serum.hybNorm.medNormInt.plateScale.calibrate.anmlQC.qcCheck.medNormRefSMP.adat	SomaScan Assay	SomaScan 7K	v4.1	RFU	PLT11458	Raw RFU, Hyb Normalization, medNormInt (SampleId), plateScale, Calibration, anmlQC, qcCheck, medNormRefSMP (SampleType)	SomaScan 7K	SomaScan Assay v4.1	20%	NT=affinity-proteomics;VV=v1.0.0	NT=human;VV=v1.1.0	NT=somascan;VV=v1.0.0	v1.1.0	NT=sdrf-skills-autoresearch;VV=v0.0.0
PAD000036-744670	Homo sapiens	Blood	not available	not available	not available	CLI8007F506	not available	433	not applicable	blood serum	PAD000036-r00501-744670	protein expression profiling by aptamer array	1	SS-2217258_v4.1_TCRS_Adult_Serum.hybNorm.medNormInt.plateScale.calibrate.anmlQC.qcCheck.medNormRefSMP.adat	ftp://ftp.pride.ebi.ac.uk/pride/data/archive/2026/04/PAD000036/SS-2217258_v4.1_TCRS_Adult_Serum.hybNorm.medNormInt.plateScale.calibrate.anmlQC.qcCheck.medNormRefSMP.adat	SomaScan Assay	SomaScan 7K	v4.1	RFU	PLT11458	Raw RFU, Hyb Normalization, medNormInt (SampleId), plateScale, Calibration, anmlQC, qcCheck, medNormRefSMP (SampleType)	SomaScan 7K	SomaScan Assay v4.1	20%	NT=affinity-proteomics;VV=v1.0.0	NT=human;VV=v1.1.0	NT=somascan;VV=v1.0.0	v1.1.0	NT=sdrf-skills-autoresearch;VV=v0.0.0
PAD000036-745444	Homo sapiens	Blood	not available	not available	not available	CLI8007F506	not available	434	not applicable	blood serum	PAD000036-r00502-745444	protein expression profiling by aptamer array	1	SS-2217258_v4.1_TCRS_Adult_Serum.hybNorm.medNormInt.plateScale.calibrate.anmlQC.qcCheck.medNormRefSMP.adat	ftp://ftp.pride.ebi.ac.uk/pride/data/archive/2026/04/PAD000036/SS-2217258_v4.1_TCRS_Adult_Serum.hybNorm.medNormInt.plateScale.calibrate.anmlQC.qcCheck.medNormRefSMP.adat	SomaScan Assay	SomaScan 7K	v4.1	RFU	PLT11458	Raw RFU, Hyb Normalization, medNormInt (SampleId), plateScale, Calibration, anmlQC, qcCheck, medNormRefSMP (SampleType)	SomaScan 7K	SomaScan Assay v4.1	20%	NT=affinity-proteomics;VV=v1.0.0	NT=human;VV=v1.1.0	NT=somascan;VV=v1.0.0	v1.1.0	NT=sdrf-skills-autoresearch;VV=v0.0.0
PAD000036-200173	Homo sapiens	Blood	not available	not available	not available	not available	not available	224	calibrator	blood;blood plasma;blood serum	PAD000036-r00503-200173	protein expression profiling by aptamer array	8	SS-2217258_v4.1_TCRS_Adult_Serum.hybNorm.medNormInt.plateScale.calibrate.anmlQC.qcCheck.medNormRefSMP.adat	ftp://ftp.pride.ebi.ac.uk/pride/data/archive/2026/04/PAD000036/SS-2217258_v4.1_TCRS_Adult_Serum.hybNorm.medNormInt.plateScale.calibrate.anmlQC.qcCheck.medNormRefSMP.adat	SomaScan Assay	SomaScan 7K	v4.1	RFU	PLT11458	Raw RFU, Hyb Normalization, medNormInt (SampleId), plateScale, Calibration, anmlQC, qcCheck, medNormRefSMP (SampleType)	SomaScan 7K	SomaScan Assay v4.1	20%	NT=affinity-proteomics;VV=v1.0.0	NT=human;VV=v1.1.0	NT=somascan;VV=v1.0.0	v1.1.0	NT=sdrf-skills-autoresearch;VV=v0.0.0
PAD000036-200173	Homo sapiens	Blood	not available	not available	not available	not available	not available	224	calibrator	blood;blood plasma;blood serum	PAD000036-r00504-200173	protein expression profiling by aptamer array	9	SS-2217258_v4.1_TCRS_Adult_Serum.hybNorm.medNormInt.plateScale.calibrate.anmlQC.qcCheck.medNormRefSMP.adat	ftp://ftp.pride.ebi.ac.uk/pride/data/archive/2026/04/PAD000036/SS-2217258_v4.1_TCRS_Adult_Serum.hybNorm.medNormInt.plateScale.calibrate.anmlQC.qcCheck.medNormRefSMP.adat	SomaScan Assay	SomaScan 7K	v4.1	RFU	PLT11458	Raw RFU, Hyb Normalization, medNormInt (SampleId), plateScale, Calibration, anmlQC, qcCheck, medNormRefSMP (SampleType)	SomaScan 7K	SomaScan Assay v4.1	20%	NT=affinity-proteomics;VV=v1.0.0	NT=human;VV=v1.1.0	NT=somascan;VV=v1.0.0	v1.1.0	NT=sdrf-skills-autoresearch;VV=v0.0.0
PAD000036-745488	Homo sapiens	Blood	not available	not available	not available	CLI8007F506	not available	435	not applicable	blood serum	PAD000036-r00505-745488	protein expression profiling by aptamer array	1	SS-2217258_v4.1_TCRS_Adult_Serum.hybNorm.medNormInt.plateScale.calibrate.anmlQC.qcCheck.medNormRefSMP.adat	ftp://ftp.pride.ebi.ac.uk/pride/data/archive/2026/04/PAD000036/SS-2217258_v4.1_TCRS_Adult_Serum.hybNorm.medNormInt.plateScale.calibrate.anmlQC.qcCheck.medNormRefSMP.adat	SomaScan Assay	SomaScan 7K	v4.1	RFU	PLT11458	Raw RFU, Hyb Normalization, medNormInt (SampleId), plateScale, Calibration, anmlQC, qcCheck, medNormRefSMP (SampleType)	SomaScan 7K	SomaScan Assay v4.1	20%	NT=affinity-proteomics;VV=v1.0.0	NT=human;VV=v1.1.0	NT=somascan;VV=v1.0.0	v1.1.0	NT=sdrf-skills-autoresearch;VV=v0.0.0
PAD000036-744605	Homo sapiens	Blood	not available	not available	not available	CLI8007F506	not available	436	not applicable	blood serum	PAD000036-r00506-744605	protein expression profiling by aptamer array	1	SS-2217258_v4.1_TCRS_Adult_Serum.hybNorm.medNormInt.plateScale.calibrate.anmlQC.qcCheck.medNormRefSMP.adat	ftp://ftp.pride.ebi.ac.uk/pride/data/archive/2026/04/PAD000036/SS-2217258_v4.1_TCRS_Adult_Serum.hybNorm.medNormInt.plateScale.calibrate.anmlQC.qcCheck.medNormRefSMP.adat	SomaScan Assay	SomaScan 7K	v4.1	RFU	PLT11458	Raw RFU, Hyb Normalization, medNormInt (SampleId), plateScale, Calibration, anmlQC, qcCheck, medNormRefSMP (SampleType)	SomaScan 7K	SomaScan Assay v4.1	20%	NT=affinity-proteomics;VV=v1.0.0	NT=human;VV=v1.1.0	NT=somascan;VV=v1.0.0	v1.1.0	NT=sdrf-skills-autoresearch;VV=v0.0.0
PAD000036-220214	Homo sapiens	Blood	not available	not available	not available	not available	not available	208	not applicable	blood;blood plasma;blood serum	PAD000036-r00507-220214	protein expression profiling by aptamer array	5	SS-2217258_v4.1_TCRS_Adult_Serum.hybNorm.medNormInt.plateScale.calibrate.anmlQC.qcCheck.medNormRefSMP.adat	ftp://ftp.pride.ebi.ac.uk/pride/data/archive/2026/04/PAD000036/SS-2217258_v4.1_TCRS_Adult_Serum.hybNorm.medNormInt.plateScale.calibrate.anmlQC.qcCheck.medNormRefSMP.adat	SomaScan Assay	SomaScan 7K	v4.1	RFU	PLT11458	Raw RFU, Hyb Normalization, medNormInt (SampleId), plateScale, Calibration, anmlQC, qcCheck, medNormRefSMP (SampleType)	SomaScan 7K	SomaScan Assay v4.1	20%	NT=affinity-proteomics;VV=v1.0.0	NT=human;VV=v1.1.0	NT=somascan;VV=v1.0.0	v1.1.0	NT=sdrf-skills-autoresearch;VV=v0.0.0
PAD000036-744423	Homo sapiens	Blood	not available	not available	not available	CLI8007F506	not available	437	not applicable	blood serum	PAD000036-r00508-744423	protein expression profiling by aptamer array	1	SS-2217258_v4.1_TCRS_Adult_Serum.hybNorm.medNormInt.plateScale.calibrate.anmlQC.qcCheck.medNormRefSMP.adat	ftp://ftp.pride.ebi.ac.uk/pride/data/archive/2026/04/PAD000036/SS-2217258_v4.1_TCRS_Adult_Serum.hybNorm.medNormInt.plateScale.calibrate.anmlQC.qcCheck.medNormRefSMP.adat	SomaScan Assay	SomaScan 7K	v4.1	RFU	PLT11458	Raw RFU, Hyb Normalization, medNormInt (SampleId), plateScale, Calibration, anmlQC, qcCheck, medNormRefSMP (SampleType)	SomaScan 7K	SomaScan Assay v4.1	20%	NT=affinity-proteomics;VV=v1.0.0	NT=human;VV=v1.1.0	NT=somascan;VV=v1.0.0	v1.1.0	NT=sdrf-skills-autoresearch;VV=v0.0.0
PAD000036-744415	Homo sapiens	Blood	not available	not available	not available	CLI8007F506	not available	438	not applicable	blood serum	PAD000036-r00509-744415	protein expression profiling by aptamer array	1	SS-2217258_v4.1_TCRS_Adult_Serum.hybNorm.medNormInt.plateScale.calibrate.anmlQC.qcCheck.medNormRefSMP.adat	ftp://ftp.pride.ebi.ac.uk/pride/data/archive/2026/04/PAD000036/SS-2217258_v4.1_TCRS_Adult_Serum.hybNorm.medNormInt.plateScale.calibrate.anmlQC.qcCheck.medNormRefSMP.adat	SomaScan Assay	SomaScan 7K	v4.1	RFU	PLT11458	Raw RFU, Hyb Normalization, medNormInt (SampleId), plateScale, Calibration, anmlQC, qcCheck, medNormRefSMP (SampleType)	SomaScan 7K	SomaScan Assay v4.1	20%	NT=affinity-proteomics;VV=v1.0.0	NT=human;VV=v1.1.0	NT=somascan;VV=v1.0.0	v1.1.0	NT=sdrf-skills-autoresearch;VV=v0.0.0
PAD000036-744531	Homo sapiens	Blood	not available	not available	not available	CLI8007F506	not available	439	not applicable	blood serum	PAD000036-r00510-744531	protein expression profiling by aptamer array	1	SS-2217258_v4.1_TCRS_Adult_Serum.hybNorm.medNormInt.plateScale.calibrate.anmlQC.qcCheck.medNormRefSMP.adat	ftp://ftp.pride.ebi.ac.uk/pride/data/archive/2026/04/PAD000036/SS-2217258_v4.1_TCRS_Adult_Serum.hybNorm.medNormInt.plateScale.calibrate.anmlQC.qcCheck.medNormRefSMP.adat	SomaScan Assay	SomaScan 7K	v4.1	RFU	PLT11458	Raw RFU, Hyb Normalization, medNormInt (SampleId), plateScale, Calibration, anmlQC, qcCheck, medNormRefSMP (SampleType)	SomaScan 7K	SomaScan Assay v4.1	20%	NT=affinity-proteomics;VV=v1.0.0	NT=human;VV=v1.1.0	NT=somascan;VV=v1.0.0	v1.1.0	NT=sdrf-skills-autoresearch;VV=v0.0.0
PAD000036-744548	Homo sapiens	Blood	not available	not available	not available	CLI8007F506	not available	440	not applicable	blood serum	PAD000036-r00511-744548	protein expression profiling by aptamer array	1	SS-2217258_v4.1_TCRS_Adult_Serum.hybNorm.medNormInt.plateScale.calibrate.anmlQC.qcCheck.medNormRefSMP.adat	ftp://ftp.pride.ebi.ac.uk/pride/data/archive/2026/04/PAD000036/SS-2217258_v4.1_TCRS_Adult_Serum.hybNorm.medNormInt.plateScale.calibrate.anmlQC.qcCheck.medNormRefSMP.adat	SomaScan Assay	SomaScan 7K	v4.1	RFU	PLT11458	Raw RFU, Hyb Normalization, medNormInt (SampleId), plateScale, Calibration, anmlQC, qcCheck, medNormRefSMP (SampleType)	SomaScan 7K	SomaScan Assay v4.1	20%	NT=affinity-proteomics;VV=v1.0.0	NT=human;VV=v1.1.0	NT=somascan;VV=v1.0.0	v1.1.0	NT=sdrf-skills-autoresearch;VV=v0.0.0
PAD000036-744604	Homo sapiens	Blood	not available	not available	not available	CLI8007F506	not available	441	not applicable	blood serum	PAD000036-r00512-744604	protein expression profiling by aptamer array	1	SS-2217258_v4.1_TCRS_Adult_Serum.hybNorm.medNormInt.plateScale.calibrate.anmlQC.qcCheck.medNormRefSMP.adat	ftp://ftp.pride.ebi.ac.uk/pride/data/archive/2026/04/PAD000036/SS-2217258_v4.1_TCRS_Adult_Serum.hybNorm.medNormInt.plateScale.calibrate.anmlQC.qcCheck.medNormRefSMP.adat	SomaScan Assay	SomaScan 7K	v4.1	RFU	PLT11458	Raw RFU, Hyb Normalization, medNormInt (SampleId), plateScale, Calibration, anmlQC, qcCheck, medNormRefSMP (SampleType)	SomaScan 7K	SomaScan Assay v4.1	20%	NT=affinity-proteomics;VV=v1.0.0	NT=human;VV=v1.1.0	NT=somascan;VV=v1.0.0	v1.1.0	NT=sdrf-skills-autoresearch;VV=v0.0.0
PAD000036-744383	Homo sapiens	Blood	not available	not available	not available	CLI8007F506	not available	442	not applicable	blood serum	PAD000036-r00513-744383	protein expression profiling by aptamer array	1	SS-2217258_v4.1_TCRS_Adult_Serum.hybNorm.medNormInt.plateScale.calibrate.anmlQC.qcCheck.medNormRefSMP.adat	ftp://ftp.pride.ebi.ac.uk/pride/data/archive/2026/04/PAD000036/SS-2217258_v4.1_TCRS_Adult_Serum.hybNorm.medNormInt.plateScale.calibrate.anmlQC.qcCheck.medNormRefSMP.adat	SomaScan Assay	SomaScan 7K	v4.1	RFU	PLT11458	Raw RFU, Hyb Normalization, medNormInt (SampleId), plateScale, Calibration, anmlQC, qcCheck, medNormRefSMP (SampleType)	SomaScan 7K	SomaScan Assay v4.1	20%	NT=affinity-proteomics;VV=v1.0.0	NT=human;VV=v1.1.0	NT=somascan;VV=v1.0.0	v1.1.0	NT=sdrf-skills-autoresearch;VV=v0.0.0
PAD000036-745508	Homo sapiens	Blood	not available	not available	not available	CLI8007F506	not available	443	not applicable	blood serum	PAD000036-r00514-745508	protein expression profiling by aptamer array	1	SS-2217258_v4.1_TCRS_Adult_Serum.hybNorm.medNormInt.plateScale.calibrate.anmlQC.qcCheck.medNormRefSMP.adat	ftp://ftp.pride.ebi.ac.uk/pride/data/archive/2026/04/PAD000036/SS-2217258_v4.1_TCRS_Adult_Serum.hybNorm.medNormInt.plateScale.calibrate.anmlQC.qcCheck.medNormRefSMP.adat	SomaScan Assay	SomaScan 7K	v4.1	RFU	PLT11458	Raw RFU, Hyb Normalization, medNormInt (SampleId), plateScale, Calibration, anmlQC, qcCheck, medNormRefSMP (SampleType)	SomaScan 7K	SomaScan Assay v4.1	20%	NT=affinity-proteomics;VV=v1.0.0	NT=human;VV=v1.1.0	NT=somascan;VV=v1.0.0	v1.1.0	NT=sdrf-skills-autoresearch;VV=v0.0.0
PAD000036-744629	Homo sapiens	Blood	not available	not available	not available	CLI8007F506	not available	444	not applicable	blood serum	PAD000036-r00515-744629	protein expression profiling by aptamer array	1	SS-2217258_v4.1_TCRS_Adult_Serum.hybNorm.medNormInt.plateScale.calibrate.anmlQC.qcCheck.medNormRefSMP.adat	ftp://ftp.pride.ebi.ac.uk/pride/data/archive/2026/04/PAD000036/SS-2217258_v4.1_TCRS_Adult_Serum.hybNorm.medNormInt.plateScale.calibrate.anmlQC.qcCheck.medNormRefSMP.adat	SomaScan Assay	SomaScan 7K	v4.1	RFU	PLT11458	Raw RFU, Hyb Normalization, medNormInt (SampleId), plateScale, Calibration, anmlQC, qcCheck, medNormRefSMP (SampleType)	SomaScan 7K	SomaScan Assay v4.1	20%	NT=affinity-proteomics;VV=v1.0.0	NT=human;VV=v1.1.0	NT=somascan;VV=v1.0.0	v1.1.0	NT=sdrf-skills-autoresearch;VV=v0.0.0
PAD000036-744675	Homo sapiens	Blood	not available	not available	not available	CLI8007F506	not available	445	not applicable	blood serum	PAD000036-r00516-744675	protein expression profiling by aptamer array	1	SS-2217258_v4.1_TCRS_Adult_Serum.hybNorm.medNormInt.plateScale.calibrate.anmlQC.qcCheck.medNormRefSMP.adat	ftp://ftp.pride.ebi.ac.uk/pride/data/archive/2026/04/PAD000036/SS-2217258_v4.1_TCRS_Adult_Serum.hybNorm.medNormInt.plateScale.calibrate.anmlQC.qcCheck.medNormRefSMP.adat	SomaScan Assay	SomaScan 7K	v4.1	RFU	PLT11458	Raw RFU, Hyb Normalization, medNormInt (SampleId), plateScale, Calibration, anmlQC, qcCheck, medNormRefSMP (SampleType)	SomaScan 7K	SomaScan Assay v4.1	20%	NT=affinity-proteomics;VV=v1.0.0	NT=human;VV=v1.1.0	NT=somascan;VV=v1.0.0	v1.1.0	NT=sdrf-skills-autoresearch;VV=v0.0.0
PAD000036-200173	Homo sapiens	Blood	not available	not available	not available	not available	not available	224	calibrator	blood;blood plasma;blood serum	PAD000036-r00517-200173	protein expression profiling by aptamer array	10	SS-2217258_v4.1_TCRS_Adult_Serum.hybNorm.medNormInt.plateScale.calibrate.anmlQC.qcCheck.medNormRefSMP.adat	ftp://ftp.pride.ebi.ac.uk/pride/data/archive/2026/04/PAD000036/SS-2217258_v4.1_TCRS_Adult_Serum.hybNorm.medNormInt.plateScale.calibrate.anmlQC.qcCheck.medNormRefSMP.adat	SomaScan Assay	SomaScan 7K	v4.1	RFU	PLT11458	Raw RFU, Hyb Normalization, medNormInt (SampleId), plateScale, Calibration, anmlQC, qcCheck, medNormRefSMP (SampleType)	SomaScan 7K	SomaScan Assay v4.1	20%	NT=affinity-proteomics;VV=v1.0.0	NT=human;VV=v1.1.0	NT=somascan;VV=v1.0.0	v1.1.0	NT=sdrf-skills-autoresearch;VV=v0.0.0
PAD000036-744640	Homo sapiens	Blood	not available	not available	not available	CLI8007F506	not available	446	not applicable	blood serum	PAD000036-r00518-744640	protein expression profiling by aptamer array	1	SS-2217258_v4.1_TCRS_Adult_Serum.hybNorm.medNormInt.plateScale.calibrate.anmlQC.qcCheck.medNormRefSMP.adat	ftp://ftp.pride.ebi.ac.uk/pride/data/archive/2026/04/PAD000036/SS-2217258_v4.1_TCRS_Adult_Serum.hybNorm.medNormInt.plateScale.calibrate.anmlQC.qcCheck.medNormRefSMP.adat	SomaScan Assay	SomaScan 7K	v4.1	RFU	PLT11458	Raw RFU, Hyb Normalization, medNormInt (SampleId), plateScale, Calibration, anmlQC, qcCheck, medNormRefSMP (SampleType)	SomaScan 7K	SomaScan Assay v4.1	20%	NT=affinity-proteomics;VV=v1.0.0	NT=human;VV=v1.1.0	NT=somascan;VV=v1.0.0	v1.1.0	NT=sdrf-skills-autoresearch;VV=v0.0.0
PAD000036-744632	Homo sapiens	Blood	not available	not available	not available	CLI8007F506	not available	447	not applicable	blood serum	PAD000036-r00519-744632	protein expression profiling by aptamer array	1	SS-2217258_v4.1_TCRS_Adult_Serum.hybNorm.medNormInt.plateScale.calibrate.anmlQC.qcCheck.medNormRefSMP.adat	ftp://ftp.pride.ebi.ac.uk/pride/data/archive/2026/04/PAD000036/SS-2217258_v4.1_TCRS_Adult_Serum.hybNorm.medNormInt.plateScale.calibrate.anmlQC.qcCheck.medNormRefSMP.adat	SomaScan Assay	SomaScan 7K	v4.1	RFU	PLT11458	Raw RFU, Hyb Normalization, medNormInt (SampleId), plateScale, Calibration, anmlQC, qcCheck, medNormRefSMP (SampleType)	SomaScan 7K	SomaScan Assay v4.1	20%	NT=affinity-proteomics;VV=v1.0.0	NT=human;VV=v1.1.0	NT=somascan;VV=v1.0.0	v1.1.0	NT=sdrf-skills-autoresearch;VV=v0.0.0
PAD000036-744363	Homo sapiens	Blood	not available	not available	not available	CLI8007F506	not available	448	not applicable	blood serum	PAD000036-r00520-744363	protein expression profiling by aptamer array	1	SS-2217258_v4.1_TCRS_Adult_Serum.hybNorm.medNormInt.plateScale.calibrate.anmlQC.qcCheck.medNormRefSMP.adat	ftp://ftp.pride.ebi.ac.uk/pride/data/archive/2026/04/PAD000036/SS-2217258_v4.1_TCRS_Adult_Serum.hybNorm.medNormInt.plateScale.calibrate.anmlQC.qcCheck.medNormRefSMP.adat	SomaScan Assay	SomaScan 7K	v4.1	RFU	PLT11458	Raw RFU, Hyb Normalization, medNormInt (SampleId), plateScale, Calibration, anmlQC, qcCheck, medNormRefSMP (SampleType)	SomaScan 7K	SomaScan Assay v4.1	20%	NT=affinity-proteomics;VV=v1.0.0	NT=human;VV=v1.1.0	NT=somascan;VV=v1.0.0	v1.1.0	NT=sdrf-skills-autoresearch;VV=v0.0.0
PAD000036-744456	Homo sapiens	Blood	not available	not available	not available	CLI8007F506	not available	449	not applicable	blood serum	PAD000036-r00521-744456	protein expression profiling by aptamer array	1	SS-2217258_v4.1_TCRS_Adult_Serum.hybNorm.medNormInt.plateScale.calibrate.anmlQC.qcCheck.medNormRefSMP.adat	ftp://ftp.pride.ebi.ac.uk/pride/data/archive/2026/04/PAD000036/SS-2217258_v4.1_TCRS_Adult_Serum.hybNorm.medNormInt.plateScale.calibrate.anmlQC.qcCheck.medNormRefSMP.adat	SomaScan Assay	SomaScan 7K	v4.1	RFU	PLT11458	Raw RFU, Hyb Normalization, medNormInt (SampleId), plateScale, Calibration, anmlQC, qcCheck, medNormRefSMP (SampleType)	SomaScan 7K	SomaScan Assay v4.1	20%	NT=affinity-proteomics;VV=v1.0.0	NT=human;VV=v1.1.0	NT=somascan;VV=v1.0.0	v1.1.0	NT=sdrf-skills-autoresearch;VV=v0.0.0
PAD000036-220214	Homo sapiens	Blood	not available	not available	not available	not available	not available	208	not applicable	blood;blood plasma;blood serum	PAD000036-r00522-220214	protein expression profiling by aptamer array	6	SS-2217258_v4.1_TCRS_Adult_Serum.hybNorm.medNormInt.plateScale.calibrate.anmlQC.qcCheck.medNormRefSMP.adat	ftp://ftp.pride.ebi.ac.uk/pride/data/archive/2026/04/PAD000036/SS-2217258_v4.1_TCRS_Adult_Serum.hybNorm.medNormInt.plateScale.calibrate.anmlQC.qcCheck.medNormRefSMP.adat	SomaScan Assay	SomaScan 7K	v4.1	RFU	PLT11458	Raw RFU, Hyb Normalization, medNormInt (SampleId), plateScale, Calibration, anmlQC, qcCheck, medNormRefSMP (SampleType)	SomaScan 7K	SomaScan Assay v4.1	20%	NT=affinity-proteomics;VV=v1.0.0	NT=human;VV=v1.1.0	NT=somascan;VV=v1.0.0	v1.1.0	NT=sdrf-skills-autoresearch;VV=v0.0.0
PAD000036-744372	Homo sapiens	Blood	not available	not available	not available	CLI8007F506	not available	450	not applicable	blood serum	PAD000036-r00523-744372	protein expression profiling by aptamer array	1	SS-2217258_v4.1_TCRS_Adult_Serum.hybNorm.medNormInt.plateScale.calibrate.anmlQC.qcCheck.medNormRefSMP.adat	ftp://ftp.pride.ebi.ac.uk/pride/data/archive/2026/04/PAD000036/SS-2217258_v4.1_TCRS_Adult_Serum.hybNorm.medNormInt.plateScale.calibrate.anmlQC.qcCheck.medNormRefSMP.adat	SomaScan Assay	SomaScan 7K	v4.1	RFU	PLT11458	Raw RFU, Hyb Normalization, medNormInt (SampleId), plateScale, Calibration, anmlQC, qcCheck, medNormRefSMP (SampleType)	SomaScan 7K	SomaScan Assay v4.1	20%	NT=affinity-proteomics;VV=v1.0.0	NT=human;VV=v1.1.0	NT=somascan;VV=v1.0.0	v1.1.0	NT=sdrf-skills-autoresearch;VV=v0.0.0
PAD000036-744360	Homo sapiens	Blood	not available	not available	not available	CLI8007F506	not available	451	not applicable	blood serum	PAD000036-r00524-744360	protein expression profiling by aptamer array	1	SS-2217258_v4.1_TCRS_Adult_Serum.hybNorm.medNormInt.plateScale.calibrate.anmlQC.qcCheck.medNormRefSMP.adat	ftp://ftp.pride.ebi.ac.uk/pride/data/archive/2026/04/PAD000036/SS-2217258_v4.1_TCRS_Adult_Serum.hybNorm.medNormInt.plateScale.calibrate.anmlQC.qcCheck.medNormRefSMP.adat	SomaScan Assay	SomaScan 7K	v4.1	RFU	PLT11458	Raw RFU, Hyb Normalization, medNormInt (SampleId), plateScale, Calibration, anmlQC, qcCheck, medNormRefSMP (SampleType)	SomaScan 7K	SomaScan Assay v4.1	20%	NT=affinity-proteomics;VV=v1.0.0	NT=human;VV=v1.1.0	NT=somascan;VV=v1.0.0	v1.1.0	NT=sdrf-skills-autoresearch;VV=v0.0.0
PAD000036-744676	Homo sapiens	Blood	not available	not available	not available	CLI8007F506	not available	452	not applicable	blood serum	PAD000036-r00525-744676	protein expression profiling by aptamer array	1	SS-2217258_v4.1_TCRS_Adult_Serum.hybNorm.medNormInt.plateScale.calibrate.anmlQC.qcCheck.medNormRefSMP.adat	ftp://ftp.pride.ebi.ac.uk/pride/data/archive/2026/04/PAD000036/SS-2217258_v4.1_TCRS_Adult_Serum.hybNorm.medNormInt.plateScale.calibrate.anmlQC.qcCheck.medNormRefSMP.adat	SomaScan Assay	SomaScan 7K	v4.1	RFU	PLT11458	Raw RFU, Hyb Normalization, medNormInt (SampleId), plateScale, Calibration, anmlQC, qcCheck, medNormRefSMP (SampleType)	SomaScan 7K	SomaScan Assay v4.1	20%	NT=affinity-proteomics;VV=v1.0.0	NT=human;VV=v1.1.0	NT=somascan;VV=v1.0.0	v1.1.0	NT=sdrf-skills-autoresearch;VV=v0.0.0
PAD000036-744633	Homo sapiens	Blood	not available	not available	not available	CLI8007F506	not available	453	not applicable	blood serum	PAD000036-r00526-744633	protein expression profiling by aptamer array	1	SS-2217258_v4.1_TCRS_Adult_Serum.hybNorm.medNormInt.plateScale.calibrate.anmlQC.qcCheck.medNormRefSMP.adat	ftp://ftp.pride.ebi.ac.uk/pride/data/archive/2026/04/PAD000036/SS-2217258_v4.1_TCRS_Adult_Serum.hybNorm.medNormInt.plateScale.calibrate.anmlQC.qcCheck.medNormRefSMP.adat	SomaScan Assay	SomaScan 7K	v4.1	RFU	PLT11458	Raw RFU, Hyb Normalization, medNormInt (SampleId), plateScale, Calibration, anmlQC, qcCheck, medNormRefSMP (SampleType)	SomaScan 7K	SomaScan Assay v4.1	20%	NT=affinity-proteomics;VV=v1.0.0	NT=human;VV=v1.1.0	NT=somascan;VV=v1.0.0	v1.1.0	NT=sdrf-skills-autoresearch;VV=v0.0.0
PAD000036-744613	Homo sapiens	Blood	not available	not available	not available	CLI8007F506	not available	454	not applicable	blood serum	PAD000036-r00527-744613	protein expression profiling by aptamer array	1	SS-2217258_v4.1_TCRS_Adult_Serum.hybNorm.medNormInt.plateScale.calibrate.anmlQC.qcCheck.medNormRefSMP.adat	ftp://ftp.pride.ebi.ac.uk/pride/data/archive/2026/04/PAD000036/SS-2217258_v4.1_TCRS_Adult_Serum.hybNorm.medNormInt.plateScale.calibrate.anmlQC.qcCheck.medNormRefSMP.adat	SomaScan Assay	SomaScan 7K	v4.1	RFU	PLT11458	Raw RFU, Hyb Normalization, medNormInt (SampleId), plateScale, Calibration, anmlQC, qcCheck, medNormRefSMP (SampleType)	SomaScan 7K	SomaScan Assay v4.1	20%	NT=affinity-proteomics;VV=v1.0.0	NT=human;VV=v1.1.0	NT=somascan;VV=v1.0.0	v1.1.0	NT=sdrf-skills-autoresearch;VV=v0.0.0
PAD000036-744418	Homo sapiens	Blood	not available	not available	not available	CLI8007F506	not available	455	not applicable	blood serum	PAD000036-r00528-744418	protein expression profiling by aptamer array	1	SS-2217258_v4.1_TCRS_Adult_Serum.hybNorm.medNormInt.plateScale.calibrate.anmlQC.qcCheck.medNormRefSMP.adat	ftp://ftp.pride.ebi.ac.uk/pride/data/archive/2026/04/PAD000036/SS-2217258_v4.1_TCRS_Adult_Serum.hybNorm.medNormInt.plateScale.calibrate.anmlQC.qcCheck.medNormRefSMP.adat	SomaScan Assay	SomaScan 7K	v4.1	RFU	PLT11466	Raw RFU, Hyb Normalization, medNormInt (SampleId), plateScale, Calibration, anmlQC, qcCheck, medNormRefSMP (SampleType)	SomaScan 7K	SomaScan Assay v4.1	20%	NT=affinity-proteomics;VV=v1.0.0	NT=human;VV=v1.1.0	NT=somascan;VV=v1.0.0	v1.1.0	NT=sdrf-skills-autoresearch;VV=v0.0.0
PAD000036-200174	Homo sapiens	Blood	not available	not available	not available	not available	not available	214	quality control sample	blood;blood plasma;blood serum	PAD000036-r00529-200174	protein expression profiling by aptamer array	7	SS-2217258_v4.1_TCRS_Adult_Serum.hybNorm.medNormInt.plateScale.calibrate.anmlQC.qcCheck.medNormRefSMP.adat	ftp://ftp.pride.ebi.ac.uk/pride/data/archive/2026/04/PAD000036/SS-2217258_v4.1_TCRS_Adult_Serum.hybNorm.medNormInt.plateScale.calibrate.anmlQC.qcCheck.medNormRefSMP.adat	SomaScan Assay	SomaScan 7K	v4.1	RFU	PLT11466	Raw RFU, Hyb Normalization, medNormInt (SampleId), plateScale, Calibration, anmlQC, qcCheck, medNormRefSMP (SampleType)	SomaScan 7K	SomaScan Assay v4.1	20%	NT=affinity-proteomics;VV=v1.0.0	NT=human;VV=v1.1.0	NT=somascan;VV=v1.0.0	v1.1.0	NT=sdrf-skills-autoresearch;VV=v0.0.0
PAD000036-744409	Homo sapiens	Blood	not available	not available	not available	CLI8007F506	not available	456	not applicable	blood serum	PAD000036-r00530-744409	protein expression profiling by aptamer array	1	SS-2217258_v4.1_TCRS_Adult_Serum.hybNorm.medNormInt.plateScale.calibrate.anmlQC.qcCheck.medNormRefSMP.adat	ftp://ftp.pride.ebi.ac.uk/pride/data/archive/2026/04/PAD000036/SS-2217258_v4.1_TCRS_Adult_Serum.hybNorm.medNormInt.plateScale.calibrate.anmlQC.qcCheck.medNormRefSMP.adat	SomaScan Assay	SomaScan 7K	v4.1	RFU	PLT11466	Raw RFU, Hyb Normalization, medNormInt (SampleId), plateScale, Calibration, anmlQC, qcCheck, medNormRefSMP (SampleType)	SomaScan 7K	SomaScan Assay v4.1	20%	NT=affinity-proteomics;VV=v1.0.0	NT=human;VV=v1.1.0	NT=somascan;VV=v1.0.0	v1.1.0	NT=sdrf-skills-autoresearch;VV=v0.0.0
PAD000036-200173	Homo sapiens	Blood	not available	not available	not available	not available	not available	224	calibrator	blood;blood plasma;blood serum	PAD000036-r00531-200173	protein expression profiling by aptamer array	11	SS-2217258_v4.1_TCRS_Adult_Serum.hybNorm.medNormInt.plateScale.calibrate.anmlQC.qcCheck.medNormRefSMP.adat	ftp://ftp.pride.ebi.ac.uk/pride/data/archive/2026/04/PAD000036/SS-2217258_v4.1_TCRS_Adult_Serum.hybNorm.medNormInt.plateScale.calibrate.anmlQC.qcCheck.medNormRefSMP.adat	SomaScan Assay	SomaScan 7K	v4.1	RFU	PLT11466	Raw RFU, Hyb Normalization, medNormInt (SampleId), plateScale, Calibration, anmlQC, qcCheck, medNormRefSMP (SampleType)	SomaScan 7K	SomaScan Assay v4.1	20%	NT=affinity-proteomics;VV=v1.0.0	NT=human;VV=v1.1.0	NT=somascan;VV=v1.0.0	v1.1.0	NT=sdrf-skills-autoresearch;VV=v0.0.0
PAD000036-744511	Homo sapiens	Blood	not available	not available	not available	CLI8007F506	not available	457	not applicable	blood serum	PAD000036-r00532-744511	protein expression profiling by aptamer array	1	SS-2217258_v4.1_TCRS_Adult_Serum.hybNorm.medNormInt.plateScale.calibrate.anmlQC.qcCheck.medNormRefSMP.adat	ftp://ftp.pride.ebi.ac.uk/pride/data/archive/2026/04/PAD000036/SS-2217258_v4.1_TCRS_Adult_Serum.hybNorm.medNormInt.plateScale.calibrate.anmlQC.qcCheck.medNormRefSMP.adat	SomaScan Assay	SomaScan 7K	v4.1	RFU	PLT11466	Raw RFU, Hyb Normalization, medNormInt (SampleId), plateScale, Calibration, anmlQC, qcCheck, medNormRefSMP (SampleType)	SomaScan 7K	SomaScan Assay v4.1	20%	NT=affinity-proteomics;VV=v1.0.0	NT=human;VV=v1.1.0	NT=somascan;VV=v1.0.0	v1.1.0	NT=sdrf-skills-autoresearch;VV=v0.0.0
PAD000036-745481	Homo sapiens	Blood	not available	not available	not available	CLI8007F506	not available	458	not applicable	blood serum	PAD000036-r00533-745481	protein expression profiling by aptamer array	1	SS-2217258_v4.1_TCRS_Adult_Serum.hybNorm.medNormInt.plateScale.calibrate.anmlQC.qcCheck.medNormRefSMP.adat	ftp://ftp.pride.ebi.ac.uk/pride/data/archive/2026/04/PAD000036/SS-2217258_v4.1_TCRS_Adult_Serum.hybNorm.medNormInt.plateScale.calibrate.anmlQC.qcCheck.medNormRefSMP.adat	SomaScan Assay	SomaScan 7K	v4.1	RFU	PLT11466	Raw RFU, Hyb Normalization, medNormInt (SampleId), plateScale, Calibration, anmlQC, qcCheck, medNormRefSMP (SampleType)	SomaScan 7K	SomaScan Assay v4.1	20%	NT=affinity-proteomics;VV=v1.0.0	NT=human;VV=v1.1.0	NT=somascan;VV=v1.0.0	v1.1.0	NT=sdrf-skills-autoresearch;VV=v0.0.0
PAD000036-220214	Homo sapiens	Blood	not available	not available	not available	not available	not available	208	not applicable	blood;blood plasma;blood serum	PAD000036-r00534-220214	protein expression profiling by aptamer array	7	SS-2217258_v4.1_TCRS_Adult_Serum.hybNorm.medNormInt.plateScale.calibrate.anmlQC.qcCheck.medNormRefSMP.adat	ftp://ftp.pride.ebi.ac.uk/pride/data/archive/2026/04/PAD000036/SS-2217258_v4.1_TCRS_Adult_Serum.hybNorm.medNormInt.plateScale.calibrate.anmlQC.qcCheck.medNormRefSMP.adat	SomaScan Assay	SomaScan 7K	v4.1	RFU	PLT11466	Raw RFU, Hyb Normalization, medNormInt (SampleId), plateScale, Calibration, anmlQC, qcCheck, medNormRefSMP (SampleType)	SomaScan 7K	SomaScan Assay v4.1	20%	NT=affinity-proteomics;VV=v1.0.0	NT=human;VV=v1.1.0	NT=somascan;VV=v1.0.0	v1.1.0	NT=sdrf-skills-autoresearch;VV=v0.0.0
PAD000036-744646	Homo sapiens	Blood	not available	not available	not available	CLI8007F506	not available	459	not applicable	blood serum	PAD000036-r00535-744646	protein expression profiling by aptamer array	1	SS-2217258_v4.1_TCRS_Adult_Serum.hybNorm.medNormInt.plateScale.calibrate.anmlQC.qcCheck.medNormRefSMP.adat	ftp://ftp.pride.ebi.ac.uk/pride/data/archive/2026/04/PAD000036/SS-2217258_v4.1_TCRS_Adult_Serum.hybNorm.medNormInt.plateScale.calibrate.anmlQC.qcCheck.medNormRefSMP.adat	SomaScan Assay	SomaScan 7K	v4.1	RFU	PLT11466	Raw RFU, Hyb Normalization, medNormInt (SampleId), plateScale, Calibration, anmlQC, qcCheck, medNormRefSMP (SampleType)	SomaScan 7K	SomaScan Assay v4.1	20%	NT=affinity-proteomics;VV=v1.0.0	NT=human;VV=v1.1.0	NT=somascan;VV=v1.0.0	v1.1.0	NT=sdrf-skills-autoresearch;VV=v0.0.0
PAD000036-744543	Homo sapiens	Blood	not available	not available	not available	CLI8007F506	not available	460	not applicable	blood serum	PAD000036-r00536-744543	protein expression profiling by aptamer array	1	SS-2217258_v4.1_TCRS_Adult_Serum.hybNorm.medNormInt.plateScale.calibrate.anmlQC.qcCheck.medNormRefSMP.adat	ftp://ftp.pride.ebi.ac.uk/pride/data/archive/2026/04/PAD000036/SS-2217258_v4.1_TCRS_Adult_Serum.hybNorm.medNormInt.plateScale.calibrate.anmlQC.qcCheck.medNormRefSMP.adat	SomaScan Assay	SomaScan 7K	v4.1	RFU	PLT11466	Raw RFU, Hyb Normalization, medNormInt (SampleId), plateScale, Calibration, anmlQC, qcCheck, medNormRefSMP (SampleType)	SomaScan 7K	SomaScan Assay v4.1	20%	NT=affinity-proteomics;VV=v1.0.0	NT=human;VV=v1.1.0	NT=somascan;VV=v1.0.0	v1.1.0	NT=sdrf-skills-autoresearch;VV=v0.0.0
PAD000036-200173	Homo sapiens	Blood	not available	not available	not available	not available	not available	224	calibrator	blood;blood plasma;blood serum	PAD000036-r00537-200173	protein expression profiling by aptamer array	12	SS-2217258_v4.1_TCRS_Adult_Serum.hybNorm.medNormInt.plateScale.calibrate.anmlQC.qcCheck.medNormRefSMP.adat	ftp://ftp.pride.ebi.ac.uk/pride/data/archive/2026/04/PAD000036/SS-2217258_v4.1_TCRS_Adult_Serum.hybNorm.medNormInt.plateScale.calibrate.anmlQC.qcCheck.medNormRefSMP.adat	SomaScan Assay	SomaScan 7K	v4.1	RFU	PLT11466	Raw RFU, Hyb Normalization, medNormInt (SampleId), plateScale, Calibration, anmlQC, qcCheck, medNormRefSMP (SampleType)	SomaScan 7K	SomaScan Assay v4.1	20%	NT=affinity-proteomics;VV=v1.0.0	NT=human;VV=v1.1.0	NT=somascan;VV=v1.0.0	v1.1.0	NT=sdrf-skills-autoresearch;VV=v0.0.0
PAD000036-745470	Homo sapiens	Blood	not available	not available	not available	CLI8007F506	not available	461	not applicable	blood serum	PAD000036-r00538-745470	protein expression profiling by aptamer array	1	SS-2217258_v4.1_TCRS_Adult_Serum.hybNorm.medNormInt.plateScale.calibrate.anmlQC.qcCheck.medNormRefSMP.adat	ftp://ftp.pride.ebi.ac.uk/pride/data/archive/2026/04/PAD000036/SS-2217258_v4.1_TCRS_Adult_Serum.hybNorm.medNormInt.plateScale.calibrate.anmlQC.qcCheck.medNormRefSMP.adat	SomaScan Assay	SomaScan 7K	v4.1	RFU	PLT11466	Raw RFU, Hyb Normalization, medNormInt (SampleId), plateScale, Calibration, anmlQC, qcCheck, medNormRefSMP (SampleType)	SomaScan 7K	SomaScan Assay v4.1	20%	NT=affinity-proteomics;VV=v1.0.0	NT=human;VV=v1.1.0	NT=somascan;VV=v1.0.0	v1.1.0	NT=sdrf-skills-autoresearch;VV=v0.0.0
PAD000036-200174	Homo sapiens	Blood	not available	not available	not available	not available	not available	214	quality control sample	blood;blood plasma;blood serum	PAD000036-r00539-200174	protein expression profiling by aptamer array	8	SS-2217258_v4.1_TCRS_Adult_Serum.hybNorm.medNormInt.plateScale.calibrate.anmlQC.qcCheck.medNormRefSMP.adat	ftp://ftp.pride.ebi.ac.uk/pride/data/archive/2026/04/PAD000036/SS-2217258_v4.1_TCRS_Adult_Serum.hybNorm.medNormInt.plateScale.calibrate.anmlQC.qcCheck.medNormRefSMP.adat	SomaScan Assay	SomaScan 7K	v4.1	RFU	PLT11466	Raw RFU, Hyb Normalization, medNormInt (SampleId), plateScale, Calibration, anmlQC, qcCheck, medNormRefSMP (SampleType)	SomaScan 7K	SomaScan Assay v4.1	20%	NT=affinity-proteomics;VV=v1.0.0	NT=human;VV=v1.1.0	NT=somascan;VV=v1.0.0	v1.1.0	NT=sdrf-skills-autoresearch;VV=v0.0.0
PAD000036-220214	Homo sapiens	Blood	not available	not available	not available	not available	not available	208	not applicable	blood;blood plasma;blood serum	PAD000036-r00540-220214	protein expression profiling by aptamer array	8	SS-2217258_v4.1_TCRS_Adult_Serum.hybNorm.medNormInt.plateScale.calibrate.anmlQC.qcCheck.medNormRefSMP.adat	ftp://ftp.pride.ebi.ac.uk/pride/data/archive/2026/04/PAD000036/SS-2217258_v4.1_TCRS_Adult_Serum.hybNorm.medNormInt.plateScale.calibrate.anmlQC.qcCheck.medNormRefSMP.adat	SomaScan Assay	SomaScan 7K	v4.1	RFU	PLT11466	Raw RFU, Hyb Normalization, medNormInt (SampleId), plateScale, Calibration, anmlQC, qcCheck, medNormRefSMP (SampleType)	SomaScan 7K	SomaScan Assay v4.1	20%	NT=affinity-proteomics;VV=v1.0.0	NT=human;VV=v1.1.0	NT=somascan;VV=v1.0.0	v1.1.0	NT=sdrf-skills-autoresearch;VV=v0.0.0
PAD000036-744447	Homo sapiens	Blood	not available	not available	not available	CLI8007F506	not available	462	not applicable	blood serum	PAD000036-r00541-744447	protein expression profiling by aptamer array	1	SS-2217258_v4.1_TCRS_Adult_Serum.hybNorm.medNormInt.plateScale.calibrate.anmlQC.qcCheck.medNormRefSMP.adat	ftp://ftp.pride.ebi.ac.uk/pride/data/archive/2026/04/PAD000036/SS-2217258_v4.1_TCRS_Adult_Serum.hybNorm.medNormInt.plateScale.calibrate.anmlQC.qcCheck.medNormRefSMP.adat	SomaScan Assay	SomaScan 7K	v4.1	RFU	PLT11466	Raw RFU, Hyb Normalization, medNormInt (SampleId), plateScale, Calibration, anmlQC, qcCheck, medNormRefSMP (SampleType)	SomaScan 7K	SomaScan Assay v4.1	20%	NT=affinity-proteomics;VV=v1.0.0	NT=human;VV=v1.1.0	NT=somascan;VV=v1.0.0	v1.1.0	NT=sdrf-skills-autoresearch;VV=v0.0.0
PAD000036-744438	Homo sapiens	Blood	not available	not available	not available	CLI8007F506	not available	463	not applicable	blood serum	PAD000036-r00542-744438	protein expression profiling by aptamer array	1	SS-2217258_v4.1_TCRS_Adult_Serum.hybNorm.medNormInt.plateScale.calibrate.anmlQC.qcCheck.medNormRefSMP.adat	ftp://ftp.pride.ebi.ac.uk/pride/data/archive/2026/04/PAD000036/SS-2217258_v4.1_TCRS_Adult_Serum.hybNorm.medNormInt.plateScale.calibrate.anmlQC.qcCheck.medNormRefSMP.adat	SomaScan Assay	SomaScan 7K	v4.1	RFU	PLT11466	Raw RFU, Hyb Normalization, medNormInt (SampleId), plateScale, Calibration, anmlQC, qcCheck, medNormRefSMP (SampleType)	SomaScan 7K	SomaScan Assay v4.1	20%	NT=affinity-proteomics;VV=v1.0.0	NT=human;VV=v1.1.0	NT=somascan;VV=v1.0.0	v1.1.0	NT=sdrf-skills-autoresearch;VV=v0.0.0
PAD000036-744542	Homo sapiens	Blood	not available	not available	not available	CLI8007F506	not available	464	not applicable	blood serum	PAD000036-r00543-744542	protein expression profiling by aptamer array	1	SS-2217258_v4.1_TCRS_Adult_Serum.hybNorm.medNormInt.plateScale.calibrate.anmlQC.qcCheck.medNormRefSMP.adat	ftp://ftp.pride.ebi.ac.uk/pride/data/archive/2026/04/PAD000036/SS-2217258_v4.1_TCRS_Adult_Serum.hybNorm.medNormInt.plateScale.calibrate.anmlQC.qcCheck.medNormRefSMP.adat	SomaScan Assay	SomaScan 7K	v4.1	RFU	PLT11466	Raw RFU, Hyb Normalization, medNormInt (SampleId), plateScale, Calibration, anmlQC, qcCheck, medNormRefSMP (SampleType)	SomaScan 7K	SomaScan Assay v4.1	20%	NT=affinity-proteomics;VV=v1.0.0	NT=human;VV=v1.1.0	NT=somascan;VV=v1.0.0	v1.1.0	NT=sdrf-skills-autoresearch;VV=v0.0.0
PAD000036-744534	Homo sapiens	Blood	not available	not available	not available	CLI8007F506	not available	465	not applicable	blood serum	PAD000036-r00544-744534	protein expression profiling by aptamer array	1	SS-2217258_v4.1_TCRS_Adult_Serum.hybNorm.medNormInt.plateScale.calibrate.anmlQC.qcCheck.medNormRefSMP.adat	ftp://ftp.pride.ebi.ac.uk/pride/data/archive/2026/04/PAD000036/SS-2217258_v4.1_TCRS_Adult_Serum.hybNorm.medNormInt.plateScale.calibrate.anmlQC.qcCheck.medNormRefSMP.adat	SomaScan Assay	SomaScan 7K	v4.1	RFU	PLT11466	Raw RFU, Hyb Normalization, medNormInt (SampleId), plateScale, Calibration, anmlQC, qcCheck, medNormRefSMP (SampleType)	SomaScan 7K	SomaScan Assay v4.1	20%	NT=affinity-proteomics;VV=v1.0.0	NT=human;VV=v1.1.0	NT=somascan;VV=v1.0.0	v1.1.0	NT=sdrf-skills-autoresearch;VV=v0.0.0
PAD000036-745520	Homo sapiens	Blood	not available	not available	not available	CLI8007F506	not available	466	not applicable	blood serum	PAD000036-r00545-745520	protein expression profiling by aptamer array	1	SS-2217258_v4.1_TCRS_Adult_Serum.hybNorm.medNormInt.plateScale.calibrate.anmlQC.qcCheck.medNormRefSMP.adat	ftp://ftp.pride.ebi.ac.uk/pride/data/archive/2026/04/PAD000036/SS-2217258_v4.1_TCRS_Adult_Serum.hybNorm.medNormInt.plateScale.calibrate.anmlQC.qcCheck.medNormRefSMP.adat	SomaScan Assay	SomaScan 7K	v4.1	RFU	PLT11466	Raw RFU, Hyb Normalization, medNormInt (SampleId), plateScale, Calibration, anmlQC, qcCheck, medNormRefSMP (SampleType)	SomaScan 7K	SomaScan Assay v4.1	20%	NT=affinity-proteomics;VV=v1.0.0	NT=human;VV=v1.1.0	NT=somascan;VV=v1.0.0	v1.1.0	NT=sdrf-skills-autoresearch;VV=v0.0.0
PAD000036-744379	Homo sapiens	Blood	not available	not available	not available	CLI8007F506	not available	467	not applicable	blood serum	PAD000036-r00546-744379	protein expression profiling by aptamer array	1	SS-2217258_v4.1_TCRS_Adult_Serum.hybNorm.medNormInt.plateScale.calibrate.anmlQC.qcCheck.medNormRefSMP.adat	ftp://ftp.pride.ebi.ac.uk/pride/data/archive/2026/04/PAD000036/SS-2217258_v4.1_TCRS_Adult_Serum.hybNorm.medNormInt.plateScale.calibrate.anmlQC.qcCheck.medNormRefSMP.adat	SomaScan Assay	SomaScan 7K	v4.1	RFU	PLT11466	Raw RFU, Hyb Normalization, medNormInt (SampleId), plateScale, Calibration, anmlQC, qcCheck, medNormRefSMP (SampleType)	SomaScan 7K	SomaScan Assay v4.1	20%	NT=affinity-proteomics;VV=v1.0.0	NT=human;VV=v1.1.0	NT=somascan;VV=v1.0.0	v1.1.0	NT=sdrf-skills-autoresearch;VV=v0.0.0
PAD000036-220214	Homo sapiens	Blood	not available	not available	not available	not available	not available	208	not applicable	blood;blood plasma;blood serum	PAD000036-r00547-220214	protein expression profiling by aptamer array	9	SS-2217258_v4.1_TCRS_Adult_Serum.hybNorm.medNormInt.plateScale.calibrate.anmlQC.qcCheck.medNormRefSMP.adat	ftp://ftp.pride.ebi.ac.uk/pride/data/archive/2026/04/PAD000036/SS-2217258_v4.1_TCRS_Adult_Serum.hybNorm.medNormInt.plateScale.calibrate.anmlQC.qcCheck.medNormRefSMP.adat	SomaScan Assay	SomaScan 7K	v4.1	RFU	PLT11466	Raw RFU, Hyb Normalization, medNormInt (SampleId), plateScale, Calibration, anmlQC, qcCheck, medNormRefSMP (SampleType)	SomaScan 7K	SomaScan Assay v4.1	20%	NT=affinity-proteomics;VV=v1.0.0	NT=human;VV=v1.1.0	NT=somascan;VV=v1.0.0	v1.1.0	NT=sdrf-skills-autoresearch;VV=v0.0.0
PAD000036-200174	Homo sapiens	Blood	not available	not available	not available	not available	not available	214	quality control sample	blood;blood plasma;blood serum	PAD000036-r00548-200174	protein expression profiling by aptamer array	9	SS-2217258_v4.1_TCRS_Adult_Serum.hybNorm.medNormInt.plateScale.calibrate.anmlQC.qcCheck.medNormRefSMP.adat	ftp://ftp.pride.ebi.ac.uk/pride/data/archive/2026/04/PAD000036/SS-2217258_v4.1_TCRS_Adult_Serum.hybNorm.medNormInt.plateScale.calibrate.anmlQC.qcCheck.medNormRefSMP.adat	SomaScan Assay	SomaScan 7K	v4.1	RFU	PLT11466	Raw RFU, Hyb Normalization, medNormInt (SampleId), plateScale, Calibration, anmlQC, qcCheck, medNormRefSMP (SampleType)	SomaScan 7K	SomaScan Assay v4.1	20%	NT=affinity-proteomics;VV=v1.0.0	NT=human;VV=v1.1.0	NT=somascan;VV=v1.0.0	v1.1.0	NT=sdrf-skills-autoresearch;VV=v0.0.0
PAD000036-744551	Homo sapiens	Blood	not available	not available	not available	CLI8007F506	not available	468	not applicable	blood serum	PAD000036-r00549-744551	protein expression profiling by aptamer array	1	SS-2217258_v4.1_TCRS_Adult_Serum.hybNorm.medNormInt.plateScale.calibrate.anmlQC.qcCheck.medNormRefSMP.adat	ftp://ftp.pride.ebi.ac.uk/pride/data/archive/2026/04/PAD000036/SS-2217258_v4.1_TCRS_Adult_Serum.hybNorm.medNormInt.plateScale.calibrate.anmlQC.qcCheck.medNormRefSMP.adat	SomaScan Assay	SomaScan 7K	v4.1	RFU	PLT11466	Raw RFU, Hyb Normalization, medNormInt (SampleId), plateScale, Calibration, anmlQC, qcCheck, medNormRefSMP (SampleType)	SomaScan 7K	SomaScan Assay v4.1	20%	NT=affinity-proteomics;VV=v1.0.0	NT=human;VV=v1.1.0	NT=somascan;VV=v1.0.0	v1.1.0	NT=sdrf-skills-autoresearch;VV=v0.0.0
PAD000036-200173	Homo sapiens	Blood	not available	not available	not available	not available	not available	224	calibrator	blood;blood plasma;blood serum	PAD000036-r00550-200173	protein expression profiling by aptamer array	13	SS-2217258_v4.1_TCRS_Adult_Serum.hybNorm.medNormInt.plateScale.calibrate.anmlQC.qcCheck.medNormRefSMP.adat	ftp://ftp.pride.ebi.ac.uk/pride/data/archive/2026/04/PAD000036/SS-2217258_v4.1_TCRS_Adult_Serum.hybNorm.medNormInt.plateScale.calibrate.anmlQC.qcCheck.medNormRefSMP.adat	SomaScan Assay	SomaScan 7K	v4.1	RFU	PLT11466	Raw RFU, Hyb Normalization, medNormInt (SampleId), plateScale, Calibration, anmlQC, qcCheck, medNormRefSMP (SampleType)	SomaScan 7K	SomaScan Assay v4.1	20%	NT=affinity-proteomics;VV=v1.0.0	NT=human;VV=v1.1.0	NT=somascan;VV=v1.0.0	v1.1.0	NT=sdrf-skills-autoresearch;VV=v0.0.0
PAD000036-744518	Homo sapiens	Blood	not available	not available	not available	CLI8007F506	not available	469	not applicable	blood serum	PAD000036-r00551-744518	protein expression profiling by aptamer array	1	SS-2217258_v4.1_TCRS_Adult_Serum.hybNorm.medNormInt.plateScale.calibrate.anmlQC.qcCheck.medNormRefSMP.adat	ftp://ftp.pride.ebi.ac.uk/pride/data/archive/2026/04/PAD000036/SS-2217258_v4.1_TCRS_Adult_Serum.hybNorm.medNormInt.plateScale.calibrate.anmlQC.qcCheck.medNormRefSMP.adat	SomaScan Assay	SomaScan 7K	v4.1	RFU	PLT11466	Raw RFU, Hyb Normalization, medNormInt (SampleId), plateScale, Calibration, anmlQC, qcCheck, medNormRefSMP (SampleType)	SomaScan 7K	SomaScan Assay v4.1	20%	NT=affinity-proteomics;VV=v1.0.0	NT=human;VV=v1.1.0	NT=somascan;VV=v1.0.0	v1.1.0	NT=sdrf-skills-autoresearch;VV=v0.0.0
PAD000036-744404	Homo sapiens	Blood	not available	not available	not available	CLI8007F506	not available	470	not applicable	blood serum	PAD000036-r00552-744404	protein expression profiling by aptamer array	1	SS-2217258_v4.1_TCRS_Adult_Serum.hybNorm.medNormInt.plateScale.calibrate.anmlQC.qcCheck.medNormRefSMP.adat	ftp://ftp.pride.ebi.ac.uk/pride/data/archive/2026/04/PAD000036/SS-2217258_v4.1_TCRS_Adult_Serum.hybNorm.medNormInt.plateScale.calibrate.anmlQC.qcCheck.medNormRefSMP.adat	SomaScan Assay	SomaScan 7K	v4.1	RFU	PLT11466	Raw RFU, Hyb Normalization, medNormInt (SampleId), plateScale, Calibration, anmlQC, qcCheck, medNormRefSMP (SampleType)	SomaScan 7K	SomaScan Assay v4.1	20%	NT=affinity-proteomics;VV=v1.0.0	NT=human;VV=v1.1.0	NT=somascan;VV=v1.0.0	v1.1.0	NT=sdrf-skills-autoresearch;VV=v0.0.0
PAD000036-220214	Homo sapiens	Blood	not available	not available	not available	not available	not available	208	not applicable	blood;blood plasma;blood serum	PAD000036-r00553-220214	protein expression profiling by aptamer array	10	SS-2217258_v4.1_TCRS_Adult_Serum.hybNorm.medNormInt.plateScale.calibrate.anmlQC.qcCheck.medNormRefSMP.adat	ftp://ftp.pride.ebi.ac.uk/pride/data/archive/2026/04/PAD000036/SS-2217258_v4.1_TCRS_Adult_Serum.hybNorm.medNormInt.plateScale.calibrate.anmlQC.qcCheck.medNormRefSMP.adat	SomaScan Assay	SomaScan 7K	v4.1	RFU	PLT11466	Raw RFU, Hyb Normalization, medNormInt (SampleId), plateScale, Calibration, anmlQC, qcCheck, medNormRefSMP (SampleType)	SomaScan 7K	SomaScan Assay v4.1	20%	NT=affinity-proteomics;VV=v1.0.0	NT=human;VV=v1.1.0	NT=somascan;VV=v1.0.0	v1.1.0	NT=sdrf-skills-autoresearch;VV=v0.0.0
PAD000036-744602	Homo sapiens	Blood	not available	not available	not available	CLI8007F506	not available	471	not applicable	blood serum	PAD000036-r00554-744602	protein expression profiling by aptamer array	1	SS-2217258_v4.1_TCRS_Adult_Serum.hybNorm.medNormInt.plateScale.calibrate.anmlQC.qcCheck.medNormRefSMP.adat	ftp://ftp.pride.ebi.ac.uk/pride/data/archive/2026/04/PAD000036/SS-2217258_v4.1_TCRS_Adult_Serum.hybNorm.medNormInt.plateScale.calibrate.anmlQC.qcCheck.medNormRefSMP.adat	SomaScan Assay	SomaScan 7K	v4.1	RFU	PLT11466	Raw RFU, Hyb Normalization, medNormInt (SampleId), plateScale, Calibration, anmlQC, qcCheck, medNormRefSMP (SampleType)	SomaScan 7K	SomaScan Assay v4.1	20%	NT=affinity-proteomics;VV=v1.0.0	NT=human;VV=v1.1.0	NT=somascan;VV=v1.0.0	v1.1.0	NT=sdrf-skills-autoresearch;VV=v0.0.0
PAD000036-200173	Homo sapiens	Blood	not available	not available	not available	not available	not available	224	calibrator	blood;blood plasma;blood serum	PAD000036-r00555-200173	protein expression profiling by aptamer array	14	SS-2217258_v4.1_TCRS_Adult_Serum.hybNorm.medNormInt.plateScale.calibrate.anmlQC.qcCheck.medNormRefSMP.adat	ftp://ftp.pride.ebi.ac.uk/pride/data/archive/2026/04/PAD000036/SS-2217258_v4.1_TCRS_Adult_Serum.hybNorm.medNormInt.plateScale.calibrate.anmlQC.qcCheck.medNormRefSMP.adat	SomaScan Assay	SomaScan 7K	v4.1	RFU	PLT11466	Raw RFU, Hyb Normalization, medNormInt (SampleId), plateScale, Calibration, anmlQC, qcCheck, medNormRefSMP (SampleType)	SomaScan 7K	SomaScan Assay v4.1	20%	NT=affinity-proteomics;VV=v1.0.0	NT=human;VV=v1.1.0	NT=somascan;VV=v1.0.0	v1.1.0	NT=sdrf-skills-autoresearch;VV=v0.0.0
PAD000036-200173	Homo sapiens	Blood	not available	not available	not available	not available	not available	224	calibrator	blood;blood plasma;blood serum	PAD000036-r00556-200173	protein expression profiling by aptamer array	15	SS-2217258_v4.1_TCRS_Adult_Serum.hybNorm.medNormInt.plateScale.calibrate.anmlQC.qcCheck.medNormRefSMP.adat	ftp://ftp.pride.ebi.ac.uk/pride/data/archive/2026/04/PAD000036/SS-2217258_v4.1_TCRS_Adult_Serum.hybNorm.medNormInt.plateScale.calibrate.anmlQC.qcCheck.medNormRefSMP.adat	SomaScan Assay	SomaScan 7K	v4.1	RFU	PLT11466	Raw RFU, Hyb Normalization, medNormInt (SampleId), plateScale, Calibration, anmlQC, qcCheck, medNormRefSMP (SampleType)	SomaScan 7K	SomaScan Assay v4.1	20%	NT=affinity-proteomics;VV=v1.0.0	NT=human;VV=v1.1.0	NT=somascan;VV=v1.0.0	v1.1.0	NT=sdrf-skills-autoresearch;VV=v0.0.0
PAD000036-744595	Homo sapiens	Blood	not available	not available	not available	CLI8007F506	not available	472	not applicable	blood serum	PAD000036-r00557-744595	protein expression profiling by aptamer array	1	SS-2217258_v4.1_TCRS_Adult_Serum.hybNorm.medNormInt.plateScale.calibrate.anmlQC.qcCheck.medNormRefSMP.adat	ftp://ftp.pride.ebi.ac.uk/pride/data/archive/2026/04/PAD000036/SS-2217258_v4.1_TCRS_Adult_Serum.hybNorm.medNormInt.plateScale.calibrate.anmlQC.qcCheck.medNormRefSMP.adat	SomaScan Assay	SomaScan 7K	v4.1	RFU	PLT11466	Raw RFU, Hyb Normalization, medNormInt (SampleId), plateScale, Calibration, anmlQC, qcCheck, medNormRefSMP (SampleType)	SomaScan 7K	SomaScan Assay v4.1	20%	NT=affinity-proteomics;VV=v1.0.0	NT=human;VV=v1.1.0	NT=somascan;VV=v1.0.0	v1.1.0	NT=sdrf-skills-autoresearch;VV=v0.0.0
PAD000036-220214	Homo sapiens	Blood	not available	not available	not available	not available	not available	208	not applicable	blood;blood plasma;blood serum	PAD000036-r00558-220214	protein expression profiling by aptamer array	11	SS-2217258_v4.1_TCRS_Adult_Serum.hybNorm.medNormInt.plateScale.calibrate.anmlQC.qcCheck.medNormRefSMP.adat	ftp://ftp.pride.ebi.ac.uk/pride/data/archive/2026/04/PAD000036/SS-2217258_v4.1_TCRS_Adult_Serum.hybNorm.medNormInt.plateScale.calibrate.anmlQC.qcCheck.medNormRefSMP.adat	SomaScan Assay	SomaScan 7K	v4.1	RFU	PLT11466	Raw RFU, Hyb Normalization, medNormInt (SampleId), plateScale, Calibration, anmlQC, qcCheck, medNormRefSMP (SampleType)	SomaScan 7K	SomaScan Assay v4.1	20%	NT=affinity-proteomics;VV=v1.0.0	NT=human;VV=v1.1.0	NT=somascan;VV=v1.0.0	v1.1.0	NT=sdrf-skills-autoresearch;VV=v0.0.0
PAD000036-744661	Homo sapiens	Blood	not available	not available	not available	CLI8007F506	not available	473	not applicable	blood serum	PAD000036-r00559-744661	protein expression profiling by aptamer array	1	SS-2217258_v4.1_TCRS_Adult_Serum.hybNorm.medNormInt.plateScale.calibrate.anmlQC.qcCheck.medNormRefSMP.adat	ftp://ftp.pride.ebi.ac.uk/pride/data/archive/2026/04/PAD000036/SS-2217258_v4.1_TCRS_Adult_Serum.hybNorm.medNormInt.plateScale.calibrate.anmlQC.qcCheck.medNormRefSMP.adat	SomaScan Assay	SomaScan 7K	v4.1	RFU	PLT11466	Raw RFU, Hyb Normalization, medNormInt (SampleId), plateScale, Calibration, anmlQC, qcCheck, medNormRefSMP (SampleType)	SomaScan 7K	SomaScan Assay v4.1	20%	NT=affinity-proteomics;VV=v1.0.0	NT=human;VV=v1.1.0	NT=somascan;VV=v1.0.0	v1.1.0	NT=sdrf-skills-autoresearch;VV=v0.0.0
PAD000036-744626	Homo sapiens	Blood	not available	not available	not available	CLI8007F506	not available	474	not applicable	blood serum	PAD000036-r00560-744626	protein expression profiling by aptamer array	1	SS-2217258_v4.1_TCRS_Adult_Serum.hybNorm.medNormInt.plateScale.calibrate.anmlQC.qcCheck.medNormRefSMP.adat	ftp://ftp.pride.ebi.ac.uk/pride/data/archive/2026/04/PAD000036/SS-2217258_v4.1_TCRS_Adult_Serum.hybNorm.medNormInt.plateScale.calibrate.anmlQC.qcCheck.medNormRefSMP.adat	SomaScan Assay	SomaScan 7K	v4.1	RFU	PLT11457	Raw RFU, Hyb Normalization, medNormInt (SampleId), plateScale, Calibration, anmlQC, qcCheck, medNormRefSMP (SampleType)	SomaScan 7K	SomaScan Assay v4.1	20%	NT=affinity-proteomics;VV=v1.0.0	NT=human;VV=v1.1.0	NT=somascan;VV=v1.0.0	v1.1.0	NT=sdrf-skills-autoresearch;VV=v0.0.0
PAD000036-744563	Homo sapiens	Blood	not available	not available	not available	CLI8007F506	not available	475	not applicable	blood serum	PAD000036-r00561-744563	protein expression profiling by aptamer array	1	SS-2217258_v4.1_TCRS_Adult_Serum.hybNorm.medNormInt.plateScale.calibrate.anmlQC.qcCheck.medNormRefSMP.adat	ftp://ftp.pride.ebi.ac.uk/pride/data/archive/2026/04/PAD000036/SS-2217258_v4.1_TCRS_Adult_Serum.hybNorm.medNormInt.plateScale.calibrate.anmlQC.qcCheck.medNormRefSMP.adat	SomaScan Assay	SomaScan 7K	v4.1	RFU	PLT11457	Raw RFU, Hyb Normalization, medNormInt (SampleId), plateScale, Calibration, anmlQC, qcCheck, medNormRefSMP (SampleType)	SomaScan 7K	SomaScan Assay v4.1	20%	NT=affinity-proteomics;VV=v1.0.0	NT=human;VV=v1.1.0	NT=somascan;VV=v1.0.0	v1.1.0	NT=sdrf-skills-autoresearch;VV=v0.0.0
PAD000036-744575	Homo sapiens	Blood	not available	not available	not available	CLI8007F506	not available	476	not applicable	blood serum	PAD000036-r00562-744575	protein expression profiling by aptamer array	1	SS-2217258_v4.1_TCRS_Adult_Serum.hybNorm.medNormInt.plateScale.calibrate.anmlQC.qcCheck.medNormRefSMP.adat	ftp://ftp.pride.ebi.ac.uk/pride/data/archive/2026/04/PAD000036/SS-2217258_v4.1_TCRS_Adult_Serum.hybNorm.medNormInt.plateScale.calibrate.anmlQC.qcCheck.medNormRefSMP.adat	SomaScan Assay	SomaScan 7K	v4.1	RFU	PLT11457	Raw RFU, Hyb Normalization, medNormInt (SampleId), plateScale, Calibration, anmlQC, qcCheck, medNormRefSMP (SampleType)	SomaScan 7K	SomaScan Assay v4.1	20%	NT=affinity-proteomics;VV=v1.0.0	NT=human;VV=v1.1.0	NT=somascan;VV=v1.0.0	v1.1.0	NT=sdrf-skills-autoresearch;VV=v0.0.0
PAD000036-745510	Homo sapiens	Blood	not available	not available	not available	CLI8007F506	not available	477	not applicable	blood serum	PAD000036-r00563-745510	protein expression profiling by aptamer array	1	SS-2217258_v4.1_TCRS_Adult_Serum.hybNorm.medNormInt.plateScale.calibrate.anmlQC.qcCheck.medNormRefSMP.adat	ftp://ftp.pride.ebi.ac.uk/pride/data/archive/2026/04/PAD000036/SS-2217258_v4.1_TCRS_Adult_Serum.hybNorm.medNormInt.plateScale.calibrate.anmlQC.qcCheck.medNormRefSMP.adat	SomaScan Assay	SomaScan 7K	v4.1	RFU	PLT11457	Raw RFU, Hyb Normalization, medNormInt (SampleId), plateScale, Calibration, anmlQC, qcCheck, medNormRefSMP (SampleType)	SomaScan 7K	SomaScan Assay v4.1	20%	NT=affinity-proteomics;VV=v1.0.0	NT=human;VV=v1.1.0	NT=somascan;VV=v1.0.0	v1.1.0	NT=sdrf-skills-autoresearch;VV=v0.0.0
PAD000036-744700	Homo sapiens	Blood	not available	not available	not available	CLI8007F506	not available	478	not applicable	blood serum	PAD000036-r00564-744700	protein expression profiling by aptamer array	1	SS-2217258_v4.1_TCRS_Adult_Serum.hybNorm.medNormInt.plateScale.calibrate.anmlQC.qcCheck.medNormRefSMP.adat	ftp://ftp.pride.ebi.ac.uk/pride/data/archive/2026/04/PAD000036/SS-2217258_v4.1_TCRS_Adult_Serum.hybNorm.medNormInt.plateScale.calibrate.anmlQC.qcCheck.medNormRefSMP.adat	SomaScan Assay	SomaScan 7K	v4.1	RFU	PLT11457	Raw RFU, Hyb Normalization, medNormInt (SampleId), plateScale, Calibration, anmlQC, qcCheck, medNormRefSMP (SampleType)	SomaScan 7K	SomaScan Assay v4.1	20%	NT=affinity-proteomics;VV=v1.0.0	NT=human;VV=v1.1.0	NT=somascan;VV=v1.0.0	v1.1.0	NT=sdrf-skills-autoresearch;VV=v0.0.0
PAD000036-744448	Homo sapiens	Blood	not available	not available	not available	CLI8007F506	not available	479	not applicable	blood serum	PAD000036-r00565-744448	protein expression profiling by aptamer array	1	SS-2217258_v4.1_TCRS_Adult_Serum.hybNorm.medNormInt.plateScale.calibrate.anmlQC.qcCheck.medNormRefSMP.adat	ftp://ftp.pride.ebi.ac.uk/pride/data/archive/2026/04/PAD000036/SS-2217258_v4.1_TCRS_Adult_Serum.hybNorm.medNormInt.plateScale.calibrate.anmlQC.qcCheck.medNormRefSMP.adat	SomaScan Assay	SomaScan 7K	v4.1	RFU	PLT11457	Raw RFU, Hyb Normalization, medNormInt (SampleId), plateScale, Calibration, anmlQC, qcCheck, medNormRefSMP (SampleType)	SomaScan 7K	SomaScan Assay v4.1	20%	NT=affinity-proteomics;VV=v1.0.0	NT=human;VV=v1.1.0	NT=somascan;VV=v1.0.0	v1.1.0	NT=sdrf-skills-autoresearch;VV=v0.0.0
PAD000036-745473	Homo sapiens	Blood	not available	not available	not available	CLI8007F506	not available	480	not applicable	blood serum	PAD000036-r00566-745473	protein expression profiling by aptamer array	1	SS-2217258_v4.1_TCRS_Adult_Serum.hybNorm.medNormInt.plateScale.calibrate.anmlQC.qcCheck.medNormRefSMP.adat	ftp://ftp.pride.ebi.ac.uk/pride/data/archive/2026/04/PAD000036/SS-2217258_v4.1_TCRS_Adult_Serum.hybNorm.medNormInt.plateScale.calibrate.anmlQC.qcCheck.medNormRefSMP.adat	SomaScan Assay	SomaScan 7K	v4.1	RFU	PLT11457	Raw RFU, Hyb Normalization, medNormInt (SampleId), plateScale, Calibration, anmlQC, qcCheck, medNormRefSMP (SampleType)	SomaScan 7K	SomaScan Assay v4.1	20%	NT=affinity-proteomics;VV=v1.0.0	NT=human;VV=v1.1.0	NT=somascan;VV=v1.0.0	v1.1.0	NT=sdrf-skills-autoresearch;VV=v0.0.0
PAD000036-745490	Homo sapiens	Blood	not available	not available	not available	CLI8007F506	not available	481	not applicable	blood serum	PAD000036-r00567-745490	protein expression profiling by aptamer array	1	SS-2217258_v4.1_TCRS_Adult_Serum.hybNorm.medNormInt.plateScale.calibrate.anmlQC.qcCheck.medNormRefSMP.adat	ftp://ftp.pride.ebi.ac.uk/pride/data/archive/2026/04/PAD000036/SS-2217258_v4.1_TCRS_Adult_Serum.hybNorm.medNormInt.plateScale.calibrate.anmlQC.qcCheck.medNormRefSMP.adat	SomaScan Assay	SomaScan 7K	v4.1	RFU	PLT11457	Raw RFU, Hyb Normalization, medNormInt (SampleId), plateScale, Calibration, anmlQC, qcCheck, medNormRefSMP (SampleType)	SomaScan 7K	SomaScan Assay v4.1	20%	NT=affinity-proteomics;VV=v1.0.0	NT=human;VV=v1.1.0	NT=somascan;VV=v1.0.0	v1.1.0	NT=sdrf-skills-autoresearch;VV=v0.0.0
PAD000036-744373	Homo sapiens	Blood	not available	not available	not available	CLI8007F506	not available	482	not applicable	blood serum	PAD000036-r00568-744373	protein expression profiling by aptamer array	1	SS-2217258_v4.1_TCRS_Adult_Serum.hybNorm.medNormInt.plateScale.calibrate.anmlQC.qcCheck.medNormRefSMP.adat	ftp://ftp.pride.ebi.ac.uk/pride/data/archive/2026/04/PAD000036/SS-2217258_v4.1_TCRS_Adult_Serum.hybNorm.medNormInt.plateScale.calibrate.anmlQC.qcCheck.medNormRefSMP.adat	SomaScan Assay	SomaScan 7K	v4.1	RFU	PLT11457	Raw RFU, Hyb Normalization, medNormInt (SampleId), plateScale, Calibration, anmlQC, qcCheck, medNormRefSMP (SampleType)	SomaScan 7K	SomaScan Assay v4.1	20%	NT=affinity-proteomics;VV=v1.0.0	NT=human;VV=v1.1.0	NT=somascan;VV=v1.0.0	v1.1.0	NT=sdrf-skills-autoresearch;VV=v0.0.0
PAD000036-744673	Homo sapiens	Blood	not available	not available	not available	CLI8007F506	not available	483	not applicable	blood serum	PAD000036-r00569-744673	protein expression profiling by aptamer array	1	SS-2217258_v4.1_TCRS_Adult_Serum.hybNorm.medNormInt.plateScale.calibrate.anmlQC.qcCheck.medNormRefSMP.adat	ftp://ftp.pride.ebi.ac.uk/pride/data/archive/2026/04/PAD000036/SS-2217258_v4.1_TCRS_Adult_Serum.hybNorm.medNormInt.plateScale.calibrate.anmlQC.qcCheck.medNormRefSMP.adat	SomaScan Assay	SomaScan 7K	v4.1	RFU	PLT11457	Raw RFU, Hyb Normalization, medNormInt (SampleId), plateScale, Calibration, anmlQC, qcCheck, medNormRefSMP (SampleType)	SomaScan 7K	SomaScan Assay v4.1	20%	NT=affinity-proteomics;VV=v1.0.0	NT=human;VV=v1.1.0	NT=somascan;VV=v1.0.0	v1.1.0	NT=sdrf-skills-autoresearch;VV=v0.0.0
PAD000036-745472	Homo sapiens	Blood	not available	not available	not available	CLI8007F506	not available	484	not applicable	blood serum	PAD000036-r00570-745472	protein expression profiling by aptamer array	1	SS-2217258_v4.1_TCRS_Adult_Serum.hybNorm.medNormInt.plateScale.calibrate.anmlQC.qcCheck.medNormRefSMP.adat	ftp://ftp.pride.ebi.ac.uk/pride/data/archive/2026/04/PAD000036/SS-2217258_v4.1_TCRS_Adult_Serum.hybNorm.medNormInt.plateScale.calibrate.anmlQC.qcCheck.medNormRefSMP.adat	SomaScan Assay	SomaScan 7K	v4.1	RFU	PLT11457	Raw RFU, Hyb Normalization, medNormInt (SampleId), plateScale, Calibration, anmlQC, qcCheck, medNormRefSMP (SampleType)	SomaScan 7K	SomaScan Assay v4.1	20%	NT=affinity-proteomics;VV=v1.0.0	NT=human;VV=v1.1.0	NT=somascan;VV=v1.0.0	v1.1.0	NT=sdrf-skills-autoresearch;VV=v0.0.0
PAD000036-200173	Homo sapiens	Blood	not available	not available	not available	not available	not available	224	calibrator	blood;blood plasma;blood serum	PAD000036-r00571-200173	protein expression profiling by aptamer array	16	SS-2217258_v4.1_TCRS_Adult_Serum.hybNorm.medNormInt.plateScale.calibrate.anmlQC.qcCheck.medNormRefSMP.adat	ftp://ftp.pride.ebi.ac.uk/pride/data/archive/2026/04/PAD000036/SS-2217258_v4.1_TCRS_Adult_Serum.hybNorm.medNormInt.plateScale.calibrate.anmlQC.qcCheck.medNormRefSMP.adat	SomaScan Assay	SomaScan 7K	v4.1	RFU	PLT11457	Raw RFU, Hyb Normalization, medNormInt (SampleId), plateScale, Calibration, anmlQC, qcCheck, medNormRefSMP (SampleType)	SomaScan 7K	SomaScan Assay v4.1	20%	NT=affinity-proteomics;VV=v1.0.0	NT=human;VV=v1.1.0	NT=somascan;VV=v1.0.0	v1.1.0	NT=sdrf-skills-autoresearch;VV=v0.0.0
PAD000036-744560	Homo sapiens	Blood	not available	not available	not available	CLI8007F506	not available	485	not applicable	blood serum	PAD000036-r00572-744560	protein expression profiling by aptamer array	1	SS-2217258_v4.1_TCRS_Adult_Serum.hybNorm.medNormInt.plateScale.calibrate.anmlQC.qcCheck.medNormRefSMP.adat	ftp://ftp.pride.ebi.ac.uk/pride/data/archive/2026/04/PAD000036/SS-2217258_v4.1_TCRS_Adult_Serum.hybNorm.medNormInt.plateScale.calibrate.anmlQC.qcCheck.medNormRefSMP.adat	SomaScan Assay	SomaScan 7K	v4.1	RFU	PLT11457	Raw RFU, Hyb Normalization, medNormInt (SampleId), plateScale, Calibration, anmlQC, qcCheck, medNormRefSMP (SampleType)	SomaScan 7K	SomaScan Assay v4.1	20%	NT=affinity-proteomics;VV=v1.0.0	NT=human;VV=v1.1.0	NT=somascan;VV=v1.0.0	v1.1.0	NT=sdrf-skills-autoresearch;VV=v0.0.0
PAD000036-745460	Homo sapiens	Blood	not available	not available	not available	CLI8007F506	not available	486	not applicable	blood serum	PAD000036-r00573-745460	protein expression profiling by aptamer array	1	SS-2217258_v4.1_TCRS_Adult_Serum.hybNorm.medNormInt.plateScale.calibrate.anmlQC.qcCheck.medNormRefSMP.adat	ftp://ftp.pride.ebi.ac.uk/pride/data/archive/2026/04/PAD000036/SS-2217258_v4.1_TCRS_Adult_Serum.hybNorm.medNormInt.plateScale.calibrate.anmlQC.qcCheck.medNormRefSMP.adat	SomaScan Assay	SomaScan 7K	v4.1	RFU	PLT11457	Raw RFU, Hyb Normalization, medNormInt (SampleId), plateScale, Calibration, anmlQC, qcCheck, medNormRefSMP (SampleType)	SomaScan 7K	SomaScan Assay v4.1	20%	NT=affinity-proteomics;VV=v1.0.0	NT=human;VV=v1.1.0	NT=somascan;VV=v1.0.0	v1.1.0	NT=sdrf-skills-autoresearch;VV=v0.0.0
PAD000036-744603	Homo sapiens	Blood	not available	not available	not available	CLI8007F506	not available	487	not applicable	blood serum	PAD000036-r00574-744603	protein expression profiling by aptamer array	1	SS-2217258_v4.1_TCRS_Adult_Serum.hybNorm.medNormInt.plateScale.calibrate.anmlQC.qcCheck.medNormRefSMP.adat	ftp://ftp.pride.ebi.ac.uk/pride/data/archive/2026/04/PAD000036/SS-2217258_v4.1_TCRS_Adult_Serum.hybNorm.medNormInt.plateScale.calibrate.anmlQC.qcCheck.medNormRefSMP.adat	SomaScan Assay	SomaScan 7K	v4.1	RFU	PLT11457	Raw RFU, Hyb Normalization, medNormInt (SampleId), plateScale, Calibration, anmlQC, qcCheck, medNormRefSMP (SampleType)	SomaScan 7K	SomaScan Assay v4.1	20%	NT=affinity-proteomics;VV=v1.0.0	NT=human;VV=v1.1.0	NT=somascan;VV=v1.0.0	v1.1.0	NT=sdrf-skills-autoresearch;VV=v0.0.0
PAD000036-200173	Homo sapiens	Blood	not available	not available	not available	not available	not available	224	calibrator	blood;blood plasma;blood serum	PAD000036-r00575-200173	protein expression profiling by aptamer array	17	SS-2217258_v4.1_TCRS_Adult_Serum.hybNorm.medNormInt.plateScale.calibrate.anmlQC.qcCheck.medNormRefSMP.adat	ftp://ftp.pride.ebi.ac.uk/pride/data/archive/2026/04/PAD000036/SS-2217258_v4.1_TCRS_Adult_Serum.hybNorm.medNormInt.plateScale.calibrate.anmlQC.qcCheck.medNormRefSMP.adat	SomaScan Assay	SomaScan 7K	v4.1	RFU	PLT11457	Raw RFU, Hyb Normalization, medNormInt (SampleId), plateScale, Calibration, anmlQC, qcCheck, medNormRefSMP (SampleType)	SomaScan 7K	SomaScan Assay v4.1	20%	NT=affinity-proteomics;VV=v1.0.0	NT=human;VV=v1.1.0	NT=somascan;VV=v1.0.0	v1.1.0	NT=sdrf-skills-autoresearch;VV=v0.0.0
PAD000036-200174	Homo sapiens	Blood	not available	not available	not available	not available	not available	214	quality control sample	blood;blood plasma;blood serum	PAD000036-r00576-200174	protein expression profiling by aptamer array	10	SS-2217258_v4.1_TCRS_Adult_Serum.hybNorm.medNormInt.plateScale.calibrate.anmlQC.qcCheck.medNormRefSMP.adat	ftp://ftp.pride.ebi.ac.uk/pride/data/archive/2026/04/PAD000036/SS-2217258_v4.1_TCRS_Adult_Serum.hybNorm.medNormInt.plateScale.calibrate.anmlQC.qcCheck.medNormRefSMP.adat	SomaScan Assay	SomaScan 7K	v4.1	RFU	PLT11457	Raw RFU, Hyb Normalization, medNormInt (SampleId), plateScale, Calibration, anmlQC, qcCheck, medNormRefSMP (SampleType)	SomaScan 7K	SomaScan Assay v4.1	20%	NT=affinity-proteomics;VV=v1.0.0	NT=human;VV=v1.1.0	NT=somascan;VV=v1.0.0	v1.1.0	NT=sdrf-skills-autoresearch;VV=v0.0.0
PAD000036-744440	Homo sapiens	Blood	not available	not available	not available	CLI8007F506	not available	488	not applicable	blood serum	PAD000036-r00577-744440	protein expression profiling by aptamer array	1	SS-2217258_v4.1_TCRS_Adult_Serum.hybNorm.medNormInt.plateScale.calibrate.anmlQC.qcCheck.medNormRefSMP.adat	ftp://ftp.pride.ebi.ac.uk/pride/data/archive/2026/04/PAD000036/SS-2217258_v4.1_TCRS_Adult_Serum.hybNorm.medNormInt.plateScale.calibrate.anmlQC.qcCheck.medNormRefSMP.adat	SomaScan Assay	SomaScan 7K	v4.1	RFU	PLT11457	Raw RFU, Hyb Normalization, medNormInt (SampleId), plateScale, Calibration, anmlQC, qcCheck, medNormRefSMP (SampleType)	SomaScan 7K	SomaScan Assay v4.1	20%	NT=affinity-proteomics;VV=v1.0.0	NT=human;VV=v1.1.0	NT=somascan;VV=v1.0.0	v1.1.0	NT=sdrf-skills-autoresearch;VV=v0.0.0
PAD000036-744413	Homo sapiens	Blood	not available	not available	not available	CLI8007F506	not available	489	not applicable	blood serum	PAD000036-r00578-744413	protein expression profiling by aptamer array	1	SS-2217258_v4.1_TCRS_Adult_Serum.hybNorm.medNormInt.plateScale.calibrate.anmlQC.qcCheck.medNormRefSMP.adat	ftp://ftp.pride.ebi.ac.uk/pride/data/archive/2026/04/PAD000036/SS-2217258_v4.1_TCRS_Adult_Serum.hybNorm.medNormInt.plateScale.calibrate.anmlQC.qcCheck.medNormRefSMP.adat	SomaScan Assay	SomaScan 7K	v4.1	RFU	PLT11457	Raw RFU, Hyb Normalization, medNormInt (SampleId), plateScale, Calibration, anmlQC, qcCheck, medNormRefSMP (SampleType)	SomaScan 7K	SomaScan Assay v4.1	20%	NT=affinity-proteomics;VV=v1.0.0	NT=human;VV=v1.1.0	NT=somascan;VV=v1.0.0	v1.1.0	NT=sdrf-skills-autoresearch;VV=v0.0.0
PAD000036-744441	Homo sapiens	Blood	not available	not available	not available	CLI8007F506	not available	490	not applicable	blood serum	PAD000036-r00579-744441	protein expression profiling by aptamer array	1	SS-2217258_v4.1_TCRS_Adult_Serum.hybNorm.medNormInt.plateScale.calibrate.anmlQC.qcCheck.medNormRefSMP.adat	ftp://ftp.pride.ebi.ac.uk/pride/data/archive/2026/04/PAD000036/SS-2217258_v4.1_TCRS_Adult_Serum.hybNorm.medNormInt.plateScale.calibrate.anmlQC.qcCheck.medNormRefSMP.adat	SomaScan Assay	SomaScan 7K	v4.1	RFU	PLT11457	Raw RFU, Hyb Normalization, medNormInt (SampleId), plateScale, Calibration, anmlQC, qcCheck, medNormRefSMP (SampleType)	SomaScan 7K	SomaScan Assay v4.1	20%	NT=affinity-proteomics;VV=v1.0.0	NT=human;VV=v1.1.0	NT=somascan;VV=v1.0.0	v1.1.0	NT=sdrf-skills-autoresearch;VV=v0.0.0
PAD000036-744664	Homo sapiens	Blood	not available	not available	not available	CLI8007F506	not available	491	not applicable	blood serum	PAD000036-r00580-744664	protein expression profiling by aptamer array	1	SS-2217258_v4.1_TCRS_Adult_Serum.hybNorm.medNormInt.plateScale.calibrate.anmlQC.qcCheck.medNormRefSMP.adat	ftp://ftp.pride.ebi.ac.uk/pride/data/archive/2026/04/PAD000036/SS-2217258_v4.1_TCRS_Adult_Serum.hybNorm.medNormInt.plateScale.calibrate.anmlQC.qcCheck.medNormRefSMP.adat	SomaScan Assay	SomaScan 7K	v4.1	RFU	PLT11457	Raw RFU, Hyb Normalization, medNormInt (SampleId), plateScale, Calibration, anmlQC, qcCheck, medNormRefSMP (SampleType)	SomaScan 7K	SomaScan Assay v4.1	20%	NT=affinity-proteomics;VV=v1.0.0	NT=human;VV=v1.1.0	NT=somascan;VV=v1.0.0	v1.1.0	NT=sdrf-skills-autoresearch;VV=v0.0.0
PAD000036-744570	Homo sapiens	Blood	not available	not available	not available	CLI8007F506	not available	492	not applicable	blood serum	PAD000036-r00581-744570	protein expression profiling by aptamer array	1	SS-2217258_v4.1_TCRS_Adult_Serum.hybNorm.medNormInt.plateScale.calibrate.anmlQC.qcCheck.medNormRefSMP.adat	ftp://ftp.pride.ebi.ac.uk/pride/data/archive/2026/04/PAD000036/SS-2217258_v4.1_TCRS_Adult_Serum.hybNorm.medNormInt.plateScale.calibrate.anmlQC.qcCheck.medNormRefSMP.adat	SomaScan Assay	SomaScan 7K	v4.1	RFU	PLT11457	Raw RFU, Hyb Normalization, medNormInt (SampleId), plateScale, Calibration, anmlQC, qcCheck, medNormRefSMP (SampleType)	SomaScan 7K	SomaScan Assay v4.1	20%	NT=affinity-proteomics;VV=v1.0.0	NT=human;VV=v1.1.0	NT=somascan;VV=v1.0.0	v1.1.0	NT=sdrf-skills-autoresearch;VV=v0.0.0
PAD000036-744622	Homo sapiens	Blood	not available	not available	not available	CLI8007F506	not available	493	not applicable	blood serum	PAD000036-r00582-744622	protein expression profiling by aptamer array	1	SS-2217258_v4.1_TCRS_Adult_Serum.hybNorm.medNormInt.plateScale.calibrate.anmlQC.qcCheck.medNormRefSMP.adat	ftp://ftp.pride.ebi.ac.uk/pride/data/archive/2026/04/PAD000036/SS-2217258_v4.1_TCRS_Adult_Serum.hybNorm.medNormInt.plateScale.calibrate.anmlQC.qcCheck.medNormRefSMP.adat	SomaScan Assay	SomaScan 7K	v4.1	RFU	PLT11457	Raw RFU, Hyb Normalization, medNormInt (SampleId), plateScale, Calibration, anmlQC, qcCheck, medNormRefSMP (SampleType)	SomaScan 7K	SomaScan Assay v4.1	20%	NT=affinity-proteomics;VV=v1.0.0	NT=human;VV=v1.1.0	NT=somascan;VV=v1.0.0	v1.1.0	NT=sdrf-skills-autoresearch;VV=v0.0.0
PAD000036-745478	Homo sapiens	Blood	not available	not available	not available	CLI8007F506	not available	494	not applicable	blood serum	PAD000036-r00583-745478	protein expression profiling by aptamer array	1	SS-2217258_v4.1_TCRS_Adult_Serum.hybNorm.medNormInt.plateScale.calibrate.anmlQC.qcCheck.medNormRefSMP.adat	ftp://ftp.pride.ebi.ac.uk/pride/data/archive/2026/04/PAD000036/SS-2217258_v4.1_TCRS_Adult_Serum.hybNorm.medNormInt.plateScale.calibrate.anmlQC.qcCheck.medNormRefSMP.adat	SomaScan Assay	SomaScan 7K	v4.1	RFU	PLT11457	Raw RFU, Hyb Normalization, medNormInt (SampleId), plateScale, Calibration, anmlQC, qcCheck, medNormRefSMP (SampleType)	SomaScan 7K	SomaScan Assay v4.1	20%	NT=affinity-proteomics;VV=v1.0.0	NT=human;VV=v1.1.0	NT=somascan;VV=v1.0.0	v1.1.0	NT=sdrf-skills-autoresearch;VV=v0.0.0
PAD000036-744432	Homo sapiens	Blood	not available	not available	not available	CLI8007F506	not available	495	not applicable	blood serum	PAD000036-r00584-744432	protein expression profiling by aptamer array	1	SS-2217258_v4.1_TCRS_Adult_Serum.hybNorm.medNormInt.plateScale.calibrate.anmlQC.qcCheck.medNormRefSMP.adat	ftp://ftp.pride.ebi.ac.uk/pride/data/archive/2026/04/PAD000036/SS-2217258_v4.1_TCRS_Adult_Serum.hybNorm.medNormInt.plateScale.calibrate.anmlQC.qcCheck.medNormRefSMP.adat	SomaScan Assay	SomaScan 7K	v4.1	RFU	PLT11457	Raw RFU, Hyb Normalization, medNormInt (SampleId), plateScale, Calibration, anmlQC, qcCheck, medNormRefSMP (SampleType)	SomaScan 7K	SomaScan Assay v4.1	20%	NT=affinity-proteomics;VV=v1.0.0	NT=human;VV=v1.1.0	NT=somascan;VV=v1.0.0	v1.1.0	NT=sdrf-skills-autoresearch;VV=v0.0.0
PAD000036-744462	Homo sapiens	Blood	not available	not available	not available	CLI8007F506	not available	496	not applicable	blood serum	PAD000036-r00585-744462	protein expression profiling by aptamer array	1	SS-2217258_v4.1_TCRS_Adult_Serum.hybNorm.medNormInt.plateScale.calibrate.anmlQC.qcCheck.medNormRefSMP.adat	ftp://ftp.pride.ebi.ac.uk/pride/data/archive/2026/04/PAD000036/SS-2217258_v4.1_TCRS_Adult_Serum.hybNorm.medNormInt.plateScale.calibrate.anmlQC.qcCheck.medNormRefSMP.adat	SomaScan Assay	SomaScan 7K	v4.1	RFU	PLT11457	Raw RFU, Hyb Normalization, medNormInt (SampleId), plateScale, Calibration, anmlQC, qcCheck, medNormRefSMP (SampleType)	SomaScan 7K	SomaScan Assay v4.1	20%	NT=affinity-proteomics;VV=v1.0.0	NT=human;VV=v1.1.0	NT=somascan;VV=v1.0.0	v1.1.0	NT=sdrf-skills-autoresearch;VV=v0.0.0
PAD000036-744361	Homo sapiens	Blood	not available	not available	not available	CLI8007F506	not available	497	not applicable	blood serum	PAD000036-r00586-744361	protein expression profiling by aptamer array	1	SS-2217258_v4.1_TCRS_Adult_Serum.hybNorm.medNormInt.plateScale.calibrate.anmlQC.qcCheck.medNormRefSMP.adat	ftp://ftp.pride.ebi.ac.uk/pride/data/archive/2026/04/PAD000036/SS-2217258_v4.1_TCRS_Adult_Serum.hybNorm.medNormInt.plateScale.calibrate.anmlQC.qcCheck.medNormRefSMP.adat	SomaScan Assay	SomaScan 7K	v4.1	RFU	PLT11457	Raw RFU, Hyb Normalization, medNormInt (SampleId), plateScale, Calibration, anmlQC, qcCheck, medNormRefSMP (SampleType)	SomaScan 7K	SomaScan Assay v4.1	20%	NT=affinity-proteomics;VV=v1.0.0	NT=human;VV=v1.1.0	NT=somascan;VV=v1.0.0	v1.1.0	NT=sdrf-skills-autoresearch;VV=v0.0.0
PAD000036-744380	Homo sapiens	Blood	not available	not available	not available	CLI8007F506	not available	498	not applicable	blood serum	PAD000036-r00587-744380	protein expression profiling by aptamer array	1	SS-2217258_v4.1_TCRS_Adult_Serum.hybNorm.medNormInt.plateScale.calibrate.anmlQC.qcCheck.medNormRefSMP.adat	ftp://ftp.pride.ebi.ac.uk/pride/data/archive/2026/04/PAD000036/SS-2217258_v4.1_TCRS_Adult_Serum.hybNorm.medNormInt.plateScale.calibrate.anmlQC.qcCheck.medNormRefSMP.adat	SomaScan Assay	SomaScan 7K	v4.1	RFU	PLT11457	Raw RFU, Hyb Normalization, medNormInt (SampleId), plateScale, Calibration, anmlQC, qcCheck, medNormRefSMP (SampleType)	SomaScan 7K	SomaScan Assay v4.1	20%	NT=affinity-proteomics;VV=v1.0.0	NT=human;VV=v1.1.0	NT=somascan;VV=v1.0.0	v1.1.0	NT=sdrf-skills-autoresearch;VV=v0.0.0
PAD000036-745452	Homo sapiens	Blood	not available	not available	not available	CLI8007F506	not available	499	not applicable	blood serum	PAD000036-r00588-745452	protein expression profiling by aptamer array	1	SS-2217258_v4.1_TCRS_Adult_Serum.hybNorm.medNormInt.plateScale.calibrate.anmlQC.qcCheck.medNormRefSMP.adat	ftp://ftp.pride.ebi.ac.uk/pride/data/archive/2026/04/PAD000036/SS-2217258_v4.1_TCRS_Adult_Serum.hybNorm.medNormInt.plateScale.calibrate.anmlQC.qcCheck.medNormRefSMP.adat	SomaScan Assay	SomaScan 7K	v4.1	RFU	PLT11457	Raw RFU, Hyb Normalization, medNormInt (SampleId), plateScale, Calibration, anmlQC, qcCheck, medNormRefSMP (SampleType)	SomaScan 7K	SomaScan Assay v4.1	20%	NT=affinity-proteomics;VV=v1.0.0	NT=human;VV=v1.1.0	NT=somascan;VV=v1.0.0	v1.1.0	NT=sdrf-skills-autoresearch;VV=v0.0.0
PAD000036-744449	Homo sapiens	Blood	not available	not available	not available	CLI8007F506	not available	500	not applicable	blood serum	PAD000036-r00589-744449	protein expression profiling by aptamer array	1	SS-2217258_v4.1_TCRS_Adult_Serum.hybNorm.medNormInt.plateScale.calibrate.anmlQC.qcCheck.medNormRefSMP.adat	ftp://ftp.pride.ebi.ac.uk/pride/data/archive/2026/04/PAD000036/SS-2217258_v4.1_TCRS_Adult_Serum.hybNorm.medNormInt.plateScale.calibrate.anmlQC.qcCheck.medNormRefSMP.adat	SomaScan Assay	SomaScan 7K	v4.1	RFU	PLT11457	Raw RFU, Hyb Normalization, medNormInt (SampleId), plateScale, Calibration, anmlQC, qcCheck, medNormRefSMP (SampleType)	SomaScan 7K	SomaScan Assay v4.1	20%	NT=affinity-proteomics;VV=v1.0.0	NT=human;VV=v1.1.0	NT=somascan;VV=v1.0.0	v1.1.0	NT=sdrf-skills-autoresearch;VV=v0.0.0
PAD000036-744616	Homo sapiens	Blood	not available	not available	not available	CLI8007F506	not available	501	not applicable	blood serum	PAD000036-r00590-744616	protein expression profiling by aptamer array	1	SS-2217258_v4.1_TCRS_Adult_Serum.hybNorm.medNormInt.plateScale.calibrate.anmlQC.qcCheck.medNormRefSMP.adat	ftp://ftp.pride.ebi.ac.uk/pride/data/archive/2026/04/PAD000036/SS-2217258_v4.1_TCRS_Adult_Serum.hybNorm.medNormInt.plateScale.calibrate.anmlQC.qcCheck.medNormRefSMP.adat	SomaScan Assay	SomaScan 7K	v4.1	RFU	PLT11457	Raw RFU, Hyb Normalization, medNormInt (SampleId), plateScale, Calibration, anmlQC, qcCheck, medNormRefSMP (SampleType)	SomaScan 7K	SomaScan Assay v4.1	20%	NT=affinity-proteomics;VV=v1.0.0	NT=human;VV=v1.1.0	NT=somascan;VV=v1.0.0	v1.1.0	NT=sdrf-skills-autoresearch;VV=v0.0.0
PAD000036-745498	Homo sapiens	Blood	not available	not available	not available	CLI8007F506	not available	502	not applicable	blood serum	PAD000036-r00591-745498	protein expression profiling by aptamer array	1	SS-2217258_v4.1_TCRS_Adult_Serum.hybNorm.medNormInt.plateScale.calibrate.anmlQC.qcCheck.medNormRefSMP.adat	ftp://ftp.pride.ebi.ac.uk/pride/data/archive/2026/04/PAD000036/SS-2217258_v4.1_TCRS_Adult_Serum.hybNorm.medNormInt.plateScale.calibrate.anmlQC.qcCheck.medNormRefSMP.adat	SomaScan Assay	SomaScan 7K	v4.1	RFU	PLT11457	Raw RFU, Hyb Normalization, medNormInt (SampleId), plateScale, Calibration, anmlQC, qcCheck, medNormRefSMP (SampleType)	SomaScan 7K	SomaScan Assay v4.1	20%	NT=affinity-proteomics;VV=v1.0.0	NT=human;VV=v1.1.0	NT=somascan;VV=v1.0.0	v1.1.0	NT=sdrf-skills-autoresearch;VV=v0.0.0
PAD000036-200174	Homo sapiens	Blood	not available	not available	not available	not available	not available	214	quality control sample	blood;blood plasma;blood serum	PAD000036-r00592-200174	protein expression profiling by aptamer array	11	SS-2217258_v4.1_TCRS_Adult_Serum.hybNorm.medNormInt.plateScale.calibrate.anmlQC.qcCheck.medNormRefSMP.adat	ftp://ftp.pride.ebi.ac.uk/pride/data/archive/2026/04/PAD000036/SS-2217258_v4.1_TCRS_Adult_Serum.hybNorm.medNormInt.plateScale.calibrate.anmlQC.qcCheck.medNormRefSMP.adat	SomaScan Assay	SomaScan 7K	v4.1	RFU	PLT11457	Raw RFU, Hyb Normalization, medNormInt (SampleId), plateScale, Calibration, anmlQC, qcCheck, medNormRefSMP (SampleType)	SomaScan 7K	SomaScan Assay v4.1	20%	NT=affinity-proteomics;VV=v1.0.0	NT=human;VV=v1.1.0	NT=somascan;VV=v1.0.0	v1.1.0	NT=sdrf-skills-autoresearch;VV=v0.0.0
PAD000036-744351	Homo sapiens	Blood	not available	not available	not available	CLI8007F506	not available	503	not applicable	blood serum	PAD000036-r00593-744351	protein expression profiling by aptamer array	1	SS-2217258_v4.1_TCRS_Adult_Serum.hybNorm.medNormInt.plateScale.calibrate.anmlQC.qcCheck.medNormRefSMP.adat	ftp://ftp.pride.ebi.ac.uk/pride/data/archive/2026/04/PAD000036/SS-2217258_v4.1_TCRS_Adult_Serum.hybNorm.medNormInt.plateScale.calibrate.anmlQC.qcCheck.medNormRefSMP.adat	SomaScan Assay	SomaScan 7K	v4.1	RFU	PLT11457	Raw RFU, Hyb Normalization, medNormInt (SampleId), plateScale, Calibration, anmlQC, qcCheck, medNormRefSMP (SampleType)	SomaScan 7K	SomaScan Assay v4.1	20%	NT=affinity-proteomics;VV=v1.0.0	NT=human;VV=v1.1.0	NT=somascan;VV=v1.0.0	v1.1.0	NT=sdrf-skills-autoresearch;VV=v0.0.0
PAD000036-744366	Homo sapiens	Blood	not available	not available	not available	CLI8007F506	not available	504	not applicable	blood serum	PAD000036-r00594-744366	protein expression profiling by aptamer array	1	SS-2217258_v4.1_TCRS_Adult_Serum.hybNorm.medNormInt.plateScale.calibrate.anmlQC.qcCheck.medNormRefSMP.adat	ftp://ftp.pride.ebi.ac.uk/pride/data/archive/2026/04/PAD000036/SS-2217258_v4.1_TCRS_Adult_Serum.hybNorm.medNormInt.plateScale.calibrate.anmlQC.qcCheck.medNormRefSMP.adat	SomaScan Assay	SomaScan 7K	v4.1	RFU	PLT11457	Raw RFU, Hyb Normalization, medNormInt (SampleId), plateScale, Calibration, anmlQC, qcCheck, medNormRefSMP (SampleType)	SomaScan 7K	SomaScan Assay v4.1	20%	NT=affinity-proteomics;VV=v1.0.0	NT=human;VV=v1.1.0	NT=somascan;VV=v1.0.0	v1.1.0	NT=sdrf-skills-autoresearch;VV=v0.0.0
PAD000036-744636	Homo sapiens	Blood	not available	not available	not available	CLI8007F506	not available	505	not applicable	blood serum	PAD000036-r00595-744636	protein expression profiling by aptamer array	1	SS-2217258_v4.1_TCRS_Adult_Serum.hybNorm.medNormInt.plateScale.calibrate.anmlQC.qcCheck.medNormRefSMP.adat	ftp://ftp.pride.ebi.ac.uk/pride/data/archive/2026/04/PAD000036/SS-2217258_v4.1_TCRS_Adult_Serum.hybNorm.medNormInt.plateScale.calibrate.anmlQC.qcCheck.medNormRefSMP.adat	SomaScan Assay	SomaScan 7K	v4.1	RFU	PLT11457	Raw RFU, Hyb Normalization, medNormInt (SampleId), plateScale, Calibration, anmlQC, qcCheck, medNormRefSMP (SampleType)	SomaScan 7K	SomaScan Assay v4.1	20%	NT=affinity-proteomics;VV=v1.0.0	NT=human;VV=v1.1.0	NT=somascan;VV=v1.0.0	v1.1.0	NT=sdrf-skills-autoresearch;VV=v0.0.0
PAD000036-744472	Homo sapiens	Blood	not available	not available	not available	CLI8007F506	not available	506	not applicable	blood serum	PAD000036-r00596-744472	protein expression profiling by aptamer array	1	SS-2217258_v4.1_TCRS_Adult_Serum.hybNorm.medNormInt.plateScale.calibrate.anmlQC.qcCheck.medNormRefSMP.adat	ftp://ftp.pride.ebi.ac.uk/pride/data/archive/2026/04/PAD000036/SS-2217258_v4.1_TCRS_Adult_Serum.hybNorm.medNormInt.plateScale.calibrate.anmlQC.qcCheck.medNormRefSMP.adat	SomaScan Assay	SomaScan 7K	v4.1	RFU	PLT11457	Raw RFU, Hyb Normalization, medNormInt (SampleId), plateScale, Calibration, anmlQC, qcCheck, medNormRefSMP (SampleType)	SomaScan 7K	SomaScan Assay v4.1	20%	NT=affinity-proteomics;VV=v1.0.0	NT=human;VV=v1.1.0	NT=somascan;VV=v1.0.0	v1.1.0	NT=sdrf-skills-autoresearch;VV=v0.0.0
PAD000036-745493	Homo sapiens	Blood	not available	not available	not available	CLI8007F506	not available	507	not applicable	blood serum	PAD000036-r00597-745493	protein expression profiling by aptamer array	1	SS-2217258_v4.1_TCRS_Adult_Serum.hybNorm.medNormInt.plateScale.calibrate.anmlQC.qcCheck.medNormRefSMP.adat	ftp://ftp.pride.ebi.ac.uk/pride/data/archive/2026/04/PAD000036/SS-2217258_v4.1_TCRS_Adult_Serum.hybNorm.medNormInt.plateScale.calibrate.anmlQC.qcCheck.medNormRefSMP.adat	SomaScan Assay	SomaScan 7K	v4.1	RFU	PLT11457	Raw RFU, Hyb Normalization, medNormInt (SampleId), plateScale, Calibration, anmlQC, qcCheck, medNormRefSMP (SampleType)	SomaScan 7K	SomaScan Assay v4.1	20%	NT=affinity-proteomics;VV=v1.0.0	NT=human;VV=v1.1.0	NT=somascan;VV=v1.0.0	v1.1.0	NT=sdrf-skills-autoresearch;VV=v0.0.0
PAD000036-744710	Homo sapiens	Blood	not available	not available	not available	CLI8007F506	not available	508	not applicable	blood serum	PAD000036-r00598-744710	protein expression profiling by aptamer array	1	SS-2217258_v4.1_TCRS_Adult_Serum.hybNorm.medNormInt.plateScale.calibrate.anmlQC.qcCheck.medNormRefSMP.adat	ftp://ftp.pride.ebi.ac.uk/pride/data/archive/2026/04/PAD000036/SS-2217258_v4.1_TCRS_Adult_Serum.hybNorm.medNormInt.plateScale.calibrate.anmlQC.qcCheck.medNormRefSMP.adat	SomaScan Assay	SomaScan 7K	v4.1	RFU	PLT11457	Raw RFU, Hyb Normalization, medNormInt (SampleId), plateScale, Calibration, anmlQC, qcCheck, medNormRefSMP (SampleType)	SomaScan 7K	SomaScan Assay v4.1	20%	NT=affinity-proteomics;VV=v1.0.0	NT=human;VV=v1.1.0	NT=somascan;VV=v1.0.0	v1.1.0	NT=sdrf-skills-autoresearch;VV=v0.0.0
PAD000036-745503	Homo sapiens	Blood	not available	not available	not available	CLI8007F506	not available	509	not applicable	blood serum	PAD000036-r00599-745503	protein expression profiling by aptamer array	1	SS-2217258_v4.1_TCRS_Adult_Serum.hybNorm.medNormInt.plateScale.calibrate.anmlQC.qcCheck.medNormRefSMP.adat	ftp://ftp.pride.ebi.ac.uk/pride/data/archive/2026/04/PAD000036/SS-2217258_v4.1_TCRS_Adult_Serum.hybNorm.medNormInt.plateScale.calibrate.anmlQC.qcCheck.medNormRefSMP.adat	SomaScan Assay	SomaScan 7K	v4.1	RFU	PLT11457	Raw RFU, Hyb Normalization, medNormInt (SampleId), plateScale, Calibration, anmlQC, qcCheck, medNormRefSMP (SampleType)	SomaScan 7K	SomaScan Assay v4.1	20%	NT=affinity-proteomics;VV=v1.0.0	NT=human;VV=v1.1.0	NT=somascan;VV=v1.0.0	v1.1.0	NT=sdrf-skills-autoresearch;VV=v0.0.0
PAD000036-744666	Homo sapiens	Blood	not available	not available	not available	CLI8007F506	not available	510	not applicable	blood serum	PAD000036-r00600-744666	protein expression profiling by aptamer array	1	SS-2217258_v4.1_TCRS_Adult_Serum.hybNorm.medNormInt.plateScale.calibrate.anmlQC.qcCheck.medNormRefSMP.adat	ftp://ftp.pride.ebi.ac.uk/pride/data/archive/2026/04/PAD000036/SS-2217258_v4.1_TCRS_Adult_Serum.hybNorm.medNormInt.plateScale.calibrate.anmlQC.qcCheck.medNormRefSMP.adat	SomaScan Assay	SomaScan 7K	v4.1	RFU	PLT11457	Raw RFU, Hyb Normalization, medNormInt (SampleId), plateScale, Calibration, anmlQC, qcCheck, medNormRefSMP (SampleType)	SomaScan 7K	SomaScan Assay v4.1	20%	NT=affinity-proteomics;VV=v1.0.0	NT=human;VV=v1.1.0	NT=somascan;VV=v1.0.0	v1.1.0	NT=sdrf-skills-autoresearch;VV=v0.0.0
PAD000036-744576	Homo sapiens	Blood	not available	not available	not available	CLI8007F506	not available	511	not applicable	blood serum	PAD000036-r00601-744576	protein expression profiling by aptamer array	1	SS-2217258_v4.1_TCRS_Adult_Serum.hybNorm.medNormInt.plateScale.calibrate.anmlQC.qcCheck.medNormRefSMP.adat	ftp://ftp.pride.ebi.ac.uk/pride/data/archive/2026/04/PAD000036/SS-2217258_v4.1_TCRS_Adult_Serum.hybNorm.medNormInt.plateScale.calibrate.anmlQC.qcCheck.medNormRefSMP.adat	SomaScan Assay	SomaScan 7K	v4.1	RFU	PLT11457	Raw RFU, Hyb Normalization, medNormInt (SampleId), plateScale, Calibration, anmlQC, qcCheck, medNormRefSMP (SampleType)	SomaScan 7K	SomaScan Assay v4.1	20%	NT=affinity-proteomics;VV=v1.0.0	NT=human;VV=v1.1.0	NT=somascan;VV=v1.0.0	v1.1.0	NT=sdrf-skills-autoresearch;VV=v0.0.0
PAD000036-745495	Homo sapiens	Blood	not available	not available	not available	CLI8007F506	not available	512	not applicable	blood serum	PAD000036-r00602-745495	protein expression profiling by aptamer array	1	SS-2217258_v4.1_TCRS_Adult_Serum.hybNorm.medNormInt.plateScale.calibrate.anmlQC.qcCheck.medNormRefSMP.adat	ftp://ftp.pride.ebi.ac.uk/pride/data/archive/2026/04/PAD000036/SS-2217258_v4.1_TCRS_Adult_Serum.hybNorm.medNormInt.plateScale.calibrate.anmlQC.qcCheck.medNormRefSMP.adat	SomaScan Assay	SomaScan 7K	v4.1	RFU	PLT11457	Raw RFU, Hyb Normalization, medNormInt (SampleId), plateScale, Calibration, anmlQC, qcCheck, medNormRefSMP (SampleType)	SomaScan 7K	SomaScan Assay v4.1	20%	NT=affinity-proteomics;VV=v1.0.0	NT=human;VV=v1.1.0	NT=somascan;VV=v1.0.0	v1.1.0	NT=sdrf-skills-autoresearch;VV=v0.0.0
PAD000036-744458	Homo sapiens	Blood	not available	not available	not available	CLI8007F506	not available	513	not applicable	blood serum	PAD000036-r00603-744458	protein expression profiling by aptamer array	1	SS-2217258_v4.1_TCRS_Adult_Serum.hybNorm.medNormInt.plateScale.calibrate.anmlQC.qcCheck.medNormRefSMP.adat	ftp://ftp.pride.ebi.ac.uk/pride/data/archive/2026/04/PAD000036/SS-2217258_v4.1_TCRS_Adult_Serum.hybNorm.medNormInt.plateScale.calibrate.anmlQC.qcCheck.medNormRefSMP.adat	SomaScan Assay	SomaScan 7K	v4.1	RFU	PLT11457	Raw RFU, Hyb Normalization, medNormInt (SampleId), plateScale, Calibration, anmlQC, qcCheck, medNormRefSMP (SampleType)	SomaScan 7K	SomaScan Assay v4.1	20%	NT=affinity-proteomics;VV=v1.0.0	NT=human;VV=v1.1.0	NT=somascan;VV=v1.0.0	v1.1.0	NT=sdrf-skills-autoresearch;VV=v0.0.0
PAD000036-745480	Homo sapiens	Blood	not available	not available	not available	CLI8007F506	not available	514	not applicable	blood serum	PAD000036-r00604-745480	protein expression profiling by aptamer array	1	SS-2217258_v4.1_TCRS_Adult_Serum.hybNorm.medNormInt.plateScale.calibrate.anmlQC.qcCheck.medNormRefSMP.adat	ftp://ftp.pride.ebi.ac.uk/pride/data/archive/2026/04/PAD000036/SS-2217258_v4.1_TCRS_Adult_Serum.hybNorm.medNormInt.plateScale.calibrate.anmlQC.qcCheck.medNormRefSMP.adat	SomaScan Assay	SomaScan 7K	v4.1	RFU	PLT11457	Raw RFU, Hyb Normalization, medNormInt (SampleId), plateScale, Calibration, anmlQC, qcCheck, medNormRefSMP (SampleType)	SomaScan 7K	SomaScan Assay v4.1	20%	NT=affinity-proteomics;VV=v1.0.0	NT=human;VV=v1.1.0	NT=somascan;VV=v1.0.0	v1.1.0	NT=sdrf-skills-autoresearch;VV=v0.0.0
PAD000036-744397	Homo sapiens	Blood	not available	not available	not available	CLI8007F506	not available	515	not applicable	blood serum	PAD000036-r00605-744397	protein expression profiling by aptamer array	1	SS-2217258_v4.1_TCRS_Adult_Serum.hybNorm.medNormInt.plateScale.calibrate.anmlQC.qcCheck.medNormRefSMP.adat	ftp://ftp.pride.ebi.ac.uk/pride/data/archive/2026/04/PAD000036/SS-2217258_v4.1_TCRS_Adult_Serum.hybNorm.medNormInt.plateScale.calibrate.anmlQC.qcCheck.medNormRefSMP.adat	SomaScan Assay	SomaScan 7K	v4.1	RFU	PLT11457	Raw RFU, Hyb Normalization, medNormInt (SampleId), plateScale, Calibration, anmlQC, qcCheck, medNormRefSMP (SampleType)	SomaScan 7K	SomaScan Assay v4.1	20%	NT=affinity-proteomics;VV=v1.0.0	NT=human;VV=v1.1.0	NT=somascan;VV=v1.0.0	v1.1.0	NT=sdrf-skills-autoresearch;VV=v0.0.0
PAD000036-220214	Homo sapiens	Blood	not available	not available	not available	not available	not available	208	not applicable	blood;blood plasma;blood serum	PAD000036-r00606-220214	protein expression profiling by aptamer array	12	SS-2217258_v4.1_TCRS_Adult_Serum.hybNorm.medNormInt.plateScale.calibrate.anmlQC.qcCheck.medNormRefSMP.adat	ftp://ftp.pride.ebi.ac.uk/pride/data/archive/2026/04/PAD000036/SS-2217258_v4.1_TCRS_Adult_Serum.hybNorm.medNormInt.plateScale.calibrate.anmlQC.qcCheck.medNormRefSMP.adat	SomaScan Assay	SomaScan 7K	v4.1	RFU	PLT11457	Raw RFU, Hyb Normalization, medNormInt (SampleId), plateScale, Calibration, anmlQC, qcCheck, medNormRefSMP (SampleType)	SomaScan 7K	SomaScan Assay v4.1	20%	NT=affinity-proteomics;VV=v1.0.0	NT=human;VV=v1.1.0	NT=somascan;VV=v1.0.0	v1.1.0	NT=sdrf-skills-autoresearch;VV=v0.0.0
PAD000036-744457	Homo sapiens	Blood	not available	not available	not available	CLI8007F506	not available	516	not applicable	blood serum	PAD000036-r00607-744457	protein expression profiling by aptamer array	1	SS-2217258_v4.1_TCRS_Adult_Serum.hybNorm.medNormInt.plateScale.calibrate.anmlQC.qcCheck.medNormRefSMP.adat	ftp://ftp.pride.ebi.ac.uk/pride/data/archive/2026/04/PAD000036/SS-2217258_v4.1_TCRS_Adult_Serum.hybNorm.medNormInt.plateScale.calibrate.anmlQC.qcCheck.medNormRefSMP.adat	SomaScan Assay	SomaScan 7K	v4.1	RFU	PLT11457	Raw RFU, Hyb Normalization, medNormInt (SampleId), plateScale, Calibration, anmlQC, qcCheck, medNormRefSMP (SampleType)	SomaScan 7K	SomaScan Assay v4.1	20%	NT=affinity-proteomics;VV=v1.0.0	NT=human;VV=v1.1.0	NT=somascan;VV=v1.0.0	v1.1.0	NT=sdrf-skills-autoresearch;VV=v0.0.0
PAD000036-744520	Homo sapiens	Blood	not available	not available	not available	CLI8007F506	not available	517	not applicable	blood serum	PAD000036-r00608-744520	protein expression profiling by aptamer array	1	SS-2217258_v4.1_TCRS_Adult_Serum.hybNorm.medNormInt.plateScale.calibrate.anmlQC.qcCheck.medNormRefSMP.adat	ftp://ftp.pride.ebi.ac.uk/pride/data/archive/2026/04/PAD000036/SS-2217258_v4.1_TCRS_Adult_Serum.hybNorm.medNormInt.plateScale.calibrate.anmlQC.qcCheck.medNormRefSMP.adat	SomaScan Assay	SomaScan 7K	v4.1	RFU	PLT11457	Raw RFU, Hyb Normalization, medNormInt (SampleId), plateScale, Calibration, anmlQC, qcCheck, medNormRefSMP (SampleType)	SomaScan 7K	SomaScan Assay v4.1	20%	NT=affinity-proteomics;VV=v1.0.0	NT=human;VV=v1.1.0	NT=somascan;VV=v1.0.0	v1.1.0	NT=sdrf-skills-autoresearch;VV=v0.0.0
PAD000036-745502	Homo sapiens	Blood	not available	not available	not available	CLI8007F506	not available	518	not applicable	blood serum	PAD000036-r00609-745502	protein expression profiling by aptamer array	1	SS-2217258_v4.1_TCRS_Adult_Serum.hybNorm.medNormInt.plateScale.calibrate.anmlQC.qcCheck.medNormRefSMP.adat	ftp://ftp.pride.ebi.ac.uk/pride/data/archive/2026/04/PAD000036/SS-2217258_v4.1_TCRS_Adult_Serum.hybNorm.medNormInt.plateScale.calibrate.anmlQC.qcCheck.medNormRefSMP.adat	SomaScan Assay	SomaScan 7K	v4.1	RFU	PLT11457	Raw RFU, Hyb Normalization, medNormInt (SampleId), plateScale, Calibration, anmlQC, qcCheck, medNormRefSMP (SampleType)	SomaScan 7K	SomaScan Assay v4.1	20%	NT=affinity-proteomics;VV=v1.0.0	NT=human;VV=v1.1.0	NT=somascan;VV=v1.0.0	v1.1.0	NT=sdrf-skills-autoresearch;VV=v0.0.0
PAD000036-220214	Homo sapiens	Blood	not available	not available	not available	not available	not available	208	not applicable	blood;blood plasma;blood serum	PAD000036-r00610-220214	protein expression profiling by aptamer array	13	SS-2217258_v4.1_TCRS_Adult_Serum.hybNorm.medNormInt.plateScale.calibrate.anmlQC.qcCheck.medNormRefSMP.adat	ftp://ftp.pride.ebi.ac.uk/pride/data/archive/2026/04/PAD000036/SS-2217258_v4.1_TCRS_Adult_Serum.hybNorm.medNormInt.plateScale.calibrate.anmlQC.qcCheck.medNormRefSMP.adat	SomaScan Assay	SomaScan 7K	v4.1	RFU	PLT11457	Raw RFU, Hyb Normalization, medNormInt (SampleId), plateScale, Calibration, anmlQC, qcCheck, medNormRefSMP (SampleType)	SomaScan 7K	SomaScan Assay v4.1	20%	NT=affinity-proteomics;VV=v1.0.0	NT=human;VV=v1.1.0	NT=somascan;VV=v1.0.0	v1.1.0	NT=sdrf-skills-autoresearch;VV=v0.0.0
PAD000036-745458	Homo sapiens	Blood	not available	not available	not available	CLI8007F506	not available	519	not applicable	blood serum	PAD000036-r00611-745458	protein expression profiling by aptamer array	1	SS-2217258_v4.1_TCRS_Adult_Serum.hybNorm.medNormInt.plateScale.calibrate.anmlQC.qcCheck.medNormRefSMP.adat	ftp://ftp.pride.ebi.ac.uk/pride/data/archive/2026/04/PAD000036/SS-2217258_v4.1_TCRS_Adult_Serum.hybNorm.medNormInt.plateScale.calibrate.anmlQC.qcCheck.medNormRefSMP.adat	SomaScan Assay	SomaScan 7K	v4.1	RFU	PLT11457	Raw RFU, Hyb Normalization, medNormInt (SampleId), plateScale, Calibration, anmlQC, qcCheck, medNormRefSMP (SampleType)	SomaScan 7K	SomaScan Assay v4.1	20%	NT=affinity-proteomics;VV=v1.0.0	NT=human;VV=v1.1.0	NT=somascan;VV=v1.0.0	v1.1.0	NT=sdrf-skills-autoresearch;VV=v0.0.0
PAD000036-744668	Homo sapiens	Blood	not available	not available	not available	CLI8007F506	not available	520	not applicable	blood serum	PAD000036-r00612-744668	protein expression profiling by aptamer array	1	SS-2217258_v4.1_TCRS_Adult_Serum.hybNorm.medNormInt.plateScale.calibrate.anmlQC.qcCheck.medNormRefSMP.adat	ftp://ftp.pride.ebi.ac.uk/pride/data/archive/2026/04/PAD000036/SS-2217258_v4.1_TCRS_Adult_Serum.hybNorm.medNormInt.plateScale.calibrate.anmlQC.qcCheck.medNormRefSMP.adat	SomaScan Assay	SomaScan 7K	v4.1	RFU	PLT11457	Raw RFU, Hyb Normalization, medNormInt (SampleId), plateScale, Calibration, anmlQC, qcCheck, medNormRefSMP (SampleType)	SomaScan 7K	SomaScan Assay v4.1	20%	NT=affinity-proteomics;VV=v1.0.0	NT=human;VV=v1.1.0	NT=somascan;VV=v1.0.0	v1.1.0	NT=sdrf-skills-autoresearch;VV=v0.0.0
PAD000036-200173	Homo sapiens	Blood	not available	not available	not available	not available	not available	224	calibrator	blood;blood plasma;blood serum	PAD000036-r00613-200173	protein expression profiling by aptamer array	18	SS-2217258_v4.1_TCRS_Adult_Serum.hybNorm.medNormInt.plateScale.calibrate.anmlQC.qcCheck.medNormRefSMP.adat	ftp://ftp.pride.ebi.ac.uk/pride/data/archive/2026/04/PAD000036/SS-2217258_v4.1_TCRS_Adult_Serum.hybNorm.medNormInt.plateScale.calibrate.anmlQC.qcCheck.medNormRefSMP.adat	SomaScan Assay	SomaScan 7K	v4.1	RFU	PLT11457	Raw RFU, Hyb Normalization, medNormInt (SampleId), plateScale, Calibration, anmlQC, qcCheck, medNormRefSMP (SampleType)	SomaScan 7K	SomaScan Assay v4.1	20%	NT=affinity-proteomics;VV=v1.0.0	NT=human;VV=v1.1.0	NT=somascan;VV=v1.0.0	v1.1.0	NT=sdrf-skills-autoresearch;VV=v0.0.0
PAD000036-745486	Homo sapiens	Blood	not available	not available	not available	CLI8007F506	not available	521	not applicable	blood serum	PAD000036-r00614-745486	protein expression profiling by aptamer array	1	SS-2217258_v4.1_TCRS_Adult_Serum.hybNorm.medNormInt.plateScale.calibrate.anmlQC.qcCheck.medNormRefSMP.adat	ftp://ftp.pride.ebi.ac.uk/pride/data/archive/2026/04/PAD000036/SS-2217258_v4.1_TCRS_Adult_Serum.hybNorm.medNormInt.plateScale.calibrate.anmlQC.qcCheck.medNormRefSMP.adat	SomaScan Assay	SomaScan 7K	v4.1	RFU	PLT11457	Raw RFU, Hyb Normalization, medNormInt (SampleId), plateScale, Calibration, anmlQC, qcCheck, medNormRefSMP (SampleType)	SomaScan 7K	SomaScan Assay v4.1	20%	NT=affinity-proteomics;VV=v1.0.0	NT=human;VV=v1.1.0	NT=somascan;VV=v1.0.0	v1.1.0	NT=sdrf-skills-autoresearch;VV=v0.0.0
PAD000036-744422	Homo sapiens	Blood	not available	not available	not available	CLI8007F506	not available	522	not applicable	blood serum	PAD000036-r00615-744422	protein expression profiling by aptamer array	1	SS-2217258_v4.1_TCRS_Adult_Serum.hybNorm.medNormInt.plateScale.calibrate.anmlQC.qcCheck.medNormRefSMP.adat	ftp://ftp.pride.ebi.ac.uk/pride/data/archive/2026/04/PAD000036/SS-2217258_v4.1_TCRS_Adult_Serum.hybNorm.medNormInt.plateScale.calibrate.anmlQC.qcCheck.medNormRefSMP.adat	SomaScan Assay	SomaScan 7K	v4.1	RFU	PLT11457	Raw RFU, Hyb Normalization, medNormInt (SampleId), plateScale, Calibration, anmlQC, qcCheck, medNormRefSMP (SampleType)	SomaScan 7K	SomaScan Assay v4.1	20%	NT=affinity-proteomics;VV=v1.0.0	NT=human;VV=v1.1.0	NT=somascan;VV=v1.0.0	v1.1.0	NT=sdrf-skills-autoresearch;VV=v0.0.0
PAD000036-744580	Homo sapiens	Blood	not available	not available	not available	CLI8007F506	not available	523	not applicable	blood serum	PAD000036-r00616-744580	protein expression profiling by aptamer array	1	SS-2217258_v4.1_TCRS_Adult_Serum.hybNorm.medNormInt.plateScale.calibrate.anmlQC.qcCheck.medNormRefSMP.adat	ftp://ftp.pride.ebi.ac.uk/pride/data/archive/2026/04/PAD000036/SS-2217258_v4.1_TCRS_Adult_Serum.hybNorm.medNormInt.plateScale.calibrate.anmlQC.qcCheck.medNormRefSMP.adat	SomaScan Assay	SomaScan 7K	v4.1	RFU	PLT11457	Raw RFU, Hyb Normalization, medNormInt (SampleId), plateScale, Calibration, anmlQC, qcCheck, medNormRefSMP (SampleType)	SomaScan 7K	SomaScan Assay v4.1	20%	NT=affinity-proteomics;VV=v1.0.0	NT=human;VV=v1.1.0	NT=somascan;VV=v1.0.0	v1.1.0	NT=sdrf-skills-autoresearch;VV=v0.0.0
PAD000036-744564	Homo sapiens	Blood	not available	not available	not available	CLI8007F506	not available	524	not applicable	blood serum	PAD000036-r00617-744564	protein expression profiling by aptamer array	1	SS-2217258_v4.1_TCRS_Adult_Serum.hybNorm.medNormInt.plateScale.calibrate.anmlQC.qcCheck.medNormRefSMP.adat	ftp://ftp.pride.ebi.ac.uk/pride/data/archive/2026/04/PAD000036/SS-2217258_v4.1_TCRS_Adult_Serum.hybNorm.medNormInt.plateScale.calibrate.anmlQC.qcCheck.medNormRefSMP.adat	SomaScan Assay	SomaScan 7K	v4.1	RFU	PLT11457	Raw RFU, Hyb Normalization, medNormInt (SampleId), plateScale, Calibration, anmlQC, qcCheck, medNormRefSMP (SampleType)	SomaScan 7K	SomaScan Assay v4.1	20%	NT=affinity-proteomics;VV=v1.0.0	NT=human;VV=v1.1.0	NT=somascan;VV=v1.0.0	v1.1.0	NT=sdrf-skills-autoresearch;VV=v0.0.0
PAD000036-744553	Homo sapiens	Blood	not available	not available	not available	CLI8007F506	not available	525	not applicable	blood serum	PAD000036-r00618-744553	protein expression profiling by aptamer array	1	SS-2217258_v4.1_TCRS_Adult_Serum.hybNorm.medNormInt.plateScale.calibrate.anmlQC.qcCheck.medNormRefSMP.adat	ftp://ftp.pride.ebi.ac.uk/pride/data/archive/2026/04/PAD000036/SS-2217258_v4.1_TCRS_Adult_Serum.hybNorm.medNormInt.plateScale.calibrate.anmlQC.qcCheck.medNormRefSMP.adat	SomaScan Assay	SomaScan 7K	v4.1	RFU	PLT11457	Raw RFU, Hyb Normalization, medNormInt (SampleId), plateScale, Calibration, anmlQC, qcCheck, medNormRefSMP (SampleType)	SomaScan 7K	SomaScan Assay v4.1	20%	NT=affinity-proteomics;VV=v1.0.0	NT=human;VV=v1.1.0	NT=somascan;VV=v1.0.0	v1.1.0	NT=sdrf-skills-autoresearch;VV=v0.0.0
PAD000036-744431	Homo sapiens	Blood	not available	not available	not available	CLI8007F506	not available	526	not applicable	blood serum	PAD000036-r00619-744431	protein expression profiling by aptamer array	1	SS-2217258_v4.1_TCRS_Adult_Serum.hybNorm.medNormInt.plateScale.calibrate.anmlQC.qcCheck.medNormRefSMP.adat	ftp://ftp.pride.ebi.ac.uk/pride/data/archive/2026/04/PAD000036/SS-2217258_v4.1_TCRS_Adult_Serum.hybNorm.medNormInt.plateScale.calibrate.anmlQC.qcCheck.medNormRefSMP.adat	SomaScan Assay	SomaScan 7K	v4.1	RFU	PLT11457	Raw RFU, Hyb Normalization, medNormInt (SampleId), plateScale, Calibration, anmlQC, qcCheck, medNormRefSMP (SampleType)	SomaScan 7K	SomaScan Assay v4.1	20%	NT=affinity-proteomics;VV=v1.0.0	NT=human;VV=v1.1.0	NT=somascan;VV=v1.0.0	v1.1.0	NT=sdrf-skills-autoresearch;VV=v0.0.0
PAD000036-744545	Homo sapiens	Blood	not available	not available	not available	CLI8007F506	not available	527	not applicable	blood serum	PAD000036-r00620-744545	protein expression profiling by aptamer array	1	SS-2217258_v4.1_TCRS_Adult_Serum.hybNorm.medNormInt.plateScale.calibrate.anmlQC.qcCheck.medNormRefSMP.adat	ftp://ftp.pride.ebi.ac.uk/pride/data/archive/2026/04/PAD000036/SS-2217258_v4.1_TCRS_Adult_Serum.hybNorm.medNormInt.plateScale.calibrate.anmlQC.qcCheck.medNormRefSMP.adat	SomaScan Assay	SomaScan 7K	v4.1	RFU	PLT11457	Raw RFU, Hyb Normalization, medNormInt (SampleId), plateScale, Calibration, anmlQC, qcCheck, medNormRefSMP (SampleType)	SomaScan 7K	SomaScan Assay v4.1	20%	NT=affinity-proteomics;VV=v1.0.0	NT=human;VV=v1.1.0	NT=somascan;VV=v1.0.0	v1.1.0	NT=sdrf-skills-autoresearch;VV=v0.0.0
PAD000036-744555	Homo sapiens	Blood	not available	not available	not available	CLI8007F506	not available	528	not applicable	blood serum	PAD000036-r00621-744555	protein expression profiling by aptamer array	1	SS-2217258_v4.1_TCRS_Adult_Serum.hybNorm.medNormInt.plateScale.calibrate.anmlQC.qcCheck.medNormRefSMP.adat	ftp://ftp.pride.ebi.ac.uk/pride/data/archive/2026/04/PAD000036/SS-2217258_v4.1_TCRS_Adult_Serum.hybNorm.medNormInt.plateScale.calibrate.anmlQC.qcCheck.medNormRefSMP.adat	SomaScan Assay	SomaScan 7K	v4.1	RFU	PLT11457	Raw RFU, Hyb Normalization, medNormInt (SampleId), plateScale, Calibration, anmlQC, qcCheck, medNormRefSMP (SampleType)	SomaScan 7K	SomaScan Assay v4.1	20%	NT=affinity-proteomics;VV=v1.0.0	NT=human;VV=v1.1.0	NT=somascan;VV=v1.0.0	v1.1.0	NT=sdrf-skills-autoresearch;VV=v0.0.0
PAD000036-744609	Homo sapiens	Blood	not available	not available	not available	CLI8007F506	not available	529	not applicable	blood serum	PAD000036-r00622-744609	protein expression profiling by aptamer array	1	SS-2217258_v4.1_TCRS_Adult_Serum.hybNorm.medNormInt.plateScale.calibrate.anmlQC.qcCheck.medNormRefSMP.adat	ftp://ftp.pride.ebi.ac.uk/pride/data/archive/2026/04/PAD000036/SS-2217258_v4.1_TCRS_Adult_Serum.hybNorm.medNormInt.plateScale.calibrate.anmlQC.qcCheck.medNormRefSMP.adat	SomaScan Assay	SomaScan 7K	v4.1	RFU	PLT11457	Raw RFU, Hyb Normalization, medNormInt (SampleId), plateScale, Calibration, anmlQC, qcCheck, medNormRefSMP (SampleType)	SomaScan 7K	SomaScan Assay v4.1	20%	NT=affinity-proteomics;VV=v1.0.0	NT=human;VV=v1.1.0	NT=somascan;VV=v1.0.0	v1.1.0	NT=sdrf-skills-autoresearch;VV=v0.0.0
PAD000036-744368	Homo sapiens	Blood	not available	not available	not available	CLI8007F506	not available	530	not applicable	blood serum	PAD000036-r00623-744368	protein expression profiling by aptamer array	1	SS-2217258_v4.1_TCRS_Adult_Serum.hybNorm.medNormInt.plateScale.calibrate.anmlQC.qcCheck.medNormRefSMP.adat	ftp://ftp.pride.ebi.ac.uk/pride/data/archive/2026/04/PAD000036/SS-2217258_v4.1_TCRS_Adult_Serum.hybNorm.medNormInt.plateScale.calibrate.anmlQC.qcCheck.medNormRefSMP.adat	SomaScan Assay	SomaScan 7K	v4.1	RFU	PLT11457	Raw RFU, Hyb Normalization, medNormInt (SampleId), plateScale, Calibration, anmlQC, qcCheck, medNormRefSMP (SampleType)	SomaScan 7K	SomaScan Assay v4.1	20%	NT=affinity-proteomics;VV=v1.0.0	NT=human;VV=v1.1.0	NT=somascan;VV=v1.0.0	v1.1.0	NT=sdrf-skills-autoresearch;VV=v0.0.0
PAD000036-744562	Homo sapiens	Blood	not available	not available	not available	CLI8007F506	not available	531	not applicable	blood serum	PAD000036-r00624-744562	protein expression profiling by aptamer array	1	SS-2217258_v4.1_TCRS_Adult_Serum.hybNorm.medNormInt.plateScale.calibrate.anmlQC.qcCheck.medNormRefSMP.adat	ftp://ftp.pride.ebi.ac.uk/pride/data/archive/2026/04/PAD000036/SS-2217258_v4.1_TCRS_Adult_Serum.hybNorm.medNormInt.plateScale.calibrate.anmlQC.qcCheck.medNormRefSMP.adat	SomaScan Assay	SomaScan 7K	v4.1	RFU	PLT11457	Raw RFU, Hyb Normalization, medNormInt (SampleId), plateScale, Calibration, anmlQC, qcCheck, medNormRefSMP (SampleType)	SomaScan 7K	SomaScan Assay v4.1	20%	NT=affinity-proteomics;VV=v1.0.0	NT=human;VV=v1.1.0	NT=somascan;VV=v1.0.0	v1.1.0	NT=sdrf-skills-autoresearch;VV=v0.0.0
PAD000036-744568	Homo sapiens	Blood	not available	not available	not available	CLI8007F506	not available	532	not applicable	blood serum	PAD000036-r00625-744568	protein expression profiling by aptamer array	1	SS-2217258_v4.1_TCRS_Adult_Serum.hybNorm.medNormInt.plateScale.calibrate.anmlQC.qcCheck.medNormRefSMP.adat	ftp://ftp.pride.ebi.ac.uk/pride/data/archive/2026/04/PAD000036/SS-2217258_v4.1_TCRS_Adult_Serum.hybNorm.medNormInt.plateScale.calibrate.anmlQC.qcCheck.medNormRefSMP.adat	SomaScan Assay	SomaScan 7K	v4.1	RFU	PLT11457	Raw RFU, Hyb Normalization, medNormInt (SampleId), plateScale, Calibration, anmlQC, qcCheck, medNormRefSMP (SampleType)	SomaScan 7K	SomaScan Assay v4.1	20%	NT=affinity-proteomics;VV=v1.0.0	NT=human;VV=v1.1.0	NT=somascan;VV=v1.0.0	v1.1.0	NT=sdrf-skills-autoresearch;VV=v0.0.0
PAD000036-744561	Homo sapiens	Blood	not available	not available	not available	CLI8007F506	not available	533	not applicable	blood serum	PAD000036-r00626-744561	protein expression profiling by aptamer array	1	SS-2217258_v4.1_TCRS_Adult_Serum.hybNorm.medNormInt.plateScale.calibrate.anmlQC.qcCheck.medNormRefSMP.adat	ftp://ftp.pride.ebi.ac.uk/pride/data/archive/2026/04/PAD000036/SS-2217258_v4.1_TCRS_Adult_Serum.hybNorm.medNormInt.plateScale.calibrate.anmlQC.qcCheck.medNormRefSMP.adat	SomaScan Assay	SomaScan 7K	v4.1	RFU	PLT11457	Raw RFU, Hyb Normalization, medNormInt (SampleId), plateScale, Calibration, anmlQC, qcCheck, medNormRefSMP (SampleType)	SomaScan 7K	SomaScan Assay v4.1	20%	NT=affinity-proteomics;VV=v1.0.0	NT=human;VV=v1.1.0	NT=somascan;VV=v1.0.0	v1.1.0	NT=sdrf-skills-autoresearch;VV=v0.0.0
PAD000036-744556	Homo sapiens	Blood	not available	not available	not available	CLI8007F506	not available	534	not applicable	blood serum	PAD000036-r00627-744556	protein expression profiling by aptamer array	1	SS-2217258_v4.1_TCRS_Adult_Serum.hybNorm.medNormInt.plateScale.calibrate.anmlQC.qcCheck.medNormRefSMP.adat	ftp://ftp.pride.ebi.ac.uk/pride/data/archive/2026/04/PAD000036/SS-2217258_v4.1_TCRS_Adult_Serum.hybNorm.medNormInt.plateScale.calibrate.anmlQC.qcCheck.medNormRefSMP.adat	SomaScan Assay	SomaScan 7K	v4.1	RFU	PLT11457	Raw RFU, Hyb Normalization, medNormInt (SampleId), plateScale, Calibration, anmlQC, qcCheck, medNormRefSMP (SampleType)	SomaScan 7K	SomaScan Assay v4.1	20%	NT=affinity-proteomics;VV=v1.0.0	NT=human;VV=v1.1.0	NT=somascan;VV=v1.0.0	v1.1.0	NT=sdrf-skills-autoresearch;VV=v0.0.0
PAD000036-744571	Homo sapiens	Blood	not available	not available	not available	CLI8007F506	not available	535	not applicable	blood serum	PAD000036-r00628-744571	protein expression profiling by aptamer array	1	SS-2217258_v4.1_TCRS_Adult_Serum.hybNorm.medNormInt.plateScale.calibrate.anmlQC.qcCheck.medNormRefSMP.adat	ftp://ftp.pride.ebi.ac.uk/pride/data/archive/2026/04/PAD000036/SS-2217258_v4.1_TCRS_Adult_Serum.hybNorm.medNormInt.plateScale.calibrate.anmlQC.qcCheck.medNormRefSMP.adat	SomaScan Assay	SomaScan 7K	v4.1	RFU	PLT11457	Raw RFU, Hyb Normalization, medNormInt (SampleId), plateScale, Calibration, anmlQC, qcCheck, medNormRefSMP (SampleType)	SomaScan 7K	SomaScan Assay v4.1	20%	NT=affinity-proteomics;VV=v1.0.0	NT=human;VV=v1.1.0	NT=somascan;VV=v1.0.0	v1.1.0	NT=sdrf-skills-autoresearch;VV=v0.0.0
PAD000036-200173	Homo sapiens	Blood	not available	not available	not available	not available	not available	224	calibrator	blood;blood plasma;blood serum	PAD000036-r00629-200173	protein expression profiling by aptamer array	19	SS-2217258_v4.1_TCRS_Adult_Serum.hybNorm.medNormInt.plateScale.calibrate.anmlQC.qcCheck.medNormRefSMP.adat	ftp://ftp.pride.ebi.ac.uk/pride/data/archive/2026/04/PAD000036/SS-2217258_v4.1_TCRS_Adult_Serum.hybNorm.medNormInt.plateScale.calibrate.anmlQC.qcCheck.medNormRefSMP.adat	SomaScan Assay	SomaScan 7K	v4.1	RFU	PLT11457	Raw RFU, Hyb Normalization, medNormInt (SampleId), plateScale, Calibration, anmlQC, qcCheck, medNormRefSMP (SampleType)	SomaScan 7K	SomaScan Assay v4.1	20%	NT=affinity-proteomics;VV=v1.0.0	NT=human;VV=v1.1.0	NT=somascan;VV=v1.0.0	v1.1.0	NT=sdrf-skills-autoresearch;VV=v0.0.0
PAD000036-744598	Homo sapiens	Blood	not available	not available	not available	CLI8007F506	not available	536	not applicable	blood serum	PAD000036-r00630-744598	protein expression profiling by aptamer array	1	SS-2217258_v4.1_TCRS_Adult_Serum.hybNorm.medNormInt.plateScale.calibrate.anmlQC.qcCheck.medNormRefSMP.adat	ftp://ftp.pride.ebi.ac.uk/pride/data/archive/2026/04/PAD000036/SS-2217258_v4.1_TCRS_Adult_Serum.hybNorm.medNormInt.plateScale.calibrate.anmlQC.qcCheck.medNormRefSMP.adat	SomaScan Assay	SomaScan 7K	v4.1	RFU	PLT11457	Raw RFU, Hyb Normalization, medNormInt (SampleId), plateScale, Calibration, anmlQC, qcCheck, medNormRefSMP (SampleType)	SomaScan 7K	SomaScan Assay v4.1	20%	NT=affinity-proteomics;VV=v1.0.0	NT=human;VV=v1.1.0	NT=somascan;VV=v1.0.0	v1.1.0	NT=sdrf-skills-autoresearch;VV=v0.0.0
PAD000036-745506	Homo sapiens	Blood	not available	not available	not available	CLI8007F506	not available	537	not applicable	blood serum	PAD000036-r00631-745506	protein expression profiling by aptamer array	1	SS-2217258_v4.1_TCRS_Adult_Serum.hybNorm.medNormInt.plateScale.calibrate.anmlQC.qcCheck.medNormRefSMP.adat	ftp://ftp.pride.ebi.ac.uk/pride/data/archive/2026/04/PAD000036/SS-2217258_v4.1_TCRS_Adult_Serum.hybNorm.medNormInt.plateScale.calibrate.anmlQC.qcCheck.medNormRefSMP.adat	SomaScan Assay	SomaScan 7K	v4.1	RFU	PLT11457	Raw RFU, Hyb Normalization, medNormInt (SampleId), plateScale, Calibration, anmlQC, qcCheck, medNormRefSMP (SampleType)	SomaScan 7K	SomaScan Assay v4.1	20%	NT=affinity-proteomics;VV=v1.0.0	NT=human;VV=v1.1.0	NT=somascan;VV=v1.0.0	v1.1.0	NT=sdrf-skills-autoresearch;VV=v0.0.0
PAD000036-220214	Homo sapiens	Blood	not available	not available	not available	not available	not available	208	not applicable	blood;blood plasma;blood serum	PAD000036-r00632-220214	protein expression profiling by aptamer array	14	SS-2217258_v4.1_TCRS_Adult_Serum.hybNorm.medNormInt.plateScale.calibrate.anmlQC.qcCheck.medNormRefSMP.adat	ftp://ftp.pride.ebi.ac.uk/pride/data/archive/2026/04/PAD000036/SS-2217258_v4.1_TCRS_Adult_Serum.hybNorm.medNormInt.plateScale.calibrate.anmlQC.qcCheck.medNormRefSMP.adat	SomaScan Assay	SomaScan 7K	v4.1	RFU	PLT11457	Raw RFU, Hyb Normalization, medNormInt (SampleId), plateScale, Calibration, anmlQC, qcCheck, medNormRefSMP (SampleType)	SomaScan 7K	SomaScan Assay v4.1	20%	NT=affinity-proteomics;VV=v1.0.0	NT=human;VV=v1.1.0	NT=somascan;VV=v1.0.0	v1.1.0	NT=sdrf-skills-autoresearch;VV=v0.0.0
PAD000036-200174	Homo sapiens	Blood	not available	not available	not available	not available	not available	214	quality control sample	blood;blood plasma;blood serum	PAD000036-r00633-200174	protein expression profiling by aptamer array	12	SS-2217258_v4.1_TCRS_Adult_Serum.hybNorm.medNormInt.plateScale.calibrate.anmlQC.qcCheck.medNormRefSMP.adat	ftp://ftp.pride.ebi.ac.uk/pride/data/archive/2026/04/PAD000036/SS-2217258_v4.1_TCRS_Adult_Serum.hybNorm.medNormInt.plateScale.calibrate.anmlQC.qcCheck.medNormRefSMP.adat	SomaScan Assay	SomaScan 7K	v4.1	RFU	PLT11457	Raw RFU, Hyb Normalization, medNormInt (SampleId), plateScale, Calibration, anmlQC, qcCheck, medNormRefSMP (SampleType)	SomaScan 7K	SomaScan Assay v4.1	20%	NT=affinity-proteomics;VV=v1.0.0	NT=human;VV=v1.1.0	NT=somascan;VV=v1.0.0	v1.1.0	NT=sdrf-skills-autoresearch;VV=v0.0.0
PAD000036-744567	Homo sapiens	Blood	not available	not available	not available	CLI8007F506	not available	538	not applicable	blood serum	PAD000036-r00634-744567	protein expression profiling by aptamer array	1	SS-2217258_v4.1_TCRS_Adult_Serum.hybNorm.medNormInt.plateScale.calibrate.anmlQC.qcCheck.medNormRefSMP.adat	ftp://ftp.pride.ebi.ac.uk/pride/data/archive/2026/04/PAD000036/SS-2217258_v4.1_TCRS_Adult_Serum.hybNorm.medNormInt.plateScale.calibrate.anmlQC.qcCheck.medNormRefSMP.adat	SomaScan Assay	SomaScan 7K	v4.1	RFU	PLT11457	Raw RFU, Hyb Normalization, medNormInt (SampleId), plateScale, Calibration, anmlQC, qcCheck, medNormRefSMP (SampleType)	SomaScan 7K	SomaScan Assay v4.1	20%	NT=affinity-proteomics;VV=v1.0.0	NT=human;VV=v1.1.0	NT=somascan;VV=v1.0.0	v1.1.0	NT=sdrf-skills-autoresearch;VV=v0.0.0
PAD000036-745496	Homo sapiens	Blood	not available	not available	not available	CLI8007F506	not available	539	not applicable	blood serum	PAD000036-r00635-745496	protein expression profiling by aptamer array	1	SS-2217258_v4.1_TCRS_Adult_Serum.hybNorm.medNormInt.plateScale.calibrate.anmlQC.qcCheck.medNormRefSMP.adat	ftp://ftp.pride.ebi.ac.uk/pride/data/archive/2026/04/PAD000036/SS-2217258_v4.1_TCRS_Adult_Serum.hybNorm.medNormInt.plateScale.calibrate.anmlQC.qcCheck.medNormRefSMP.adat	SomaScan Assay	SomaScan 7K	v4.1	RFU	PLT11457	Raw RFU, Hyb Normalization, medNormInt (SampleId), plateScale, Calibration, anmlQC, qcCheck, medNormRefSMP (SampleType)	SomaScan 7K	SomaScan Assay v4.1	20%	NT=affinity-proteomics;VV=v1.0.0	NT=human;VV=v1.1.0	NT=somascan;VV=v1.0.0	v1.1.0	NT=sdrf-skills-autoresearch;VV=v0.0.0
PAD000036-744615	Homo sapiens	Blood	not available	not available	not available	CLI8007F506	not available	540	not applicable	blood serum	PAD000036-r00636-744615	protein expression profiling by aptamer array	1	SS-2217258_v4.1_TCRS_Adult_Serum.hybNorm.medNormInt.plateScale.calibrate.anmlQC.qcCheck.medNormRefSMP.adat	ftp://ftp.pride.ebi.ac.uk/pride/data/archive/2026/04/PAD000036/SS-2217258_v4.1_TCRS_Adult_Serum.hybNorm.medNormInt.plateScale.calibrate.anmlQC.qcCheck.medNormRefSMP.adat	SomaScan Assay	SomaScan 7K	v4.1	RFU	PLT11457	Raw RFU, Hyb Normalization, medNormInt (SampleId), plateScale, Calibration, anmlQC, qcCheck, medNormRefSMP (SampleType)	SomaScan 7K	SomaScan Assay v4.1	20%	NT=affinity-proteomics;VV=v1.0.0	NT=human;VV=v1.1.0	NT=somascan;VV=v1.0.0	v1.1.0	NT=sdrf-skills-autoresearch;VV=v0.0.0
PAD000036-744489	Homo sapiens	Blood	not available	not available	not available	CLI8007F506	not available	541	not applicable	blood serum	PAD000036-r00637-744489	protein expression profiling by aptamer array	1	SS-2217258_v4.1_TCRS_Adult_Serum.hybNorm.medNormInt.plateScale.calibrate.anmlQC.qcCheck.medNormRefSMP.adat	ftp://ftp.pride.ebi.ac.uk/pride/data/archive/2026/04/PAD000036/SS-2217258_v4.1_TCRS_Adult_Serum.hybNorm.medNormInt.plateScale.calibrate.anmlQC.qcCheck.medNormRefSMP.adat	SomaScan Assay	SomaScan 7K	v4.1	RFU	PLT11457	Raw RFU, Hyb Normalization, medNormInt (SampleId), plateScale, Calibration, anmlQC, qcCheck, medNormRefSMP (SampleType)	SomaScan 7K	SomaScan Assay v4.1	20%	NT=affinity-proteomics;VV=v1.0.0	NT=human;VV=v1.1.0	NT=somascan;VV=v1.0.0	v1.1.0	NT=sdrf-skills-autoresearch;VV=v0.0.0
PAD000036-745500	Homo sapiens	Blood	not available	not available	not available	CLI8007F506	not available	542	not applicable	blood serum	PAD000036-r00638-745500	protein expression profiling by aptamer array	1	SS-2217258_v4.1_TCRS_Adult_Serum.hybNorm.medNormInt.plateScale.calibrate.anmlQC.qcCheck.medNormRefSMP.adat	ftp://ftp.pride.ebi.ac.uk/pride/data/archive/2026/04/PAD000036/SS-2217258_v4.1_TCRS_Adult_Serum.hybNorm.medNormInt.plateScale.calibrate.anmlQC.qcCheck.medNormRefSMP.adat	SomaScan Assay	SomaScan 7K	v4.1	RFU	PLT11457	Raw RFU, Hyb Normalization, medNormInt (SampleId), plateScale, Calibration, anmlQC, qcCheck, medNormRefSMP (SampleType)	SomaScan 7K	SomaScan Assay v4.1	20%	NT=affinity-proteomics;VV=v1.0.0	NT=human;VV=v1.1.0	NT=somascan;VV=v1.0.0	v1.1.0	NT=sdrf-skills-autoresearch;VV=v0.0.0
PAD000036-744624	Homo sapiens	Blood	not available	not available	not available	CLI8007F506	not available	543	not applicable	blood serum	PAD000036-r00639-744624	protein expression profiling by aptamer array	1	SS-2217258_v4.1_TCRS_Adult_Serum.hybNorm.medNormInt.plateScale.calibrate.anmlQC.qcCheck.medNormRefSMP.adat	ftp://ftp.pride.ebi.ac.uk/pride/data/archive/2026/04/PAD000036/SS-2217258_v4.1_TCRS_Adult_Serum.hybNorm.medNormInt.plateScale.calibrate.anmlQC.qcCheck.medNormRefSMP.adat	SomaScan Assay	SomaScan 7K	v4.1	RFU	PLT11457	Raw RFU, Hyb Normalization, medNormInt (SampleId), plateScale, Calibration, anmlQC, qcCheck, medNormRefSMP (SampleType)	SomaScan 7K	SomaScan Assay v4.1	20%	NT=affinity-proteomics;VV=v1.0.0	NT=human;VV=v1.1.0	NT=somascan;VV=v1.0.0	v1.1.0	NT=sdrf-skills-autoresearch;VV=v0.0.0
PAD000036-744578	Homo sapiens	Blood	not available	not available	not available	CLI8007F506	not available	544	not applicable	blood serum	PAD000036-r00640-744578	protein expression profiling by aptamer array	1	SS-2217258_v4.1_TCRS_Adult_Serum.hybNorm.medNormInt.plateScale.calibrate.anmlQC.qcCheck.medNormRefSMP.adat	ftp://ftp.pride.ebi.ac.uk/pride/data/archive/2026/04/PAD000036/SS-2217258_v4.1_TCRS_Adult_Serum.hybNorm.medNormInt.plateScale.calibrate.anmlQC.qcCheck.medNormRefSMP.adat	SomaScan Assay	SomaScan 7K	v4.1	RFU	PLT11457	Raw RFU, Hyb Normalization, medNormInt (SampleId), plateScale, Calibration, anmlQC, qcCheck, medNormRefSMP (SampleType)	SomaScan 7K	SomaScan Assay v4.1	20%	NT=affinity-proteomics;VV=v1.0.0	NT=human;VV=v1.1.0	NT=somascan;VV=v1.0.0	v1.1.0	NT=sdrf-skills-autoresearch;VV=v0.0.0
PAD000036-744540	Homo sapiens	Blood	not available	not available	not available	CLI8007F506	not available	545	not applicable	blood serum	PAD000036-r00641-744540	protein expression profiling by aptamer array	1	SS-2217258_v4.1_TCRS_Adult_Serum.hybNorm.medNormInt.plateScale.calibrate.anmlQC.qcCheck.medNormRefSMP.adat	ftp://ftp.pride.ebi.ac.uk/pride/data/archive/2026/04/PAD000036/SS-2217258_v4.1_TCRS_Adult_Serum.hybNorm.medNormInt.plateScale.calibrate.anmlQC.qcCheck.medNormRefSMP.adat	SomaScan Assay	SomaScan 7K	v4.1	RFU	PLT11457	Raw RFU, Hyb Normalization, medNormInt (SampleId), plateScale, Calibration, anmlQC, qcCheck, medNormRefSMP (SampleType)	SomaScan 7K	SomaScan Assay v4.1	20%	NT=affinity-proteomics;VV=v1.0.0	NT=human;VV=v1.1.0	NT=somascan;VV=v1.0.0	v1.1.0	NT=sdrf-skills-autoresearch;VV=v0.0.0
PAD000036-744464	Homo sapiens	Blood	not available	not available	not available	CLI8007F506	not available	546	not applicable	blood serum	PAD000036-r00642-744464	protein expression profiling by aptamer array	1	SS-2217258_v4.1_TCRS_Adult_Serum.hybNorm.medNormInt.plateScale.calibrate.anmlQC.qcCheck.medNormRefSMP.adat	ftp://ftp.pride.ebi.ac.uk/pride/data/archive/2026/04/PAD000036/SS-2217258_v4.1_TCRS_Adult_Serum.hybNorm.medNormInt.plateScale.calibrate.anmlQC.qcCheck.medNormRefSMP.adat	SomaScan Assay	SomaScan 7K	v4.1	RFU	PLT11457	Raw RFU, Hyb Normalization, medNormInt (SampleId), plateScale, Calibration, anmlQC, qcCheck, medNormRefSMP (SampleType)	SomaScan 7K	SomaScan Assay v4.1	20%	NT=affinity-proteomics;VV=v1.0.0	NT=human;VV=v1.1.0	NT=somascan;VV=v1.0.0	v1.1.0	NT=sdrf-skills-autoresearch;VV=v0.0.0
PAD000036-744546	Homo sapiens	Blood	not available	not available	not available	CLI8007F506	not available	547	not applicable	blood serum	PAD000036-r00643-744546	protein expression profiling by aptamer array	1	SS-2217258_v4.1_TCRS_Adult_Serum.hybNorm.medNormInt.plateScale.calibrate.anmlQC.qcCheck.medNormRefSMP.adat	ftp://ftp.pride.ebi.ac.uk/pride/data/archive/2026/04/PAD000036/SS-2217258_v4.1_TCRS_Adult_Serum.hybNorm.medNormInt.plateScale.calibrate.anmlQC.qcCheck.medNormRefSMP.adat	SomaScan Assay	SomaScan 7K	v4.1	RFU	PLT11457	Raw RFU, Hyb Normalization, medNormInt (SampleId), plateScale, Calibration, anmlQC, qcCheck, medNormRefSMP (SampleType)	SomaScan 7K	SomaScan Assay v4.1	20%	NT=affinity-proteomics;VV=v1.0.0	NT=human;VV=v1.1.0	NT=somascan;VV=v1.0.0	v1.1.0	NT=sdrf-skills-autoresearch;VV=v0.0.0
PAD000036-744426	Homo sapiens	Blood	not available	not available	not available	CLI8007F506	not available	548	not applicable	blood serum	PAD000036-r00644-744426	protein expression profiling by aptamer array	1	SS-2217258_v4.1_TCRS_Adult_Serum.hybNorm.medNormInt.plateScale.calibrate.anmlQC.qcCheck.medNormRefSMP.adat	ftp://ftp.pride.ebi.ac.uk/pride/data/archive/2026/04/PAD000036/SS-2217258_v4.1_TCRS_Adult_Serum.hybNorm.medNormInt.plateScale.calibrate.anmlQC.qcCheck.medNormRefSMP.adat	SomaScan Assay	SomaScan 7K	v4.1	RFU	PLT11457	Raw RFU, Hyb Normalization, medNormInt (SampleId), plateScale, Calibration, anmlQC, qcCheck, medNormRefSMP (SampleType)	SomaScan 7K	SomaScan Assay v4.1	20%	NT=affinity-proteomics;VV=v1.0.0	NT=human;VV=v1.1.0	NT=somascan;VV=v1.0.0	v1.1.0	NT=sdrf-skills-autoresearch;VV=v0.0.0
PAD000036-744708	Homo sapiens	Blood	not available	not available	not available	CLI8007F506	not available	549	not applicable	blood serum	PAD000036-r00645-744708	protein expression profiling by aptamer array	1	SS-2217258_v4.1_TCRS_Adult_Serum.hybNorm.medNormInt.plateScale.calibrate.anmlQC.qcCheck.medNormRefSMP.adat	ftp://ftp.pride.ebi.ac.uk/pride/data/archive/2026/04/PAD000036/SS-2217258_v4.1_TCRS_Adult_Serum.hybNorm.medNormInt.plateScale.calibrate.anmlQC.qcCheck.medNormRefSMP.adat	SomaScan Assay	SomaScan 7K	v4.1	RFU	PLT11457	Raw RFU, Hyb Normalization, medNormInt (SampleId), plateScale, Calibration, anmlQC, qcCheck, medNormRefSMP (SampleType)	SomaScan 7K	SomaScan Assay v4.1	20%	NT=affinity-proteomics;VV=v1.0.0	NT=human;VV=v1.1.0	NT=somascan;VV=v1.0.0	v1.1.0	NT=sdrf-skills-autoresearch;VV=v0.0.0
PAD000036-745494	Homo sapiens	Blood	not available	not available	not available	CLI8007F506	not available	550	not applicable	blood serum	PAD000036-r00646-745494	protein expression profiling by aptamer array	1	SS-2217258_v4.1_TCRS_Adult_Serum.hybNorm.medNormInt.plateScale.calibrate.anmlQC.qcCheck.medNormRefSMP.adat	ftp://ftp.pride.ebi.ac.uk/pride/data/archive/2026/04/PAD000036/SS-2217258_v4.1_TCRS_Adult_Serum.hybNorm.medNormInt.plateScale.calibrate.anmlQC.qcCheck.medNormRefSMP.adat	SomaScan Assay	SomaScan 7K	v4.1	RFU	PLT11457	Raw RFU, Hyb Normalization, medNormInt (SampleId), plateScale, Calibration, anmlQC, qcCheck, medNormRefSMP (SampleType)	SomaScan 7K	SomaScan Assay v4.1	20%	NT=affinity-proteomics;VV=v1.0.0	NT=human;VV=v1.1.0	NT=somascan;VV=v1.0.0	v1.1.0	NT=sdrf-skills-autoresearch;VV=v0.0.0
PAD000036-744690	Homo sapiens	Blood	not available	not available	not available	CLI8007F506	not available	551	not applicable	blood serum	PAD000036-r00647-744690	protein expression profiling by aptamer array	1	SS-2217258_v4.1_TCRS_Adult_Serum.hybNorm.medNormInt.plateScale.calibrate.anmlQC.qcCheck.medNormRefSMP.adat	ftp://ftp.pride.ebi.ac.uk/pride/data/archive/2026/04/PAD000036/SS-2217258_v4.1_TCRS_Adult_Serum.hybNorm.medNormInt.plateScale.calibrate.anmlQC.qcCheck.medNormRefSMP.adat	SomaScan Assay	SomaScan 7K	v4.1	RFU	PLT11457	Raw RFU, Hyb Normalization, medNormInt (SampleId), plateScale, Calibration, anmlQC, qcCheck, medNormRefSMP (SampleType)	SomaScan 7K	SomaScan Assay v4.1	20%	NT=affinity-proteomics;VV=v1.0.0	NT=human;VV=v1.1.0	NT=somascan;VV=v1.0.0	v1.1.0	NT=sdrf-skills-autoresearch;VV=v0.0.0
PAD000036-744446	Homo sapiens	Blood	not available	not available	not available	CLI8007F506	not available	552	not applicable	blood serum	PAD000036-r00648-744446	protein expression profiling by aptamer array	1	SS-2217258_v4.1_TCRS_Adult_Serum.hybNorm.medNormInt.plateScale.calibrate.anmlQC.qcCheck.medNormRefSMP.adat	ftp://ftp.pride.ebi.ac.uk/pride/data/archive/2026/04/PAD000036/SS-2217258_v4.1_TCRS_Adult_Serum.hybNorm.medNormInt.plateScale.calibrate.anmlQC.qcCheck.medNormRefSMP.adat	SomaScan Assay	SomaScan 7K	v4.1	RFU	PLT11457	Raw RFU, Hyb Normalization, medNormInt (SampleId), plateScale, Calibration, anmlQC, qcCheck, medNormRefSMP (SampleType)	SomaScan 7K	SomaScan Assay v4.1	20%	NT=affinity-proteomics;VV=v1.0.0	NT=human;VV=v1.1.0	NT=somascan;VV=v1.0.0	v1.1.0	NT=sdrf-skills-autoresearch;VV=v0.0.0
PAD000036-744577	Homo sapiens	Blood	not available	not available	not available	CLI8007F506	not available	553	not applicable	blood serum	PAD000036-r00649-744577	protein expression profiling by aptamer array	1	SS-2217258_v4.1_TCRS_Adult_Serum.hybNorm.medNormInt.plateScale.calibrate.anmlQC.qcCheck.medNormRefSMP.adat	ftp://ftp.pride.ebi.ac.uk/pride/data/archive/2026/04/PAD000036/SS-2217258_v4.1_TCRS_Adult_Serum.hybNorm.medNormInt.plateScale.calibrate.anmlQC.qcCheck.medNormRefSMP.adat	SomaScan Assay	SomaScan 7K	v4.1	RFU	PLT11457	Raw RFU, Hyb Normalization, medNormInt (SampleId), plateScale, Calibration, anmlQC, qcCheck, medNormRefSMP (SampleType)	SomaScan 7K	SomaScan Assay v4.1	20%	NT=affinity-proteomics;VV=v1.0.0	NT=human;VV=v1.1.0	NT=somascan;VV=v1.0.0	v1.1.0	NT=sdrf-skills-autoresearch;VV=v0.0.0
PAD000036-744692	Homo sapiens	Blood	not available	not available	not available	CLI8007F506	not available	554	not applicable	blood serum	PAD000036-r00650-744692	protein expression profiling by aptamer array	1	SS-2217258_v4.1_TCRS_Adult_Serum.hybNorm.medNormInt.plateScale.calibrate.anmlQC.qcCheck.medNormRefSMP.adat	ftp://ftp.pride.ebi.ac.uk/pride/data/archive/2026/04/PAD000036/SS-2217258_v4.1_TCRS_Adult_Serum.hybNorm.medNormInt.plateScale.calibrate.anmlQC.qcCheck.medNormRefSMP.adat	SomaScan Assay	SomaScan 7K	v4.1	RFU	PLT11457	Raw RFU, Hyb Normalization, medNormInt (SampleId), plateScale, Calibration, anmlQC, qcCheck, medNormRefSMP (SampleType)	SomaScan 7K	SomaScan Assay v4.1	20%	NT=affinity-proteomics;VV=v1.0.0	NT=human;VV=v1.1.0	NT=somascan;VV=v1.0.0	v1.1.0	NT=sdrf-skills-autoresearch;VV=v0.0.0
PAD000036-200173	Homo sapiens	Blood	not available	not available	not available	not available	not available	224	calibrator	blood;blood plasma;blood serum	PAD000036-r00651-200173	protein expression profiling by aptamer array	20	SS-2217258_v4.1_TCRS_Adult_Serum.hybNorm.medNormInt.plateScale.calibrate.anmlQC.qcCheck.medNormRefSMP.adat	ftp://ftp.pride.ebi.ac.uk/pride/data/archive/2026/04/PAD000036/SS-2217258_v4.1_TCRS_Adult_Serum.hybNorm.medNormInt.plateScale.calibrate.anmlQC.qcCheck.medNormRefSMP.adat	SomaScan Assay	SomaScan 7K	v4.1	RFU	PLT11457	Raw RFU, Hyb Normalization, medNormInt (SampleId), plateScale, Calibration, anmlQC, qcCheck, medNormRefSMP (SampleType)	SomaScan 7K	SomaScan Assay v4.1	20%	NT=affinity-proteomics;VV=v1.0.0	NT=human;VV=v1.1.0	NT=somascan;VV=v1.0.0	v1.1.0	NT=sdrf-skills-autoresearch;VV=v0.0.0
PAD000036-744579	Homo sapiens	Blood	not available	not available	not available	CLI8007F506	not available	555	not applicable	blood serum	PAD000036-r00652-744579	protein expression profiling by aptamer array	1	SS-2217258_v4.1_TCRS_Adult_Serum.hybNorm.medNormInt.plateScale.calibrate.anmlQC.qcCheck.medNormRefSMP.adat	ftp://ftp.pride.ebi.ac.uk/pride/data/archive/2026/04/PAD000036/SS-2217258_v4.1_TCRS_Adult_Serum.hybNorm.medNormInt.plateScale.calibrate.anmlQC.qcCheck.medNormRefSMP.adat	SomaScan Assay	SomaScan 7K	v4.1	RFU	PLT11457	Raw RFU, Hyb Normalization, medNormInt (SampleId), plateScale, Calibration, anmlQC, qcCheck, medNormRefSMP (SampleType)	SomaScan 7K	SomaScan Assay v4.1	20%	NT=affinity-proteomics;VV=v1.0.0	NT=human;VV=v1.1.0	NT=somascan;VV=v1.0.0	v1.1.0	NT=sdrf-skills-autoresearch;VV=v0.0.0
PAD000036-745477	Homo sapiens	Blood	not available	not available	not available	CLI8007F506	not available	556	not applicable	blood serum	PAD000036-r00653-745477	protein expression profiling by aptamer array	1	SS-2217258_v4.1_TCRS_Adult_Serum.hybNorm.medNormInt.plateScale.calibrate.anmlQC.qcCheck.medNormRefSMP.adat	ftp://ftp.pride.ebi.ac.uk/pride/data/archive/2026/04/PAD000036/SS-2217258_v4.1_TCRS_Adult_Serum.hybNorm.medNormInt.plateScale.calibrate.anmlQC.qcCheck.medNormRefSMP.adat	SomaScan Assay	SomaScan 7K	v4.1	RFU	PLT11457	Raw RFU, Hyb Normalization, medNormInt (SampleId), plateScale, Calibration, anmlQC, qcCheck, medNormRefSMP (SampleType)	SomaScan 7K	SomaScan Assay v4.1	20%	NT=affinity-proteomics;VV=v1.0.0	NT=human;VV=v1.1.0	NT=somascan;VV=v1.0.0	v1.1.0	NT=sdrf-skills-autoresearch;VV=v0.0.0
PAD000036-744420	Homo sapiens	Blood	not available	not available	not available	CLI8007F506	not available	557	not applicable	blood serum	PAD000036-r00654-744420	protein expression profiling by aptamer array	1	SS-2217258_v4.1_TCRS_Adult_Serum.hybNorm.medNormInt.plateScale.calibrate.anmlQC.qcCheck.medNormRefSMP.adat	ftp://ftp.pride.ebi.ac.uk/pride/data/archive/2026/04/PAD000036/SS-2217258_v4.1_TCRS_Adult_Serum.hybNorm.medNormInt.plateScale.calibrate.anmlQC.qcCheck.medNormRefSMP.adat	SomaScan Assay	SomaScan 7K	v4.1	RFU	PLT11457	Raw RFU, Hyb Normalization, medNormInt (SampleId), plateScale, Calibration, anmlQC, qcCheck, medNormRefSMP (SampleType)	SomaScan 7K	SomaScan Assay v4.1	20%	NT=affinity-proteomics;VV=v1.0.0	NT=human;VV=v1.1.0	NT=somascan;VV=v1.0.0	v1.1.0	NT=sdrf-skills-autoresearch;VV=v0.0.0
PAD000036-744701	Homo sapiens	Blood	not available	not available	not available	CLI8007F506	not available	558	not applicable	blood serum	PAD000036-r00655-744701	protein expression profiling by aptamer array	1	SS-2217258_v4.1_TCRS_Adult_Serum.hybNorm.medNormInt.plateScale.calibrate.anmlQC.qcCheck.medNormRefSMP.adat	ftp://ftp.pride.ebi.ac.uk/pride/data/archive/2026/04/PAD000036/SS-2217258_v4.1_TCRS_Adult_Serum.hybNorm.medNormInt.plateScale.calibrate.anmlQC.qcCheck.medNormRefSMP.adat	SomaScan Assay	SomaScan 7K	v4.1	RFU	PLT11457	Raw RFU, Hyb Normalization, medNormInt (SampleId), plateScale, Calibration, anmlQC, qcCheck, medNormRefSMP (SampleType)	SomaScan 7K	SomaScan Assay v4.1	20%	NT=affinity-proteomics;VV=v1.0.0	NT=human;VV=v1.1.0	NT=somascan;VV=v1.0.0	v1.1.0	NT=sdrf-skills-autoresearch;VV=v0.0.0
PAD000036-744419	Homo sapiens	Blood	not available	not available	not available	CLI8007F506	not available	559	not applicable	blood serum	PAD000036-r00656-744419	protein expression profiling by aptamer array	1	SS-2217258_v4.1_TCRS_Adult_Serum.hybNorm.medNormInt.plateScale.calibrate.anmlQC.qcCheck.medNormRefSMP.adat	ftp://ftp.pride.ebi.ac.uk/pride/data/archive/2026/04/PAD000036/SS-2217258_v4.1_TCRS_Adult_Serum.hybNorm.medNormInt.plateScale.calibrate.anmlQC.qcCheck.medNormRefSMP.adat	SomaScan Assay	SomaScan 7K	v4.1	RFU	PLT11456	Raw RFU, Hyb Normalization, medNormInt (SampleId), plateScale, Calibration, anmlQC, qcCheck, medNormRefSMP (SampleType)	SomaScan 7K	SomaScan Assay v4.1	20%	NT=affinity-proteomics;VV=v1.0.0	NT=human;VV=v1.1.0	NT=somascan;VV=v1.0.0	v1.1.0	NT=sdrf-skills-autoresearch;VV=v0.0.0
PAD000036-744682	Homo sapiens	Blood	not available	not available	not available	CLI8007F506	not available	560	not applicable	blood serum	PAD000036-r00657-744682	protein expression profiling by aptamer array	1	SS-2217258_v4.1_TCRS_Adult_Serum.hybNorm.medNormInt.plateScale.calibrate.anmlQC.qcCheck.medNormRefSMP.adat	ftp://ftp.pride.ebi.ac.uk/pride/data/archive/2026/04/PAD000036/SS-2217258_v4.1_TCRS_Adult_Serum.hybNorm.medNormInt.plateScale.calibrate.anmlQC.qcCheck.medNormRefSMP.adat	SomaScan Assay	SomaScan 7K	v4.1	RFU	PLT11456	Raw RFU, Hyb Normalization, medNormInt (SampleId), plateScale, Calibration, anmlQC, qcCheck, medNormRefSMP (SampleType)	SomaScan 7K	SomaScan Assay v4.1	20%	NT=affinity-proteomics;VV=v1.0.0	NT=human;VV=v1.1.0	NT=somascan;VV=v1.0.0	v1.1.0	NT=sdrf-skills-autoresearch;VV=v0.0.0
PAD000036-744558	Homo sapiens	Blood	not available	not available	not available	CLI8007F506	not available	561	not applicable	blood serum	PAD000036-r00658-744558	protein expression profiling by aptamer array	1	SS-2217258_v4.1_TCRS_Adult_Serum.hybNorm.medNormInt.plateScale.calibrate.anmlQC.qcCheck.medNormRefSMP.adat	ftp://ftp.pride.ebi.ac.uk/pride/data/archive/2026/04/PAD000036/SS-2217258_v4.1_TCRS_Adult_Serum.hybNorm.medNormInt.plateScale.calibrate.anmlQC.qcCheck.medNormRefSMP.adat	SomaScan Assay	SomaScan 7K	v4.1	RFU	PLT11456	Raw RFU, Hyb Normalization, medNormInt (SampleId), plateScale, Calibration, anmlQC, qcCheck, medNormRefSMP (SampleType)	SomaScan 7K	SomaScan Assay v4.1	20%	NT=affinity-proteomics;VV=v1.0.0	NT=human;VV=v1.1.0	NT=somascan;VV=v1.0.0	v1.1.0	NT=sdrf-skills-autoresearch;VV=v0.0.0
PAD000036-744499	Homo sapiens	Blood	not available	not available	not available	CLI8007F506	not available	562	not applicable	blood serum	PAD000036-r00659-744499	protein expression profiling by aptamer array	1	SS-2217258_v4.1_TCRS_Adult_Serum.hybNorm.medNormInt.plateScale.calibrate.anmlQC.qcCheck.medNormRefSMP.adat	ftp://ftp.pride.ebi.ac.uk/pride/data/archive/2026/04/PAD000036/SS-2217258_v4.1_TCRS_Adult_Serum.hybNorm.medNormInt.plateScale.calibrate.anmlQC.qcCheck.medNormRefSMP.adat	SomaScan Assay	SomaScan 7K	v4.1	RFU	PLT11456	Raw RFU, Hyb Normalization, medNormInt (SampleId), plateScale, Calibration, anmlQC, qcCheck, medNormRefSMP (SampleType)	SomaScan 7K	SomaScan Assay v4.1	20%	NT=affinity-proteomics;VV=v1.0.0	NT=human;VV=v1.1.0	NT=somascan;VV=v1.0.0	v1.1.0	NT=sdrf-skills-autoresearch;VV=v0.0.0
PAD000036-744589	Homo sapiens	Blood	not available	not available	not available	CLI8007F506	not available	563	not applicable	blood serum	PAD000036-r00660-744589	protein expression profiling by aptamer array	1	SS-2217258_v4.1_TCRS_Adult_Serum.hybNorm.medNormInt.plateScale.calibrate.anmlQC.qcCheck.medNormRefSMP.adat	ftp://ftp.pride.ebi.ac.uk/pride/data/archive/2026/04/PAD000036/SS-2217258_v4.1_TCRS_Adult_Serum.hybNorm.medNormInt.plateScale.calibrate.anmlQC.qcCheck.medNormRefSMP.adat	SomaScan Assay	SomaScan 7K	v4.1	RFU	PLT11456	Raw RFU, Hyb Normalization, medNormInt (SampleId), plateScale, Calibration, anmlQC, qcCheck, medNormRefSMP (SampleType)	SomaScan 7K	SomaScan Assay v4.1	20%	NT=affinity-proteomics;VV=v1.0.0	NT=human;VV=v1.1.0	NT=somascan;VV=v1.0.0	v1.1.0	NT=sdrf-skills-autoresearch;VV=v0.0.0
PAD000036-200173	Homo sapiens	Blood	not available	not available	not available	not available	not available	224	calibrator	blood;blood plasma;blood serum	PAD000036-r00661-200173	protein expression profiling by aptamer array	21	SS-2217258_v4.1_TCRS_Adult_Serum.hybNorm.medNormInt.plateScale.calibrate.anmlQC.qcCheck.medNormRefSMP.adat	ftp://ftp.pride.ebi.ac.uk/pride/data/archive/2026/04/PAD000036/SS-2217258_v4.1_TCRS_Adult_Serum.hybNorm.medNormInt.plateScale.calibrate.anmlQC.qcCheck.medNormRefSMP.adat	SomaScan Assay	SomaScan 7K	v4.1	RFU	PLT11456	Raw RFU, Hyb Normalization, medNormInt (SampleId), plateScale, Calibration, anmlQC, qcCheck, medNormRefSMP (SampleType)	SomaScan 7K	SomaScan Assay v4.1	20%	NT=affinity-proteomics;VV=v1.0.0	NT=human;VV=v1.1.0	NT=somascan;VV=v1.0.0	v1.1.0	NT=sdrf-skills-autoresearch;VV=v0.0.0
PAD000036-745467	Homo sapiens	Blood	not available	not available	not available	CLI8007F506	not available	564	not applicable	blood serum	PAD000036-r00662-745467	protein expression profiling by aptamer array	1	SS-2217258_v4.1_TCRS_Adult_Serum.hybNorm.medNormInt.plateScale.calibrate.anmlQC.qcCheck.medNormRefSMP.adat	ftp://ftp.pride.ebi.ac.uk/pride/data/archive/2026/04/PAD000036/SS-2217258_v4.1_TCRS_Adult_Serum.hybNorm.medNormInt.plateScale.calibrate.anmlQC.qcCheck.medNormRefSMP.adat	SomaScan Assay	SomaScan 7K	v4.1	RFU	PLT11456	Raw RFU, Hyb Normalization, medNormInt (SampleId), plateScale, Calibration, anmlQC, qcCheck, medNormRefSMP (SampleType)	SomaScan 7K	SomaScan Assay v4.1	20%	NT=affinity-proteomics;VV=v1.0.0	NT=human;VV=v1.1.0	NT=somascan;VV=v1.0.0	v1.1.0	NT=sdrf-skills-autoresearch;VV=v0.0.0
PAD000036-745499	Homo sapiens	Blood	not available	not available	not available	CLI8007F506	not available	565	not applicable	blood serum	PAD000036-r00663-745499	protein expression profiling by aptamer array	1	SS-2217258_v4.1_TCRS_Adult_Serum.hybNorm.medNormInt.plateScale.calibrate.anmlQC.qcCheck.medNormRefSMP.adat	ftp://ftp.pride.ebi.ac.uk/pride/data/archive/2026/04/PAD000036/SS-2217258_v4.1_TCRS_Adult_Serum.hybNorm.medNormInt.plateScale.calibrate.anmlQC.qcCheck.medNormRefSMP.adat	SomaScan Assay	SomaScan 7K	v4.1	RFU	PLT11456	Raw RFU, Hyb Normalization, medNormInt (SampleId), plateScale, Calibration, anmlQC, qcCheck, medNormRefSMP (SampleType)	SomaScan 7K	SomaScan Assay v4.1	20%	NT=affinity-proteomics;VV=v1.0.0	NT=human;VV=v1.1.0	NT=somascan;VV=v1.0.0	v1.1.0	NT=sdrf-skills-autoresearch;VV=v0.0.0
PAD000036-744476	Homo sapiens	Blood	not available	not available	not available	CLI8007F506	not available	566	not applicable	blood serum	PAD000036-r00664-744476	protein expression profiling by aptamer array	1	SS-2217258_v4.1_TCRS_Adult_Serum.hybNorm.medNormInt.plateScale.calibrate.anmlQC.qcCheck.medNormRefSMP.adat	ftp://ftp.pride.ebi.ac.uk/pride/data/archive/2026/04/PAD000036/SS-2217258_v4.1_TCRS_Adult_Serum.hybNorm.medNormInt.plateScale.calibrate.anmlQC.qcCheck.medNormRefSMP.adat	SomaScan Assay	SomaScan 7K	v4.1	RFU	PLT11456	Raw RFU, Hyb Normalization, medNormInt (SampleId), plateScale, Calibration, anmlQC, qcCheck, medNormRefSMP (SampleType)	SomaScan 7K	SomaScan Assay v4.1	20%	NT=affinity-proteomics;VV=v1.0.0	NT=human;VV=v1.1.0	NT=somascan;VV=v1.0.0	v1.1.0	NT=sdrf-skills-autoresearch;VV=v0.0.0
PAD000036-744451	Homo sapiens	Blood	not available	not available	not available	CLI8007F506	not available	567	not applicable	blood serum	PAD000036-r00665-744451	protein expression profiling by aptamer array	1	SS-2217258_v4.1_TCRS_Adult_Serum.hybNorm.medNormInt.plateScale.calibrate.anmlQC.qcCheck.medNormRefSMP.adat	ftp://ftp.pride.ebi.ac.uk/pride/data/archive/2026/04/PAD000036/SS-2217258_v4.1_TCRS_Adult_Serum.hybNorm.medNormInt.plateScale.calibrate.anmlQC.qcCheck.medNormRefSMP.adat	SomaScan Assay	SomaScan 7K	v4.1	RFU	PLT11456	Raw RFU, Hyb Normalization, medNormInt (SampleId), plateScale, Calibration, anmlQC, qcCheck, medNormRefSMP (SampleType)	SomaScan 7K	SomaScan Assay v4.1	20%	NT=affinity-proteomics;VV=v1.0.0	NT=human;VV=v1.1.0	NT=somascan;VV=v1.0.0	v1.1.0	NT=sdrf-skills-autoresearch;VV=v0.0.0
PAD000036-744445	Homo sapiens	Blood	not available	not available	not available	CLI8007F506	not available	568	not applicable	blood serum	PAD000036-r00666-744445	protein expression profiling by aptamer array	1	SS-2217258_v4.1_TCRS_Adult_Serum.hybNorm.medNormInt.plateScale.calibrate.anmlQC.qcCheck.medNormRefSMP.adat	ftp://ftp.pride.ebi.ac.uk/pride/data/archive/2026/04/PAD000036/SS-2217258_v4.1_TCRS_Adult_Serum.hybNorm.medNormInt.plateScale.calibrate.anmlQC.qcCheck.medNormRefSMP.adat	SomaScan Assay	SomaScan 7K	v4.1	RFU	PLT11456	Raw RFU, Hyb Normalization, medNormInt (SampleId), plateScale, Calibration, anmlQC, qcCheck, medNormRefSMP (SampleType)	SomaScan 7K	SomaScan Assay v4.1	20%	NT=affinity-proteomics;VV=v1.0.0	NT=human;VV=v1.1.0	NT=somascan;VV=v1.0.0	v1.1.0	NT=sdrf-skills-autoresearch;VV=v0.0.0
PAD000036-744484	Homo sapiens	Blood	not available	not available	not available	CLI8007F506	not available	569	not applicable	blood serum	PAD000036-r00667-744484	protein expression profiling by aptamer array	1	SS-2217258_v4.1_TCRS_Adult_Serum.hybNorm.medNormInt.plateScale.calibrate.anmlQC.qcCheck.medNormRefSMP.adat	ftp://ftp.pride.ebi.ac.uk/pride/data/archive/2026/04/PAD000036/SS-2217258_v4.1_TCRS_Adult_Serum.hybNorm.medNormInt.plateScale.calibrate.anmlQC.qcCheck.medNormRefSMP.adat	SomaScan Assay	SomaScan 7K	v4.1	RFU	PLT11456	Raw RFU, Hyb Normalization, medNormInt (SampleId), plateScale, Calibration, anmlQC, qcCheck, medNormRefSMP (SampleType)	SomaScan 7K	SomaScan Assay v4.1	20%	NT=affinity-proteomics;VV=v1.0.0	NT=human;VV=v1.1.0	NT=somascan;VV=v1.0.0	v1.1.0	NT=sdrf-skills-autoresearch;VV=v0.0.0
PAD000036-744444	Homo sapiens	Blood	not available	not available	not available	CLI8007F506	not available	570	not applicable	blood serum	PAD000036-r00668-744444	protein expression profiling by aptamer array	1	SS-2217258_v4.1_TCRS_Adult_Serum.hybNorm.medNormInt.plateScale.calibrate.anmlQC.qcCheck.medNormRefSMP.adat	ftp://ftp.pride.ebi.ac.uk/pride/data/archive/2026/04/PAD000036/SS-2217258_v4.1_TCRS_Adult_Serum.hybNorm.medNormInt.plateScale.calibrate.anmlQC.qcCheck.medNormRefSMP.adat	SomaScan Assay	SomaScan 7K	v4.1	RFU	PLT11456	Raw RFU, Hyb Normalization, medNormInt (SampleId), plateScale, Calibration, anmlQC, qcCheck, medNormRefSMP (SampleType)	SomaScan 7K	SomaScan Assay v4.1	20%	NT=affinity-proteomics;VV=v1.0.0	NT=human;VV=v1.1.0	NT=somascan;VV=v1.0.0	v1.1.0	NT=sdrf-skills-autoresearch;VV=v0.0.0
PAD000036-744466	Homo sapiens	Blood	not available	not available	not available	CLI8007F506	not available	571	not applicable	blood serum	PAD000036-r00669-744466	protein expression profiling by aptamer array	1	SS-2217258_v4.1_TCRS_Adult_Serum.hybNorm.medNormInt.plateScale.calibrate.anmlQC.qcCheck.medNormRefSMP.adat	ftp://ftp.pride.ebi.ac.uk/pride/data/archive/2026/04/PAD000036/SS-2217258_v4.1_TCRS_Adult_Serum.hybNorm.medNormInt.plateScale.calibrate.anmlQC.qcCheck.medNormRefSMP.adat	SomaScan Assay	SomaScan 7K	v4.1	RFU	PLT11456	Raw RFU, Hyb Normalization, medNormInt (SampleId), plateScale, Calibration, anmlQC, qcCheck, medNormRefSMP (SampleType)	SomaScan 7K	SomaScan Assay v4.1	20%	NT=affinity-proteomics;VV=v1.0.0	NT=human;VV=v1.1.0	NT=somascan;VV=v1.0.0	v1.1.0	NT=sdrf-skills-autoresearch;VV=v0.0.0
PAD000036-745457	Homo sapiens	Blood	not available	not available	not available	CLI8007F506	not available	572	not applicable	blood serum	PAD000036-r00670-745457	protein expression profiling by aptamer array	1	SS-2217258_v4.1_TCRS_Adult_Serum.hybNorm.medNormInt.plateScale.calibrate.anmlQC.qcCheck.medNormRefSMP.adat	ftp://ftp.pride.ebi.ac.uk/pride/data/archive/2026/04/PAD000036/SS-2217258_v4.1_TCRS_Adult_Serum.hybNorm.medNormInt.plateScale.calibrate.anmlQC.qcCheck.medNormRefSMP.adat	SomaScan Assay	SomaScan 7K	v4.1	RFU	PLT11456	Raw RFU, Hyb Normalization, medNormInt (SampleId), plateScale, Calibration, anmlQC, qcCheck, medNormRefSMP (SampleType)	SomaScan 7K	SomaScan Assay v4.1	20%	NT=affinity-proteomics;VV=v1.0.0	NT=human;VV=v1.1.0	NT=somascan;VV=v1.0.0	v1.1.0	NT=sdrf-skills-autoresearch;VV=v0.0.0
PAD000036-220214	Homo sapiens	Blood	not available	not available	not available	not available	not available	208	not applicable	blood;blood plasma;blood serum	PAD000036-r00671-220214	protein expression profiling by aptamer array	15	SS-2217258_v4.1_TCRS_Adult_Serum.hybNorm.medNormInt.plateScale.calibrate.anmlQC.qcCheck.medNormRefSMP.adat	ftp://ftp.pride.ebi.ac.uk/pride/data/archive/2026/04/PAD000036/SS-2217258_v4.1_TCRS_Adult_Serum.hybNorm.medNormInt.plateScale.calibrate.anmlQC.qcCheck.medNormRefSMP.adat	SomaScan Assay	SomaScan 7K	v4.1	RFU	PLT11456	Raw RFU, Hyb Normalization, medNormInt (SampleId), plateScale, Calibration, anmlQC, qcCheck, medNormRefSMP (SampleType)	SomaScan 7K	SomaScan Assay v4.1	20%	NT=affinity-proteomics;VV=v1.0.0	NT=human;VV=v1.1.0	NT=somascan;VV=v1.0.0	v1.1.0	NT=sdrf-skills-autoresearch;VV=v0.0.0
PAD000036-744649	Homo sapiens	Blood	not available	not available	not available	CLI8007F506	not available	573	not applicable	blood serum	PAD000036-r00672-744649	protein expression profiling by aptamer array	1	SS-2217258_v4.1_TCRS_Adult_Serum.hybNorm.medNormInt.plateScale.calibrate.anmlQC.qcCheck.medNormRefSMP.adat	ftp://ftp.pride.ebi.ac.uk/pride/data/archive/2026/04/PAD000036/SS-2217258_v4.1_TCRS_Adult_Serum.hybNorm.medNormInt.plateScale.calibrate.anmlQC.qcCheck.medNormRefSMP.adat	SomaScan Assay	SomaScan 7K	v4.1	RFU	PLT11456	Raw RFU, Hyb Normalization, medNormInt (SampleId), plateScale, Calibration, anmlQC, qcCheck, medNormRefSMP (SampleType)	SomaScan 7K	SomaScan Assay v4.1	20%	NT=affinity-proteomics;VV=v1.0.0	NT=human;VV=v1.1.0	NT=somascan;VV=v1.0.0	v1.1.0	NT=sdrf-skills-autoresearch;VV=v0.0.0
PAD000036-744402	Homo sapiens	Blood	not available	not available	not available	CLI8007F506	not available	574	not applicable	blood serum	PAD000036-r00673-744402	protein expression profiling by aptamer array	1	SS-2217258_v4.1_TCRS_Adult_Serum.hybNorm.medNormInt.plateScale.calibrate.anmlQC.qcCheck.medNormRefSMP.adat	ftp://ftp.pride.ebi.ac.uk/pride/data/archive/2026/04/PAD000036/SS-2217258_v4.1_TCRS_Adult_Serum.hybNorm.medNormInt.plateScale.calibrate.anmlQC.qcCheck.medNormRefSMP.adat	SomaScan Assay	SomaScan 7K	v4.1	RFU	PLT11456	Raw RFU, Hyb Normalization, medNormInt (SampleId), plateScale, Calibration, anmlQC, qcCheck, medNormRefSMP (SampleType)	SomaScan 7K	SomaScan Assay v4.1	20%	NT=affinity-proteomics;VV=v1.0.0	NT=human;VV=v1.1.0	NT=somascan;VV=v1.0.0	v1.1.0	NT=sdrf-skills-autoresearch;VV=v0.0.0
PAD000036-744574	Homo sapiens	Blood	not available	not available	not available	CLI8007F506	not available	575	not applicable	blood serum	PAD000036-r00674-744574	protein expression profiling by aptamer array	1	SS-2217258_v4.1_TCRS_Adult_Serum.hybNorm.medNormInt.plateScale.calibrate.anmlQC.qcCheck.medNormRefSMP.adat	ftp://ftp.pride.ebi.ac.uk/pride/data/archive/2026/04/PAD000036/SS-2217258_v4.1_TCRS_Adult_Serum.hybNorm.medNormInt.plateScale.calibrate.anmlQC.qcCheck.medNormRefSMP.adat	SomaScan Assay	SomaScan 7K	v4.1	RFU	PLT11456	Raw RFU, Hyb Normalization, medNormInt (SampleId), plateScale, Calibration, anmlQC, qcCheck, medNormRefSMP (SampleType)	SomaScan 7K	SomaScan Assay v4.1	20%	NT=affinity-proteomics;VV=v1.0.0	NT=human;VV=v1.1.0	NT=somascan;VV=v1.0.0	v1.1.0	NT=sdrf-skills-autoresearch;VV=v0.0.0
PAD000036-745476	Homo sapiens	Blood	not available	not available	not available	CLI8007F506	not available	576	not applicable	blood serum	PAD000036-r00675-745476	protein expression profiling by aptamer array	1	SS-2217258_v4.1_TCRS_Adult_Serum.hybNorm.medNormInt.plateScale.calibrate.anmlQC.qcCheck.medNormRefSMP.adat	ftp://ftp.pride.ebi.ac.uk/pride/data/archive/2026/04/PAD000036/SS-2217258_v4.1_TCRS_Adult_Serum.hybNorm.medNormInt.plateScale.calibrate.anmlQC.qcCheck.medNormRefSMP.adat	SomaScan Assay	SomaScan 7K	v4.1	RFU	PLT11456	Raw RFU, Hyb Normalization, medNormInt (SampleId), plateScale, Calibration, anmlQC, qcCheck, medNormRefSMP (SampleType)	SomaScan 7K	SomaScan Assay v4.1	20%	NT=affinity-proteomics;VV=v1.0.0	NT=human;VV=v1.1.0	NT=somascan;VV=v1.0.0	v1.1.0	NT=sdrf-skills-autoresearch;VV=v0.0.0
PAD000036-200173	Homo sapiens	Blood	not available	not available	not available	not available	not available	224	calibrator	blood;blood plasma;blood serum	PAD000036-r00676-200173	protein expression profiling by aptamer array	22	SS-2217258_v4.1_TCRS_Adult_Serum.hybNorm.medNormInt.plateScale.calibrate.anmlQC.qcCheck.medNormRefSMP.adat	ftp://ftp.pride.ebi.ac.uk/pride/data/archive/2026/04/PAD000036/SS-2217258_v4.1_TCRS_Adult_Serum.hybNorm.medNormInt.plateScale.calibrate.anmlQC.qcCheck.medNormRefSMP.adat	SomaScan Assay	SomaScan 7K	v4.1	RFU	PLT11456	Raw RFU, Hyb Normalization, medNormInt (SampleId), plateScale, Calibration, anmlQC, qcCheck, medNormRefSMP (SampleType)	SomaScan 7K	SomaScan Assay v4.1	20%	NT=affinity-proteomics;VV=v1.0.0	NT=human;VV=v1.1.0	NT=somascan;VV=v1.0.0	v1.1.0	NT=sdrf-skills-autoresearch;VV=v0.0.0
PAD000036-744471	Homo sapiens	Blood	not available	not available	not available	CLI8007F506	not available	577	not applicable	blood serum	PAD000036-r00677-744471	protein expression profiling by aptamer array	1	SS-2217258_v4.1_TCRS_Adult_Serum.hybNorm.medNormInt.plateScale.calibrate.anmlQC.qcCheck.medNormRefSMP.adat	ftp://ftp.pride.ebi.ac.uk/pride/data/archive/2026/04/PAD000036/SS-2217258_v4.1_TCRS_Adult_Serum.hybNorm.medNormInt.plateScale.calibrate.anmlQC.qcCheck.medNormRefSMP.adat	SomaScan Assay	SomaScan 7K	v4.1	RFU	PLT11456	Raw RFU, Hyb Normalization, medNormInt (SampleId), plateScale, Calibration, anmlQC, qcCheck, medNormRefSMP (SampleType)	SomaScan 7K	SomaScan Assay v4.1	20%	NT=affinity-proteomics;VV=v1.0.0	NT=human;VV=v1.1.0	NT=somascan;VV=v1.0.0	v1.1.0	NT=sdrf-skills-autoresearch;VV=v0.0.0
PAD000036-744482	Homo sapiens	Blood	not available	not available	not available	CLI8007F506	not available	578	not applicable	blood serum	PAD000036-r00678-744482	protein expression profiling by aptamer array	1	SS-2217258_v4.1_TCRS_Adult_Serum.hybNorm.medNormInt.plateScale.calibrate.anmlQC.qcCheck.medNormRefSMP.adat	ftp://ftp.pride.ebi.ac.uk/pride/data/archive/2026/04/PAD000036/SS-2217258_v4.1_TCRS_Adult_Serum.hybNorm.medNormInt.plateScale.calibrate.anmlQC.qcCheck.medNormRefSMP.adat	SomaScan Assay	SomaScan 7K	v4.1	RFU	PLT11456	Raw RFU, Hyb Normalization, medNormInt (SampleId), plateScale, Calibration, anmlQC, qcCheck, medNormRefSMP (SampleType)	SomaScan 7K	SomaScan Assay v4.1	20%	NT=affinity-proteomics;VV=v1.0.0	NT=human;VV=v1.1.0	NT=somascan;VV=v1.0.0	v1.1.0	NT=sdrf-skills-autoresearch;VV=v0.0.0
PAD000036-745032	Homo sapiens	Blood	not available	not available	not available	CLI8007F506	not available	579	not applicable	blood serum	PAD000036-r00679-745032	protein expression profiling by aptamer array	1	SS-2217258_v4.1_TCRS_Adult_Serum.hybNorm.medNormInt.plateScale.calibrate.anmlQC.qcCheck.medNormRefSMP.adat	ftp://ftp.pride.ebi.ac.uk/pride/data/archive/2026/04/PAD000036/SS-2217258_v4.1_TCRS_Adult_Serum.hybNorm.medNormInt.plateScale.calibrate.anmlQC.qcCheck.medNormRefSMP.adat	SomaScan Assay	SomaScan 7K	v4.1	RFU	PLT11456	Raw RFU, Hyb Normalization, medNormInt (SampleId), plateScale, Calibration, anmlQC, qcCheck, medNormRefSMP (SampleType)	SomaScan 7K	SomaScan Assay v4.1	20%	NT=affinity-proteomics;VV=v1.0.0	NT=human;VV=v1.1.0	NT=somascan;VV=v1.0.0	v1.1.0	NT=sdrf-skills-autoresearch;VV=v0.0.0
PAD000036-744430	Homo sapiens	Blood	not available	not available	not available	CLI8007F506	not available	580	not applicable	blood serum	PAD000036-r00680-744430	protein expression profiling by aptamer array	1	SS-2217258_v4.1_TCRS_Adult_Serum.hybNorm.medNormInt.plateScale.calibrate.anmlQC.qcCheck.medNormRefSMP.adat	ftp://ftp.pride.ebi.ac.uk/pride/data/archive/2026/04/PAD000036/SS-2217258_v4.1_TCRS_Adult_Serum.hybNorm.medNormInt.plateScale.calibrate.anmlQC.qcCheck.medNormRefSMP.adat	SomaScan Assay	SomaScan 7K	v4.1	RFU	PLT11456	Raw RFU, Hyb Normalization, medNormInt (SampleId), plateScale, Calibration, anmlQC, qcCheck, medNormRefSMP (SampleType)	SomaScan 7K	SomaScan Assay v4.1	20%	NT=affinity-proteomics;VV=v1.0.0	NT=human;VV=v1.1.0	NT=somascan;VV=v1.0.0	v1.1.0	NT=sdrf-skills-autoresearch;VV=v0.0.0
PAD000036-200174	Homo sapiens	Blood	not available	not available	not available	not available	not available	214	quality control sample	blood;blood plasma;blood serum	PAD000036-r00681-200174	protein expression profiling by aptamer array	13	SS-2217258_v4.1_TCRS_Adult_Serum.hybNorm.medNormInt.plateScale.calibrate.anmlQC.qcCheck.medNormRefSMP.adat	ftp://ftp.pride.ebi.ac.uk/pride/data/archive/2026/04/PAD000036/SS-2217258_v4.1_TCRS_Adult_Serum.hybNorm.medNormInt.plateScale.calibrate.anmlQC.qcCheck.medNormRefSMP.adat	SomaScan Assay	SomaScan 7K	v4.1	RFU	PLT11456	Raw RFU, Hyb Normalization, medNormInt (SampleId), plateScale, Calibration, anmlQC, qcCheck, medNormRefSMP (SampleType)	SomaScan 7K	SomaScan Assay v4.1	20%	NT=affinity-proteomics;VV=v1.0.0	NT=human;VV=v1.1.0	NT=somascan;VV=v1.0.0	v1.1.0	NT=sdrf-skills-autoresearch;VV=v0.0.0
PAD000036-745514	Homo sapiens	Blood	not available	not available	not available	CLI8007F506	not available	581	not applicable	blood serum	PAD000036-r00682-745514	protein expression profiling by aptamer array	1	SS-2217258_v4.1_TCRS_Adult_Serum.hybNorm.medNormInt.plateScale.calibrate.anmlQC.qcCheck.medNormRefSMP.adat	ftp://ftp.pride.ebi.ac.uk/pride/data/archive/2026/04/PAD000036/SS-2217258_v4.1_TCRS_Adult_Serum.hybNorm.medNormInt.plateScale.calibrate.anmlQC.qcCheck.medNormRefSMP.adat	SomaScan Assay	SomaScan 7K	v4.1	RFU	PLT11456	Raw RFU, Hyb Normalization, medNormInt (SampleId), plateScale, Calibration, anmlQC, qcCheck, medNormRefSMP (SampleType)	SomaScan 7K	SomaScan Assay v4.1	20%	NT=affinity-proteomics;VV=v1.0.0	NT=human;VV=v1.1.0	NT=somascan;VV=v1.0.0	v1.1.0	NT=sdrf-skills-autoresearch;VV=v0.0.0
PAD000036-744698	Homo sapiens	Blood	not available	not available	not available	CLI8007F506	not available	582	not applicable	blood serum	PAD000036-r00683-744698	protein expression profiling by aptamer array	1	SS-2217258_v4.1_TCRS_Adult_Serum.hybNorm.medNormInt.plateScale.calibrate.anmlQC.qcCheck.medNormRefSMP.adat	ftp://ftp.pride.ebi.ac.uk/pride/data/archive/2026/04/PAD000036/SS-2217258_v4.1_TCRS_Adult_Serum.hybNorm.medNormInt.plateScale.calibrate.anmlQC.qcCheck.medNormRefSMP.adat	SomaScan Assay	SomaScan 7K	v4.1	RFU	PLT11456	Raw RFU, Hyb Normalization, medNormInt (SampleId), plateScale, Calibration, anmlQC, qcCheck, medNormRefSMP (SampleType)	SomaScan 7K	SomaScan Assay v4.1	20%	NT=affinity-proteomics;VV=v1.0.0	NT=human;VV=v1.1.0	NT=somascan;VV=v1.0.0	v1.1.0	NT=sdrf-skills-autoresearch;VV=v0.0.0
PAD000036-200174	Homo sapiens	Blood	not available	not available	not available	not available	not available	214	quality control sample	blood;blood plasma;blood serum	PAD000036-r00684-200174	protein expression profiling by aptamer array	14	SS-2217258_v4.1_TCRS_Adult_Serum.hybNorm.medNormInt.plateScale.calibrate.anmlQC.qcCheck.medNormRefSMP.adat	ftp://ftp.pride.ebi.ac.uk/pride/data/archive/2026/04/PAD000036/SS-2217258_v4.1_TCRS_Adult_Serum.hybNorm.medNormInt.plateScale.calibrate.anmlQC.qcCheck.medNormRefSMP.adat	SomaScan Assay	SomaScan 7K	v4.1	RFU	PLT11456	Raw RFU, Hyb Normalization, medNormInt (SampleId), plateScale, Calibration, anmlQC, qcCheck, medNormRefSMP (SampleType)	SomaScan 7K	SomaScan Assay v4.1	20%	NT=affinity-proteomics;VV=v1.0.0	NT=human;VV=v1.1.0	NT=somascan;VV=v1.0.0	v1.1.0	NT=sdrf-skills-autoresearch;VV=v0.0.0
PAD000036-744611	Homo sapiens	Blood	not available	not available	not available	CLI8007F506	not available	583	not applicable	blood serum	PAD000036-r00685-744611	protein expression profiling by aptamer array	1	SS-2217258_v4.1_TCRS_Adult_Serum.hybNorm.medNormInt.plateScale.calibrate.anmlQC.qcCheck.medNormRefSMP.adat	ftp://ftp.pride.ebi.ac.uk/pride/data/archive/2026/04/PAD000036/SS-2217258_v4.1_TCRS_Adult_Serum.hybNorm.medNormInt.plateScale.calibrate.anmlQC.qcCheck.medNormRefSMP.adat	SomaScan Assay	SomaScan 7K	v4.1	RFU	PLT11456	Raw RFU, Hyb Normalization, medNormInt (SampleId), plateScale, Calibration, anmlQC, qcCheck, medNormRefSMP (SampleType)	SomaScan 7K	SomaScan Assay v4.1	20%	NT=affinity-proteomics;VV=v1.0.0	NT=human;VV=v1.1.0	NT=somascan;VV=v1.0.0	v1.1.0	NT=sdrf-skills-autoresearch;VV=v0.0.0
PAD000036-744549	Homo sapiens	Blood	not available	not available	not available	CLI8007F506	not available	584	not applicable	blood serum	PAD000036-r00686-744549	protein expression profiling by aptamer array	1	SS-2217258_v4.1_TCRS_Adult_Serum.hybNorm.medNormInt.plateScale.calibrate.anmlQC.qcCheck.medNormRefSMP.adat	ftp://ftp.pride.ebi.ac.uk/pride/data/archive/2026/04/PAD000036/SS-2217258_v4.1_TCRS_Adult_Serum.hybNorm.medNormInt.plateScale.calibrate.anmlQC.qcCheck.medNormRefSMP.adat	SomaScan Assay	SomaScan 7K	v4.1	RFU	PLT11456	Raw RFU, Hyb Normalization, medNormInt (SampleId), plateScale, Calibration, anmlQC, qcCheck, medNormRefSMP (SampleType)	SomaScan 7K	SomaScan Assay v4.1	20%	NT=affinity-proteomics;VV=v1.0.0	NT=human;VV=v1.1.0	NT=somascan;VV=v1.0.0	v1.1.0	NT=sdrf-skills-autoresearch;VV=v0.0.0
PAD000036-745459	Homo sapiens	Blood	not available	not available	not available	CLI8007F506	not available	585	not applicable	blood serum	PAD000036-r00687-745459	protein expression profiling by aptamer array	1	SS-2217258_v4.1_TCRS_Adult_Serum.hybNorm.medNormInt.plateScale.calibrate.anmlQC.qcCheck.medNormRefSMP.adat	ftp://ftp.pride.ebi.ac.uk/pride/data/archive/2026/04/PAD000036/SS-2217258_v4.1_TCRS_Adult_Serum.hybNorm.medNormInt.plateScale.calibrate.anmlQC.qcCheck.medNormRefSMP.adat	SomaScan Assay	SomaScan 7K	v4.1	RFU	PLT11456	Raw RFU, Hyb Normalization, medNormInt (SampleId), plateScale, Calibration, anmlQC, qcCheck, medNormRefSMP (SampleType)	SomaScan 7K	SomaScan Assay v4.1	20%	NT=affinity-proteomics;VV=v1.0.0	NT=human;VV=v1.1.0	NT=somascan;VV=v1.0.0	v1.1.0	NT=sdrf-skills-autoresearch;VV=v0.0.0
PAD000036-744493	Homo sapiens	Blood	not available	not available	not available	CLI8007F506	not available	586	not applicable	blood serum	PAD000036-r00688-744493	protein expression profiling by aptamer array	1	SS-2217258_v4.1_TCRS_Adult_Serum.hybNorm.medNormInt.plateScale.calibrate.anmlQC.qcCheck.medNormRefSMP.adat	ftp://ftp.pride.ebi.ac.uk/pride/data/archive/2026/04/PAD000036/SS-2217258_v4.1_TCRS_Adult_Serum.hybNorm.medNormInt.plateScale.calibrate.anmlQC.qcCheck.medNormRefSMP.adat	SomaScan Assay	SomaScan 7K	v4.1	RFU	PLT11456	Raw RFU, Hyb Normalization, medNormInt (SampleId), plateScale, Calibration, anmlQC, qcCheck, medNormRefSMP (SampleType)	SomaScan 7K	SomaScan Assay v4.1	20%	NT=affinity-proteomics;VV=v1.0.0	NT=human;VV=v1.1.0	NT=somascan;VV=v1.0.0	v1.1.0	NT=sdrf-skills-autoresearch;VV=v0.0.0
PAD000036-744699	Homo sapiens	Blood	not available	not available	not available	CLI8007F506	not available	587	not applicable	blood serum	PAD000036-r00689-744699	protein expression profiling by aptamer array	1	SS-2217258_v4.1_TCRS_Adult_Serum.hybNorm.medNormInt.plateScale.calibrate.anmlQC.qcCheck.medNormRefSMP.adat	ftp://ftp.pride.ebi.ac.uk/pride/data/archive/2026/04/PAD000036/SS-2217258_v4.1_TCRS_Adult_Serum.hybNorm.medNormInt.plateScale.calibrate.anmlQC.qcCheck.medNormRefSMP.adat	SomaScan Assay	SomaScan 7K	v4.1	RFU	PLT11456	Raw RFU, Hyb Normalization, medNormInt (SampleId), plateScale, Calibration, anmlQC, qcCheck, medNormRefSMP (SampleType)	SomaScan 7K	SomaScan Assay v4.1	20%	NT=affinity-proteomics;VV=v1.0.0	NT=human;VV=v1.1.0	NT=somascan;VV=v1.0.0	v1.1.0	NT=sdrf-skills-autoresearch;VV=v0.0.0
PAD000036-744685	Homo sapiens	Blood	not available	not available	not available	CLI8007F506	not available	588	not applicable	blood serum	PAD000036-r00690-744685	protein expression profiling by aptamer array	1	SS-2217258_v4.1_TCRS_Adult_Serum.hybNorm.medNormInt.plateScale.calibrate.anmlQC.qcCheck.medNormRefSMP.adat	ftp://ftp.pride.ebi.ac.uk/pride/data/archive/2026/04/PAD000036/SS-2217258_v4.1_TCRS_Adult_Serum.hybNorm.medNormInt.plateScale.calibrate.anmlQC.qcCheck.medNormRefSMP.adat	SomaScan Assay	SomaScan 7K	v4.1	RFU	PLT11456	Raw RFU, Hyb Normalization, medNormInt (SampleId), plateScale, Calibration, anmlQC, qcCheck, medNormRefSMP (SampleType)	SomaScan 7K	SomaScan Assay v4.1	20%	NT=affinity-proteomics;VV=v1.0.0	NT=human;VV=v1.1.0	NT=somascan;VV=v1.0.0	v1.1.0	NT=sdrf-skills-autoresearch;VV=v0.0.0
PAD000036-745465	Homo sapiens	Blood	not available	not available	not available	CLI8007F506	not available	589	not applicable	blood serum	PAD000036-r00691-745465	protein expression profiling by aptamer array	1	SS-2217258_v4.1_TCRS_Adult_Serum.hybNorm.medNormInt.plateScale.calibrate.anmlQC.qcCheck.medNormRefSMP.adat	ftp://ftp.pride.ebi.ac.uk/pride/data/archive/2026/04/PAD000036/SS-2217258_v4.1_TCRS_Adult_Serum.hybNorm.medNormInt.plateScale.calibrate.anmlQC.qcCheck.medNormRefSMP.adat	SomaScan Assay	SomaScan 7K	v4.1	RFU	PLT11456	Raw RFU, Hyb Normalization, medNormInt (SampleId), plateScale, Calibration, anmlQC, qcCheck, medNormRefSMP (SampleType)	SomaScan 7K	SomaScan Assay v4.1	20%	NT=affinity-proteomics;VV=v1.0.0	NT=human;VV=v1.1.0	NT=somascan;VV=v1.0.0	v1.1.0	NT=sdrf-skills-autoresearch;VV=v0.0.0
PAD000036-745466	Homo sapiens	Blood	not available	not available	not available	CLI8007F506	not available	590	not applicable	blood serum	PAD000036-r00692-745466	protein expression profiling by aptamer array	1	SS-2217258_v4.1_TCRS_Adult_Serum.hybNorm.medNormInt.plateScale.calibrate.anmlQC.qcCheck.medNormRefSMP.adat	ftp://ftp.pride.ebi.ac.uk/pride/data/archive/2026/04/PAD000036/SS-2217258_v4.1_TCRS_Adult_Serum.hybNorm.medNormInt.plateScale.calibrate.anmlQC.qcCheck.medNormRefSMP.adat	SomaScan Assay	SomaScan 7K	v4.1	RFU	PLT11456	Raw RFU, Hyb Normalization, medNormInt (SampleId), plateScale, Calibration, anmlQC, qcCheck, medNormRefSMP (SampleType)	SomaScan 7K	SomaScan Assay v4.1	20%	NT=affinity-proteomics;VV=v1.0.0	NT=human;VV=v1.1.0	NT=somascan;VV=v1.0.0	v1.1.0	NT=sdrf-skills-autoresearch;VV=v0.0.0
PAD000036-744425	Homo sapiens	Blood	not available	not available	not available	CLI8007F506	not available	591	not applicable	blood serum	PAD000036-r00693-744425	protein expression profiling by aptamer array	1	SS-2217258_v4.1_TCRS_Adult_Serum.hybNorm.medNormInt.plateScale.calibrate.anmlQC.qcCheck.medNormRefSMP.adat	ftp://ftp.pride.ebi.ac.uk/pride/data/archive/2026/04/PAD000036/SS-2217258_v4.1_TCRS_Adult_Serum.hybNorm.medNormInt.plateScale.calibrate.anmlQC.qcCheck.medNormRefSMP.adat	SomaScan Assay	SomaScan 7K	v4.1	RFU	PLT11456	Raw RFU, Hyb Normalization, medNormInt (SampleId), plateScale, Calibration, anmlQC, qcCheck, medNormRefSMP (SampleType)	SomaScan 7K	SomaScan Assay v4.1	20%	NT=affinity-proteomics;VV=v1.0.0	NT=human;VV=v1.1.0	NT=somascan;VV=v1.0.0	v1.1.0	NT=sdrf-skills-autoresearch;VV=v0.0.0
PAD000036-744663	Homo sapiens	Blood	not available	not available	not available	CLI8007F506	not available	592	not applicable	blood serum	PAD000036-r00694-744663	protein expression profiling by aptamer array	1	SS-2217258_v4.1_TCRS_Adult_Serum.hybNorm.medNormInt.plateScale.calibrate.anmlQC.qcCheck.medNormRefSMP.adat	ftp://ftp.pride.ebi.ac.uk/pride/data/archive/2026/04/PAD000036/SS-2217258_v4.1_TCRS_Adult_Serum.hybNorm.medNormInt.plateScale.calibrate.anmlQC.qcCheck.medNormRefSMP.adat	SomaScan Assay	SomaScan 7K	v4.1	RFU	PLT11456	Raw RFU, Hyb Normalization, medNormInt (SampleId), plateScale, Calibration, anmlQC, qcCheck, medNormRefSMP (SampleType)	SomaScan 7K	SomaScan Assay v4.1	20%	NT=affinity-proteomics;VV=v1.0.0	NT=human;VV=v1.1.0	NT=somascan;VV=v1.0.0	v1.1.0	NT=sdrf-skills-autoresearch;VV=v0.0.0
PAD000036-744490	Homo sapiens	Blood	not available	not available	not available	CLI8007F506	not available	593	not applicable	blood serum	PAD000036-r00695-744490	protein expression profiling by aptamer array	1	SS-2217258_v4.1_TCRS_Adult_Serum.hybNorm.medNormInt.plateScale.calibrate.anmlQC.qcCheck.medNormRefSMP.adat	ftp://ftp.pride.ebi.ac.uk/pride/data/archive/2026/04/PAD000036/SS-2217258_v4.1_TCRS_Adult_Serum.hybNorm.medNormInt.plateScale.calibrate.anmlQC.qcCheck.medNormRefSMP.adat	SomaScan Assay	SomaScan 7K	v4.1	RFU	PLT11456	Raw RFU, Hyb Normalization, medNormInt (SampleId), plateScale, Calibration, anmlQC, qcCheck, medNormRefSMP (SampleType)	SomaScan 7K	SomaScan Assay v4.1	20%	NT=affinity-proteomics;VV=v1.0.0	NT=human;VV=v1.1.0	NT=somascan;VV=v1.0.0	v1.1.0	NT=sdrf-skills-autoresearch;VV=v0.0.0
PAD000036-744599	Homo sapiens	Blood	not available	not available	not available	CLI8007F506	not available	594	not applicable	blood serum	PAD000036-r00696-744599	protein expression profiling by aptamer array	1	SS-2217258_v4.1_TCRS_Adult_Serum.hybNorm.medNormInt.plateScale.calibrate.anmlQC.qcCheck.medNormRefSMP.adat	ftp://ftp.pride.ebi.ac.uk/pride/data/archive/2026/04/PAD000036/SS-2217258_v4.1_TCRS_Adult_Serum.hybNorm.medNormInt.plateScale.calibrate.anmlQC.qcCheck.medNormRefSMP.adat	SomaScan Assay	SomaScan 7K	v4.1	RFU	PLT11456	Raw RFU, Hyb Normalization, medNormInt (SampleId), plateScale, Calibration, anmlQC, qcCheck, medNormRefSMP (SampleType)	SomaScan 7K	SomaScan Assay v4.1	20%	NT=affinity-proteomics;VV=v1.0.0	NT=human;VV=v1.1.0	NT=somascan;VV=v1.0.0	v1.1.0	NT=sdrf-skills-autoresearch;VV=v0.0.0
PAD000036-744498	Homo sapiens	Blood	not available	not available	not available	CLI8007F506	not available	595	not applicable	blood serum	PAD000036-r00697-744498	protein expression profiling by aptamer array	1	SS-2217258_v4.1_TCRS_Adult_Serum.hybNorm.medNormInt.plateScale.calibrate.anmlQC.qcCheck.medNormRefSMP.adat	ftp://ftp.pride.ebi.ac.uk/pride/data/archive/2026/04/PAD000036/SS-2217258_v4.1_TCRS_Adult_Serum.hybNorm.medNormInt.plateScale.calibrate.anmlQC.qcCheck.medNormRefSMP.adat	SomaScan Assay	SomaScan 7K	v4.1	RFU	PLT11456	Raw RFU, Hyb Normalization, medNormInt (SampleId), plateScale, Calibration, anmlQC, qcCheck, medNormRefSMP (SampleType)	SomaScan 7K	SomaScan Assay v4.1	20%	NT=affinity-proteomics;VV=v1.0.0	NT=human;VV=v1.1.0	NT=somascan;VV=v1.0.0	v1.1.0	NT=sdrf-skills-autoresearch;VV=v0.0.0
PAD000036-744585	Homo sapiens	Blood	not available	not available	not available	CLI8007F506	not available	596	not applicable	blood serum	PAD000036-r00698-744585	protein expression profiling by aptamer array	1	SS-2217258_v4.1_TCRS_Adult_Serum.hybNorm.medNormInt.plateScale.calibrate.anmlQC.qcCheck.medNormRefSMP.adat	ftp://ftp.pride.ebi.ac.uk/pride/data/archive/2026/04/PAD000036/SS-2217258_v4.1_TCRS_Adult_Serum.hybNorm.medNormInt.plateScale.calibrate.anmlQC.qcCheck.medNormRefSMP.adat	SomaScan Assay	SomaScan 7K	v4.1	RFU	PLT11456	Raw RFU, Hyb Normalization, medNormInt (SampleId), plateScale, Calibration, anmlQC, qcCheck, medNormRefSMP (SampleType)	SomaScan 7K	SomaScan Assay v4.1	20%	NT=affinity-proteomics;VV=v1.0.0	NT=human;VV=v1.1.0	NT=somascan;VV=v1.0.0	v1.1.0	NT=sdrf-skills-autoresearch;VV=v0.0.0
PAD000036-744508	Homo sapiens	Blood	not available	not available	not available	CLI8007F506	not available	597	not applicable	blood serum	PAD000036-r00699-744508	protein expression profiling by aptamer array	1	SS-2217258_v4.1_TCRS_Adult_Serum.hybNorm.medNormInt.plateScale.calibrate.anmlQC.qcCheck.medNormRefSMP.adat	ftp://ftp.pride.ebi.ac.uk/pride/data/archive/2026/04/PAD000036/SS-2217258_v4.1_TCRS_Adult_Serum.hybNorm.medNormInt.plateScale.calibrate.anmlQC.qcCheck.medNormRefSMP.adat	SomaScan Assay	SomaScan 7K	v4.1	RFU	PLT11456	Raw RFU, Hyb Normalization, medNormInt (SampleId), plateScale, Calibration, anmlQC, qcCheck, medNormRefSMP (SampleType)	SomaScan 7K	SomaScan Assay v4.1	20%	NT=affinity-proteomics;VV=v1.0.0	NT=human;VV=v1.1.0	NT=somascan;VV=v1.0.0	v1.1.0	NT=sdrf-skills-autoresearch;VV=v0.0.0
PAD000036-744406	Homo sapiens	Blood	not available	not available	not available	CLI8007F506	not available	598	not applicable	blood serum	PAD000036-r00700-744406	protein expression profiling by aptamer array	1	SS-2217258_v4.1_TCRS_Adult_Serum.hybNorm.medNormInt.plateScale.calibrate.anmlQC.qcCheck.medNormRefSMP.adat	ftp://ftp.pride.ebi.ac.uk/pride/data/archive/2026/04/PAD000036/SS-2217258_v4.1_TCRS_Adult_Serum.hybNorm.medNormInt.plateScale.calibrate.anmlQC.qcCheck.medNormRefSMP.adat	SomaScan Assay	SomaScan 7K	v4.1	RFU	PLT11456	Raw RFU, Hyb Normalization, medNormInt (SampleId), plateScale, Calibration, anmlQC, qcCheck, medNormRefSMP (SampleType)	SomaScan 7K	SomaScan Assay v4.1	20%	NT=affinity-proteomics;VV=v1.0.0	NT=human;VV=v1.1.0	NT=somascan;VV=v1.0.0	v1.1.0	NT=sdrf-skills-autoresearch;VV=v0.0.0
PAD000036-744680	Homo sapiens	Blood	not available	not available	not available	CLI8007F506	not available	599	not applicable	blood serum	PAD000036-r00701-744680	protein expression profiling by aptamer array	1	SS-2217258_v4.1_TCRS_Adult_Serum.hybNorm.medNormInt.plateScale.calibrate.anmlQC.qcCheck.medNormRefSMP.adat	ftp://ftp.pride.ebi.ac.uk/pride/data/archive/2026/04/PAD000036/SS-2217258_v4.1_TCRS_Adult_Serum.hybNorm.medNormInt.plateScale.calibrate.anmlQC.qcCheck.medNormRefSMP.adat	SomaScan Assay	SomaScan 7K	v4.1	RFU	PLT11456	Raw RFU, Hyb Normalization, medNormInt (SampleId), plateScale, Calibration, anmlQC, qcCheck, medNormRefSMP (SampleType)	SomaScan 7K	SomaScan Assay v4.1	20%	NT=affinity-proteomics;VV=v1.0.0	NT=human;VV=v1.1.0	NT=somascan;VV=v1.0.0	v1.1.0	NT=sdrf-skills-autoresearch;VV=v0.0.0
PAD000036-200173	Homo sapiens	Blood	not available	not available	not available	not available	not available	224	calibrator	blood;blood plasma;blood serum	PAD000036-r00702-200173	protein expression profiling by aptamer array	23	SS-2217258_v4.1_TCRS_Adult_Serum.hybNorm.medNormInt.plateScale.calibrate.anmlQC.qcCheck.medNormRefSMP.adat	ftp://ftp.pride.ebi.ac.uk/pride/data/archive/2026/04/PAD000036/SS-2217258_v4.1_TCRS_Adult_Serum.hybNorm.medNormInt.plateScale.calibrate.anmlQC.qcCheck.medNormRefSMP.adat	SomaScan Assay	SomaScan 7K	v4.1	RFU	PLT11456	Raw RFU, Hyb Normalization, medNormInt (SampleId), plateScale, Calibration, anmlQC, qcCheck, medNormRefSMP (SampleType)	SomaScan 7K	SomaScan Assay v4.1	20%	NT=affinity-proteomics;VV=v1.0.0	NT=human;VV=v1.1.0	NT=somascan;VV=v1.0.0	v1.1.0	NT=sdrf-skills-autoresearch;VV=v0.0.0
PAD000036-744370	Homo sapiens	Blood	not available	not available	not available	CLI8007F506	not available	600	not applicable	blood serum	PAD000036-r00703-744370	protein expression profiling by aptamer array	1	SS-2217258_v4.1_TCRS_Adult_Serum.hybNorm.medNormInt.plateScale.calibrate.anmlQC.qcCheck.medNormRefSMP.adat	ftp://ftp.pride.ebi.ac.uk/pride/data/archive/2026/04/PAD000036/SS-2217258_v4.1_TCRS_Adult_Serum.hybNorm.medNormInt.plateScale.calibrate.anmlQC.qcCheck.medNormRefSMP.adat	SomaScan Assay	SomaScan 7K	v4.1	RFU	PLT11456	Raw RFU, Hyb Normalization, medNormInt (SampleId), plateScale, Calibration, anmlQC, qcCheck, medNormRefSMP (SampleType)	SomaScan 7K	SomaScan Assay v4.1	20%	NT=affinity-proteomics;VV=v1.0.0	NT=human;VV=v1.1.0	NT=somascan;VV=v1.0.0	v1.1.0	NT=sdrf-skills-autoresearch;VV=v0.0.0
PAD000036-744362	Homo sapiens	Blood	not available	not available	not available	CLI8007F506	not available	601	not applicable	blood serum	PAD000036-r00704-744362	protein expression profiling by aptamer array	1	SS-2217258_v4.1_TCRS_Adult_Serum.hybNorm.medNormInt.plateScale.calibrate.anmlQC.qcCheck.medNormRefSMP.adat	ftp://ftp.pride.ebi.ac.uk/pride/data/archive/2026/04/PAD000036/SS-2217258_v4.1_TCRS_Adult_Serum.hybNorm.medNormInt.plateScale.calibrate.anmlQC.qcCheck.medNormRefSMP.adat	SomaScan Assay	SomaScan 7K	v4.1	RFU	PLT11456	Raw RFU, Hyb Normalization, medNormInt (SampleId), plateScale, Calibration, anmlQC, qcCheck, medNormRefSMP (SampleType)	SomaScan 7K	SomaScan Assay v4.1	20%	NT=affinity-proteomics;VV=v1.0.0	NT=human;VV=v1.1.0	NT=somascan;VV=v1.0.0	v1.1.0	NT=sdrf-skills-autoresearch;VV=v0.0.0
PAD000036-745463	Homo sapiens	Blood	not available	not available	not available	CLI8007F506	not available	602	not applicable	blood serum	PAD000036-r00705-745463	protein expression profiling by aptamer array	1	SS-2217258_v4.1_TCRS_Adult_Serum.hybNorm.medNormInt.plateScale.calibrate.anmlQC.qcCheck.medNormRefSMP.adat	ftp://ftp.pride.ebi.ac.uk/pride/data/archive/2026/04/PAD000036/SS-2217258_v4.1_TCRS_Adult_Serum.hybNorm.medNormInt.plateScale.calibrate.anmlQC.qcCheck.medNormRefSMP.adat	SomaScan Assay	SomaScan 7K	v4.1	RFU	PLT11456	Raw RFU, Hyb Normalization, medNormInt (SampleId), plateScale, Calibration, anmlQC, qcCheck, medNormRefSMP (SampleType)	SomaScan 7K	SomaScan Assay v4.1	20%	NT=affinity-proteomics;VV=v1.0.0	NT=human;VV=v1.1.0	NT=somascan;VV=v1.0.0	v1.1.0	NT=sdrf-skills-autoresearch;VV=v0.0.0
PAD000036-744411	Homo sapiens	Blood	not available	not available	not available	CLI8007F506	not available	603	not applicable	blood serum	PAD000036-r00706-744411	protein expression profiling by aptamer array	1	SS-2217258_v4.1_TCRS_Adult_Serum.hybNorm.medNormInt.plateScale.calibrate.anmlQC.qcCheck.medNormRefSMP.adat	ftp://ftp.pride.ebi.ac.uk/pride/data/archive/2026/04/PAD000036/SS-2217258_v4.1_TCRS_Adult_Serum.hybNorm.medNormInt.plateScale.calibrate.anmlQC.qcCheck.medNormRefSMP.adat	SomaScan Assay	SomaScan 7K	v4.1	RFU	PLT11456	Raw RFU, Hyb Normalization, medNormInt (SampleId), plateScale, Calibration, anmlQC, qcCheck, medNormRefSMP (SampleType)	SomaScan 7K	SomaScan Assay v4.1	20%	NT=affinity-proteomics;VV=v1.0.0	NT=human;VV=v1.1.0	NT=somascan;VV=v1.0.0	v1.1.0	NT=sdrf-skills-autoresearch;VV=v0.0.0
PAD000036-744356	Homo sapiens	Blood	not available	not available	not available	CLI8007F506	not available	604	not applicable	blood serum	PAD000036-r00707-744356	protein expression profiling by aptamer array	1	SS-2217258_v4.1_TCRS_Adult_Serum.hybNorm.medNormInt.plateScale.calibrate.anmlQC.qcCheck.medNormRefSMP.adat	ftp://ftp.pride.ebi.ac.uk/pride/data/archive/2026/04/PAD000036/SS-2217258_v4.1_TCRS_Adult_Serum.hybNorm.medNormInt.plateScale.calibrate.anmlQC.qcCheck.medNormRefSMP.adat	SomaScan Assay	SomaScan 7K	v4.1	RFU	PLT11456	Raw RFU, Hyb Normalization, medNormInt (SampleId), plateScale, Calibration, anmlQC, qcCheck, medNormRefSMP (SampleType)	SomaScan 7K	SomaScan Assay v4.1	20%	NT=affinity-proteomics;VV=v1.0.0	NT=human;VV=v1.1.0	NT=somascan;VV=v1.0.0	v1.1.0	NT=sdrf-skills-autoresearch;VV=v0.0.0
PAD000036-744654	Homo sapiens	Blood	not available	not available	not available	CLI8007F506	not available	605	not applicable	blood serum	PAD000036-r00708-744654	protein expression profiling by aptamer array	1	SS-2217258_v4.1_TCRS_Adult_Serum.hybNorm.medNormInt.plateScale.calibrate.anmlQC.qcCheck.medNormRefSMP.adat	ftp://ftp.pride.ebi.ac.uk/pride/data/archive/2026/04/PAD000036/SS-2217258_v4.1_TCRS_Adult_Serum.hybNorm.medNormInt.plateScale.calibrate.anmlQC.qcCheck.medNormRefSMP.adat	SomaScan Assay	SomaScan 7K	v4.1	RFU	PLT11456	Raw RFU, Hyb Normalization, medNormInt (SampleId), plateScale, Calibration, anmlQC, qcCheck, medNormRefSMP (SampleType)	SomaScan 7K	SomaScan Assay v4.1	20%	NT=affinity-proteomics;VV=v1.0.0	NT=human;VV=v1.1.0	NT=somascan;VV=v1.0.0	v1.1.0	NT=sdrf-skills-autoresearch;VV=v0.0.0
PAD000036-744353	Homo sapiens	Blood	not available	not available	not available	CLI8007F506	not available	606	not applicable	blood serum	PAD000036-r00709-744353	protein expression profiling by aptamer array	1	SS-2217258_v4.1_TCRS_Adult_Serum.hybNorm.medNormInt.plateScale.calibrate.anmlQC.qcCheck.medNormRefSMP.adat	ftp://ftp.pride.ebi.ac.uk/pride/data/archive/2026/04/PAD000036/SS-2217258_v4.1_TCRS_Adult_Serum.hybNorm.medNormInt.plateScale.calibrate.anmlQC.qcCheck.medNormRefSMP.adat	SomaScan Assay	SomaScan 7K	v4.1	RFU	PLT11456	Raw RFU, Hyb Normalization, medNormInt (SampleId), plateScale, Calibration, anmlQC, qcCheck, medNormRefSMP (SampleType)	SomaScan 7K	SomaScan Assay v4.1	20%	NT=affinity-proteomics;VV=v1.0.0	NT=human;VV=v1.1.0	NT=somascan;VV=v1.0.0	v1.1.0	NT=sdrf-skills-autoresearch;VV=v0.0.0
PAD000036-744584	Homo sapiens	Blood	not available	not available	not available	CLI8007F506	not available	607	not applicable	blood serum	PAD000036-r00710-744584	protein expression profiling by aptamer array	1	SS-2217258_v4.1_TCRS_Adult_Serum.hybNorm.medNormInt.plateScale.calibrate.anmlQC.qcCheck.medNormRefSMP.adat	ftp://ftp.pride.ebi.ac.uk/pride/data/archive/2026/04/PAD000036/SS-2217258_v4.1_TCRS_Adult_Serum.hybNorm.medNormInt.plateScale.calibrate.anmlQC.qcCheck.medNormRefSMP.adat	SomaScan Assay	SomaScan 7K	v4.1	RFU	PLT11456	Raw RFU, Hyb Normalization, medNormInt (SampleId), plateScale, Calibration, anmlQC, qcCheck, medNormRefSMP (SampleType)	SomaScan 7K	SomaScan Assay v4.1	20%	NT=affinity-proteomics;VV=v1.0.0	NT=human;VV=v1.1.0	NT=somascan;VV=v1.0.0	v1.1.0	NT=sdrf-skills-autoresearch;VV=v0.0.0
PAD000036-220214	Homo sapiens	Blood	not available	not available	not available	not available	not available	208	not applicable	blood;blood plasma;blood serum	PAD000036-r00711-220214	protein expression profiling by aptamer array	16	SS-2217258_v4.1_TCRS_Adult_Serum.hybNorm.medNormInt.plateScale.calibrate.anmlQC.qcCheck.medNormRefSMP.adat	ftp://ftp.pride.ebi.ac.uk/pride/data/archive/2026/04/PAD000036/SS-2217258_v4.1_TCRS_Adult_Serum.hybNorm.medNormInt.plateScale.calibrate.anmlQC.qcCheck.medNormRefSMP.adat	SomaScan Assay	SomaScan 7K	v4.1	RFU	PLT11456	Raw RFU, Hyb Normalization, medNormInt (SampleId), plateScale, Calibration, anmlQC, qcCheck, medNormRefSMP (SampleType)	SomaScan 7K	SomaScan Assay v4.1	20%	NT=affinity-proteomics;VV=v1.0.0	NT=human;VV=v1.1.0	NT=somascan;VV=v1.0.0	v1.1.0	NT=sdrf-skills-autoresearch;VV=v0.0.0
PAD000036-744533	Homo sapiens	Blood	not available	not available	not available	CLI8007F506	not available	608	not applicable	blood serum	PAD000036-r00712-744533	protein expression profiling by aptamer array	1	SS-2217258_v4.1_TCRS_Adult_Serum.hybNorm.medNormInt.plateScale.calibrate.anmlQC.qcCheck.medNormRefSMP.adat	ftp://ftp.pride.ebi.ac.uk/pride/data/archive/2026/04/PAD000036/SS-2217258_v4.1_TCRS_Adult_Serum.hybNorm.medNormInt.plateScale.calibrate.anmlQC.qcCheck.medNormRefSMP.adat	SomaScan Assay	SomaScan 7K	v4.1	RFU	PLT11456	Raw RFU, Hyb Normalization, medNormInt (SampleId), plateScale, Calibration, anmlQC, qcCheck, medNormRefSMP (SampleType)	SomaScan 7K	SomaScan Assay v4.1	20%	NT=affinity-proteomics;VV=v1.0.0	NT=human;VV=v1.1.0	NT=somascan;VV=v1.0.0	v1.1.0	NT=sdrf-skills-autoresearch;VV=v0.0.0
PAD000036-744565	Homo sapiens	Blood	not available	not available	not available	CLI8007F506	not available	609	not applicable	blood serum	PAD000036-r00713-744565	protein expression profiling by aptamer array	1	SS-2217258_v4.1_TCRS_Adult_Serum.hybNorm.medNormInt.plateScale.calibrate.anmlQC.qcCheck.medNormRefSMP.adat	ftp://ftp.pride.ebi.ac.uk/pride/data/archive/2026/04/PAD000036/SS-2217258_v4.1_TCRS_Adult_Serum.hybNorm.medNormInt.plateScale.calibrate.anmlQC.qcCheck.medNormRefSMP.adat	SomaScan Assay	SomaScan 7K	v4.1	RFU	PLT11456	Raw RFU, Hyb Normalization, medNormInt (SampleId), plateScale, Calibration, anmlQC, qcCheck, medNormRefSMP (SampleType)	SomaScan 7K	SomaScan Assay v4.1	20%	NT=affinity-proteomics;VV=v1.0.0	NT=human;VV=v1.1.0	NT=somascan;VV=v1.0.0	v1.1.0	NT=sdrf-skills-autoresearch;VV=v0.0.0
PAD000036-744367	Homo sapiens	Blood	not available	not available	not available	CLI8007F506	not available	610	not applicable	blood serum	PAD000036-r00714-744367	protein expression profiling by aptamer array	1	SS-2217258_v4.1_TCRS_Adult_Serum.hybNorm.medNormInt.plateScale.calibrate.anmlQC.qcCheck.medNormRefSMP.adat	ftp://ftp.pride.ebi.ac.uk/pride/data/archive/2026/04/PAD000036/SS-2217258_v4.1_TCRS_Adult_Serum.hybNorm.medNormInt.plateScale.calibrate.anmlQC.qcCheck.medNormRefSMP.adat	SomaScan Assay	SomaScan 7K	v4.1	RFU	PLT11456	Raw RFU, Hyb Normalization, medNormInt (SampleId), plateScale, Calibration, anmlQC, qcCheck, medNormRefSMP (SampleType)	SomaScan 7K	SomaScan Assay v4.1	20%	NT=affinity-proteomics;VV=v1.0.0	NT=human;VV=v1.1.0	NT=somascan;VV=v1.0.0	v1.1.0	NT=sdrf-skills-autoresearch;VV=v0.0.0
PAD000036-745461	Homo sapiens	Blood	not available	not available	not available	CLI8007F506	not available	611	not applicable	blood serum	PAD000036-r00715-745461	protein expression profiling by aptamer array	1	SS-2217258_v4.1_TCRS_Adult_Serum.hybNorm.medNormInt.plateScale.calibrate.anmlQC.qcCheck.medNormRefSMP.adat	ftp://ftp.pride.ebi.ac.uk/pride/data/archive/2026/04/PAD000036/SS-2217258_v4.1_TCRS_Adult_Serum.hybNorm.medNormInt.plateScale.calibrate.anmlQC.qcCheck.medNormRefSMP.adat	SomaScan Assay	SomaScan 7K	v4.1	RFU	PLT11456	Raw RFU, Hyb Normalization, medNormInt (SampleId), plateScale, Calibration, anmlQC, qcCheck, medNormRefSMP (SampleType)	SomaScan 7K	SomaScan Assay v4.1	20%	NT=affinity-proteomics;VV=v1.0.0	NT=human;VV=v1.1.0	NT=somascan;VV=v1.0.0	v1.1.0	NT=sdrf-skills-autoresearch;VV=v0.0.0
PAD000036-200173	Homo sapiens	Blood	not available	not available	not available	not available	not available	224	calibrator	blood;blood plasma;blood serum	PAD000036-r00716-200173	protein expression profiling by aptamer array	24	SS-2217258_v4.1_TCRS_Adult_Serum.hybNorm.medNormInt.plateScale.calibrate.anmlQC.qcCheck.medNormRefSMP.adat	ftp://ftp.pride.ebi.ac.uk/pride/data/archive/2026/04/PAD000036/SS-2217258_v4.1_TCRS_Adult_Serum.hybNorm.medNormInt.plateScale.calibrate.anmlQC.qcCheck.medNormRefSMP.adat	SomaScan Assay	SomaScan 7K	v4.1	RFU	PLT11456	Raw RFU, Hyb Normalization, medNormInt (SampleId), plateScale, Calibration, anmlQC, qcCheck, medNormRefSMP (SampleType)	SomaScan 7K	SomaScan Assay v4.1	20%	NT=affinity-proteomics;VV=v1.0.0	NT=human;VV=v1.1.0	NT=somascan;VV=v1.0.0	v1.1.0	NT=sdrf-skills-autoresearch;VV=v0.0.0
PAD000036-744538	Homo sapiens	Blood	not available	not available	not available	CLI8007F506	not available	612	not applicable	blood serum	PAD000036-r00717-744538	protein expression profiling by aptamer array	1	SS-2217258_v4.1_TCRS_Adult_Serum.hybNorm.medNormInt.plateScale.calibrate.anmlQC.qcCheck.medNormRefSMP.adat	ftp://ftp.pride.ebi.ac.uk/pride/data/archive/2026/04/PAD000036/SS-2217258_v4.1_TCRS_Adult_Serum.hybNorm.medNormInt.plateScale.calibrate.anmlQC.qcCheck.medNormRefSMP.adat	SomaScan Assay	SomaScan 7K	v4.1	RFU	PLT11456	Raw RFU, Hyb Normalization, medNormInt (SampleId), plateScale, Calibration, anmlQC, qcCheck, medNormRefSMP (SampleType)	SomaScan 7K	SomaScan Assay v4.1	20%	NT=affinity-proteomics;VV=v1.0.0	NT=human;VV=v1.1.0	NT=somascan;VV=v1.0.0	v1.1.0	NT=sdrf-skills-autoresearch;VV=v0.0.0
PAD000036-220214	Homo sapiens	Blood	not available	not available	not available	not available	not available	208	not applicable	blood;blood plasma;blood serum	PAD000036-r00718-220214	protein expression profiling by aptamer array	17	SS-2217258_v4.1_TCRS_Adult_Serum.hybNorm.medNormInt.plateScale.calibrate.anmlQC.qcCheck.medNormRefSMP.adat	ftp://ftp.pride.ebi.ac.uk/pride/data/archive/2026/04/PAD000036/SS-2217258_v4.1_TCRS_Adult_Serum.hybNorm.medNormInt.plateScale.calibrate.anmlQC.qcCheck.medNormRefSMP.adat	SomaScan Assay	SomaScan 7K	v4.1	RFU	PLT11456	Raw RFU, Hyb Normalization, medNormInt (SampleId), plateScale, Calibration, anmlQC, qcCheck, medNormRefSMP (SampleType)	SomaScan 7K	SomaScan Assay v4.1	20%	NT=affinity-proteomics;VV=v1.0.0	NT=human;VV=v1.1.0	NT=somascan;VV=v1.0.0	v1.1.0	NT=sdrf-skills-autoresearch;VV=v0.0.0
PAD000036-744590	Homo sapiens	Blood	not available	not available	not available	CLI8007F506	not available	613	not applicable	blood serum	PAD000036-r00719-744590	protein expression profiling by aptamer array	1	SS-2217258_v4.1_TCRS_Adult_Serum.hybNorm.medNormInt.plateScale.calibrate.anmlQC.qcCheck.medNormRefSMP.adat	ftp://ftp.pride.ebi.ac.uk/pride/data/archive/2026/04/PAD000036/SS-2217258_v4.1_TCRS_Adult_Serum.hybNorm.medNormInt.plateScale.calibrate.anmlQC.qcCheck.medNormRefSMP.adat	SomaScan Assay	SomaScan 7K	v4.1	RFU	PLT11456	Raw RFU, Hyb Normalization, medNormInt (SampleId), plateScale, Calibration, anmlQC, qcCheck, medNormRefSMP (SampleType)	SomaScan 7K	SomaScan Assay v4.1	20%	NT=affinity-proteomics;VV=v1.0.0	NT=human;VV=v1.1.0	NT=somascan;VV=v1.0.0	v1.1.0	NT=sdrf-skills-autoresearch;VV=v0.0.0
PAD000036-744492	Homo sapiens	Blood	not available	not available	not available	CLI8007F506	not available	614	not applicable	blood serum	PAD000036-r00720-744492	protein expression profiling by aptamer array	1	SS-2217258_v4.1_TCRS_Adult_Serum.hybNorm.medNormInt.plateScale.calibrate.anmlQC.qcCheck.medNormRefSMP.adat	ftp://ftp.pride.ebi.ac.uk/pride/data/archive/2026/04/PAD000036/SS-2217258_v4.1_TCRS_Adult_Serum.hybNorm.medNormInt.plateScale.calibrate.anmlQC.qcCheck.medNormRefSMP.adat	SomaScan Assay	SomaScan 7K	v4.1	RFU	PLT11456	Raw RFU, Hyb Normalization, medNormInt (SampleId), plateScale, Calibration, anmlQC, qcCheck, medNormRefSMP (SampleType)	SomaScan 7K	SomaScan Assay v4.1	20%	NT=affinity-proteomics;VV=v1.0.0	NT=human;VV=v1.1.0	NT=somascan;VV=v1.0.0	v1.1.0	NT=sdrf-skills-autoresearch;VV=v0.0.0
PAD000036-744677	Homo sapiens	Blood	not available	not available	not available	CLI8007F506	not available	615	not applicable	blood serum	PAD000036-r00721-744677	protein expression profiling by aptamer array	1	SS-2217258_v4.1_TCRS_Adult_Serum.hybNorm.medNormInt.plateScale.calibrate.anmlQC.qcCheck.medNormRefSMP.adat	ftp://ftp.pride.ebi.ac.uk/pride/data/archive/2026/04/PAD000036/SS-2217258_v4.1_TCRS_Adult_Serum.hybNorm.medNormInt.plateScale.calibrate.anmlQC.qcCheck.medNormRefSMP.adat	SomaScan Assay	SomaScan 7K	v4.1	RFU	PLT11456	Raw RFU, Hyb Normalization, medNormInt (SampleId), plateScale, Calibration, anmlQC, qcCheck, medNormRefSMP (SampleType)	SomaScan 7K	SomaScan Assay v4.1	20%	NT=affinity-proteomics;VV=v1.0.0	NT=human;VV=v1.1.0	NT=somascan;VV=v1.0.0	v1.1.0	NT=sdrf-skills-autoresearch;VV=v0.0.0
PAD000036-744702	Homo sapiens	Blood	not available	not available	not available	CLI8007F506	not available	616	not applicable	blood serum	PAD000036-r00722-744702	protein expression profiling by aptamer array	1	SS-2217258_v4.1_TCRS_Adult_Serum.hybNorm.medNormInt.plateScale.calibrate.anmlQC.qcCheck.medNormRefSMP.adat	ftp://ftp.pride.ebi.ac.uk/pride/data/archive/2026/04/PAD000036/SS-2217258_v4.1_TCRS_Adult_Serum.hybNorm.medNormInt.plateScale.calibrate.anmlQC.qcCheck.medNormRefSMP.adat	SomaScan Assay	SomaScan 7K	v4.1	RFU	PLT11456	Raw RFU, Hyb Normalization, medNormInt (SampleId), plateScale, Calibration, anmlQC, qcCheck, medNormRefSMP (SampleType)	SomaScan 7K	SomaScan Assay v4.1	20%	NT=affinity-proteomics;VV=v1.0.0	NT=human;VV=v1.1.0	NT=somascan;VV=v1.0.0	v1.1.0	NT=sdrf-skills-autoresearch;VV=v0.0.0
PAD000036-744506	Homo sapiens	Blood	not available	not available	not available	CLI8007F506	not available	617	not applicable	blood serum	PAD000036-r00723-744506	protein expression profiling by aptamer array	1	SS-2217258_v4.1_TCRS_Adult_Serum.hybNorm.medNormInt.plateScale.calibrate.anmlQC.qcCheck.medNormRefSMP.adat	ftp://ftp.pride.ebi.ac.uk/pride/data/archive/2026/04/PAD000036/SS-2217258_v4.1_TCRS_Adult_Serum.hybNorm.medNormInt.plateScale.calibrate.anmlQC.qcCheck.medNormRefSMP.adat	SomaScan Assay	SomaScan 7K	v4.1	RFU	PLT11456	Raw RFU, Hyb Normalization, medNormInt (SampleId), plateScale, Calibration, anmlQC, qcCheck, medNormRefSMP (SampleType)	SomaScan 7K	SomaScan Assay v4.1	20%	NT=affinity-proteomics;VV=v1.0.0	NT=human;VV=v1.1.0	NT=somascan;VV=v1.0.0	v1.1.0	NT=sdrf-skills-autoresearch;VV=v0.0.0
PAD000036-744581	Homo sapiens	Blood	not available	not available	not available	CLI8007F506	not available	618	not applicable	blood serum	PAD000036-r00724-744581	protein expression profiling by aptamer array	1	SS-2217258_v4.1_TCRS_Adult_Serum.hybNorm.medNormInt.plateScale.calibrate.anmlQC.qcCheck.medNormRefSMP.adat	ftp://ftp.pride.ebi.ac.uk/pride/data/archive/2026/04/PAD000036/SS-2217258_v4.1_TCRS_Adult_Serum.hybNorm.medNormInt.plateScale.calibrate.anmlQC.qcCheck.medNormRefSMP.adat	SomaScan Assay	SomaScan 7K	v4.1	RFU	PLT11456	Raw RFU, Hyb Normalization, medNormInt (SampleId), plateScale, Calibration, anmlQC, qcCheck, medNormRefSMP (SampleType)	SomaScan 7K	SomaScan Assay v4.1	20%	NT=affinity-proteomics;VV=v1.0.0	NT=human;VV=v1.1.0	NT=somascan;VV=v1.0.0	v1.1.0	NT=sdrf-skills-autoresearch;VV=v0.0.0
PAD000036-744659	Homo sapiens	Blood	not available	not available	not available	CLI8007F506	not available	619	not applicable	blood serum	PAD000036-r00725-744659	protein expression profiling by aptamer array	1	SS-2217258_v4.1_TCRS_Adult_Serum.hybNorm.medNormInt.plateScale.calibrate.anmlQC.qcCheck.medNormRefSMP.adat	ftp://ftp.pride.ebi.ac.uk/pride/data/archive/2026/04/PAD000036/SS-2217258_v4.1_TCRS_Adult_Serum.hybNorm.medNormInt.plateScale.calibrate.anmlQC.qcCheck.medNormRefSMP.adat	SomaScan Assay	SomaScan 7K	v4.1	RFU	PLT11456	Raw RFU, Hyb Normalization, medNormInt (SampleId), plateScale, Calibration, anmlQC, qcCheck, medNormRefSMP (SampleType)	SomaScan 7K	SomaScan Assay v4.1	20%	NT=affinity-proteomics;VV=v1.0.0	NT=human;VV=v1.1.0	NT=somascan;VV=v1.0.0	v1.1.0	NT=sdrf-skills-autoresearch;VV=v0.0.0
PAD000036-744541	Homo sapiens	Blood	not available	not available	not available	CLI8007F506	not available	620	not applicable	blood serum	PAD000036-r00726-744541	protein expression profiling by aptamer array	1	SS-2217258_v4.1_TCRS_Adult_Serum.hybNorm.medNormInt.plateScale.calibrate.anmlQC.qcCheck.medNormRefSMP.adat	ftp://ftp.pride.ebi.ac.uk/pride/data/archive/2026/04/PAD000036/SS-2217258_v4.1_TCRS_Adult_Serum.hybNorm.medNormInt.plateScale.calibrate.anmlQC.qcCheck.medNormRefSMP.adat	SomaScan Assay	SomaScan 7K	v4.1	RFU	PLT11456	Raw RFU, Hyb Normalization, medNormInt (SampleId), plateScale, Calibration, anmlQC, qcCheck, medNormRefSMP (SampleType)	SomaScan 7K	SomaScan Assay v4.1	20%	NT=affinity-proteomics;VV=v1.0.0	NT=human;VV=v1.1.0	NT=somascan;VV=v1.0.0	v1.1.0	NT=sdrf-skills-autoresearch;VV=v0.0.0
PAD000036-744390	Homo sapiens	Blood	not available	not available	not available	CLI8007F506	not available	621	not applicable	blood serum	PAD000036-r00727-744390	protein expression profiling by aptamer array	1	SS-2217258_v4.1_TCRS_Adult_Serum.hybNorm.medNormInt.plateScale.calibrate.anmlQC.qcCheck.medNormRefSMP.adat	ftp://ftp.pride.ebi.ac.uk/pride/data/archive/2026/04/PAD000036/SS-2217258_v4.1_TCRS_Adult_Serum.hybNorm.medNormInt.plateScale.calibrate.anmlQC.qcCheck.medNormRefSMP.adat	SomaScan Assay	SomaScan 7K	v4.1	RFU	PLT11456	Raw RFU, Hyb Normalization, medNormInt (SampleId), plateScale, Calibration, anmlQC, qcCheck, medNormRefSMP (SampleType)	SomaScan 7K	SomaScan Assay v4.1	20%	NT=affinity-proteomics;VV=v1.0.0	NT=human;VV=v1.1.0	NT=somascan;VV=v1.0.0	v1.1.0	NT=sdrf-skills-autoresearch;VV=v0.0.0
PAD000036-744607	Homo sapiens	Blood	not available	not available	not available	CLI8007F506	not available	622	not applicable	blood serum	PAD000036-r00728-744607	protein expression profiling by aptamer array	1	SS-2217258_v4.1_TCRS_Adult_Serum.hybNorm.medNormInt.plateScale.calibrate.anmlQC.qcCheck.medNormRefSMP.adat	ftp://ftp.pride.ebi.ac.uk/pride/data/archive/2026/04/PAD000036/SS-2217258_v4.1_TCRS_Adult_Serum.hybNorm.medNormInt.plateScale.calibrate.anmlQC.qcCheck.medNormRefSMP.adat	SomaScan Assay	SomaScan 7K	v4.1	RFU	PLT11456	Raw RFU, Hyb Normalization, medNormInt (SampleId), plateScale, Calibration, anmlQC, qcCheck, medNormRefSMP (SampleType)	SomaScan 7K	SomaScan Assay v4.1	20%	NT=affinity-proteomics;VV=v1.0.0	NT=human;VV=v1.1.0	NT=somascan;VV=v1.0.0	v1.1.0	NT=sdrf-skills-autoresearch;VV=v0.0.0
PAD000036-744594	Homo sapiens	Blood	not available	not available	not available	CLI8007F506	not available	623	not applicable	blood serum	PAD000036-r00729-744594	protein expression profiling by aptamer array	1	SS-2217258_v4.1_TCRS_Adult_Serum.hybNorm.medNormInt.plateScale.calibrate.anmlQC.qcCheck.medNormRefSMP.adat	ftp://ftp.pride.ebi.ac.uk/pride/data/archive/2026/04/PAD000036/SS-2217258_v4.1_TCRS_Adult_Serum.hybNorm.medNormInt.plateScale.calibrate.anmlQC.qcCheck.medNormRefSMP.adat	SomaScan Assay	SomaScan 7K	v4.1	RFU	PLT11456	Raw RFU, Hyb Normalization, medNormInt (SampleId), plateScale, Calibration, anmlQC, qcCheck, medNormRefSMP (SampleType)	SomaScan 7K	SomaScan Assay v4.1	20%	NT=affinity-proteomics;VV=v1.0.0	NT=human;VV=v1.1.0	NT=somascan;VV=v1.0.0	v1.1.0	NT=sdrf-skills-autoresearch;VV=v0.0.0
PAD000036-745501	Homo sapiens	Blood	not available	not available	not available	CLI8007F506	not available	624	not applicable	blood serum	PAD000036-r00730-745501	protein expression profiling by aptamer array	1	SS-2217258_v4.1_TCRS_Adult_Serum.hybNorm.medNormInt.plateScale.calibrate.anmlQC.qcCheck.medNormRefSMP.adat	ftp://ftp.pride.ebi.ac.uk/pride/data/archive/2026/04/PAD000036/SS-2217258_v4.1_TCRS_Adult_Serum.hybNorm.medNormInt.plateScale.calibrate.anmlQC.qcCheck.medNormRefSMP.adat	SomaScan Assay	SomaScan 7K	v4.1	RFU	PLT11456	Raw RFU, Hyb Normalization, medNormInt (SampleId), plateScale, Calibration, anmlQC, qcCheck, medNormRefSMP (SampleType)	SomaScan 7K	SomaScan Assay v4.1	20%	NT=affinity-proteomics;VV=v1.0.0	NT=human;VV=v1.1.0	NT=somascan;VV=v1.0.0	v1.1.0	NT=sdrf-skills-autoresearch;VV=v0.0.0
PAD000036-744592	Homo sapiens	Blood	not available	not available	not available	CLI8007F506	not available	625	not applicable	blood serum	PAD000036-r00731-744592	protein expression profiling by aptamer array	1	SS-2217258_v4.1_TCRS_Adult_Serum.hybNorm.medNormInt.plateScale.calibrate.anmlQC.qcCheck.medNormRefSMP.adat	ftp://ftp.pride.ebi.ac.uk/pride/data/archive/2026/04/PAD000036/SS-2217258_v4.1_TCRS_Adult_Serum.hybNorm.medNormInt.plateScale.calibrate.anmlQC.qcCheck.medNormRefSMP.adat	SomaScan Assay	SomaScan 7K	v4.1	RFU	PLT11456	Raw RFU, Hyb Normalization, medNormInt (SampleId), plateScale, Calibration, anmlQC, qcCheck, medNormRefSMP (SampleType)	SomaScan 7K	SomaScan Assay v4.1	20%	NT=affinity-proteomics;VV=v1.0.0	NT=human;VV=v1.1.0	NT=somascan;VV=v1.0.0	v1.1.0	NT=sdrf-skills-autoresearch;VV=v0.0.0
PAD000036-744435	Homo sapiens	Blood	not available	not available	not available	CLI8007F506	not available	626	not applicable	blood serum	PAD000036-r00732-744435	protein expression profiling by aptamer array	1	SS-2217258_v4.1_TCRS_Adult_Serum.hybNorm.medNormInt.plateScale.calibrate.anmlQC.qcCheck.medNormRefSMP.adat	ftp://ftp.pride.ebi.ac.uk/pride/data/archive/2026/04/PAD000036/SS-2217258_v4.1_TCRS_Adult_Serum.hybNorm.medNormInt.plateScale.calibrate.anmlQC.qcCheck.medNormRefSMP.adat	SomaScan Assay	SomaScan 7K	v4.1	RFU	PLT11456	Raw RFU, Hyb Normalization, medNormInt (SampleId), plateScale, Calibration, anmlQC, qcCheck, medNormRefSMP (SampleType)	SomaScan 7K	SomaScan Assay v4.1	20%	NT=affinity-proteomics;VV=v1.0.0	NT=human;VV=v1.1.0	NT=somascan;VV=v1.0.0	v1.1.0	NT=sdrf-skills-autoresearch;VV=v0.0.0
PAD000036-744697	Homo sapiens	Blood	not available	not available	not available	CLI8007F506	not available	627	not applicable	blood serum	PAD000036-r00733-744697	protein expression profiling by aptamer array	1	SS-2217258_v4.1_TCRS_Adult_Serum.hybNorm.medNormInt.plateScale.calibrate.anmlQC.qcCheck.medNormRefSMP.adat	ftp://ftp.pride.ebi.ac.uk/pride/data/archive/2026/04/PAD000036/SS-2217258_v4.1_TCRS_Adult_Serum.hybNorm.medNormInt.plateScale.calibrate.anmlQC.qcCheck.medNormRefSMP.adat	SomaScan Assay	SomaScan 7K	v4.1	RFU	PLT11456	Raw RFU, Hyb Normalization, medNormInt (SampleId), plateScale, Calibration, anmlQC, qcCheck, medNormRefSMP (SampleType)	SomaScan 7K	SomaScan Assay v4.1	20%	NT=affinity-proteomics;VV=v1.0.0	NT=human;VV=v1.1.0	NT=somascan;VV=v1.0.0	v1.1.0	NT=sdrf-skills-autoresearch;VV=v0.0.0
PAD000036-744550	Homo sapiens	Blood	not available	not available	not available	CLI8007F506	not available	628	not applicable	blood serum	PAD000036-r00734-744550	protein expression profiling by aptamer array	1	SS-2217258_v4.1_TCRS_Adult_Serum.hybNorm.medNormInt.plateScale.calibrate.anmlQC.qcCheck.medNormRefSMP.adat	ftp://ftp.pride.ebi.ac.uk/pride/data/archive/2026/04/PAD000036/SS-2217258_v4.1_TCRS_Adult_Serum.hybNorm.medNormInt.plateScale.calibrate.anmlQC.qcCheck.medNormRefSMP.adat	SomaScan Assay	SomaScan 7K	v4.1	RFU	PLT11456	Raw RFU, Hyb Normalization, medNormInt (SampleId), plateScale, Calibration, anmlQC, qcCheck, medNormRefSMP (SampleType)	SomaScan 7K	SomaScan Assay v4.1	20%	NT=affinity-proteomics;VV=v1.0.0	NT=human;VV=v1.1.0	NT=somascan;VV=v1.0.0	v1.1.0	NT=sdrf-skills-autoresearch;VV=v0.0.0
PAD000036-744460	Homo sapiens	Blood	not available	not available	not available	CLI8007F506	not available	629	not applicable	blood serum	PAD000036-r00735-744460	protein expression profiling by aptamer array	1	SS-2217258_v4.1_TCRS_Adult_Serum.hybNorm.medNormInt.plateScale.calibrate.anmlQC.qcCheck.medNormRefSMP.adat	ftp://ftp.pride.ebi.ac.uk/pride/data/archive/2026/04/PAD000036/SS-2217258_v4.1_TCRS_Adult_Serum.hybNorm.medNormInt.plateScale.calibrate.anmlQC.qcCheck.medNormRefSMP.adat	SomaScan Assay	SomaScan 7K	v4.1	RFU	PLT11456	Raw RFU, Hyb Normalization, medNormInt (SampleId), plateScale, Calibration, anmlQC, qcCheck, medNormRefSMP (SampleType)	SomaScan 7K	SomaScan Assay v4.1	20%	NT=affinity-proteomics;VV=v1.0.0	NT=human;VV=v1.1.0	NT=somascan;VV=v1.0.0	v1.1.0	NT=sdrf-skills-autoresearch;VV=v0.0.0
PAD000036-744596	Homo sapiens	Blood	not available	not available	not available	CLI8007F506	not available	630	not applicable	blood serum	PAD000036-r00736-744596	protein expression profiling by aptamer array	1	SS-2217258_v4.1_TCRS_Adult_Serum.hybNorm.medNormInt.plateScale.calibrate.anmlQC.qcCheck.medNormRefSMP.adat	ftp://ftp.pride.ebi.ac.uk/pride/data/archive/2026/04/PAD000036/SS-2217258_v4.1_TCRS_Adult_Serum.hybNorm.medNormInt.plateScale.calibrate.anmlQC.qcCheck.medNormRefSMP.adat	SomaScan Assay	SomaScan 7K	v4.1	RFU	PLT11456	Raw RFU, Hyb Normalization, medNormInt (SampleId), plateScale, Calibration, anmlQC, qcCheck, medNormRefSMP (SampleType)	SomaScan 7K	SomaScan Assay v4.1	20%	NT=affinity-proteomics;VV=v1.0.0	NT=human;VV=v1.1.0	NT=somascan;VV=v1.0.0	v1.1.0	NT=sdrf-skills-autoresearch;VV=v0.0.0
PAD000036-744591	Homo sapiens	Blood	not available	not available	not available	CLI8007F506	not available	631	not applicable	blood serum	PAD000036-r00737-744591	protein expression profiling by aptamer array	1	SS-2217258_v4.1_TCRS_Adult_Serum.hybNorm.medNormInt.plateScale.calibrate.anmlQC.qcCheck.medNormRefSMP.adat	ftp://ftp.pride.ebi.ac.uk/pride/data/archive/2026/04/PAD000036/SS-2217258_v4.1_TCRS_Adult_Serum.hybNorm.medNormInt.plateScale.calibrate.anmlQC.qcCheck.medNormRefSMP.adat	SomaScan Assay	SomaScan 7K	v4.1	RFU	PLT11456	Raw RFU, Hyb Normalization, medNormInt (SampleId), plateScale, Calibration, anmlQC, qcCheck, medNormRefSMP (SampleType)	SomaScan 7K	SomaScan Assay v4.1	20%	NT=affinity-proteomics;VV=v1.0.0	NT=human;VV=v1.1.0	NT=somascan;VV=v1.0.0	v1.1.0	NT=sdrf-skills-autoresearch;VV=v0.0.0
PAD000036-744672	Homo sapiens	Blood	not available	not available	not available	CLI8007F506	not available	632	not applicable	blood serum	PAD000036-r00738-744672	protein expression profiling by aptamer array	1	SS-2217258_v4.1_TCRS_Adult_Serum.hybNorm.medNormInt.plateScale.calibrate.anmlQC.qcCheck.medNormRefSMP.adat	ftp://ftp.pride.ebi.ac.uk/pride/data/archive/2026/04/PAD000036/SS-2217258_v4.1_TCRS_Adult_Serum.hybNorm.medNormInt.plateScale.calibrate.anmlQC.qcCheck.medNormRefSMP.adat	SomaScan Assay	SomaScan 7K	v4.1	RFU	PLT11456	Raw RFU, Hyb Normalization, medNormInt (SampleId), plateScale, Calibration, anmlQC, qcCheck, medNormRefSMP (SampleType)	SomaScan 7K	SomaScan Assay v4.1	20%	NT=affinity-proteomics;VV=v1.0.0	NT=human;VV=v1.1.0	NT=somascan;VV=v1.0.0	v1.1.0	NT=sdrf-skills-autoresearch;VV=v0.0.0
PAD000036-200173	Homo sapiens	Blood	not available	not available	not available	not available	not available	224	calibrator	blood;blood plasma;blood serum	PAD000036-r00739-200173	protein expression profiling by aptamer array	25	SS-2217258_v4.1_TCRS_Adult_Serum.hybNorm.medNormInt.plateScale.calibrate.anmlQC.qcCheck.medNormRefSMP.adat	ftp://ftp.pride.ebi.ac.uk/pride/data/archive/2026/04/PAD000036/SS-2217258_v4.1_TCRS_Adult_Serum.hybNorm.medNormInt.plateScale.calibrate.anmlQC.qcCheck.medNormRefSMP.adat	SomaScan Assay	SomaScan 7K	v4.1	RFU	PLT11456	Raw RFU, Hyb Normalization, medNormInt (SampleId), plateScale, Calibration, anmlQC, qcCheck, medNormRefSMP (SampleType)	SomaScan 7K	SomaScan Assay v4.1	20%	NT=affinity-proteomics;VV=v1.0.0	NT=human;VV=v1.1.0	NT=somascan;VV=v1.0.0	v1.1.0	NT=sdrf-skills-autoresearch;VV=v0.0.0
PAD000036-744401	Homo sapiens	Blood	not available	not available	not available	CLI8007F506	not available	633	not applicable	blood serum	PAD000036-r00740-744401	protein expression profiling by aptamer array	1	SS-2217258_v4.1_TCRS_Adult_Serum.hybNorm.medNormInt.plateScale.calibrate.anmlQC.qcCheck.medNormRefSMP.adat	ftp://ftp.pride.ebi.ac.uk/pride/data/archive/2026/04/PAD000036/SS-2217258_v4.1_TCRS_Adult_Serum.hybNorm.medNormInt.plateScale.calibrate.anmlQC.qcCheck.medNormRefSMP.adat	SomaScan Assay	SomaScan 7K	v4.1	RFU	PLT11456	Raw RFU, Hyb Normalization, medNormInt (SampleId), plateScale, Calibration, anmlQC, qcCheck, medNormRefSMP (SampleType)	SomaScan 7K	SomaScan Assay v4.1	20%	NT=affinity-proteomics;VV=v1.0.0	NT=human;VV=v1.1.0	NT=somascan;VV=v1.0.0	v1.1.0	NT=sdrf-skills-autoresearch;VV=v0.0.0
PAD000036-744429	Homo sapiens	Blood	not available	not available	not available	CLI8007F506	not available	634	not applicable	blood serum	PAD000036-r00741-744429	protein expression profiling by aptamer array	1	SS-2217258_v4.1_TCRS_Adult_Serum.hybNorm.medNormInt.plateScale.calibrate.anmlQC.qcCheck.medNormRefSMP.adat	ftp://ftp.pride.ebi.ac.uk/pride/data/archive/2026/04/PAD000036/SS-2217258_v4.1_TCRS_Adult_Serum.hybNorm.medNormInt.plateScale.calibrate.anmlQC.qcCheck.medNormRefSMP.adat	SomaScan Assay	SomaScan 7K	v4.1	RFU	PLT11456	Raw RFU, Hyb Normalization, medNormInt (SampleId), plateScale, Calibration, anmlQC, qcCheck, medNormRefSMP (SampleType)	SomaScan 7K	SomaScan Assay v4.1	20%	NT=affinity-proteomics;VV=v1.0.0	NT=human;VV=v1.1.0	NT=somascan;VV=v1.0.0	v1.1.0	NT=sdrf-skills-autoresearch;VV=v0.0.0
PAD000036-744707	Homo sapiens	Blood	not available	not available	not available	CLI8007F506	not available	635	not applicable	blood serum	PAD000036-r00742-744707	protein expression profiling by aptamer array	1	SS-2217258_v4.1_TCRS_Adult_Serum.hybNorm.medNormInt.plateScale.calibrate.anmlQC.qcCheck.medNormRefSMP.adat	ftp://ftp.pride.ebi.ac.uk/pride/data/archive/2026/04/PAD000036/SS-2217258_v4.1_TCRS_Adult_Serum.hybNorm.medNormInt.plateScale.calibrate.anmlQC.qcCheck.medNormRefSMP.adat	SomaScan Assay	SomaScan 7K	v4.1	RFU	PLT11456	Raw RFU, Hyb Normalization, medNormInt (SampleId), plateScale, Calibration, anmlQC, qcCheck, medNormRefSMP (SampleType)	SomaScan 7K	SomaScan Assay v4.1	20%	NT=affinity-proteomics;VV=v1.0.0	NT=human;VV=v1.1.0	NT=somascan;VV=v1.0.0	v1.1.0	NT=sdrf-skills-autoresearch;VV=v0.0.0
PAD000036-744465	Homo sapiens	Blood	not available	not available	not available	CLI8007F506	not available	636	not applicable	blood serum	PAD000036-r00743-744465	protein expression profiling by aptamer array	1	SS-2217258_v4.1_TCRS_Adult_Serum.hybNorm.medNormInt.plateScale.calibrate.anmlQC.qcCheck.medNormRefSMP.adat	ftp://ftp.pride.ebi.ac.uk/pride/data/archive/2026/04/PAD000036/SS-2217258_v4.1_TCRS_Adult_Serum.hybNorm.medNormInt.plateScale.calibrate.anmlQC.qcCheck.medNormRefSMP.adat	SomaScan Assay	SomaScan 7K	v4.1	RFU	PLT11456	Raw RFU, Hyb Normalization, medNormInt (SampleId), plateScale, Calibration, anmlQC, qcCheck, medNormRefSMP (SampleType)	SomaScan 7K	SomaScan Assay v4.1	20%	NT=affinity-proteomics;VV=v1.0.0	NT=human;VV=v1.1.0	NT=somascan;VV=v1.0.0	v1.1.0	NT=sdrf-skills-autoresearch;VV=v0.0.0
PAD000036-744349	Homo sapiens	Blood	not available	not available	not available	CLI8007F506	not available	637	not applicable	blood serum	PAD000036-r00744-744349	protein expression profiling by aptamer array	1	SS-2217258_v4.1_TCRS_Adult_Serum.hybNorm.medNormInt.plateScale.calibrate.anmlQC.qcCheck.medNormRefSMP.adat	ftp://ftp.pride.ebi.ac.uk/pride/data/archive/2026/04/PAD000036/SS-2217258_v4.1_TCRS_Adult_Serum.hybNorm.medNormInt.plateScale.calibrate.anmlQC.qcCheck.medNormRefSMP.adat	SomaScan Assay	SomaScan 7K	v4.1	RFU	PLT11456	Raw RFU, Hyb Normalization, medNormInt (SampleId), plateScale, Calibration, anmlQC, qcCheck, medNormRefSMP (SampleType)	SomaScan 7K	SomaScan Assay v4.1	20%	NT=affinity-proteomics;VV=v1.0.0	NT=human;VV=v1.1.0	NT=somascan;VV=v1.0.0	v1.1.0	NT=sdrf-skills-autoresearch;VV=v0.0.0
PAD000036-744652	Homo sapiens	Blood	not available	not available	not available	CLI8007F506	not available	638	not applicable	blood serum	PAD000036-r00745-744652	protein expression profiling by aptamer array	1	SS-2217258_v4.1_TCRS_Adult_Serum.hybNorm.medNormInt.plateScale.calibrate.anmlQC.qcCheck.medNormRefSMP.adat	ftp://ftp.pride.ebi.ac.uk/pride/data/archive/2026/04/PAD000036/SS-2217258_v4.1_TCRS_Adult_Serum.hybNorm.medNormInt.plateScale.calibrate.anmlQC.qcCheck.medNormRefSMP.adat	SomaScan Assay	SomaScan 7K	v4.1	RFU	PLT11456	Raw RFU, Hyb Normalization, medNormInt (SampleId), plateScale, Calibration, anmlQC, qcCheck, medNormRefSMP (SampleType)	SomaScan 7K	SomaScan Assay v4.1	20%	NT=affinity-proteomics;VV=v1.0.0	NT=human;VV=v1.1.0	NT=somascan;VV=v1.0.0	v1.1.0	NT=sdrf-skills-autoresearch;VV=v0.0.0
PAD000036-744634	Homo sapiens	Blood	not available	not available	not available	CLI8007F506	not available	639	not applicable	blood serum	PAD000036-r00746-744634	protein expression profiling by aptamer array	1	SS-2217258_v4.1_TCRS_Adult_Serum.hybNorm.medNormInt.plateScale.calibrate.anmlQC.qcCheck.medNormRefSMP.adat	ftp://ftp.pride.ebi.ac.uk/pride/data/archive/2026/04/PAD000036/SS-2217258_v4.1_TCRS_Adult_Serum.hybNorm.medNormInt.plateScale.calibrate.anmlQC.qcCheck.medNormRefSMP.adat	SomaScan Assay	SomaScan 7K	v4.1	RFU	PLT11456	Raw RFU, Hyb Normalization, medNormInt (SampleId), plateScale, Calibration, anmlQC, qcCheck, medNormRefSMP (SampleType)	SomaScan 7K	SomaScan Assay v4.1	20%	NT=affinity-proteomics;VV=v1.0.0	NT=human;VV=v1.1.0	NT=somascan;VV=v1.0.0	v1.1.0	NT=sdrf-skills-autoresearch;VV=v0.0.0
PAD000036-744391	Homo sapiens	Blood	not available	not available	not available	CLI8007F506	not available	640	not applicable	blood serum	PAD000036-r00747-744391	protein expression profiling by aptamer array	1	SS-2217258_v4.1_TCRS_Adult_Serum.hybNorm.medNormInt.plateScale.calibrate.anmlQC.qcCheck.medNormRefSMP.adat	ftp://ftp.pride.ebi.ac.uk/pride/data/archive/2026/04/PAD000036/SS-2217258_v4.1_TCRS_Adult_Serum.hybNorm.medNormInt.plateScale.calibrate.anmlQC.qcCheck.medNormRefSMP.adat	SomaScan Assay	SomaScan 7K	v4.1	RFU	PLT11456	Raw RFU, Hyb Normalization, medNormInt (SampleId), plateScale, Calibration, anmlQC, qcCheck, medNormRefSMP (SampleType)	SomaScan 7K	SomaScan Assay v4.1	20%	NT=affinity-proteomics;VV=v1.0.0	NT=human;VV=v1.1.0	NT=somascan;VV=v1.0.0	v1.1.0	NT=sdrf-skills-autoresearch;VV=v0.0.0
PAD000036-744597	Homo sapiens	Blood	not available	not available	not available	CLI8007F506	not available	641	not applicable	blood serum	PAD000036-r00748-744597	protein expression profiling by aptamer array	1	SS-2217258_v4.1_TCRS_Adult_Serum.hybNorm.medNormInt.plateScale.calibrate.anmlQC.qcCheck.medNormRefSMP.adat	ftp://ftp.pride.ebi.ac.uk/pride/data/archive/2026/04/PAD000036/SS-2217258_v4.1_TCRS_Adult_Serum.hybNorm.medNormInt.plateScale.calibrate.anmlQC.qcCheck.medNormRefSMP.adat	SomaScan Assay	SomaScan 7K	v4.1	RFU	PLT11456	Raw RFU, Hyb Normalization, medNormInt (SampleId), plateScale, Calibration, anmlQC, qcCheck, medNormRefSMP (SampleType)	SomaScan 7K	SomaScan Assay v4.1	20%	NT=affinity-proteomics;VV=v1.0.0	NT=human;VV=v1.1.0	NT=somascan;VV=v1.0.0	v1.1.0	NT=sdrf-skills-autoresearch;VV=v0.0.0
PAD000036-200174	Homo sapiens	Blood	not available	not available	not available	not available	not available	214	quality control sample	blood;blood plasma;blood serum	PAD000036-r00749-200174	protein expression profiling by aptamer array	15	SS-2217258_v4.1_TCRS_Adult_Serum.hybNorm.medNormInt.plateScale.calibrate.anmlQC.qcCheck.medNormRefSMP.adat	ftp://ftp.pride.ebi.ac.uk/pride/data/archive/2026/04/PAD000036/SS-2217258_v4.1_TCRS_Adult_Serum.hybNorm.medNormInt.plateScale.calibrate.anmlQC.qcCheck.medNormRefSMP.adat	SomaScan Assay	SomaScan 7K	v4.1	RFU	PLT11456	Raw RFU, Hyb Normalization, medNormInt (SampleId), plateScale, Calibration, anmlQC, qcCheck, medNormRefSMP (SampleType)	SomaScan 7K	SomaScan Assay v4.1	20%	NT=affinity-proteomics;VV=v1.0.0	NT=human;VV=v1.1.0	NT=somascan;VV=v1.0.0	v1.1.0	NT=sdrf-skills-autoresearch;VV=v0.0.0
PAD000036-744689	Homo sapiens	Blood	not available	not available	not available	CLI8007F506	not available	642	not applicable	blood serum	PAD000036-r00750-744689	protein expression profiling by aptamer array	1	SS-2217258_v4.1_TCRS_Adult_Serum.hybNorm.medNormInt.plateScale.calibrate.anmlQC.qcCheck.medNormRefSMP.adat	ftp://ftp.pride.ebi.ac.uk/pride/data/archive/2026/04/PAD000036/SS-2217258_v4.1_TCRS_Adult_Serum.hybNorm.medNormInt.plateScale.calibrate.anmlQC.qcCheck.medNormRefSMP.adat	SomaScan Assay	SomaScan 7K	v4.1	RFU	PLT11456	Raw RFU, Hyb Normalization, medNormInt (SampleId), plateScale, Calibration, anmlQC, qcCheck, medNormRefSMP (SampleType)	SomaScan 7K	SomaScan Assay v4.1	20%	NT=affinity-proteomics;VV=v1.0.0	NT=human;VV=v1.1.0	NT=somascan;VV=v1.0.0	v1.1.0	NT=sdrf-skills-autoresearch;VV=v0.0.0
PAD000036-744388	Homo sapiens	Blood	not available	not available	not available	CLI8007F506	not available	643	not applicable	blood serum	PAD000036-r00751-744388	protein expression profiling by aptamer array	1	SS-2217258_v4.1_TCRS_Adult_Serum.hybNorm.medNormInt.plateScale.calibrate.anmlQC.qcCheck.medNormRefSMP.adat	ftp://ftp.pride.ebi.ac.uk/pride/data/archive/2026/04/PAD000036/SS-2217258_v4.1_TCRS_Adult_Serum.hybNorm.medNormInt.plateScale.calibrate.anmlQC.qcCheck.medNormRefSMP.adat	SomaScan Assay	SomaScan 7K	v4.1	RFU	PLT11456	Raw RFU, Hyb Normalization, medNormInt (SampleId), plateScale, Calibration, anmlQC, qcCheck, medNormRefSMP (SampleType)	SomaScan 7K	SomaScan Assay v4.1	20%	NT=affinity-proteomics;VV=v1.0.0	NT=human;VV=v1.1.0	NT=somascan;VV=v1.0.0	v1.1.0	NT=sdrf-skills-autoresearch;VV=v0.0.0
PAD000036-744510	Homo sapiens	Blood	not available	not available	not available	CLI8007F506	not available	644	not applicable	blood serum	PAD000036-r00752-744510	protein expression profiling by aptamer array	1	SS-2217258_v4.1_TCRS_Adult_Serum.hybNorm.medNormInt.plateScale.calibrate.anmlQC.qcCheck.medNormRefSMP.adat	ftp://ftp.pride.ebi.ac.uk/pride/data/archive/2026/04/PAD000036/SS-2217258_v4.1_TCRS_Adult_Serum.hybNorm.medNormInt.plateScale.calibrate.anmlQC.qcCheck.medNormRefSMP.adat	SomaScan Assay	SomaScan 7K	v4.1	RFU	PLT11455	Raw RFU, Hyb Normalization, medNormInt (SampleId), plateScale, Calibration, anmlQC, qcCheck, medNormRefSMP (SampleType)	SomaScan 7K	SomaScan Assay v4.1	20%	NT=affinity-proteomics;VV=v1.0.0	NT=human;VV=v1.1.0	NT=somascan;VV=v1.0.0	v1.1.0	NT=sdrf-skills-autoresearch;VV=v0.0.0
PAD000036-744523	Homo sapiens	Blood	not available	not available	not available	CLI8007F506	not available	645	not applicable	blood serum	PAD000036-r00753-744523	protein expression profiling by aptamer array	1	SS-2217258_v4.1_TCRS_Adult_Serum.hybNorm.medNormInt.plateScale.calibrate.anmlQC.qcCheck.medNormRefSMP.adat	ftp://ftp.pride.ebi.ac.uk/pride/data/archive/2026/04/PAD000036/SS-2217258_v4.1_TCRS_Adult_Serum.hybNorm.medNormInt.plateScale.calibrate.anmlQC.qcCheck.medNormRefSMP.adat	SomaScan Assay	SomaScan 7K	v4.1	RFU	PLT11455	Raw RFU, Hyb Normalization, medNormInt (SampleId), plateScale, Calibration, anmlQC, qcCheck, medNormRefSMP (SampleType)	SomaScan 7K	SomaScan Assay v4.1	20%	NT=affinity-proteomics;VV=v1.0.0	NT=human;VV=v1.1.0	NT=somascan;VV=v1.0.0	v1.1.0	NT=sdrf-skills-autoresearch;VV=v0.0.0
PAD000036-744681	Homo sapiens	Blood	not available	not available	not available	CLI8007F506	not available	646	not applicable	blood serum	PAD000036-r00754-744681	protein expression profiling by aptamer array	1	SS-2217258_v4.1_TCRS_Adult_Serum.hybNorm.medNormInt.plateScale.calibrate.anmlQC.qcCheck.medNormRefSMP.adat	ftp://ftp.pride.ebi.ac.uk/pride/data/archive/2026/04/PAD000036/SS-2217258_v4.1_TCRS_Adult_Serum.hybNorm.medNormInt.plateScale.calibrate.anmlQC.qcCheck.medNormRefSMP.adat	SomaScan Assay	SomaScan 7K	v4.1	RFU	PLT11455	Raw RFU, Hyb Normalization, medNormInt (SampleId), plateScale, Calibration, anmlQC, qcCheck, medNormRefSMP (SampleType)	SomaScan 7K	SomaScan Assay v4.1	20%	NT=affinity-proteomics;VV=v1.0.0	NT=human;VV=v1.1.0	NT=somascan;VV=v1.0.0	v1.1.0	NT=sdrf-skills-autoresearch;VV=v0.0.0
PAD000036-200173	Homo sapiens	Blood	not available	not available	not available	not available	not available	224	calibrator	blood;blood plasma;blood serum	PAD000036-r00755-200173	protein expression profiling by aptamer array	26	SS-2217258_v4.1_TCRS_Adult_Serum.hybNorm.medNormInt.plateScale.calibrate.anmlQC.qcCheck.medNormRefSMP.adat	ftp://ftp.pride.ebi.ac.uk/pride/data/archive/2026/04/PAD000036/SS-2217258_v4.1_TCRS_Adult_Serum.hybNorm.medNormInt.plateScale.calibrate.anmlQC.qcCheck.medNormRefSMP.adat	SomaScan Assay	SomaScan 7K	v4.1	RFU	PLT11455	Raw RFU, Hyb Normalization, medNormInt (SampleId), plateScale, Calibration, anmlQC, qcCheck, medNormRefSMP (SampleType)	SomaScan 7K	SomaScan Assay v4.1	20%	NT=affinity-proteomics;VV=v1.0.0	NT=human;VV=v1.1.0	NT=somascan;VV=v1.0.0	v1.1.0	NT=sdrf-skills-autoresearch;VV=v0.0.0
PAD000036-744625	Homo sapiens	Blood	not available	not available	not available	CLI8007F506	not available	647	not applicable	blood serum	PAD000036-r00756-744625	protein expression profiling by aptamer array	1	SS-2217258_v4.1_TCRS_Adult_Serum.hybNorm.medNormInt.plateScale.calibrate.anmlQC.qcCheck.medNormRefSMP.adat	ftp://ftp.pride.ebi.ac.uk/pride/data/archive/2026/04/PAD000036/SS-2217258_v4.1_TCRS_Adult_Serum.hybNorm.medNormInt.plateScale.calibrate.anmlQC.qcCheck.medNormRefSMP.adat	SomaScan Assay	SomaScan 7K	v4.1	RFU	PLT11455	Raw RFU, Hyb Normalization, medNormInt (SampleId), plateScale, Calibration, anmlQC, qcCheck, medNormRefSMP (SampleType)	SomaScan 7K	SomaScan Assay v4.1	20%	NT=affinity-proteomics;VV=v1.0.0	NT=human;VV=v1.1.0	NT=somascan;VV=v1.0.0	v1.1.0	NT=sdrf-skills-autoresearch;VV=v0.0.0
PAD000036-744469	Homo sapiens	Blood	not available	not available	not available	CLI8007F506	not available	648	not applicable	blood serum	PAD000036-r00757-744469	protein expression profiling by aptamer array	1	SS-2217258_v4.1_TCRS_Adult_Serum.hybNorm.medNormInt.plateScale.calibrate.anmlQC.qcCheck.medNormRefSMP.adat	ftp://ftp.pride.ebi.ac.uk/pride/data/archive/2026/04/PAD000036/SS-2217258_v4.1_TCRS_Adult_Serum.hybNorm.medNormInt.plateScale.calibrate.anmlQC.qcCheck.medNormRefSMP.adat	SomaScan Assay	SomaScan 7K	v4.1	RFU	PLT11455	Raw RFU, Hyb Normalization, medNormInt (SampleId), plateScale, Calibration, anmlQC, qcCheck, medNormRefSMP (SampleType)	SomaScan 7K	SomaScan Assay v4.1	20%	NT=affinity-proteomics;VV=v1.0.0	NT=human;VV=v1.1.0	NT=somascan;VV=v1.0.0	v1.1.0	NT=sdrf-skills-autoresearch;VV=v0.0.0
PAD000036-220214	Homo sapiens	Blood	not available	not available	not available	not available	not available	208	not applicable	blood;blood plasma;blood serum	PAD000036-r00758-220214	protein expression profiling by aptamer array	18	SS-2217258_v4.1_TCRS_Adult_Serum.hybNorm.medNormInt.plateScale.calibrate.anmlQC.qcCheck.medNormRefSMP.adat	ftp://ftp.pride.ebi.ac.uk/pride/data/archive/2026/04/PAD000036/SS-2217258_v4.1_TCRS_Adult_Serum.hybNorm.medNormInt.plateScale.calibrate.anmlQC.qcCheck.medNormRefSMP.adat	SomaScan Assay	SomaScan 7K	v4.1	RFU	PLT11455	Raw RFU, Hyb Normalization, medNormInt (SampleId), plateScale, Calibration, anmlQC, qcCheck, medNormRefSMP (SampleType)	SomaScan 7K	SomaScan Assay v4.1	20%	NT=affinity-proteomics;VV=v1.0.0	NT=human;VV=v1.1.0	NT=somascan;VV=v1.0.0	v1.1.0	NT=sdrf-skills-autoresearch;VV=v0.0.0
PAD000036-744638	Homo sapiens	Blood	not available	not available	not available	CLI8007F506	not available	649	not applicable	blood serum	PAD000036-r00759-744638	protein expression profiling by aptamer array	1	SS-2217258_v4.1_TCRS_Adult_Serum.hybNorm.medNormInt.plateScale.calibrate.anmlQC.qcCheck.medNormRefSMP.adat	ftp://ftp.pride.ebi.ac.uk/pride/data/archive/2026/04/PAD000036/SS-2217258_v4.1_TCRS_Adult_Serum.hybNorm.medNormInt.plateScale.calibrate.anmlQC.qcCheck.medNormRefSMP.adat	SomaScan Assay	SomaScan 7K	v4.1	RFU	PLT11455	Raw RFU, Hyb Normalization, medNormInt (SampleId), plateScale, Calibration, anmlQC, qcCheck, medNormRefSMP (SampleType)	SomaScan 7K	SomaScan Assay v4.1	20%	NT=affinity-proteomics;VV=v1.0.0	NT=human;VV=v1.1.0	NT=somascan;VV=v1.0.0	v1.1.0	NT=sdrf-skills-autoresearch;VV=v0.0.0
PAD000036-744709	Homo sapiens	Blood	not available	not available	not available	CLI8007F506	not available	650	not applicable	blood serum	PAD000036-r00760-744709	protein expression profiling by aptamer array	1	SS-2217258_v4.1_TCRS_Adult_Serum.hybNorm.medNormInt.plateScale.calibrate.anmlQC.qcCheck.medNormRefSMP.adat	ftp://ftp.pride.ebi.ac.uk/pride/data/archive/2026/04/PAD000036/SS-2217258_v4.1_TCRS_Adult_Serum.hybNorm.medNormInt.plateScale.calibrate.anmlQC.qcCheck.medNormRefSMP.adat	SomaScan Assay	SomaScan 7K	v4.1	RFU	PLT11455	Raw RFU, Hyb Normalization, medNormInt (SampleId), plateScale, Calibration, anmlQC, qcCheck, medNormRefSMP (SampleType)	SomaScan 7K	SomaScan Assay v4.1	20%	NT=affinity-proteomics;VV=v1.0.0	NT=human;VV=v1.1.0	NT=somascan;VV=v1.0.0	v1.1.0	NT=sdrf-skills-autoresearch;VV=v0.0.0
PAD000036-745456	Homo sapiens	Blood	not available	not available	not available	CLI8007F506	not available	651	not applicable	blood serum	PAD000036-r00761-745456	protein expression profiling by aptamer array	1	SS-2217258_v4.1_TCRS_Adult_Serum.hybNorm.medNormInt.plateScale.calibrate.anmlQC.qcCheck.medNormRefSMP.adat	ftp://ftp.pride.ebi.ac.uk/pride/data/archive/2026/04/PAD000036/SS-2217258_v4.1_TCRS_Adult_Serum.hybNorm.medNormInt.plateScale.calibrate.anmlQC.qcCheck.medNormRefSMP.adat	SomaScan Assay	SomaScan 7K	v4.1	RFU	PLT11455	Raw RFU, Hyb Normalization, medNormInt (SampleId), plateScale, Calibration, anmlQC, qcCheck, medNormRefSMP (SampleType)	SomaScan 7K	SomaScan Assay v4.1	20%	NT=affinity-proteomics;VV=v1.0.0	NT=human;VV=v1.1.0	NT=somascan;VV=v1.0.0	v1.1.0	NT=sdrf-skills-autoresearch;VV=v0.0.0
PAD000036-744416	Homo sapiens	Blood	not available	not available	not available	CLI8007F506	not available	652	not applicable	blood serum	PAD000036-r00762-744416	protein expression profiling by aptamer array	1	SS-2217258_v4.1_TCRS_Adult_Serum.hybNorm.medNormInt.plateScale.calibrate.anmlQC.qcCheck.medNormRefSMP.adat	ftp://ftp.pride.ebi.ac.uk/pride/data/archive/2026/04/PAD000036/SS-2217258_v4.1_TCRS_Adult_Serum.hybNorm.medNormInt.plateScale.calibrate.anmlQC.qcCheck.medNormRefSMP.adat	SomaScan Assay	SomaScan 7K	v4.1	RFU	PLT11455	Raw RFU, Hyb Normalization, medNormInt (SampleId), plateScale, Calibration, anmlQC, qcCheck, medNormRefSMP (SampleType)	SomaScan 7K	SomaScan Assay v4.1	20%	NT=affinity-proteomics;VV=v1.0.0	NT=human;VV=v1.1.0	NT=somascan;VV=v1.0.0	v1.1.0	NT=sdrf-skills-autoresearch;VV=v0.0.0
PAD000036-744536	Homo sapiens	Blood	not available	not available	not available	CLI8007F506	not available	653	not applicable	blood serum	PAD000036-r00763-744536	protein expression profiling by aptamer array	1	SS-2217258_v4.1_TCRS_Adult_Serum.hybNorm.medNormInt.plateScale.calibrate.anmlQC.qcCheck.medNormRefSMP.adat	ftp://ftp.pride.ebi.ac.uk/pride/data/archive/2026/04/PAD000036/SS-2217258_v4.1_TCRS_Adult_Serum.hybNorm.medNormInt.plateScale.calibrate.anmlQC.qcCheck.medNormRefSMP.adat	SomaScan Assay	SomaScan 7K	v4.1	RFU	PLT11455	Raw RFU, Hyb Normalization, medNormInt (SampleId), plateScale, Calibration, anmlQC, qcCheck, medNormRefSMP (SampleType)	SomaScan 7K	SomaScan Assay v4.1	20%	NT=affinity-proteomics;VV=v1.0.0	NT=human;VV=v1.1.0	NT=somascan;VV=v1.0.0	v1.1.0	NT=sdrf-skills-autoresearch;VV=v0.0.0
PAD000036-744486	Homo sapiens	Blood	not available	not available	not available	CLI8007F506	not available	654	not applicable	blood serum	PAD000036-r00764-744486	protein expression profiling by aptamer array	1	SS-2217258_v4.1_TCRS_Adult_Serum.hybNorm.medNormInt.plateScale.calibrate.anmlQC.qcCheck.medNormRefSMP.adat	ftp://ftp.pride.ebi.ac.uk/pride/data/archive/2026/04/PAD000036/SS-2217258_v4.1_TCRS_Adult_Serum.hybNorm.medNormInt.plateScale.calibrate.anmlQC.qcCheck.medNormRefSMP.adat	SomaScan Assay	SomaScan 7K	v4.1	RFU	PLT11455	Raw RFU, Hyb Normalization, medNormInt (SampleId), plateScale, Calibration, anmlQC, qcCheck, medNormRefSMP (SampleType)	SomaScan 7K	SomaScan Assay v4.1	20%	NT=affinity-proteomics;VV=v1.0.0	NT=human;VV=v1.1.0	NT=somascan;VV=v1.0.0	v1.1.0	NT=sdrf-skills-autoresearch;VV=v0.0.0
PAD000036-744433	Homo sapiens	Blood	not available	not available	not available	CLI8007F506	not available	655	not applicable	blood serum	PAD000036-r00765-744433	protein expression profiling by aptamer array	1	SS-2217258_v4.1_TCRS_Adult_Serum.hybNorm.medNormInt.plateScale.calibrate.anmlQC.qcCheck.medNormRefSMP.adat	ftp://ftp.pride.ebi.ac.uk/pride/data/archive/2026/04/PAD000036/SS-2217258_v4.1_TCRS_Adult_Serum.hybNorm.medNormInt.plateScale.calibrate.anmlQC.qcCheck.medNormRefSMP.adat	SomaScan Assay	SomaScan 7K	v4.1	RFU	PLT11455	Raw RFU, Hyb Normalization, medNormInt (SampleId), plateScale, Calibration, anmlQC, qcCheck, medNormRefSMP (SampleType)	SomaScan 7K	SomaScan Assay v4.1	20%	NT=affinity-proteomics;VV=v1.0.0	NT=human;VV=v1.1.0	NT=somascan;VV=v1.0.0	v1.1.0	NT=sdrf-skills-autoresearch;VV=v0.0.0
PAD000036-744620	Homo sapiens	Blood	not available	not available	not available	CLI8007F506	not available	656	not applicable	blood serum	PAD000036-r00766-744620	protein expression profiling by aptamer array	1	SS-2217258_v4.1_TCRS_Adult_Serum.hybNorm.medNormInt.plateScale.calibrate.anmlQC.qcCheck.medNormRefSMP.adat	ftp://ftp.pride.ebi.ac.uk/pride/data/archive/2026/04/PAD000036/SS-2217258_v4.1_TCRS_Adult_Serum.hybNorm.medNormInt.plateScale.calibrate.anmlQC.qcCheck.medNormRefSMP.adat	SomaScan Assay	SomaScan 7K	v4.1	RFU	PLT11455	Raw RFU, Hyb Normalization, medNormInt (SampleId), plateScale, Calibration, anmlQC, qcCheck, medNormRefSMP (SampleType)	SomaScan 7K	SomaScan Assay v4.1	20%	NT=affinity-proteomics;VV=v1.0.0	NT=human;VV=v1.1.0	NT=somascan;VV=v1.0.0	v1.1.0	NT=sdrf-skills-autoresearch;VV=v0.0.0
PAD000036-745469	Homo sapiens	Blood	not available	not available	not available	CLI8007F506	not available	657	not applicable	blood serum	PAD000036-r00767-745469	protein expression profiling by aptamer array	1	SS-2217258_v4.1_TCRS_Adult_Serum.hybNorm.medNormInt.plateScale.calibrate.anmlQC.qcCheck.medNormRefSMP.adat	ftp://ftp.pride.ebi.ac.uk/pride/data/archive/2026/04/PAD000036/SS-2217258_v4.1_TCRS_Adult_Serum.hybNorm.medNormInt.plateScale.calibrate.anmlQC.qcCheck.medNormRefSMP.adat	SomaScan Assay	SomaScan 7K	v4.1	RFU	PLT11455	Raw RFU, Hyb Normalization, medNormInt (SampleId), plateScale, Calibration, anmlQC, qcCheck, medNormRefSMP (SampleType)	SomaScan 7K	SomaScan Assay v4.1	20%	NT=affinity-proteomics;VV=v1.0.0	NT=human;VV=v1.1.0	NT=somascan;VV=v1.0.0	v1.1.0	NT=sdrf-skills-autoresearch;VV=v0.0.0
PAD000036-744655	Homo sapiens	Blood	not available	not available	not available	CLI8007F506	not available	658	not applicable	blood serum	PAD000036-r00768-744655	protein expression profiling by aptamer array	1	SS-2217258_v4.1_TCRS_Adult_Serum.hybNorm.medNormInt.plateScale.calibrate.anmlQC.qcCheck.medNormRefSMP.adat	ftp://ftp.pride.ebi.ac.uk/pride/data/archive/2026/04/PAD000036/SS-2217258_v4.1_TCRS_Adult_Serum.hybNorm.medNormInt.plateScale.calibrate.anmlQC.qcCheck.medNormRefSMP.adat	SomaScan Assay	SomaScan 7K	v4.1	RFU	PLT11455	Raw RFU, Hyb Normalization, medNormInt (SampleId), plateScale, Calibration, anmlQC, qcCheck, medNormRefSMP (SampleType)	SomaScan 7K	SomaScan Assay v4.1	20%	NT=affinity-proteomics;VV=v1.0.0	NT=human;VV=v1.1.0	NT=somascan;VV=v1.0.0	v1.1.0	NT=sdrf-skills-autoresearch;VV=v0.0.0
PAD000036-744400	Homo sapiens	Blood	not available	not available	not available	CLI8007F506	not available	659	not applicable	blood serum	PAD000036-r00769-744400	protein expression profiling by aptamer array	1	SS-2217258_v4.1_TCRS_Adult_Serum.hybNorm.medNormInt.plateScale.calibrate.anmlQC.qcCheck.medNormRefSMP.adat	ftp://ftp.pride.ebi.ac.uk/pride/data/archive/2026/04/PAD000036/SS-2217258_v4.1_TCRS_Adult_Serum.hybNorm.medNormInt.plateScale.calibrate.anmlQC.qcCheck.medNormRefSMP.adat	SomaScan Assay	SomaScan 7K	v4.1	RFU	PLT11455	Raw RFU, Hyb Normalization, medNormInt (SampleId), plateScale, Calibration, anmlQC, qcCheck, medNormRefSMP (SampleType)	SomaScan 7K	SomaScan Assay v4.1	20%	NT=affinity-proteomics;VV=v1.0.0	NT=human;VV=v1.1.0	NT=somascan;VV=v1.0.0	v1.1.0	NT=sdrf-skills-autoresearch;VV=v0.0.0
PAD000036-745487	Homo sapiens	Blood	not available	not available	not available	CLI8007F506	not available	660	not applicable	blood serum	PAD000036-r00770-745487	protein expression profiling by aptamer array	1	SS-2217258_v4.1_TCRS_Adult_Serum.hybNorm.medNormInt.plateScale.calibrate.anmlQC.qcCheck.medNormRefSMP.adat	ftp://ftp.pride.ebi.ac.uk/pride/data/archive/2026/04/PAD000036/SS-2217258_v4.1_TCRS_Adult_Serum.hybNorm.medNormInt.plateScale.calibrate.anmlQC.qcCheck.medNormRefSMP.adat	SomaScan Assay	SomaScan 7K	v4.1	RFU	PLT11455	Raw RFU, Hyb Normalization, medNormInt (SampleId), plateScale, Calibration, anmlQC, qcCheck, medNormRefSMP (SampleType)	SomaScan 7K	SomaScan Assay v4.1	20%	NT=affinity-proteomics;VV=v1.0.0	NT=human;VV=v1.1.0	NT=somascan;VV=v1.0.0	v1.1.0	NT=sdrf-skills-autoresearch;VV=v0.0.0
PAD000036-745515	Homo sapiens	Blood	not available	not available	not available	CLI8007F506	not available	661	not applicable	blood serum	PAD000036-r00771-745515	protein expression profiling by aptamer array	1	SS-2217258_v4.1_TCRS_Adult_Serum.hybNorm.medNormInt.plateScale.calibrate.anmlQC.qcCheck.medNormRefSMP.adat	ftp://ftp.pride.ebi.ac.uk/pride/data/archive/2026/04/PAD000036/SS-2217258_v4.1_TCRS_Adult_Serum.hybNorm.medNormInt.plateScale.calibrate.anmlQC.qcCheck.medNormRefSMP.adat	SomaScan Assay	SomaScan 7K	v4.1	RFU	PLT11455	Raw RFU, Hyb Normalization, medNormInt (SampleId), plateScale, Calibration, anmlQC, qcCheck, medNormRefSMP (SampleType)	SomaScan 7K	SomaScan Assay v4.1	20%	NT=affinity-proteomics;VV=v1.0.0	NT=human;VV=v1.1.0	NT=somascan;VV=v1.0.0	v1.1.0	NT=sdrf-skills-autoresearch;VV=v0.0.0
PAD000036-744405	Homo sapiens	Blood	not available	not available	not available	CLI8007F506	not available	662	not applicable	blood serum	PAD000036-r00772-744405	protein expression profiling by aptamer array	1	SS-2217258_v4.1_TCRS_Adult_Serum.hybNorm.medNormInt.plateScale.calibrate.anmlQC.qcCheck.medNormRefSMP.adat	ftp://ftp.pride.ebi.ac.uk/pride/data/archive/2026/04/PAD000036/SS-2217258_v4.1_TCRS_Adult_Serum.hybNorm.medNormInt.plateScale.calibrate.anmlQC.qcCheck.medNormRefSMP.adat	SomaScan Assay	SomaScan 7K	v4.1	RFU	PLT11455	Raw RFU, Hyb Normalization, medNormInt (SampleId), plateScale, Calibration, anmlQC, qcCheck, medNormRefSMP (SampleType)	SomaScan 7K	SomaScan Assay v4.1	20%	NT=affinity-proteomics;VV=v1.0.0	NT=human;VV=v1.1.0	NT=somascan;VV=v1.0.0	v1.1.0	NT=sdrf-skills-autoresearch;VV=v0.0.0
PAD000036-745471	Homo sapiens	Blood	not available	not available	not available	CLI8007F506	not available	663	not applicable	blood serum	PAD000036-r00773-745471	protein expression profiling by aptamer array	1	SS-2217258_v4.1_TCRS_Adult_Serum.hybNorm.medNormInt.plateScale.calibrate.anmlQC.qcCheck.medNormRefSMP.adat	ftp://ftp.pride.ebi.ac.uk/pride/data/archive/2026/04/PAD000036/SS-2217258_v4.1_TCRS_Adult_Serum.hybNorm.medNormInt.plateScale.calibrate.anmlQC.qcCheck.medNormRefSMP.adat	SomaScan Assay	SomaScan 7K	v4.1	RFU	PLT11455	Raw RFU, Hyb Normalization, medNormInt (SampleId), plateScale, Calibration, anmlQC, qcCheck, medNormRefSMP (SampleType)	SomaScan 7K	SomaScan Assay v4.1	20%	NT=affinity-proteomics;VV=v1.0.0	NT=human;VV=v1.1.0	NT=somascan;VV=v1.0.0	v1.1.0	NT=sdrf-skills-autoresearch;VV=v0.0.0
PAD000036-200174	Homo sapiens	Blood	not available	not available	not available	not available	not available	214	quality control sample	blood;blood plasma;blood serum	PAD000036-r00774-200174	protein expression profiling by aptamer array	16	SS-2217258_v4.1_TCRS_Adult_Serum.hybNorm.medNormInt.plateScale.calibrate.anmlQC.qcCheck.medNormRefSMP.adat	ftp://ftp.pride.ebi.ac.uk/pride/data/archive/2026/04/PAD000036/SS-2217258_v4.1_TCRS_Adult_Serum.hybNorm.medNormInt.plateScale.calibrate.anmlQC.qcCheck.medNormRefSMP.adat	SomaScan Assay	SomaScan 7K	v4.1	RFU	PLT11455	Raw RFU, Hyb Normalization, medNormInt (SampleId), plateScale, Calibration, anmlQC, qcCheck, medNormRefSMP (SampleType)	SomaScan 7K	SomaScan Assay v4.1	20%	NT=affinity-proteomics;VV=v1.0.0	NT=human;VV=v1.1.0	NT=somascan;VV=v1.0.0	v1.1.0	NT=sdrf-skills-autoresearch;VV=v0.0.0
PAD000036-744513	Homo sapiens	Blood	not available	not available	not available	CLI8007F506	not available	664	not applicable	blood serum	PAD000036-r00775-744513	protein expression profiling by aptamer array	1	SS-2217258_v4.1_TCRS_Adult_Serum.hybNorm.medNormInt.plateScale.calibrate.anmlQC.qcCheck.medNormRefSMP.adat	ftp://ftp.pride.ebi.ac.uk/pride/data/archive/2026/04/PAD000036/SS-2217258_v4.1_TCRS_Adult_Serum.hybNorm.medNormInt.plateScale.calibrate.anmlQC.qcCheck.medNormRefSMP.adat	SomaScan Assay	SomaScan 7K	v4.1	RFU	PLT11455	Raw RFU, Hyb Normalization, medNormInt (SampleId), plateScale, Calibration, anmlQC, qcCheck, medNormRefSMP (SampleType)	SomaScan 7K	SomaScan Assay v4.1	20%	NT=affinity-proteomics;VV=v1.0.0	NT=human;VV=v1.1.0	NT=somascan;VV=v1.0.0	v1.1.0	NT=sdrf-skills-autoresearch;VV=v0.0.0
PAD000036-744678	Homo sapiens	Blood	not available	not available	not available	CLI8007F506	not available	665	not applicable	blood serum	PAD000036-r00776-744678	protein expression profiling by aptamer array	1	SS-2217258_v4.1_TCRS_Adult_Serum.hybNorm.medNormInt.plateScale.calibrate.anmlQC.qcCheck.medNormRefSMP.adat	ftp://ftp.pride.ebi.ac.uk/pride/data/archive/2026/04/PAD000036/SS-2217258_v4.1_TCRS_Adult_Serum.hybNorm.medNormInt.plateScale.calibrate.anmlQC.qcCheck.medNormRefSMP.adat	SomaScan Assay	SomaScan 7K	v4.1	RFU	PLT11455	Raw RFU, Hyb Normalization, medNormInt (SampleId), plateScale, Calibration, anmlQC, qcCheck, medNormRefSMP (SampleType)	SomaScan 7K	SomaScan Assay v4.1	20%	NT=affinity-proteomics;VV=v1.0.0	NT=human;VV=v1.1.0	NT=somascan;VV=v1.0.0	v1.1.0	NT=sdrf-skills-autoresearch;VV=v0.0.0
PAD000036-744617	Homo sapiens	Blood	not available	not available	not available	CLI8007F506	not available	666	not applicable	blood serum	PAD000036-r00777-744617	protein expression profiling by aptamer array	1	SS-2217258_v4.1_TCRS_Adult_Serum.hybNorm.medNormInt.plateScale.calibrate.anmlQC.qcCheck.medNormRefSMP.adat	ftp://ftp.pride.ebi.ac.uk/pride/data/archive/2026/04/PAD000036/SS-2217258_v4.1_TCRS_Adult_Serum.hybNorm.medNormInt.plateScale.calibrate.anmlQC.qcCheck.medNormRefSMP.adat	SomaScan Assay	SomaScan 7K	v4.1	RFU	PLT11455	Raw RFU, Hyb Normalization, medNormInt (SampleId), plateScale, Calibration, anmlQC, qcCheck, medNormRefSMP (SampleType)	SomaScan 7K	SomaScan Assay v4.1	20%	NT=affinity-proteomics;VV=v1.0.0	NT=human;VV=v1.1.0	NT=somascan;VV=v1.0.0	v1.1.0	NT=sdrf-skills-autoresearch;VV=v0.0.0
PAD000036-744588	Homo sapiens	Blood	not available	not available	not available	CLI8007F506	not available	667	not applicable	blood serum	PAD000036-r00778-744588	protein expression profiling by aptamer array	1	SS-2217258_v4.1_TCRS_Adult_Serum.hybNorm.medNormInt.plateScale.calibrate.anmlQC.qcCheck.medNormRefSMP.adat	ftp://ftp.pride.ebi.ac.uk/pride/data/archive/2026/04/PAD000036/SS-2217258_v4.1_TCRS_Adult_Serum.hybNorm.medNormInt.plateScale.calibrate.anmlQC.qcCheck.medNormRefSMP.adat	SomaScan Assay	SomaScan 7K	v4.1	RFU	PLT11455	Raw RFU, Hyb Normalization, medNormInt (SampleId), plateScale, Calibration, anmlQC, qcCheck, medNormRefSMP (SampleType)	SomaScan 7K	SomaScan Assay v4.1	20%	NT=affinity-proteomics;VV=v1.0.0	NT=human;VV=v1.1.0	NT=somascan;VV=v1.0.0	v1.1.0	NT=sdrf-skills-autoresearch;VV=v0.0.0
PAD000036-744494	Homo sapiens	Blood	not available	not available	not available	CLI8007F506	not available	668	not applicable	blood serum	PAD000036-r00779-744494	protein expression profiling by aptamer array	1	SS-2217258_v4.1_TCRS_Adult_Serum.hybNorm.medNormInt.plateScale.calibrate.anmlQC.qcCheck.medNormRefSMP.adat	ftp://ftp.pride.ebi.ac.uk/pride/data/archive/2026/04/PAD000036/SS-2217258_v4.1_TCRS_Adult_Serum.hybNorm.medNormInt.plateScale.calibrate.anmlQC.qcCheck.medNormRefSMP.adat	SomaScan Assay	SomaScan 7K	v4.1	RFU	PLT11455	Raw RFU, Hyb Normalization, medNormInt (SampleId), plateScale, Calibration, anmlQC, qcCheck, medNormRefSMP (SampleType)	SomaScan 7K	SomaScan Assay v4.1	20%	NT=affinity-proteomics;VV=v1.0.0	NT=human;VV=v1.1.0	NT=somascan;VV=v1.0.0	v1.1.0	NT=sdrf-skills-autoresearch;VV=v0.0.0
PAD000036-200173	Homo sapiens	Blood	not available	not available	not available	not available	not available	224	calibrator	blood;blood plasma;blood serum	PAD000036-r00780-200173	protein expression profiling by aptamer array	27	SS-2217258_v4.1_TCRS_Adult_Serum.hybNorm.medNormInt.plateScale.calibrate.anmlQC.qcCheck.medNormRefSMP.adat	ftp://ftp.pride.ebi.ac.uk/pride/data/archive/2026/04/PAD000036/SS-2217258_v4.1_TCRS_Adult_Serum.hybNorm.medNormInt.plateScale.calibrate.anmlQC.qcCheck.medNormRefSMP.adat	SomaScan Assay	SomaScan 7K	v4.1	RFU	PLT11455	Raw RFU, Hyb Normalization, medNormInt (SampleId), plateScale, Calibration, anmlQC, qcCheck, medNormRefSMP (SampleType)	SomaScan 7K	SomaScan Assay v4.1	20%	NT=affinity-proteomics;VV=v1.0.0	NT=human;VV=v1.1.0	NT=somascan;VV=v1.0.0	v1.1.0	NT=sdrf-skills-autoresearch;VV=v0.0.0
PAD000036-744386	Homo sapiens	Blood	not available	not available	not available	CLI8007F506	not available	669	not applicable	blood serum	PAD000036-r00781-744386	protein expression profiling by aptamer array	1	SS-2217258_v4.1_TCRS_Adult_Serum.hybNorm.medNormInt.plateScale.calibrate.anmlQC.qcCheck.medNormRefSMP.adat	ftp://ftp.pride.ebi.ac.uk/pride/data/archive/2026/04/PAD000036/SS-2217258_v4.1_TCRS_Adult_Serum.hybNorm.medNormInt.plateScale.calibrate.anmlQC.qcCheck.medNormRefSMP.adat	SomaScan Assay	SomaScan 7K	v4.1	RFU	PLT11455	Raw RFU, Hyb Normalization, medNormInt (SampleId), plateScale, Calibration, anmlQC, qcCheck, medNormRefSMP (SampleType)	SomaScan 7K	SomaScan Assay v4.1	20%	NT=affinity-proteomics;VV=v1.0.0	NT=human;VV=v1.1.0	NT=somascan;VV=v1.0.0	v1.1.0	NT=sdrf-skills-autoresearch;VV=v0.0.0
PAD000036-744657	Homo sapiens	Blood	not available	not available	not available	CLI8007F506	not available	670	not applicable	blood serum	PAD000036-r00782-744657	protein expression profiling by aptamer array	1	SS-2217258_v4.1_TCRS_Adult_Serum.hybNorm.medNormInt.plateScale.calibrate.anmlQC.qcCheck.medNormRefSMP.adat	ftp://ftp.pride.ebi.ac.uk/pride/data/archive/2026/04/PAD000036/SS-2217258_v4.1_TCRS_Adult_Serum.hybNorm.medNormInt.plateScale.calibrate.anmlQC.qcCheck.medNormRefSMP.adat	SomaScan Assay	SomaScan 7K	v4.1	RFU	PLT11455	Raw RFU, Hyb Normalization, medNormInt (SampleId), plateScale, Calibration, anmlQC, qcCheck, medNormRefSMP (SampleType)	SomaScan 7K	SomaScan Assay v4.1	20%	NT=affinity-proteomics;VV=v1.0.0	NT=human;VV=v1.1.0	NT=somascan;VV=v1.0.0	v1.1.0	NT=sdrf-skills-autoresearch;VV=v0.0.0
PAD000036-745034	Homo sapiens	Blood	not available	not available	not available	CLI8007F506	not available	671	not applicable	blood serum	PAD000036-r00783-745034	protein expression profiling by aptamer array	1	SS-2217258_v4.1_TCRS_Adult_Serum.hybNorm.medNormInt.plateScale.calibrate.anmlQC.qcCheck.medNormRefSMP.adat	ftp://ftp.pride.ebi.ac.uk/pride/data/archive/2026/04/PAD000036/SS-2217258_v4.1_TCRS_Adult_Serum.hybNorm.medNormInt.plateScale.calibrate.anmlQC.qcCheck.medNormRefSMP.adat	SomaScan Assay	SomaScan 7K	v4.1	RFU	PLT11455	Raw RFU, Hyb Normalization, medNormInt (SampleId), plateScale, Calibration, anmlQC, qcCheck, medNormRefSMP (SampleType)	SomaScan 7K	SomaScan Assay v4.1	20%	NT=affinity-proteomics;VV=v1.0.0	NT=human;VV=v1.1.0	NT=somascan;VV=v1.0.0	v1.1.0	NT=sdrf-skills-autoresearch;VV=v0.0.0
PAD000036-744359	Homo sapiens	Blood	not available	not available	not available	CLI8007F506	not available	672	not applicable	blood serum	PAD000036-r00784-744359	protein expression profiling by aptamer array	1	SS-2217258_v4.1_TCRS_Adult_Serum.hybNorm.medNormInt.plateScale.calibrate.anmlQC.qcCheck.medNormRefSMP.adat	ftp://ftp.pride.ebi.ac.uk/pride/data/archive/2026/04/PAD000036/SS-2217258_v4.1_TCRS_Adult_Serum.hybNorm.medNormInt.plateScale.calibrate.anmlQC.qcCheck.medNormRefSMP.adat	SomaScan Assay	SomaScan 7K	v4.1	RFU	PLT11455	Raw RFU, Hyb Normalization, medNormInt (SampleId), plateScale, Calibration, anmlQC, qcCheck, medNormRefSMP (SampleType)	SomaScan 7K	SomaScan Assay v4.1	20%	NT=affinity-proteomics;VV=v1.0.0	NT=human;VV=v1.1.0	NT=somascan;VV=v1.0.0	v1.1.0	NT=sdrf-skills-autoresearch;VV=v0.0.0
PAD000036-744468	Homo sapiens	Blood	not available	not available	not available	CLI8007F506	not available	673	not applicable	blood serum	PAD000036-r00785-744468	protein expression profiling by aptamer array	1	SS-2217258_v4.1_TCRS_Adult_Serum.hybNorm.medNormInt.plateScale.calibrate.anmlQC.qcCheck.medNormRefSMP.adat	ftp://ftp.pride.ebi.ac.uk/pride/data/archive/2026/04/PAD000036/SS-2217258_v4.1_TCRS_Adult_Serum.hybNorm.medNormInt.plateScale.calibrate.anmlQC.qcCheck.medNormRefSMP.adat	SomaScan Assay	SomaScan 7K	v4.1	RFU	PLT11455	Raw RFU, Hyb Normalization, medNormInt (SampleId), plateScale, Calibration, anmlQC, qcCheck, medNormRefSMP (SampleType)	SomaScan 7K	SomaScan Assay v4.1	20%	NT=affinity-proteomics;VV=v1.0.0	NT=human;VV=v1.1.0	NT=somascan;VV=v1.0.0	v1.1.0	NT=sdrf-skills-autoresearch;VV=v0.0.0
PAD000036-744586	Homo sapiens	Blood	not available	not available	not available	CLI8007F506	not available	674	not applicable	blood serum	PAD000036-r00786-744586	protein expression profiling by aptamer array	1	SS-2217258_v4.1_TCRS_Adult_Serum.hybNorm.medNormInt.plateScale.calibrate.anmlQC.qcCheck.medNormRefSMP.adat	ftp://ftp.pride.ebi.ac.uk/pride/data/archive/2026/04/PAD000036/SS-2217258_v4.1_TCRS_Adult_Serum.hybNorm.medNormInt.plateScale.calibrate.anmlQC.qcCheck.medNormRefSMP.adat	SomaScan Assay	SomaScan 7K	v4.1	RFU	PLT11455	Raw RFU, Hyb Normalization, medNormInt (SampleId), plateScale, Calibration, anmlQC, qcCheck, medNormRefSMP (SampleType)	SomaScan 7K	SomaScan Assay v4.1	20%	NT=affinity-proteomics;VV=v1.0.0	NT=human;VV=v1.1.0	NT=somascan;VV=v1.0.0	v1.1.0	NT=sdrf-skills-autoresearch;VV=v0.0.0
PAD000036-744509	Homo sapiens	Blood	not available	not available	not available	CLI8007F506	not available	675	not applicable	blood serum	PAD000036-r00787-744509	protein expression profiling by aptamer array	1	SS-2217258_v4.1_TCRS_Adult_Serum.hybNorm.medNormInt.plateScale.calibrate.anmlQC.qcCheck.medNormRefSMP.adat	ftp://ftp.pride.ebi.ac.uk/pride/data/archive/2026/04/PAD000036/SS-2217258_v4.1_TCRS_Adult_Serum.hybNorm.medNormInt.plateScale.calibrate.anmlQC.qcCheck.medNormRefSMP.adat	SomaScan Assay	SomaScan 7K	v4.1	RFU	PLT11455	Raw RFU, Hyb Normalization, medNormInt (SampleId), plateScale, Calibration, anmlQC, qcCheck, medNormRefSMP (SampleType)	SomaScan 7K	SomaScan Assay v4.1	20%	NT=affinity-proteomics;VV=v1.0.0	NT=human;VV=v1.1.0	NT=somascan;VV=v1.0.0	v1.1.0	NT=sdrf-skills-autoresearch;VV=v0.0.0
PAD000036-745517	Homo sapiens	Blood	not available	not available	not available	CLI8007F506	not available	676	not applicable	blood serum	PAD000036-r00788-745517	protein expression profiling by aptamer array	1	SS-2217258_v4.1_TCRS_Adult_Serum.hybNorm.medNormInt.plateScale.calibrate.anmlQC.qcCheck.medNormRefSMP.adat	ftp://ftp.pride.ebi.ac.uk/pride/data/archive/2026/04/PAD000036/SS-2217258_v4.1_TCRS_Adult_Serum.hybNorm.medNormInt.plateScale.calibrate.anmlQC.qcCheck.medNormRefSMP.adat	SomaScan Assay	SomaScan 7K	v4.1	RFU	PLT11455	Raw RFU, Hyb Normalization, medNormInt (SampleId), plateScale, Calibration, anmlQC, qcCheck, medNormRefSMP (SampleType)	SomaScan 7K	SomaScan Assay v4.1	20%	NT=affinity-proteomics;VV=v1.0.0	NT=human;VV=v1.1.0	NT=somascan;VV=v1.0.0	v1.1.0	NT=sdrf-skills-autoresearch;VV=v0.0.0
PAD000036-745504	Homo sapiens	Blood	not available	not available	not available	CLI8007F506	not available	677	not applicable	blood serum	PAD000036-r00789-745504	protein expression profiling by aptamer array	1	SS-2217258_v4.1_TCRS_Adult_Serum.hybNorm.medNormInt.plateScale.calibrate.anmlQC.qcCheck.medNormRefSMP.adat	ftp://ftp.pride.ebi.ac.uk/pride/data/archive/2026/04/PAD000036/SS-2217258_v4.1_TCRS_Adult_Serum.hybNorm.medNormInt.plateScale.calibrate.anmlQC.qcCheck.medNormRefSMP.adat	SomaScan Assay	SomaScan 7K	v4.1	RFU	PLT11455	Raw RFU, Hyb Normalization, medNormInt (SampleId), plateScale, Calibration, anmlQC, qcCheck, medNormRefSMP (SampleType)	SomaScan 7K	SomaScan Assay v4.1	20%	NT=affinity-proteomics;VV=v1.0.0	NT=human;VV=v1.1.0	NT=somascan;VV=v1.0.0	v1.1.0	NT=sdrf-skills-autoresearch;VV=v0.0.0
PAD000036-220214	Homo sapiens	Blood	not available	not available	not available	not available	not available	208	not applicable	blood;blood plasma;blood serum	PAD000036-r00790-220214	protein expression profiling by aptamer array	19	SS-2217258_v4.1_TCRS_Adult_Serum.hybNorm.medNormInt.plateScale.calibrate.anmlQC.qcCheck.medNormRefSMP.adat	ftp://ftp.pride.ebi.ac.uk/pride/data/archive/2026/04/PAD000036/SS-2217258_v4.1_TCRS_Adult_Serum.hybNorm.medNormInt.plateScale.calibrate.anmlQC.qcCheck.medNormRefSMP.adat	SomaScan Assay	SomaScan 7K	v4.1	RFU	PLT11455	Raw RFU, Hyb Normalization, medNormInt (SampleId), plateScale, Calibration, anmlQC, qcCheck, medNormRefSMP (SampleType)	SomaScan 7K	SomaScan Assay v4.1	20%	NT=affinity-proteomics;VV=v1.0.0	NT=human;VV=v1.1.0	NT=somascan;VV=v1.0.0	v1.1.0	NT=sdrf-skills-autoresearch;VV=v0.0.0
PAD000036-744507	Homo sapiens	Blood	not available	not available	not available	CLI8007F506	not available	678	not applicable	blood serum	PAD000036-r00791-744507	protein expression profiling by aptamer array	1	SS-2217258_v4.1_TCRS_Adult_Serum.hybNorm.medNormInt.plateScale.calibrate.anmlQC.qcCheck.medNormRefSMP.adat	ftp://ftp.pride.ebi.ac.uk/pride/data/archive/2026/04/PAD000036/SS-2217258_v4.1_TCRS_Adult_Serum.hybNorm.medNormInt.plateScale.calibrate.anmlQC.qcCheck.medNormRefSMP.adat	SomaScan Assay	SomaScan 7K	v4.1	RFU	PLT11455	Raw RFU, Hyb Normalization, medNormInt (SampleId), plateScale, Calibration, anmlQC, qcCheck, medNormRefSMP (SampleType)	SomaScan 7K	SomaScan Assay v4.1	20%	NT=affinity-proteomics;VV=v1.0.0	NT=human;VV=v1.1.0	NT=somascan;VV=v1.0.0	v1.1.0	NT=sdrf-skills-autoresearch;VV=v0.0.0
PAD000036-744428	Homo sapiens	Blood	not available	not available	not available	CLI8007F506	not available	679	not applicable	blood serum	PAD000036-r00792-744428	protein expression profiling by aptamer array	1	SS-2217258_v4.1_TCRS_Adult_Serum.hybNorm.medNormInt.plateScale.calibrate.anmlQC.qcCheck.medNormRefSMP.adat	ftp://ftp.pride.ebi.ac.uk/pride/data/archive/2026/04/PAD000036/SS-2217258_v4.1_TCRS_Adult_Serum.hybNorm.medNormInt.plateScale.calibrate.anmlQC.qcCheck.medNormRefSMP.adat	SomaScan Assay	SomaScan 7K	v4.1	RFU	PLT11455	Raw RFU, Hyb Normalization, medNormInt (SampleId), plateScale, Calibration, anmlQC, qcCheck, medNormRefSMP (SampleType)	SomaScan 7K	SomaScan Assay v4.1	20%	NT=affinity-proteomics;VV=v1.0.0	NT=human;VV=v1.1.0	NT=somascan;VV=v1.0.0	v1.1.0	NT=sdrf-skills-autoresearch;VV=v0.0.0
PAD000036-745450	Homo sapiens	Blood	not available	not available	not available	CLI8007F506	not available	680	not applicable	blood serum	PAD000036-r00793-745450	protein expression profiling by aptamer array	1	SS-2217258_v4.1_TCRS_Adult_Serum.hybNorm.medNormInt.plateScale.calibrate.anmlQC.qcCheck.medNormRefSMP.adat	ftp://ftp.pride.ebi.ac.uk/pride/data/archive/2026/04/PAD000036/SS-2217258_v4.1_TCRS_Adult_Serum.hybNorm.medNormInt.plateScale.calibrate.anmlQC.qcCheck.medNormRefSMP.adat	SomaScan Assay	SomaScan 7K	v4.1	RFU	PLT11455	Raw RFU, Hyb Normalization, medNormInt (SampleId), plateScale, Calibration, anmlQC, qcCheck, medNormRefSMP (SampleType)	SomaScan 7K	SomaScan Assay v4.1	20%	NT=affinity-proteomics;VV=v1.0.0	NT=human;VV=v1.1.0	NT=somascan;VV=v1.0.0	v1.1.0	NT=sdrf-skills-autoresearch;VV=v0.0.0
PAD000036-744512	Homo sapiens	Blood	not available	not available	not available	CLI8007F506	not available	681	not applicable	blood serum	PAD000036-r00794-744512	protein expression profiling by aptamer array	1	SS-2217258_v4.1_TCRS_Adult_Serum.hybNorm.medNormInt.plateScale.calibrate.anmlQC.qcCheck.medNormRefSMP.adat	ftp://ftp.pride.ebi.ac.uk/pride/data/archive/2026/04/PAD000036/SS-2217258_v4.1_TCRS_Adult_Serum.hybNorm.medNormInt.plateScale.calibrate.anmlQC.qcCheck.medNormRefSMP.adat	SomaScan Assay	SomaScan 7K	v4.1	RFU	PLT11455	Raw RFU, Hyb Normalization, medNormInt (SampleId), plateScale, Calibration, anmlQC, qcCheck, medNormRefSMP (SampleType)	SomaScan 7K	SomaScan Assay v4.1	20%	NT=affinity-proteomics;VV=v1.0.0	NT=human;VV=v1.1.0	NT=somascan;VV=v1.0.0	v1.1.0	NT=sdrf-skills-autoresearch;VV=v0.0.0
PAD000036-200173	Homo sapiens	Blood	not available	not available	not available	not available	not available	224	calibrator	blood;blood plasma;blood serum	PAD000036-r00795-200173	protein expression profiling by aptamer array	28	SS-2217258_v4.1_TCRS_Adult_Serum.hybNorm.medNormInt.plateScale.calibrate.anmlQC.qcCheck.medNormRefSMP.adat	ftp://ftp.pride.ebi.ac.uk/pride/data/archive/2026/04/PAD000036/SS-2217258_v4.1_TCRS_Adult_Serum.hybNorm.medNormInt.plateScale.calibrate.anmlQC.qcCheck.medNormRefSMP.adat	SomaScan Assay	SomaScan 7K	v4.1	RFU	PLT11455	Raw RFU, Hyb Normalization, medNormInt (SampleId), plateScale, Calibration, anmlQC, qcCheck, medNormRefSMP (SampleType)	SomaScan 7K	SomaScan Assay v4.1	20%	NT=affinity-proteomics;VV=v1.0.0	NT=human;VV=v1.1.0	NT=somascan;VV=v1.0.0	v1.1.0	NT=sdrf-skills-autoresearch;VV=v0.0.0
PAD000036-744505	Homo sapiens	Blood	not available	not available	not available	CLI8007F506	not available	682	not applicable	blood serum	PAD000036-r00796-744505	protein expression profiling by aptamer array	1	SS-2217258_v4.1_TCRS_Adult_Serum.hybNorm.medNormInt.plateScale.calibrate.anmlQC.qcCheck.medNormRefSMP.adat	ftp://ftp.pride.ebi.ac.uk/pride/data/archive/2026/04/PAD000036/SS-2217258_v4.1_TCRS_Adult_Serum.hybNorm.medNormInt.plateScale.calibrate.anmlQC.qcCheck.medNormRefSMP.adat	SomaScan Assay	SomaScan 7K	v4.1	RFU	PLT11455	Raw RFU, Hyb Normalization, medNormInt (SampleId), plateScale, Calibration, anmlQC, qcCheck, medNormRefSMP (SampleType)	SomaScan 7K	SomaScan Assay v4.1	20%	NT=affinity-proteomics;VV=v1.0.0	NT=human;VV=v1.1.0	NT=somascan;VV=v1.0.0	v1.1.0	NT=sdrf-skills-autoresearch;VV=v0.0.0
PAD000036-745464	Homo sapiens	Blood	not available	not available	not available	CLI8007F506	not available	683	not applicable	blood serum	PAD000036-r00797-745464	protein expression profiling by aptamer array	1	SS-2217258_v4.1_TCRS_Adult_Serum.hybNorm.medNormInt.plateScale.calibrate.anmlQC.qcCheck.medNormRefSMP.adat	ftp://ftp.pride.ebi.ac.uk/pride/data/archive/2026/04/PAD000036/SS-2217258_v4.1_TCRS_Adult_Serum.hybNorm.medNormInt.plateScale.calibrate.anmlQC.qcCheck.medNormRefSMP.adat	SomaScan Assay	SomaScan 7K	v4.1	RFU	PLT11455	Raw RFU, Hyb Normalization, medNormInt (SampleId), plateScale, Calibration, anmlQC, qcCheck, medNormRefSMP (SampleType)	SomaScan 7K	SomaScan Assay v4.1	20%	NT=affinity-proteomics;VV=v1.0.0	NT=human;VV=v1.1.0	NT=somascan;VV=v1.0.0	v1.1.0	NT=sdrf-skills-autoresearch;VV=v0.0.0
PAD000036-744371	Homo sapiens	Blood	not available	not available	not available	CLI8007F506	not available	684	not applicable	blood serum	PAD000036-r00798-744371	protein expression profiling by aptamer array	1	SS-2217258_v4.1_TCRS_Adult_Serum.hybNorm.medNormInt.plateScale.calibrate.anmlQC.qcCheck.medNormRefSMP.adat	ftp://ftp.pride.ebi.ac.uk/pride/data/archive/2026/04/PAD000036/SS-2217258_v4.1_TCRS_Adult_Serum.hybNorm.medNormInt.plateScale.calibrate.anmlQC.qcCheck.medNormRefSMP.adat	SomaScan Assay	SomaScan 7K	v4.1	RFU	PLT11455	Raw RFU, Hyb Normalization, medNormInt (SampleId), plateScale, Calibration, anmlQC, qcCheck, medNormRefSMP (SampleType)	SomaScan 7K	SomaScan Assay v4.1	20%	NT=affinity-proteomics;VV=v1.0.0	NT=human;VV=v1.1.0	NT=somascan;VV=v1.0.0	v1.1.0	NT=sdrf-skills-autoresearch;VV=v0.0.0
PAD000036-744547	Homo sapiens	Blood	not available	not available	not available	CLI8007F506	not available	685	not applicable	blood serum	PAD000036-r00799-744547	protein expression profiling by aptamer array	1	SS-2217258_v4.1_TCRS_Adult_Serum.hybNorm.medNormInt.plateScale.calibrate.anmlQC.qcCheck.medNormRefSMP.adat	ftp://ftp.pride.ebi.ac.uk/pride/data/archive/2026/04/PAD000036/SS-2217258_v4.1_TCRS_Adult_Serum.hybNorm.medNormInt.plateScale.calibrate.anmlQC.qcCheck.medNormRefSMP.adat	SomaScan Assay	SomaScan 7K	v4.1	RFU	PLT11455	Raw RFU, Hyb Normalization, medNormInt (SampleId), plateScale, Calibration, anmlQC, qcCheck, medNormRefSMP (SampleType)	SomaScan 7K	SomaScan Assay v4.1	20%	NT=affinity-proteomics;VV=v1.0.0	NT=human;VV=v1.1.0	NT=somascan;VV=v1.0.0	v1.1.0	NT=sdrf-skills-autoresearch;VV=v0.0.0
PAD000036-744525	Homo sapiens	Blood	not available	not available	not available	CLI8007F506	not available	686	not applicable	blood serum	PAD000036-r00800-744525	protein expression profiling by aptamer array	1	SS-2217258_v4.1_TCRS_Adult_Serum.hybNorm.medNormInt.plateScale.calibrate.anmlQC.qcCheck.medNormRefSMP.adat	ftp://ftp.pride.ebi.ac.uk/pride/data/archive/2026/04/PAD000036/SS-2217258_v4.1_TCRS_Adult_Serum.hybNorm.medNormInt.plateScale.calibrate.anmlQC.qcCheck.medNormRefSMP.adat	SomaScan Assay	SomaScan 7K	v4.1	RFU	PLT11455	Raw RFU, Hyb Normalization, medNormInt (SampleId), plateScale, Calibration, anmlQC, qcCheck, medNormRefSMP (SampleType)	SomaScan 7K	SomaScan Assay v4.1	20%	NT=affinity-proteomics;VV=v1.0.0	NT=human;VV=v1.1.0	NT=somascan;VV=v1.0.0	v1.1.0	NT=sdrf-skills-autoresearch;VV=v0.0.0
PAD000036-745497	Homo sapiens	Blood	not available	not available	not available	CLI8007F506	not available	687	not applicable	blood serum	PAD000036-r00801-745497	protein expression profiling by aptamer array	1	SS-2217258_v4.1_TCRS_Adult_Serum.hybNorm.medNormInt.plateScale.calibrate.anmlQC.qcCheck.medNormRefSMP.adat	ftp://ftp.pride.ebi.ac.uk/pride/data/archive/2026/04/PAD000036/SS-2217258_v4.1_TCRS_Adult_Serum.hybNorm.medNormInt.plateScale.calibrate.anmlQC.qcCheck.medNormRefSMP.adat	SomaScan Assay	SomaScan 7K	v4.1	RFU	PLT11455	Raw RFU, Hyb Normalization, medNormInt (SampleId), plateScale, Calibration, anmlQC, qcCheck, medNormRefSMP (SampleType)	SomaScan 7K	SomaScan Assay v4.1	20%	NT=affinity-proteomics;VV=v1.0.0	NT=human;VV=v1.1.0	NT=somascan;VV=v1.0.0	v1.1.0	NT=sdrf-skills-autoresearch;VV=v0.0.0
PAD000036-744503	Homo sapiens	Blood	not available	not available	not available	CLI8007F506	not available	688	not applicable	blood serum	PAD000036-r00802-744503	protein expression profiling by aptamer array	1	SS-2217258_v4.1_TCRS_Adult_Serum.hybNorm.medNormInt.plateScale.calibrate.anmlQC.qcCheck.medNormRefSMP.adat	ftp://ftp.pride.ebi.ac.uk/pride/data/archive/2026/04/PAD000036/SS-2217258_v4.1_TCRS_Adult_Serum.hybNorm.medNormInt.plateScale.calibrate.anmlQC.qcCheck.medNormRefSMP.adat	SomaScan Assay	SomaScan 7K	v4.1	RFU	PLT11455	Raw RFU, Hyb Normalization, medNormInt (SampleId), plateScale, Calibration, anmlQC, qcCheck, medNormRefSMP (SampleType)	SomaScan 7K	SomaScan Assay v4.1	20%	NT=affinity-proteomics;VV=v1.0.0	NT=human;VV=v1.1.0	NT=somascan;VV=v1.0.0	v1.1.0	NT=sdrf-skills-autoresearch;VV=v0.0.0
PAD000036-744389	Homo sapiens	Blood	not available	not available	not available	CLI8007F506	not available	689	not applicable	blood serum	PAD000036-r00803-744389	protein expression profiling by aptamer array	1	SS-2217258_v4.1_TCRS_Adult_Serum.hybNorm.medNormInt.plateScale.calibrate.anmlQC.qcCheck.medNormRefSMP.adat	ftp://ftp.pride.ebi.ac.uk/pride/data/archive/2026/04/PAD000036/SS-2217258_v4.1_TCRS_Adult_Serum.hybNorm.medNormInt.plateScale.calibrate.anmlQC.qcCheck.medNormRefSMP.adat	SomaScan Assay	SomaScan 7K	v4.1	RFU	PLT11455	Raw RFU, Hyb Normalization, medNormInt (SampleId), plateScale, Calibration, anmlQC, qcCheck, medNormRefSMP (SampleType)	SomaScan 7K	SomaScan Assay v4.1	20%	NT=affinity-proteomics;VV=v1.0.0	NT=human;VV=v1.1.0	NT=somascan;VV=v1.0.0	v1.1.0	NT=sdrf-skills-autoresearch;VV=v0.0.0
PAD000036-744705	Homo sapiens	Blood	not available	not available	not available	CLI8007F506	not available	690	not applicable	blood serum	PAD000036-r00804-744705	protein expression profiling by aptamer array	1	SS-2217258_v4.1_TCRS_Adult_Serum.hybNorm.medNormInt.plateScale.calibrate.anmlQC.qcCheck.medNormRefSMP.adat	ftp://ftp.pride.ebi.ac.uk/pride/data/archive/2026/04/PAD000036/SS-2217258_v4.1_TCRS_Adult_Serum.hybNorm.medNormInt.plateScale.calibrate.anmlQC.qcCheck.medNormRefSMP.adat	SomaScan Assay	SomaScan 7K	v4.1	RFU	PLT11455	Raw RFU, Hyb Normalization, medNormInt (SampleId), plateScale, Calibration, anmlQC, qcCheck, medNormRefSMP (SampleType)	SomaScan 7K	SomaScan Assay v4.1	20%	NT=affinity-proteomics;VV=v1.0.0	NT=human;VV=v1.1.0	NT=somascan;VV=v1.0.0	v1.1.0	NT=sdrf-skills-autoresearch;VV=v0.0.0
PAD000036-744408	Homo sapiens	Blood	not available	not available	not available	CLI8007F506	not available	691	not applicable	blood serum	PAD000036-r00805-744408	protein expression profiling by aptamer array	1	SS-2217258_v4.1_TCRS_Adult_Serum.hybNorm.medNormInt.plateScale.calibrate.anmlQC.qcCheck.medNormRefSMP.adat	ftp://ftp.pride.ebi.ac.uk/pride/data/archive/2026/04/PAD000036/SS-2217258_v4.1_TCRS_Adult_Serum.hybNorm.medNormInt.plateScale.calibrate.anmlQC.qcCheck.medNormRefSMP.adat	SomaScan Assay	SomaScan 7K	v4.1	RFU	PLT11455	Raw RFU, Hyb Normalization, medNormInt (SampleId), plateScale, Calibration, anmlQC, qcCheck, medNormRefSMP (SampleType)	SomaScan 7K	SomaScan Assay v4.1	20%	NT=affinity-proteomics;VV=v1.0.0	NT=human;VV=v1.1.0	NT=somascan;VV=v1.0.0	v1.1.0	NT=sdrf-skills-autoresearch;VV=v0.0.0
PAD000036-744485	Homo sapiens	Blood	not available	not available	not available	CLI8007F506	not available	692	not applicable	blood serum	PAD000036-r00806-744485	protein expression profiling by aptamer array	1	SS-2217258_v4.1_TCRS_Adult_Serum.hybNorm.medNormInt.plateScale.calibrate.anmlQC.qcCheck.medNormRefSMP.adat	ftp://ftp.pride.ebi.ac.uk/pride/data/archive/2026/04/PAD000036/SS-2217258_v4.1_TCRS_Adult_Serum.hybNorm.medNormInt.plateScale.calibrate.anmlQC.qcCheck.medNormRefSMP.adat	SomaScan Assay	SomaScan 7K	v4.1	RFU	PLT11455	Raw RFU, Hyb Normalization, medNormInt (SampleId), plateScale, Calibration, anmlQC, qcCheck, medNormRefSMP (SampleType)	SomaScan 7K	SomaScan Assay v4.1	20%	NT=affinity-proteomics;VV=v1.0.0	NT=human;VV=v1.1.0	NT=somascan;VV=v1.0.0	v1.1.0	NT=sdrf-skills-autoresearch;VV=v0.0.0
PAD000036-744694	Homo sapiens	Blood	not available	not available	not available	CLI8007F506	not available	693	not applicable	blood serum	PAD000036-r00807-744694	protein expression profiling by aptamer array	1	SS-2217258_v4.1_TCRS_Adult_Serum.hybNorm.medNormInt.plateScale.calibrate.anmlQC.qcCheck.medNormRefSMP.adat	ftp://ftp.pride.ebi.ac.uk/pride/data/archive/2026/04/PAD000036/SS-2217258_v4.1_TCRS_Adult_Serum.hybNorm.medNormInt.plateScale.calibrate.anmlQC.qcCheck.medNormRefSMP.adat	SomaScan Assay	SomaScan 7K	v4.1	RFU	PLT11455	Raw RFU, Hyb Normalization, medNormInt (SampleId), plateScale, Calibration, anmlQC, qcCheck, medNormRefSMP (SampleType)	SomaScan 7K	SomaScan Assay v4.1	20%	NT=affinity-proteomics;VV=v1.0.0	NT=human;VV=v1.1.0	NT=somascan;VV=v1.0.0	v1.1.0	NT=sdrf-skills-autoresearch;VV=v0.0.0
PAD000036-744693	Homo sapiens	Blood	not available	not available	not available	CLI8007F506	not available	694	not applicable	blood serum	PAD000036-r00808-744693	protein expression profiling by aptamer array	1	SS-2217258_v4.1_TCRS_Adult_Serum.hybNorm.medNormInt.plateScale.calibrate.anmlQC.qcCheck.medNormRefSMP.adat	ftp://ftp.pride.ebi.ac.uk/pride/data/archive/2026/04/PAD000036/SS-2217258_v4.1_TCRS_Adult_Serum.hybNorm.medNormInt.plateScale.calibrate.anmlQC.qcCheck.medNormRefSMP.adat	SomaScan Assay	SomaScan 7K	v4.1	RFU	PLT11455	Raw RFU, Hyb Normalization, medNormInt (SampleId), plateScale, Calibration, anmlQC, qcCheck, medNormRefSMP (SampleType)	SomaScan 7K	SomaScan Assay v4.1	20%	NT=affinity-proteomics;VV=v1.0.0	NT=human;VV=v1.1.0	NT=somascan;VV=v1.0.0	v1.1.0	NT=sdrf-skills-autoresearch;VV=v0.0.0
PAD000036-744554	Homo sapiens	Blood	not available	not available	not available	CLI8007F506	not available	695	not applicable	blood serum	PAD000036-r00809-744554	protein expression profiling by aptamer array	1	SS-2217258_v4.1_TCRS_Adult_Serum.hybNorm.medNormInt.plateScale.calibrate.anmlQC.qcCheck.medNormRefSMP.adat	ftp://ftp.pride.ebi.ac.uk/pride/data/archive/2026/04/PAD000036/SS-2217258_v4.1_TCRS_Adult_Serum.hybNorm.medNormInt.plateScale.calibrate.anmlQC.qcCheck.medNormRefSMP.adat	SomaScan Assay	SomaScan 7K	v4.1	RFU	PLT11455	Raw RFU, Hyb Normalization, medNormInt (SampleId), plateScale, Calibration, anmlQC, qcCheck, medNormRefSMP (SampleType)	SomaScan 7K	SomaScan Assay v4.1	20%	NT=affinity-proteomics;VV=v1.0.0	NT=human;VV=v1.1.0	NT=somascan;VV=v1.0.0	v1.1.0	NT=sdrf-skills-autoresearch;VV=v0.0.0
PAD000036-744392	Homo sapiens	Blood	not available	not available	not available	CLI8007F506	not available	696	not applicable	blood serum	PAD000036-r00810-744392	protein expression profiling by aptamer array	1	SS-2217258_v4.1_TCRS_Adult_Serum.hybNorm.medNormInt.plateScale.calibrate.anmlQC.qcCheck.medNormRefSMP.adat	ftp://ftp.pride.ebi.ac.uk/pride/data/archive/2026/04/PAD000036/SS-2217258_v4.1_TCRS_Adult_Serum.hybNorm.medNormInt.plateScale.calibrate.anmlQC.qcCheck.medNormRefSMP.adat	SomaScan Assay	SomaScan 7K	v4.1	RFU	PLT11455	Raw RFU, Hyb Normalization, medNormInt (SampleId), plateScale, Calibration, anmlQC, qcCheck, medNormRefSMP (SampleType)	SomaScan 7K	SomaScan Assay v4.1	20%	NT=affinity-proteomics;VV=v1.0.0	NT=human;VV=v1.1.0	NT=somascan;VV=v1.0.0	v1.1.0	NT=sdrf-skills-autoresearch;VV=v0.0.0
PAD000036-200174	Homo sapiens	Blood	not available	not available	not available	not available	not available	214	quality control sample	blood;blood plasma;blood serum	PAD000036-r00811-200174	protein expression profiling by aptamer array	17	SS-2217258_v4.1_TCRS_Adult_Serum.hybNorm.medNormInt.plateScale.calibrate.anmlQC.qcCheck.medNormRefSMP.adat	ftp://ftp.pride.ebi.ac.uk/pride/data/archive/2026/04/PAD000036/SS-2217258_v4.1_TCRS_Adult_Serum.hybNorm.medNormInt.plateScale.calibrate.anmlQC.qcCheck.medNormRefSMP.adat	SomaScan Assay	SomaScan 7K	v4.1	RFU	PLT11455	Raw RFU, Hyb Normalization, medNormInt (SampleId), plateScale, Calibration, anmlQC, qcCheck, medNormRefSMP (SampleType)	SomaScan 7K	SomaScan Assay v4.1	20%	NT=affinity-proteomics;VV=v1.0.0	NT=human;VV=v1.1.0	NT=somascan;VV=v1.0.0	v1.1.0	NT=sdrf-skills-autoresearch;VV=v0.0.0
PAD000036-744453	Homo sapiens	Blood	not available	not available	not available	CLI8007F506	not available	697	not applicable	blood serum	PAD000036-r00812-744453	protein expression profiling by aptamer array	1	SS-2217258_v4.1_TCRS_Adult_Serum.hybNorm.medNormInt.plateScale.calibrate.anmlQC.qcCheck.medNormRefSMP.adat	ftp://ftp.pride.ebi.ac.uk/pride/data/archive/2026/04/PAD000036/SS-2217258_v4.1_TCRS_Adult_Serum.hybNorm.medNormInt.plateScale.calibrate.anmlQC.qcCheck.medNormRefSMP.adat	SomaScan Assay	SomaScan 7K	v4.1	RFU	PLT11455	Raw RFU, Hyb Normalization, medNormInt (SampleId), plateScale, Calibration, anmlQC, qcCheck, medNormRefSMP (SampleType)	SomaScan 7K	SomaScan Assay v4.1	20%	NT=affinity-proteomics;VV=v1.0.0	NT=human;VV=v1.1.0	NT=somascan;VV=v1.0.0	v1.1.0	NT=sdrf-skills-autoresearch;VV=v0.0.0
PAD000036-744491	Homo sapiens	Blood	not available	not available	not available	CLI8007F506	not available	698	not applicable	blood serum	PAD000036-r00813-744491	protein expression profiling by aptamer array	1	SS-2217258_v4.1_TCRS_Adult_Serum.hybNorm.medNormInt.plateScale.calibrate.anmlQC.qcCheck.medNormRefSMP.adat	ftp://ftp.pride.ebi.ac.uk/pride/data/archive/2026/04/PAD000036/SS-2217258_v4.1_TCRS_Adult_Serum.hybNorm.medNormInt.plateScale.calibrate.anmlQC.qcCheck.medNormRefSMP.adat	SomaScan Assay	SomaScan 7K	v4.1	RFU	PLT11455	Raw RFU, Hyb Normalization, medNormInt (SampleId), plateScale, Calibration, anmlQC, qcCheck, medNormRefSMP (SampleType)	SomaScan 7K	SomaScan Assay v4.1	20%	NT=affinity-proteomics;VV=v1.0.0	NT=human;VV=v1.1.0	NT=somascan;VV=v1.0.0	v1.1.0	NT=sdrf-skills-autoresearch;VV=v0.0.0
PAD000036-744501	Homo sapiens	Blood	not available	not available	not available	CLI8007F506	not available	699	not applicable	blood serum	PAD000036-r00814-744501	protein expression profiling by aptamer array	1	SS-2217258_v4.1_TCRS_Adult_Serum.hybNorm.medNormInt.plateScale.calibrate.anmlQC.qcCheck.medNormRefSMP.adat	ftp://ftp.pride.ebi.ac.uk/pride/data/archive/2026/04/PAD000036/SS-2217258_v4.1_TCRS_Adult_Serum.hybNorm.medNormInt.plateScale.calibrate.anmlQC.qcCheck.medNormRefSMP.adat	SomaScan Assay	SomaScan 7K	v4.1	RFU	PLT11455	Raw RFU, Hyb Normalization, medNormInt (SampleId), plateScale, Calibration, anmlQC, qcCheck, medNormRefSMP (SampleType)	SomaScan 7K	SomaScan Assay v4.1	20%	NT=affinity-proteomics;VV=v1.0.0	NT=human;VV=v1.1.0	NT=somascan;VV=v1.0.0	v1.1.0	NT=sdrf-skills-autoresearch;VV=v0.0.0
PAD000036-744439	Homo sapiens	Blood	not available	not available	not available	CLI8007F506	not available	700	not applicable	blood serum	PAD000036-r00815-744439	protein expression profiling by aptamer array	1	SS-2217258_v4.1_TCRS_Adult_Serum.hybNorm.medNormInt.plateScale.calibrate.anmlQC.qcCheck.medNormRefSMP.adat	ftp://ftp.pride.ebi.ac.uk/pride/data/archive/2026/04/PAD000036/SS-2217258_v4.1_TCRS_Adult_Serum.hybNorm.medNormInt.plateScale.calibrate.anmlQC.qcCheck.medNormRefSMP.adat	SomaScan Assay	SomaScan 7K	v4.1	RFU	PLT11455	Raw RFU, Hyb Normalization, medNormInt (SampleId), plateScale, Calibration, anmlQC, qcCheck, medNormRefSMP (SampleType)	SomaScan 7K	SomaScan Assay v4.1	20%	NT=affinity-proteomics;VV=v1.0.0	NT=human;VV=v1.1.0	NT=somascan;VV=v1.0.0	v1.1.0	NT=sdrf-skills-autoresearch;VV=v0.0.0
PAD000036-744683	Homo sapiens	Blood	not available	not available	not available	CLI8007F506	not available	701	not applicable	blood serum	PAD000036-r00816-744683	protein expression profiling by aptamer array	1	SS-2217258_v4.1_TCRS_Adult_Serum.hybNorm.medNormInt.plateScale.calibrate.anmlQC.qcCheck.medNormRefSMP.adat	ftp://ftp.pride.ebi.ac.uk/pride/data/archive/2026/04/PAD000036/SS-2217258_v4.1_TCRS_Adult_Serum.hybNorm.medNormInt.plateScale.calibrate.anmlQC.qcCheck.medNormRefSMP.adat	SomaScan Assay	SomaScan 7K	v4.1	RFU	PLT11455	Raw RFU, Hyb Normalization, medNormInt (SampleId), plateScale, Calibration, anmlQC, qcCheck, medNormRefSMP (SampleType)	SomaScan 7K	SomaScan Assay v4.1	20%	NT=affinity-proteomics;VV=v1.0.0	NT=human;VV=v1.1.0	NT=somascan;VV=v1.0.0	v1.1.0	NT=sdrf-skills-autoresearch;VV=v0.0.0
PAD000036-200174	Homo sapiens	Blood	not available	not available	not available	not available	not available	214	quality control sample	blood;blood plasma;blood serum	PAD000036-r00817-200174	protein expression profiling by aptamer array	18	SS-2217258_v4.1_TCRS_Adult_Serum.hybNorm.medNormInt.plateScale.calibrate.anmlQC.qcCheck.medNormRefSMP.adat	ftp://ftp.pride.ebi.ac.uk/pride/data/archive/2026/04/PAD000036/SS-2217258_v4.1_TCRS_Adult_Serum.hybNorm.medNormInt.plateScale.calibrate.anmlQC.qcCheck.medNormRefSMP.adat	SomaScan Assay	SomaScan 7K	v4.1	RFU	PLT11455	Raw RFU, Hyb Normalization, medNormInt (SampleId), plateScale, Calibration, anmlQC, qcCheck, medNormRefSMP (SampleType)	SomaScan 7K	SomaScan Assay v4.1	20%	NT=affinity-proteomics;VV=v1.0.0	NT=human;VV=v1.1.0	NT=somascan;VV=v1.0.0	v1.1.0	NT=sdrf-skills-autoresearch;VV=v0.0.0
PAD000036-744623	Homo sapiens	Blood	not available	not available	not available	CLI8007F506	not available	702	not applicable	blood serum	PAD000036-r00818-744623	protein expression profiling by aptamer array	1	SS-2217258_v4.1_TCRS_Adult_Serum.hybNorm.medNormInt.plateScale.calibrate.anmlQC.qcCheck.medNormRefSMP.adat	ftp://ftp.pride.ebi.ac.uk/pride/data/archive/2026/04/PAD000036/SS-2217258_v4.1_TCRS_Adult_Serum.hybNorm.medNormInt.plateScale.calibrate.anmlQC.qcCheck.medNormRefSMP.adat	SomaScan Assay	SomaScan 7K	v4.1	RFU	PLT11455	Raw RFU, Hyb Normalization, medNormInt (SampleId), plateScale, Calibration, anmlQC, qcCheck, medNormRefSMP (SampleType)	SomaScan 7K	SomaScan Assay v4.1	20%	NT=affinity-proteomics;VV=v1.0.0	NT=human;VV=v1.1.0	NT=somascan;VV=v1.0.0	v1.1.0	NT=sdrf-skills-autoresearch;VV=v0.0.0
PAD000036-744630	Homo sapiens	Blood	not available	not available	not available	CLI8007F506	not available	703	not applicable	blood serum	PAD000036-r00819-744630	protein expression profiling by aptamer array	1	SS-2217258_v4.1_TCRS_Adult_Serum.hybNorm.medNormInt.plateScale.calibrate.anmlQC.qcCheck.medNormRefSMP.adat	ftp://ftp.pride.ebi.ac.uk/pride/data/archive/2026/04/PAD000036/SS-2217258_v4.1_TCRS_Adult_Serum.hybNorm.medNormInt.plateScale.calibrate.anmlQC.qcCheck.medNormRefSMP.adat	SomaScan Assay	SomaScan 7K	v4.1	RFU	PLT11455	Raw RFU, Hyb Normalization, medNormInt (SampleId), plateScale, Calibration, anmlQC, qcCheck, medNormRefSMP (SampleType)	SomaScan 7K	SomaScan Assay v4.1	20%	NT=affinity-proteomics;VV=v1.0.0	NT=human;VV=v1.1.0	NT=somascan;VV=v1.0.0	v1.1.0	NT=sdrf-skills-autoresearch;VV=v0.0.0
PAD000036-744497	Homo sapiens	Blood	not available	not available	not available	CLI8007F506	not available	704	not applicable	blood serum	PAD000036-r00820-744497	protein expression profiling by aptamer array	1	SS-2217258_v4.1_TCRS_Adult_Serum.hybNorm.medNormInt.plateScale.calibrate.anmlQC.qcCheck.medNormRefSMP.adat	ftp://ftp.pride.ebi.ac.uk/pride/data/archive/2026/04/PAD000036/SS-2217258_v4.1_TCRS_Adult_Serum.hybNorm.medNormInt.plateScale.calibrate.anmlQC.qcCheck.medNormRefSMP.adat	SomaScan Assay	SomaScan 7K	v4.1	RFU	PLT11455	Raw RFU, Hyb Normalization, medNormInt (SampleId), plateScale, Calibration, anmlQC, qcCheck, medNormRefSMP (SampleType)	SomaScan 7K	SomaScan Assay v4.1	20%	NT=affinity-proteomics;VV=v1.0.0	NT=human;VV=v1.1.0	NT=somascan;VV=v1.0.0	v1.1.0	NT=sdrf-skills-autoresearch;VV=v0.0.0
PAD000036-744387	Homo sapiens	Blood	not available	not available	not available	CLI8007F506	not available	705	not applicable	blood serum	PAD000036-r00821-744387	protein expression profiling by aptamer array	1	SS-2217258_v4.1_TCRS_Adult_Serum.hybNorm.medNormInt.plateScale.calibrate.anmlQC.qcCheck.medNormRefSMP.adat	ftp://ftp.pride.ebi.ac.uk/pride/data/archive/2026/04/PAD000036/SS-2217258_v4.1_TCRS_Adult_Serum.hybNorm.medNormInt.plateScale.calibrate.anmlQC.qcCheck.medNormRefSMP.adat	SomaScan Assay	SomaScan 7K	v4.1	RFU	PLT11455	Raw RFU, Hyb Normalization, medNormInt (SampleId), plateScale, Calibration, anmlQC, qcCheck, medNormRefSMP (SampleType)	SomaScan 7K	SomaScan Assay v4.1	20%	NT=affinity-proteomics;VV=v1.0.0	NT=human;VV=v1.1.0	NT=somascan;VV=v1.0.0	v1.1.0	NT=sdrf-skills-autoresearch;VV=v0.0.0
PAD000036-744515	Homo sapiens	Blood	not available	not available	not available	CLI8007F506	not available	706	not applicable	blood serum	PAD000036-r00822-744515	protein expression profiling by aptamer array	1	SS-2217258_v4.1_TCRS_Adult_Serum.hybNorm.medNormInt.plateScale.calibrate.anmlQC.qcCheck.medNormRefSMP.adat	ftp://ftp.pride.ebi.ac.uk/pride/data/archive/2026/04/PAD000036/SS-2217258_v4.1_TCRS_Adult_Serum.hybNorm.medNormInt.plateScale.calibrate.anmlQC.qcCheck.medNormRefSMP.adat	SomaScan Assay	SomaScan 7K	v4.1	RFU	PLT11455	Raw RFU, Hyb Normalization, medNormInt (SampleId), plateScale, Calibration, anmlQC, qcCheck, medNormRefSMP (SampleType)	SomaScan 7K	SomaScan Assay v4.1	20%	NT=affinity-proteomics;VV=v1.0.0	NT=human;VV=v1.1.0	NT=somascan;VV=v1.0.0	v1.1.0	NT=sdrf-skills-autoresearch;VV=v0.0.0
PAD000036-744396	Homo sapiens	Blood	not available	not available	not available	CLI8007F506	not available	707	not applicable	blood serum	PAD000036-r00823-744396	protein expression profiling by aptamer array	1	SS-2217258_v4.1_TCRS_Adult_Serum.hybNorm.medNormInt.plateScale.calibrate.anmlQC.qcCheck.medNormRefSMP.adat	ftp://ftp.pride.ebi.ac.uk/pride/data/archive/2026/04/PAD000036/SS-2217258_v4.1_TCRS_Adult_Serum.hybNorm.medNormInt.plateScale.calibrate.anmlQC.qcCheck.medNormRefSMP.adat	SomaScan Assay	SomaScan 7K	v4.1	RFU	PLT11455	Raw RFU, Hyb Normalization, medNormInt (SampleId), plateScale, Calibration, anmlQC, qcCheck, medNormRefSMP (SampleType)	SomaScan 7K	SomaScan Assay v4.1	20%	NT=affinity-proteomics;VV=v1.0.0	NT=human;VV=v1.1.0	NT=somascan;VV=v1.0.0	v1.1.0	NT=sdrf-skills-autoresearch;VV=v0.0.0
PAD000036-744521	Homo sapiens	Blood	not available	not available	not available	CLI8007F506	not available	708	not applicable	blood serum	PAD000036-r00824-744521	protein expression profiling by aptamer array	1	SS-2217258_v4.1_TCRS_Adult_Serum.hybNorm.medNormInt.plateScale.calibrate.anmlQC.qcCheck.medNormRefSMP.adat	ftp://ftp.pride.ebi.ac.uk/pride/data/archive/2026/04/PAD000036/SS-2217258_v4.1_TCRS_Adult_Serum.hybNorm.medNormInt.plateScale.calibrate.anmlQC.qcCheck.medNormRefSMP.adat	SomaScan Assay	SomaScan 7K	v4.1	RFU	PLT11455	Raw RFU, Hyb Normalization, medNormInt (SampleId), plateScale, Calibration, anmlQC, qcCheck, medNormRefSMP (SampleType)	SomaScan 7K	SomaScan Assay v4.1	20%	NT=affinity-proteomics;VV=v1.0.0	NT=human;VV=v1.1.0	NT=somascan;VV=v1.0.0	v1.1.0	NT=sdrf-skills-autoresearch;VV=v0.0.0
PAD000036-744350	Homo sapiens	Blood	not available	not available	not available	CLI8007F506	not available	709	not applicable	blood serum	PAD000036-r00825-744350	protein expression profiling by aptamer array	1	SS-2217258_v4.1_TCRS_Adult_Serum.hybNorm.medNormInt.plateScale.calibrate.anmlQC.qcCheck.medNormRefSMP.adat	ftp://ftp.pride.ebi.ac.uk/pride/data/archive/2026/04/PAD000036/SS-2217258_v4.1_TCRS_Adult_Serum.hybNorm.medNormInt.plateScale.calibrate.anmlQC.qcCheck.medNormRefSMP.adat	SomaScan Assay	SomaScan 7K	v4.1	RFU	PLT11455	Raw RFU, Hyb Normalization, medNormInt (SampleId), plateScale, Calibration, anmlQC, qcCheck, medNormRefSMP (SampleType)	SomaScan 7K	SomaScan Assay v4.1	20%	NT=affinity-proteomics;VV=v1.0.0	NT=human;VV=v1.1.0	NT=somascan;VV=v1.0.0	v1.1.0	NT=sdrf-skills-autoresearch;VV=v0.0.0
PAD000036-744593	Homo sapiens	Blood	not available	not available	not available	CLI8007F506	not available	710	not applicable	blood serum	PAD000036-r00826-744593	protein expression profiling by aptamer array	1	SS-2217258_v4.1_TCRS_Adult_Serum.hybNorm.medNormInt.plateScale.calibrate.anmlQC.qcCheck.medNormRefSMP.adat	ftp://ftp.pride.ebi.ac.uk/pride/data/archive/2026/04/PAD000036/SS-2217258_v4.1_TCRS_Adult_Serum.hybNorm.medNormInt.plateScale.calibrate.anmlQC.qcCheck.medNormRefSMP.adat	SomaScan Assay	SomaScan 7K	v4.1	RFU	PLT11455	Raw RFU, Hyb Normalization, medNormInt (SampleId), plateScale, Calibration, anmlQC, qcCheck, medNormRefSMP (SampleType)	SomaScan 7K	SomaScan Assay v4.1	20%	NT=affinity-proteomics;VV=v1.0.0	NT=human;VV=v1.1.0	NT=somascan;VV=v1.0.0	v1.1.0	NT=sdrf-skills-autoresearch;VV=v0.0.0
PAD000036-744614	Homo sapiens	Blood	not available	not available	not available	CLI8007F506	not available	711	not applicable	blood serum	PAD000036-r00827-744614	protein expression profiling by aptamer array	1	SS-2217258_v4.1_TCRS_Adult_Serum.hybNorm.medNormInt.plateScale.calibrate.anmlQC.qcCheck.medNormRefSMP.adat	ftp://ftp.pride.ebi.ac.uk/pride/data/archive/2026/04/PAD000036/SS-2217258_v4.1_TCRS_Adult_Serum.hybNorm.medNormInt.plateScale.calibrate.anmlQC.qcCheck.medNormRefSMP.adat	SomaScan Assay	SomaScan 7K	v4.1	RFU	PLT11455	Raw RFU, Hyb Normalization, medNormInt (SampleId), plateScale, Calibration, anmlQC, qcCheck, medNormRefSMP (SampleType)	SomaScan 7K	SomaScan Assay v4.1	20%	NT=affinity-proteomics;VV=v1.0.0	NT=human;VV=v1.1.0	NT=somascan;VV=v1.0.0	v1.1.0	NT=sdrf-skills-autoresearch;VV=v0.0.0
PAD000036-745512	Homo sapiens	Blood	not available	not available	not available	CLI8007F506	not available	712	not applicable	blood serum	PAD000036-r00828-745512	protein expression profiling by aptamer array	1	SS-2217258_v4.1_TCRS_Adult_Serum.hybNorm.medNormInt.plateScale.calibrate.anmlQC.qcCheck.medNormRefSMP.adat	ftp://ftp.pride.ebi.ac.uk/pride/data/archive/2026/04/PAD000036/SS-2217258_v4.1_TCRS_Adult_Serum.hybNorm.medNormInt.plateScale.calibrate.anmlQC.qcCheck.medNormRefSMP.adat	SomaScan Assay	SomaScan 7K	v4.1	RFU	PLT11455	Raw RFU, Hyb Normalization, medNormInt (SampleId), plateScale, Calibration, anmlQC, qcCheck, medNormRefSMP (SampleType)	SomaScan 7K	SomaScan Assay v4.1	20%	NT=affinity-proteomics;VV=v1.0.0	NT=human;VV=v1.1.0	NT=somascan;VV=v1.0.0	v1.1.0	NT=sdrf-skills-autoresearch;VV=v0.0.0
PAD000036-744407	Homo sapiens	Blood	not available	not available	not available	CLI8007F506	not available	713	not applicable	blood serum	PAD000036-r00829-744407	protein expression profiling by aptamer array	1	SS-2217258_v4.1_TCRS_Adult_Serum.hybNorm.medNormInt.plateScale.calibrate.anmlQC.qcCheck.medNormRefSMP.adat	ftp://ftp.pride.ebi.ac.uk/pride/data/archive/2026/04/PAD000036/SS-2217258_v4.1_TCRS_Adult_Serum.hybNorm.medNormInt.plateScale.calibrate.anmlQC.qcCheck.medNormRefSMP.adat	SomaScan Assay	SomaScan 7K	v4.1	RFU	PLT11455	Raw RFU, Hyb Normalization, medNormInt (SampleId), plateScale, Calibration, anmlQC, qcCheck, medNormRefSMP (SampleType)	SomaScan 7K	SomaScan Assay v4.1	20%	NT=affinity-proteomics;VV=v1.0.0	NT=human;VV=v1.1.0	NT=somascan;VV=v1.0.0	v1.1.0	NT=sdrf-skills-autoresearch;VV=v0.0.0
PAD000036-744600	Homo sapiens	Blood	not available	not available	not available	CLI8007F506	not available	714	not applicable	blood serum	PAD000036-r00830-744600	protein expression profiling by aptamer array	1	SS-2217258_v4.1_TCRS_Adult_Serum.hybNorm.medNormInt.plateScale.calibrate.anmlQC.qcCheck.medNormRefSMP.adat	ftp://ftp.pride.ebi.ac.uk/pride/data/archive/2026/04/PAD000036/SS-2217258_v4.1_TCRS_Adult_Serum.hybNorm.medNormInt.plateScale.calibrate.anmlQC.qcCheck.medNormRefSMP.adat	SomaScan Assay	SomaScan 7K	v4.1	RFU	PLT11455	Raw RFU, Hyb Normalization, medNormInt (SampleId), plateScale, Calibration, anmlQC, qcCheck, medNormRefSMP (SampleType)	SomaScan 7K	SomaScan Assay v4.1	20%	NT=affinity-proteomics;VV=v1.0.0	NT=human;VV=v1.1.0	NT=somascan;VV=v1.0.0	v1.1.0	NT=sdrf-skills-autoresearch;VV=v0.0.0
PAD000036-744443	Homo sapiens	Blood	not available	not available	not available	CLI8007F506	not available	715	not applicable	blood serum	PAD000036-r00831-744443	protein expression profiling by aptamer array	1	SS-2217258_v4.1_TCRS_Adult_Serum.hybNorm.medNormInt.plateScale.calibrate.anmlQC.qcCheck.medNormRefSMP.adat	ftp://ftp.pride.ebi.ac.uk/pride/data/archive/2026/04/PAD000036/SS-2217258_v4.1_TCRS_Adult_Serum.hybNorm.medNormInt.plateScale.calibrate.anmlQC.qcCheck.medNormRefSMP.adat	SomaScan Assay	SomaScan 7K	v4.1	RFU	PLT11455	Raw RFU, Hyb Normalization, medNormInt (SampleId), plateScale, Calibration, anmlQC, qcCheck, medNormRefSMP (SampleType)	SomaScan 7K	SomaScan Assay v4.1	20%	NT=affinity-proteomics;VV=v1.0.0	NT=human;VV=v1.1.0	NT=somascan;VV=v1.0.0	v1.1.0	NT=sdrf-skills-autoresearch;VV=v0.0.0
PAD000036-744559	Homo sapiens	Blood	not available	not available	not available	CLI8007F506	not available	716	not applicable	blood serum	PAD000036-r00832-744559	protein expression profiling by aptamer array	1	SS-2217258_v4.1_TCRS_Adult_Serum.hybNorm.medNormInt.plateScale.calibrate.anmlQC.qcCheck.medNormRefSMP.adat	ftp://ftp.pride.ebi.ac.uk/pride/data/archive/2026/04/PAD000036/SS-2217258_v4.1_TCRS_Adult_Serum.hybNorm.medNormInt.plateScale.calibrate.anmlQC.qcCheck.medNormRefSMP.adat	SomaScan Assay	SomaScan 7K	v4.1	RFU	PLT11455	Raw RFU, Hyb Normalization, medNormInt (SampleId), plateScale, Calibration, anmlQC, qcCheck, medNormRefSMP (SampleType)	SomaScan 7K	SomaScan Assay v4.1	20%	NT=affinity-proteomics;VV=v1.0.0	NT=human;VV=v1.1.0	NT=somascan;VV=v1.0.0	v1.1.0	NT=sdrf-skills-autoresearch;VV=v0.0.0
PAD000036-200173	Homo sapiens	Blood	not available	not available	not available	not available	not available	224	calibrator	blood;blood plasma;blood serum	PAD000036-r00833-200173	protein expression profiling by aptamer array	29	SS-2217258_v4.1_TCRS_Adult_Serum.hybNorm.medNormInt.plateScale.calibrate.anmlQC.qcCheck.medNormRefSMP.adat	ftp://ftp.pride.ebi.ac.uk/pride/data/archive/2026/04/PAD000036/SS-2217258_v4.1_TCRS_Adult_Serum.hybNorm.medNormInt.plateScale.calibrate.anmlQC.qcCheck.medNormRefSMP.adat	SomaScan Assay	SomaScan 7K	v4.1	RFU	PLT11455	Raw RFU, Hyb Normalization, medNormInt (SampleId), plateScale, Calibration, anmlQC, qcCheck, medNormRefSMP (SampleType)	SomaScan 7K	SomaScan Assay v4.1	20%	NT=affinity-proteomics;VV=v1.0.0	NT=human;VV=v1.1.0	NT=somascan;VV=v1.0.0	v1.1.0	NT=sdrf-skills-autoresearch;VV=v0.0.0
PAD000036-744517	Homo sapiens	Blood	not available	not available	not available	CLI8007F506	not available	717	not applicable	blood serum	PAD000036-r00834-744517	protein expression profiling by aptamer array	1	SS-2217258_v4.1_TCRS_Adult_Serum.hybNorm.medNormInt.plateScale.calibrate.anmlQC.qcCheck.medNormRefSMP.adat	ftp://ftp.pride.ebi.ac.uk/pride/data/archive/2026/04/PAD000036/SS-2217258_v4.1_TCRS_Adult_Serum.hybNorm.medNormInt.plateScale.calibrate.anmlQC.qcCheck.medNormRefSMP.adat	SomaScan Assay	SomaScan 7K	v4.1	RFU	PLT11455	Raw RFU, Hyb Normalization, medNormInt (SampleId), plateScale, Calibration, anmlQC, qcCheck, medNormRefSMP (SampleType)	SomaScan 7K	SomaScan Assay v4.1	20%	NT=affinity-proteomics;VV=v1.0.0	NT=human;VV=v1.1.0	NT=somascan;VV=v1.0.0	v1.1.0	NT=sdrf-skills-autoresearch;VV=v0.0.0
PAD000036-744612	Homo sapiens	Blood	not available	not available	not available	CLI8007F506	not available	718	not applicable	blood serum	PAD000036-r00835-744612	protein expression profiling by aptamer array	1	SS-2217258_v4.1_TCRS_Adult_Serum.hybNorm.medNormInt.plateScale.calibrate.anmlQC.qcCheck.medNormRefSMP.adat	ftp://ftp.pride.ebi.ac.uk/pride/data/archive/2026/04/PAD000036/SS-2217258_v4.1_TCRS_Adult_Serum.hybNorm.medNormInt.plateScale.calibrate.anmlQC.qcCheck.medNormRefSMP.adat	SomaScan Assay	SomaScan 7K	v4.1	RFU	PLT11455	Raw RFU, Hyb Normalization, medNormInt (SampleId), plateScale, Calibration, anmlQC, qcCheck, medNormRefSMP (SampleType)	SomaScan 7K	SomaScan Assay v4.1	20%	NT=affinity-proteomics;VV=v1.0.0	NT=human;VV=v1.1.0	NT=somascan;VV=v1.0.0	v1.1.0	NT=sdrf-skills-autoresearch;VV=v0.0.0
PAD000036-220214	Homo sapiens	Blood	not available	not available	not available	not available	not available	208	not applicable	blood;blood plasma;blood serum	PAD000036-r00836-220214	protein expression profiling by aptamer array	20	SS-2217258_v4.1_TCRS_Adult_Serum.hybNorm.medNormInt.plateScale.calibrate.anmlQC.qcCheck.medNormRefSMP.adat	ftp://ftp.pride.ebi.ac.uk/pride/data/archive/2026/04/PAD000036/SS-2217258_v4.1_TCRS_Adult_Serum.hybNorm.medNormInt.plateScale.calibrate.anmlQC.qcCheck.medNormRefSMP.adat	SomaScan Assay	SomaScan 7K	v4.1	RFU	PLT11455	Raw RFU, Hyb Normalization, medNormInt (SampleId), plateScale, Calibration, anmlQC, qcCheck, medNormRefSMP (SampleType)	SomaScan 7K	SomaScan Assay v4.1	20%	NT=affinity-proteomics;VV=v1.0.0	NT=human;VV=v1.1.0	NT=somascan;VV=v1.0.0	v1.1.0	NT=sdrf-skills-autoresearch;VV=v0.0.0
PAD000036-200173	Homo sapiens	Blood	not available	not available	not available	not available	not available	224	calibrator	blood;blood plasma;blood serum	PAD000036-r00837-200173	protein expression profiling by aptamer array	30	SS-2217258_v4.1_TCRS_Adult_Serum.hybNorm.medNormInt.plateScale.calibrate.anmlQC.qcCheck.medNormRefSMP.adat	ftp://ftp.pride.ebi.ac.uk/pride/data/archive/2026/04/PAD000036/SS-2217258_v4.1_TCRS_Adult_Serum.hybNorm.medNormInt.plateScale.calibrate.anmlQC.qcCheck.medNormRefSMP.adat	SomaScan Assay	SomaScan 7K	v4.1	RFU	PLT11455	Raw RFU, Hyb Normalization, medNormInt (SampleId), plateScale, Calibration, anmlQC, qcCheck, medNormRefSMP (SampleType)	SomaScan 7K	SomaScan Assay v4.1	20%	NT=affinity-proteomics;VV=v1.0.0	NT=human;VV=v1.1.0	NT=somascan;VV=v1.0.0	v1.1.0	NT=sdrf-skills-autoresearch;VV=v0.0.0
PAD000036-744504	Homo sapiens	Blood	not available	not available	not available	CLI8007F506	not available	719	not applicable	blood serum	PAD000036-r00838-744504	protein expression profiling by aptamer array	1	SS-2217258_v4.1_TCRS_Adult_Serum.hybNorm.medNormInt.plateScale.calibrate.anmlQC.qcCheck.medNormRefSMP.adat	ftp://ftp.pride.ebi.ac.uk/pride/data/archive/2026/04/PAD000036/SS-2217258_v4.1_TCRS_Adult_Serum.hybNorm.medNormInt.plateScale.calibrate.anmlQC.qcCheck.medNormRefSMP.adat	SomaScan Assay	SomaScan 7K	v4.1	RFU	PLT11455	Raw RFU, Hyb Normalization, medNormInt (SampleId), plateScale, Calibration, anmlQC, qcCheck, medNormRefSMP (SampleType)	SomaScan 7K	SomaScan Assay v4.1	20%	NT=affinity-proteomics;VV=v1.0.0	NT=human;VV=v1.1.0	NT=somascan;VV=v1.0.0	v1.1.0	NT=sdrf-skills-autoresearch;VV=v0.0.0
PAD000036-745474	Homo sapiens	Blood	not available	not available	not available	CLI8007F506	not available	720	not applicable	blood serum	PAD000036-r00839-745474	protein expression profiling by aptamer array	1	SS-2217258_v4.1_TCRS_Adult_Serum.hybNorm.medNormInt.plateScale.calibrate.anmlQC.qcCheck.medNormRefSMP.adat	ftp://ftp.pride.ebi.ac.uk/pride/data/archive/2026/04/PAD000036/SS-2217258_v4.1_TCRS_Adult_Serum.hybNorm.medNormInt.plateScale.calibrate.anmlQC.qcCheck.medNormRefSMP.adat	SomaScan Assay	SomaScan 7K	v4.1	RFU	PLT11455	Raw RFU, Hyb Normalization, medNormInt (SampleId), plateScale, Calibration, anmlQC, qcCheck, medNormRefSMP (SampleType)	SomaScan 7K	SomaScan Assay v4.1	20%	NT=affinity-proteomics;VV=v1.0.0	NT=human;VV=v1.1.0	NT=somascan;VV=v1.0.0	v1.1.0	NT=sdrf-skills-autoresearch;VV=v0.0.0
PAD000036-745513	Homo sapiens	Blood	not available	not available	not available	CLI8007F506	not available	721	not applicable	blood serum	PAD000036-r00840-745513	protein expression profiling by aptamer array	1	SS-2217258_v4.1_TCRS_Adult_Serum.hybNorm.medNormInt.plateScale.calibrate.anmlQC.qcCheck.medNormRefSMP.adat	ftp://ftp.pride.ebi.ac.uk/pride/data/archive/2026/04/PAD000036/SS-2217258_v4.1_TCRS_Adult_Serum.hybNorm.medNormInt.plateScale.calibrate.anmlQC.qcCheck.medNormRefSMP.adat	SomaScan Assay	SomaScan 7K	v4.1	RFU	PLT11455	Raw RFU, Hyb Normalization, medNormInt (SampleId), plateScale, Calibration, anmlQC, qcCheck, medNormRefSMP (SampleType)	SomaScan 7K	SomaScan Assay v4.1	20%	NT=affinity-proteomics;VV=v1.0.0	NT=human;VV=v1.1.0	NT=somascan;VV=v1.0.0	v1.1.0	NT=sdrf-skills-autoresearch;VV=v0.0.0
PAD000036-744695	Homo sapiens	Blood	not available	not available	not available	CLI8007F506	not available	722	not applicable	blood serum	PAD000036-r00841-744695	protein expression profiling by aptamer array	1	SS-2217258_v4.1_TCRS_Adult_Serum.hybNorm.medNormInt.plateScale.calibrate.anmlQC.qcCheck.medNormRefSMP.adat	ftp://ftp.pride.ebi.ac.uk/pride/data/archive/2026/04/PAD000036/SS-2217258_v4.1_TCRS_Adult_Serum.hybNorm.medNormInt.plateScale.calibrate.anmlQC.qcCheck.medNormRefSMP.adat	SomaScan Assay	SomaScan 7K	v4.1	RFU	PLT11455	Raw RFU, Hyb Normalization, medNormInt (SampleId), plateScale, Calibration, anmlQC, qcCheck, medNormRefSMP (SampleType)	SomaScan 7K	SomaScan Assay v4.1	20%	NT=affinity-proteomics;VV=v1.0.0	NT=human;VV=v1.1.0	NT=somascan;VV=v1.0.0	v1.1.0	NT=sdrf-skills-autoresearch;VV=v0.0.0
PAD000036-744437	Homo sapiens	Blood	not available	not available	not available	CLI8007F506	not available	723	not applicable	blood serum	PAD000036-r00842-744437	protein expression profiling by aptamer array	1	SS-2217258_v4.1_TCRS_Adult_Serum.hybNorm.medNormInt.plateScale.calibrate.anmlQC.qcCheck.medNormRefSMP.adat	ftp://ftp.pride.ebi.ac.uk/pride/data/archive/2026/04/PAD000036/SS-2217258_v4.1_TCRS_Adult_Serum.hybNorm.medNormInt.plateScale.calibrate.anmlQC.qcCheck.medNormRefSMP.adat	SomaScan Assay	SomaScan 7K	v4.1	RFU	PLT11455	Raw RFU, Hyb Normalization, medNormInt (SampleId), plateScale, Calibration, anmlQC, qcCheck, medNormRefSMP (SampleType)	SomaScan 7K	SomaScan Assay v4.1	20%	NT=affinity-proteomics;VV=v1.0.0	NT=human;VV=v1.1.0	NT=somascan;VV=v1.0.0	v1.1.0	NT=sdrf-skills-autoresearch;VV=v0.0.0
PAD000036-744421	Homo sapiens	Blood	not available	not available	not available	CLI8007F506	not available	724	not applicable	blood serum	PAD000036-r00843-744421	protein expression profiling by aptamer array	1	SS-2217258_v4.1_TCRS_Adult_Serum.hybNorm.medNormInt.plateScale.calibrate.anmlQC.qcCheck.medNormRefSMP.adat	ftp://ftp.pride.ebi.ac.uk/pride/data/archive/2026/04/PAD000036/SS-2217258_v4.1_TCRS_Adult_Serum.hybNorm.medNormInt.plateScale.calibrate.anmlQC.qcCheck.medNormRefSMP.adat	SomaScan Assay	SomaScan 7K	v4.1	RFU	PLT11455	Raw RFU, Hyb Normalization, medNormInt (SampleId), plateScale, Calibration, anmlQC, qcCheck, medNormRefSMP (SampleType)	SomaScan 7K	SomaScan Assay v4.1	20%	NT=affinity-proteomics;VV=v1.0.0	NT=human;VV=v1.1.0	NT=somascan;VV=v1.0.0	v1.1.0	NT=sdrf-skills-autoresearch;VV=v0.0.0
PAD000036-744354	Homo sapiens	Blood	not available	not available	not available	CLI8007F506	not available	725	not applicable	blood serum	PAD000036-r00844-744354	protein expression profiling by aptamer array	1	SS-2217258_v4.1_TCRS_Adult_Serum.hybNorm.medNormInt.plateScale.calibrate.anmlQC.qcCheck.medNormRefSMP.adat	ftp://ftp.pride.ebi.ac.uk/pride/data/archive/2026/04/PAD000036/SS-2217258_v4.1_TCRS_Adult_Serum.hybNorm.medNormInt.plateScale.calibrate.anmlQC.qcCheck.medNormRefSMP.adat	SomaScan Assay	SomaScan 7K	v4.1	RFU	PLT11455	Raw RFU, Hyb Normalization, medNormInt (SampleId), plateScale, Calibration, anmlQC, qcCheck, medNormRefSMP (SampleType)	SomaScan 7K	SomaScan Assay v4.1	20%	NT=affinity-proteomics;VV=v1.0.0	NT=human;VV=v1.1.0	NT=somascan;VV=v1.0.0	v1.1.0	NT=sdrf-skills-autoresearch;VV=v0.0.0
PAD000036-744452	Homo sapiens	Blood	not available	not available	not available	CLI8007F506	not available	726	not applicable	blood serum	PAD000036-r00845-744452	protein expression profiling by aptamer array	1	SS-2217258_v4.1_TCRS_Adult_Serum.hybNorm.medNormInt.plateScale.calibrate.anmlQC.qcCheck.medNormRefSMP.adat	ftp://ftp.pride.ebi.ac.uk/pride/data/archive/2026/04/PAD000036/SS-2217258_v4.1_TCRS_Adult_Serum.hybNorm.medNormInt.plateScale.calibrate.anmlQC.qcCheck.medNormRefSMP.adat	SomaScan Assay	SomaScan 7K	v4.1	RFU	PLT11455	Raw RFU, Hyb Normalization, medNormInt (SampleId), plateScale, Calibration, anmlQC, qcCheck, medNormRefSMP (SampleType)	SomaScan 7K	SomaScan Assay v4.1	20%	NT=affinity-proteomics;VV=v1.0.0	NT=human;VV=v1.1.0	NT=somascan;VV=v1.0.0	v1.1.0	NT=sdrf-skills-autoresearch;VV=v0.0.0
PAD000036-744436	Homo sapiens	Blood	not available	not available	not available	CLI8007F506	not available	727	not applicable	blood serum	PAD000036-r00846-744436	protein expression profiling by aptamer array	1	SS-2217258_v4.1_TCRS_Adult_Serum.hybNorm.medNormInt.plateScale.calibrate.anmlQC.qcCheck.medNormRefSMP.adat	ftp://ftp.pride.ebi.ac.uk/pride/data/archive/2026/04/PAD000036/SS-2217258_v4.1_TCRS_Adult_Serum.hybNorm.medNormInt.plateScale.calibrate.anmlQC.qcCheck.medNormRefSMP.adat	SomaScan Assay	SomaScan 7K	v4.1	RFU	PLT11455	Raw RFU, Hyb Normalization, medNormInt (SampleId), plateScale, Calibration, anmlQC, qcCheck, medNormRefSMP (SampleType)	SomaScan 7K	SomaScan Assay v4.1	20%	NT=affinity-proteomics;VV=v1.0.0	NT=human;VV=v1.1.0	NT=somascan;VV=v1.0.0	v1.1.0	NT=sdrf-skills-autoresearch;VV=v0.0.0
PAD000036-744376	Homo sapiens	Blood	not available	not available	not available	CLI8007F506	not available	728	not applicable	blood serum	PAD000036-r00847-744376	protein expression profiling by aptamer array	1	SS-2217258_v4.1_TCRS_Adult_Serum.hybNorm.medNormInt.plateScale.calibrate.anmlQC.qcCheck.medNormRefSMP.adat	ftp://ftp.pride.ebi.ac.uk/pride/data/archive/2026/04/PAD000036/SS-2217258_v4.1_TCRS_Adult_Serum.hybNorm.medNormInt.plateScale.calibrate.anmlQC.qcCheck.medNormRefSMP.adat	SomaScan Assay	SomaScan 7K	v4.1	RFU	PLT11455	Raw RFU, Hyb Normalization, medNormInt (SampleId), plateScale, Calibration, anmlQC, qcCheck, medNormRefSMP (SampleType)	SomaScan 7K	SomaScan Assay v4.1	20%	NT=affinity-proteomics;VV=v1.0.0	NT=human;VV=v1.1.0	NT=somascan;VV=v1.0.0	v1.1.0	NT=sdrf-skills-autoresearch;VV=v0.0.0
