source name	characteristics[organism]	characteristics[organism part]	characteristics[disease]	characteristics[age]	characteristics[sex]	characteristics[biological replicate]	characteristics[sample type]	characteristics[sample matrix]	assay name	technology type	comment[technical replicate]	comment[data file]	comment[file uri]	comment[platform]	comment[quantification unit]	comment[plate]	comment[normalization method]	comment[olink panel]	comment[olink platform]	comment[npx normalization]	comment[olink lot number]	comment[sdrf template]	comment[sdrf template]	comment[sdrf template]	comment[sdrf version]	comment[sdrf annotation tool]
PAD000033-2022-02-03-97-2	Homo sapiens	Blood serum	not available	not available	not available	1	not applicable	blood serum	PAD000033-r00001-2022-02-03-97-2	protein expression profiling by antibody array	1	20211799_Tsai_NPX_2022-03-14.npx.csv	ftp://ftp.pride.ebi.ac.uk/pride/data/archive/2026/03/PAD000033/20211799_Tsai_NPX_2022-03-14.npx.csv	Olink Target 96	NPX	20211799_SS220168	Intensity	Cardiometabolic; Cardiometabolic_II; Inflammation; Inflammation_II; Neurology; Neurology_II; Oncology; Oncology_II	Olink Target 96	intensity normalized	B13805	NT=affinity-proteomics;VV=v1.0.0	NT=human;VV=v1.1.0	NT=olink;VV=v1.0.0	v1.1.0	NT=sdrf-skills-autoresearch;VV=v0.0.0
PAD000033-2022-02-03-23-2	Homo sapiens	Blood serum	not available	not available	not available	2	not applicable	blood serum	PAD000033-r00002-2022-02-03-23-2	protein expression profiling by antibody array	1	20211799_Tsai_NPX_2022-03-14.npx.csv	ftp://ftp.pride.ebi.ac.uk/pride/data/archive/2026/03/PAD000033/20211799_Tsai_NPX_2022-03-14.npx.csv	Olink Target 96	NPX	20211799_SS220168	Intensity	Cardiometabolic; Cardiometabolic_II; Inflammation; Inflammation_II; Neurology; Neurology_II; Oncology; Oncology_II	Olink Target 96	intensity normalized	B13805	NT=affinity-proteomics;VV=v1.0.0	NT=human;VV=v1.1.0	NT=olink;VV=v1.0.0	v1.1.0	NT=sdrf-skills-autoresearch;VV=v0.0.0
PAD000033-2022-02-03-16-1	Homo sapiens	Blood serum	not available	not available	not available	3	not applicable	blood serum	PAD000033-r00003-2022-02-03-16-1	protein expression profiling by antibody array	1	20211799_Tsai_NPX_2022-03-14.npx.csv	ftp://ftp.pride.ebi.ac.uk/pride/data/archive/2026/03/PAD000033/20211799_Tsai_NPX_2022-03-14.npx.csv	Olink Target 96	NPX	20211799_SS220168	Intensity	Cardiometabolic; Cardiometabolic_II; Inflammation; Inflammation_II; Neurology; Neurology_II; Oncology; Oncology_II	Olink Target 96	intensity normalized	B13805	NT=affinity-proteomics;VV=v1.0.0	NT=human;VV=v1.1.0	NT=olink;VV=v1.0.0	v1.1.0	NT=sdrf-skills-autoresearch;VV=v0.0.0
PAD000033-2022-02-03-69-2	Homo sapiens	Blood serum	not available	not available	not available	4	not applicable	blood serum	PAD000033-r00004-2022-02-03-69-2	protein expression profiling by antibody array	1	20211799_Tsai_NPX_2022-03-14.npx.csv	ftp://ftp.pride.ebi.ac.uk/pride/data/archive/2026/03/PAD000033/20211799_Tsai_NPX_2022-03-14.npx.csv	Olink Target 96	NPX	20211799_SS220168	Intensity	Cardiometabolic; Cardiometabolic_II; Inflammation; Inflammation_II; Neurology; Neurology_II; Oncology; Oncology_II	Olink Target 96	intensity normalized	B13805	NT=affinity-proteomics;VV=v1.0.0	NT=human;VV=v1.1.0	NT=olink;VV=v1.0.0	v1.1.0	NT=sdrf-skills-autoresearch;VV=v0.0.0
PAD000033-2022-02-03-80-1	Homo sapiens	Blood serum	not available	not available	not available	5	not applicable	blood serum	PAD000033-r00005-2022-02-03-80-1	protein expression profiling by antibody array	1	20211799_Tsai_NPX_2022-03-14.npx.csv	ftp://ftp.pride.ebi.ac.uk/pride/data/archive/2026/03/PAD000033/20211799_Tsai_NPX_2022-03-14.npx.csv	Olink Target 96	NPX	20211799_SS220168	Intensity	Cardiometabolic; Cardiometabolic_II; Inflammation; Inflammation_II; Neurology; Neurology_II; Oncology; Oncology_II	Olink Target 96	intensity normalized	B13805	NT=affinity-proteomics;VV=v1.0.0	NT=human;VV=v1.1.0	NT=olink;VV=v1.0.0	v1.1.0	NT=sdrf-skills-autoresearch;VV=v0.0.0
PAD000033-2022-02-03-09-1	Homo sapiens	Blood serum	not available	not available	not available	6	not applicable	blood serum	PAD000033-r00006-2022-02-03-09-1	protein expression profiling by antibody array	1	20211799_Tsai_NPX_2022-03-14.npx.csv	ftp://ftp.pride.ebi.ac.uk/pride/data/archive/2026/03/PAD000033/20211799_Tsai_NPX_2022-03-14.npx.csv	Olink Target 96	NPX	20211799_SS220168	Intensity	Cardiometabolic; Cardiometabolic_II; Inflammation; Inflammation_II; Neurology; Neurology_II; Oncology; Oncology_II	Olink Target 96	intensity normalized	B13805	NT=affinity-proteomics;VV=v1.0.0	NT=human;VV=v1.1.0	NT=olink;VV=v1.0.0	v1.1.0	NT=sdrf-skills-autoresearch;VV=v0.0.0
PAD000033-2022-02-03-69-1	Homo sapiens	Blood serum	not available	not available	not available	7	not applicable	blood serum	PAD000033-r00007-2022-02-03-69-1	protein expression profiling by antibody array	1	20211799_Tsai_NPX_2022-03-14.npx.csv	ftp://ftp.pride.ebi.ac.uk/pride/data/archive/2026/03/PAD000033/20211799_Tsai_NPX_2022-03-14.npx.csv	Olink Target 96	NPX	20211799_SS220168	Intensity	Cardiometabolic; Cardiometabolic_II; Inflammation; Inflammation_II; Neurology; Neurology_II; Oncology; Oncology_II	Olink Target 96	intensity normalized	B13805	NT=affinity-proteomics;VV=v1.0.0	NT=human;VV=v1.1.0	NT=olink;VV=v1.0.0	v1.1.0	NT=sdrf-skills-autoresearch;VV=v0.0.0
PAD000033-2022-02-03-49-1	Homo sapiens	Blood serum	not available	not available	not available	8	not applicable	blood serum	PAD000033-r00008-2022-02-03-49-1	protein expression profiling by antibody array	1	20211799_Tsai_NPX_2022-03-14.npx.csv	ftp://ftp.pride.ebi.ac.uk/pride/data/archive/2026/03/PAD000033/20211799_Tsai_NPX_2022-03-14.npx.csv	Olink Target 96	NPX	20211799_SS220168	Intensity	Cardiometabolic; Cardiometabolic_II; Inflammation; Inflammation_II; Neurology; Neurology_II; Oncology; Oncology_II	Olink Target 96	intensity normalized	B13805	NT=affinity-proteomics;VV=v1.0.0	NT=human;VV=v1.1.0	NT=olink;VV=v1.0.0	v1.1.0	NT=sdrf-skills-autoresearch;VV=v0.0.0
PAD000033-CONTROL_SAMPLE_US_CS_AS_2-9	Homo sapiens	Blood serum	not available	not available	not available	9	not applicable	blood serum	PAD000033-r00009-CONTROL_SAMPLE_US_CS_AS_2-9	protein expression profiling by antibody array	1	20211799_Tsai_NPX_2022-03-14.npx.csv	ftp://ftp.pride.ebi.ac.uk/pride/data/archive/2026/03/PAD000033/20211799_Tsai_NPX_2022-03-14.npx.csv	Olink Target 96	NPX	20211799_SS220168	Intensity	Cardiometabolic_II; Inflammation_II; Neurology_II; Oncology_II	Olink Target 96	intensity normalized	B13805	NT=affinity-proteomics;VV=v1.0.0	NT=human;VV=v1.1.0	NT=olink;VV=v1.0.0	v1.1.0	NT=sdrf-skills-autoresearch;VV=v0.0.0
PAD000033-2022-02-03-23-1	Homo sapiens	Blood serum	not available	not available	not available	10	not applicable	blood serum	PAD000033-r00010-2022-02-03-23-1	protein expression profiling by antibody array	1	20211799_Tsai_NPX_2022-03-14.npx.csv	ftp://ftp.pride.ebi.ac.uk/pride/data/archive/2026/03/PAD000033/20211799_Tsai_NPX_2022-03-14.npx.csv	Olink Target 96	NPX	20211799_SS220168	Intensity	Cardiometabolic; Cardiometabolic_II; Inflammation; Inflammation_II; Neurology; Neurology_II; Oncology; Oncology_II	Olink Target 96	intensity normalized	B13805	NT=affinity-proteomics;VV=v1.0.0	NT=human;VV=v1.1.0	NT=olink;VV=v1.0.0	v1.1.0	NT=sdrf-skills-autoresearch;VV=v0.0.0
PAD000033-2022-02-03-83-2	Homo sapiens	Blood serum	not available	not available	not available	11	not applicable	blood serum	PAD000033-r00011-2022-02-03-83-2	protein expression profiling by antibody array	1	20211799_Tsai_NPX_2022-03-14.npx.csv	ftp://ftp.pride.ebi.ac.uk/pride/data/archive/2026/03/PAD000033/20211799_Tsai_NPX_2022-03-14.npx.csv	Olink Target 96	NPX	20211799_SS220168	Intensity	Cardiometabolic; Cardiometabolic_II; Inflammation; Inflammation_II; Neurology; Neurology_II; Oncology; Oncology_II	Olink Target 96	intensity normalized	B13805	NT=affinity-proteomics;VV=v1.0.0	NT=human;VV=v1.1.0	NT=olink;VV=v1.0.0	v1.1.0	NT=sdrf-skills-autoresearch;VV=v0.0.0
PAD000033-2022-02-03-03-1	Homo sapiens	Blood serum	not available	not available	not available	12	not applicable	blood serum	PAD000033-r00012-2022-02-03-03-1	protein expression profiling by antibody array	1	20211799_Tsai_NPX_2022-03-14.npx.csv	ftp://ftp.pride.ebi.ac.uk/pride/data/archive/2026/03/PAD000033/20211799_Tsai_NPX_2022-03-14.npx.csv	Olink Target 96	NPX	20211799_SS220168	Intensity	Cardiometabolic; Cardiometabolic_II; Inflammation; Inflammation_II; Neurology; Neurology_II; Oncology; Oncology_II	Olink Target 96	intensity normalized	B13805	NT=affinity-proteomics;VV=v1.0.0	NT=human;VV=v1.1.0	NT=olink;VV=v1.0.0	v1.1.0	NT=sdrf-skills-autoresearch;VV=v0.0.0
PAD000033-2022-02-03-55-1	Homo sapiens	Blood serum	not available	not available	not available	13	not applicable	blood serum	PAD000033-r00013-2022-02-03-55-1	protein expression profiling by antibody array	1	20211799_Tsai_NPX_2022-03-14.npx.csv	ftp://ftp.pride.ebi.ac.uk/pride/data/archive/2026/03/PAD000033/20211799_Tsai_NPX_2022-03-14.npx.csv	Olink Target 96	NPX	20211799_SS220168	Intensity	Cardiometabolic; Cardiometabolic_II; Inflammation; Inflammation_II; Neurology; Neurology_II; Oncology; Oncology_II	Olink Target 96	intensity normalized	B13805	NT=affinity-proteomics;VV=v1.0.0	NT=human;VV=v1.1.0	NT=olink;VV=v1.0.0	v1.1.0	NT=sdrf-skills-autoresearch;VV=v0.0.0
PAD000033-2022-02-03-78-2	Homo sapiens	Blood serum	not available	not available	not available	14	not applicable	blood serum	PAD000033-r00014-2022-02-03-78-2	protein expression profiling by antibody array	1	20211799_Tsai_NPX_2022-03-14.npx.csv	ftp://ftp.pride.ebi.ac.uk/pride/data/archive/2026/03/PAD000033/20211799_Tsai_NPX_2022-03-14.npx.csv	Olink Target 96	NPX	20211799_SS220168	Intensity	Cardiometabolic; Cardiometabolic_II; Inflammation; Inflammation_II; Neurology; Neurology_II; Oncology; Oncology_II	Olink Target 96	intensity normalized	B13805	NT=affinity-proteomics;VV=v1.0.0	NT=human;VV=v1.1.0	NT=olink;VV=v1.0.0	v1.1.0	NT=sdrf-skills-autoresearch;VV=v0.0.0
PAD000033-2022-02-03-06-2	Homo sapiens	Blood serum	not available	not available	not available	15	not applicable	blood serum	PAD000033-r00015-2022-02-03-06-2	protein expression profiling by antibody array	1	20211799_Tsai_NPX_2022-03-14.npx.csv	ftp://ftp.pride.ebi.ac.uk/pride/data/archive/2026/03/PAD000033/20211799_Tsai_NPX_2022-03-14.npx.csv	Olink Target 96	NPX	20211799_SS220168	Intensity	Cardiometabolic; Cardiometabolic_II; Inflammation; Inflammation_II; Neurology; Neurology_II; Oncology; Oncology_II	Olink Target 96	intensity normalized	B13805	NT=affinity-proteomics;VV=v1.0.0	NT=human;VV=v1.1.0	NT=olink;VV=v1.0.0	v1.1.0	NT=sdrf-skills-autoresearch;VV=v0.0.0
PAD000033-2022-02-03-03-2	Homo sapiens	Blood serum	not available	not available	not available	16	not applicable	blood serum	PAD000033-r00016-2022-02-03-03-2	protein expression profiling by antibody array	1	20211799_Tsai_NPX_2022-03-14.npx.csv	ftp://ftp.pride.ebi.ac.uk/pride/data/archive/2026/03/PAD000033/20211799_Tsai_NPX_2022-03-14.npx.csv	Olink Target 96	NPX	20211799_SS220168	Intensity	Cardiometabolic; Cardiometabolic_II; Inflammation; Inflammation_II; Neurology; Neurology_II; Oncology; Oncology_II	Olink Target 96	intensity normalized	B13805	NT=affinity-proteomics;VV=v1.0.0	NT=human;VV=v1.1.0	NT=olink;VV=v1.0.0	v1.1.0	NT=sdrf-skills-autoresearch;VV=v0.0.0
PAD000033-2022-02-03-19-1	Homo sapiens	Blood serum	not available	not available	not available	17	not applicable	blood serum	PAD000033-r00017-2022-02-03-19-1	protein expression profiling by antibody array	1	20211799_Tsai_NPX_2022-03-14.npx.csv	ftp://ftp.pride.ebi.ac.uk/pride/data/archive/2026/03/PAD000033/20211799_Tsai_NPX_2022-03-14.npx.csv	Olink Target 96	NPX	20211799_SS220168	Intensity	Cardiometabolic; Cardiometabolic_II; Inflammation; Inflammation_II; Neurology; Neurology_II; Oncology; Oncology_II	Olink Target 96	intensity normalized	B13805	NT=affinity-proteomics;VV=v1.0.0	NT=human;VV=v1.1.0	NT=olink;VV=v1.0.0	v1.1.0	NT=sdrf-skills-autoresearch;VV=v0.0.0
PAD000033-CONTROL_SAMPLE_US_CS_AS_2-10	Homo sapiens	Blood serum	not available	not available	not available	18	not applicable	blood serum	PAD000033-r00018-CONTROL_SAMPLE_US_CS_AS_2-10	protein expression profiling by antibody array	1	20211799_Tsai_NPX_2022-03-14.npx.csv	ftp://ftp.pride.ebi.ac.uk/pride/data/archive/2026/03/PAD000033/20211799_Tsai_NPX_2022-03-14.npx.csv	Olink Target 96	NPX	20211799_SS220168	Intensity	Cardiometabolic_II; Inflammation_II; Neurology_II; Oncology_II	Olink Target 96	intensity normalized	B13805	NT=affinity-proteomics;VV=v1.0.0	NT=human;VV=v1.1.0	NT=olink;VV=v1.0.0	v1.1.0	NT=sdrf-skills-autoresearch;VV=v0.0.0
PAD000033-2022-02-03-15-2	Homo sapiens	Blood serum	not available	not available	not available	19	not applicable	blood serum	PAD000033-r00019-2022-02-03-15-2	protein expression profiling by antibody array	1	20211799_Tsai_NPX_2022-03-14.npx.csv	ftp://ftp.pride.ebi.ac.uk/pride/data/archive/2026/03/PAD000033/20211799_Tsai_NPX_2022-03-14.npx.csv	Olink Target 96	NPX	20211799_SS220168	Intensity	Cardiometabolic; Cardiometabolic_II; Inflammation; Inflammation_II; Neurology; Neurology_II; Oncology; Oncology_II	Olink Target 96	intensity normalized	B13805	NT=affinity-proteomics;VV=v1.0.0	NT=human;VV=v1.1.0	NT=olink;VV=v1.0.0	v1.1.0	NT=sdrf-skills-autoresearch;VV=v0.0.0
PAD000033-2022-02-03-24-1	Homo sapiens	Blood serum	not available	not available	not available	20	not applicable	blood serum	PAD000033-r00020-2022-02-03-24-1	protein expression profiling by antibody array	1	20211799_Tsai_NPX_2022-03-14.npx.csv	ftp://ftp.pride.ebi.ac.uk/pride/data/archive/2026/03/PAD000033/20211799_Tsai_NPX_2022-03-14.npx.csv	Olink Target 96	NPX	20211799_SS220168	Intensity	Cardiometabolic; Cardiometabolic_II; Inflammation; Inflammation_II; Neurology; Neurology_II; Oncology; Oncology_II	Olink Target 96	intensity normalized	B13805	NT=affinity-proteomics;VV=v1.0.0	NT=human;VV=v1.1.0	NT=olink;VV=v1.0.0	v1.1.0	NT=sdrf-skills-autoresearch;VV=v0.0.0
PAD000033-2022-02-03-22-1	Homo sapiens	Blood serum	not available	not available	not available	21	not applicable	blood serum	PAD000033-r00021-2022-02-03-22-1	protein expression profiling by antibody array	1	20211799_Tsai_NPX_2022-03-14.npx.csv	ftp://ftp.pride.ebi.ac.uk/pride/data/archive/2026/03/PAD000033/20211799_Tsai_NPX_2022-03-14.npx.csv	Olink Target 96	NPX	20211799_SS220168	Intensity	Cardiometabolic; Cardiometabolic_II; Inflammation; Inflammation_II; Neurology; Neurology_II; Oncology; Oncology_II	Olink Target 96	intensity normalized	B13805	NT=affinity-proteomics;VV=v1.0.0	NT=human;VV=v1.1.0	NT=olink;VV=v1.0.0	v1.1.0	NT=sdrf-skills-autoresearch;VV=v0.0.0
PAD000033-2022-02-03-81-2	Homo sapiens	Blood serum	not available	not available	not available	22	not applicable	blood serum	PAD000033-r00022-2022-02-03-81-2	protein expression profiling by antibody array	1	20211799_Tsai_NPX_2022-03-14.npx.csv	ftp://ftp.pride.ebi.ac.uk/pride/data/archive/2026/03/PAD000033/20211799_Tsai_NPX_2022-03-14.npx.csv	Olink Target 96	NPX	20211799_SS220168	Intensity	Cardiometabolic; Cardiometabolic_II; Inflammation; Inflammation_II; Neurology; Neurology_II; Oncology; Oncology_II	Olink Target 96	intensity normalized	B13805	NT=affinity-proteomics;VV=v1.0.0	NT=human;VV=v1.1.0	NT=olink;VV=v1.0.0	v1.1.0	NT=sdrf-skills-autoresearch;VV=v0.0.0
PAD000033-2022-02-03-81-1	Homo sapiens	Blood serum	not available	not available	not available	23	not applicable	blood serum	PAD000033-r00023-2022-02-03-81-1	protein expression profiling by antibody array	1	20211799_Tsai_NPX_2022-03-14.npx.csv	ftp://ftp.pride.ebi.ac.uk/pride/data/archive/2026/03/PAD000033/20211799_Tsai_NPX_2022-03-14.npx.csv	Olink Target 96	NPX	20211799_SS220168	Intensity	Cardiometabolic; Cardiometabolic_II; Inflammation; Inflammation_II; Neurology; Neurology_II; Oncology; Oncology_II	Olink Target 96	intensity normalized	B13805	NT=affinity-proteomics;VV=v1.0.0	NT=human;VV=v1.1.0	NT=olink;VV=v1.0.0	v1.1.0	NT=sdrf-skills-autoresearch;VV=v0.0.0
PAD000033-2022-02-03-05-2	Homo sapiens	Blood serum	not available	not available	not available	24	not applicable	blood serum	PAD000033-r00024-2022-02-03-05-2	protein expression profiling by antibody array	1	20211799_Tsai_NPX_2022-03-14.npx.csv	ftp://ftp.pride.ebi.ac.uk/pride/data/archive/2026/03/PAD000033/20211799_Tsai_NPX_2022-03-14.npx.csv	Olink Target 96	NPX	20211799_SS220168	Intensity	Cardiometabolic; Cardiometabolic_II; Inflammation; Inflammation_II; Neurology; Neurology_II; Oncology; Oncology_II	Olink Target 96	intensity normalized	B13805	NT=affinity-proteomics;VV=v1.0.0	NT=human;VV=v1.1.0	NT=olink;VV=v1.0.0	v1.1.0	NT=sdrf-skills-autoresearch;VV=v0.0.0
PAD000033-2022-02-03-15-1	Homo sapiens	Blood serum	not available	not available	not available	25	not applicable	blood serum	PAD000033-r00025-2022-02-03-15-1	protein expression profiling by antibody array	1	20211799_Tsai_NPX_2022-03-14.npx.csv	ftp://ftp.pride.ebi.ac.uk/pride/data/archive/2026/03/PAD000033/20211799_Tsai_NPX_2022-03-14.npx.csv	Olink Target 96	NPX	20211799_SS220168	Intensity	Cardiometabolic; Cardiometabolic_II; Inflammation; Inflammation_II; Neurology; Neurology_II; Oncology; Oncology_II	Olink Target 96	intensity normalized	B13805	NT=affinity-proteomics;VV=v1.0.0	NT=human;VV=v1.1.0	NT=olink;VV=v1.0.0	v1.1.0	NT=sdrf-skills-autoresearch;VV=v0.0.0
PAD000033-2022-02-03-44-2	Homo sapiens	Blood serum	not available	not available	not available	26	not applicable	blood serum	PAD000033-r00026-2022-02-03-44-2	protein expression profiling by antibody array	1	20211799_Tsai_NPX_2022-03-14.npx.csv	ftp://ftp.pride.ebi.ac.uk/pride/data/archive/2026/03/PAD000033/20211799_Tsai_NPX_2022-03-14.npx.csv	Olink Target 96	NPX	20211799_SS220168	Intensity	Cardiometabolic; Cardiometabolic_II; Inflammation; Inflammation_II; Neurology; Neurology_II; Oncology; Oncology_II	Olink Target 96	intensity normalized	B13805	NT=affinity-proteomics;VV=v1.0.0	NT=human;VV=v1.1.0	NT=olink;VV=v1.0.0	v1.1.0	NT=sdrf-skills-autoresearch;VV=v0.0.0
PAD000033-2022-02-03-02-1	Homo sapiens	Blood serum	not available	not available	not available	27	not applicable	blood serum	PAD000033-r00027-2022-02-03-02-1	protein expression profiling by antibody array	1	20211799_Tsai_NPX_2022-03-14.npx.csv	ftp://ftp.pride.ebi.ac.uk/pride/data/archive/2026/03/PAD000033/20211799_Tsai_NPX_2022-03-14.npx.csv	Olink Target 96	NPX	20211799_SS220168	Intensity	Cardiometabolic; Cardiometabolic_II; Inflammation; Inflammation_II; Neurology; Neurology_II; Oncology; Oncology_II	Olink Target 96	intensity normalized	B13805	NT=affinity-proteomics;VV=v1.0.0	NT=human;VV=v1.1.0	NT=olink;VV=v1.0.0	v1.1.0	NT=sdrf-skills-autoresearch;VV=v0.0.0
PAD000033-2022-02-03-22-2	Homo sapiens	Blood serum	not available	not available	not available	28	not applicable	blood serum	PAD000033-r00028-2022-02-03-22-2	protein expression profiling by antibody array	1	20211799_Tsai_NPX_2022-03-14.npx.csv	ftp://ftp.pride.ebi.ac.uk/pride/data/archive/2026/03/PAD000033/20211799_Tsai_NPX_2022-03-14.npx.csv	Olink Target 96	NPX	20211799_SS220168	Intensity	Cardiometabolic; Cardiometabolic_II; Inflammation; Inflammation_II; Neurology; Neurology_II; Oncology; Oncology_II	Olink Target 96	intensity normalized	B13805	NT=affinity-proteomics;VV=v1.0.0	NT=human;VV=v1.1.0	NT=olink;VV=v1.0.0	v1.1.0	NT=sdrf-skills-autoresearch;VV=v0.0.0
PAD000033-2022-02-03-25-2	Homo sapiens	Blood serum	not available	not available	not available	29	not applicable	blood serum	PAD000033-r00029-2022-02-03-25-2	protein expression profiling by antibody array	1	20211799_Tsai_NPX_2022-03-14.npx.csv	ftp://ftp.pride.ebi.ac.uk/pride/data/archive/2026/03/PAD000033/20211799_Tsai_NPX_2022-03-14.npx.csv	Olink Target 96	NPX	20211799_SS220168	Intensity	Cardiometabolic; Cardiometabolic_II; Inflammation; Inflammation_II; Neurology; Neurology_II; Oncology; Oncology_II	Olink Target 96	intensity normalized	B13805	NT=affinity-proteomics;VV=v1.0.0	NT=human;VV=v1.1.0	NT=olink;VV=v1.0.0	v1.1.0	NT=sdrf-skills-autoresearch;VV=v0.0.0
PAD000033-2022-02-03-19-2	Homo sapiens	Blood serum	not available	not available	not available	30	not applicable	blood serum	PAD000033-r00030-2022-02-03-19-2	protein expression profiling by antibody array	1	20211799_Tsai_NPX_2022-03-14.npx.csv	ftp://ftp.pride.ebi.ac.uk/pride/data/archive/2026/03/PAD000033/20211799_Tsai_NPX_2022-03-14.npx.csv	Olink Target 96	NPX	20211799_SS220168	Intensity	Cardiometabolic; Cardiometabolic_II; Inflammation; Inflammation_II; Neurology; Neurology_II; Oncology; Oncology_II	Olink Target 96	intensity normalized	B13805	NT=affinity-proteomics;VV=v1.0.0	NT=human;VV=v1.1.0	NT=olink;VV=v1.0.0	v1.1.0	NT=sdrf-skills-autoresearch;VV=v0.0.0
PAD000033-2022-02-03-83-1	Homo sapiens	Blood serum	not available	not available	not available	31	not applicable	blood serum	PAD000033-r00031-2022-02-03-83-1	protein expression profiling by antibody array	1	20211799_Tsai_NPX_2022-03-14.npx.csv	ftp://ftp.pride.ebi.ac.uk/pride/data/archive/2026/03/PAD000033/20211799_Tsai_NPX_2022-03-14.npx.csv	Olink Target 96	NPX	20211799_SS220168	Intensity	Cardiometabolic; Cardiometabolic_II; Inflammation; Inflammation_II; Neurology; Neurology_II; Oncology; Oncology_II	Olink Target 96	intensity normalized	B13805	NT=affinity-proteomics;VV=v1.0.0	NT=human;VV=v1.1.0	NT=olink;VV=v1.0.0	v1.1.0	NT=sdrf-skills-autoresearch;VV=v0.0.0
PAD000033-2022-02-03-98-2	Homo sapiens	Blood serum	not available	not available	not available	32	not applicable	blood serum	PAD000033-r00032-2022-02-03-98-2	protein expression profiling by antibody array	1	20211799_Tsai_NPX_2022-03-14.npx.csv	ftp://ftp.pride.ebi.ac.uk/pride/data/archive/2026/03/PAD000033/20211799_Tsai_NPX_2022-03-14.npx.csv	Olink Target 96	NPX	20211799_SS220168	Intensity	Cardiometabolic; Cardiometabolic_II; Inflammation; Inflammation_II; Neurology; Neurology_II; Oncology; Oncology_II	Olink Target 96	intensity normalized	B13805	NT=affinity-proteomics;VV=v1.0.0	NT=human;VV=v1.1.0	NT=olink;VV=v1.0.0	v1.1.0	NT=sdrf-skills-autoresearch;VV=v0.0.0
PAD000033-2022-02-03-43-1	Homo sapiens	Blood serum	not available	not available	not available	33	not applicable	blood serum	PAD000033-r00033-2022-02-03-43-1	protein expression profiling by antibody array	1	20211799_Tsai_NPX_2022-03-14.npx.csv	ftp://ftp.pride.ebi.ac.uk/pride/data/archive/2026/03/PAD000033/20211799_Tsai_NPX_2022-03-14.npx.csv	Olink Target 96	NPX	20211799_SS220168	Intensity	Cardiometabolic; Cardiometabolic_II; Inflammation; Inflammation_II; Neurology; Neurology_II; Oncology; Oncology_II	Olink Target 96	intensity normalized	B13805	NT=affinity-proteomics;VV=v1.0.0	NT=human;VV=v1.1.0	NT=olink;VV=v1.0.0	v1.1.0	NT=sdrf-skills-autoresearch;VV=v0.0.0
PAD000033-2022-02-03-89-1	Homo sapiens	Blood serum	not available	not available	not available	34	not applicable	blood serum	PAD000033-r00034-2022-02-03-89-1	protein expression profiling by antibody array	1	20211799_Tsai_NPX_2022-03-14.npx.csv	ftp://ftp.pride.ebi.ac.uk/pride/data/archive/2026/03/PAD000033/20211799_Tsai_NPX_2022-03-14.npx.csv	Olink Target 96	NPX	20211799_SS220168	Intensity	Cardiometabolic; Cardiometabolic_II; Inflammation; Inflammation_II; Neurology; Neurology_II; Oncology; Oncology_II	Olink Target 96	intensity normalized	B13805	NT=affinity-proteomics;VV=v1.0.0	NT=human;VV=v1.1.0	NT=olink;VV=v1.0.0	v1.1.0	NT=sdrf-skills-autoresearch;VV=v0.0.0
PAD000033-2022-02-03-49-2	Homo sapiens	Blood serum	not available	not available	not available	35	not applicable	blood serum	PAD000033-r00035-2022-02-03-49-2	protein expression profiling by antibody array	1	20211799_Tsai_NPX_2022-03-14.npx.csv	ftp://ftp.pride.ebi.ac.uk/pride/data/archive/2026/03/PAD000033/20211799_Tsai_NPX_2022-03-14.npx.csv	Olink Target 96	NPX	20211799_SS220168	Intensity	Cardiometabolic; Cardiometabolic_II; Inflammation; Inflammation_II; Neurology; Neurology_II; Oncology; Oncology_II	Olink Target 96	intensity normalized	B13805	NT=affinity-proteomics;VV=v1.0.0	NT=human;VV=v1.1.0	NT=olink;VV=v1.0.0	v1.1.0	NT=sdrf-skills-autoresearch;VV=v0.0.0
PAD000033-2022-02-03-09-2	Homo sapiens	Blood serum	not available	not available	not available	36	not applicable	blood serum	PAD000033-r00036-2022-02-03-09-2	protein expression profiling by antibody array	1	20211799_Tsai_NPX_2022-03-14.npx.csv	ftp://ftp.pride.ebi.ac.uk/pride/data/archive/2026/03/PAD000033/20211799_Tsai_NPX_2022-03-14.npx.csv	Olink Target 96	NPX	20211799_SS220168	Intensity	Cardiometabolic; Cardiometabolic_II; Inflammation; Inflammation_II; Neurology; Neurology_II; Oncology; Oncology_II	Olink Target 96	intensity normalized	B13805	NT=affinity-proteomics;VV=v1.0.0	NT=human;VV=v1.1.0	NT=olink;VV=v1.0.0	v1.1.0	NT=sdrf-skills-autoresearch;VV=v0.0.0
PAD000033-2022-02-03-98-1	Homo sapiens	Blood serum	not available	not available	not available	37	not applicable	blood serum	PAD000033-r00037-2022-02-03-98-1	protein expression profiling by antibody array	1	20211799_Tsai_NPX_2022-03-14.npx.csv	ftp://ftp.pride.ebi.ac.uk/pride/data/archive/2026/03/PAD000033/20211799_Tsai_NPX_2022-03-14.npx.csv	Olink Target 96	NPX	20211799_SS220168	Intensity	Cardiometabolic; Cardiometabolic_II; Inflammation; Inflammation_II; Neurology; Neurology_II; Oncology; Oncology_II	Olink Target 96	intensity normalized	B13805	NT=affinity-proteomics;VV=v1.0.0	NT=human;VV=v1.1.0	NT=olink;VV=v1.0.0	v1.1.0	NT=sdrf-skills-autoresearch;VV=v0.0.0
PAD000033-2022-02-03-02-2	Homo sapiens	Blood serum	not available	not available	not available	38	not applicable	blood serum	PAD000033-r00038-2022-02-03-02-2	protein expression profiling by antibody array	1	20211799_Tsai_NPX_2022-03-14.npx.csv	ftp://ftp.pride.ebi.ac.uk/pride/data/archive/2026/03/PAD000033/20211799_Tsai_NPX_2022-03-14.npx.csv	Olink Target 96	NPX	20211799_SS220168	Intensity	Cardiometabolic; Cardiometabolic_II; Inflammation; Inflammation_II; Neurology; Neurology_II; Oncology; Oncology_II	Olink Target 96	intensity normalized	B13805	NT=affinity-proteomics;VV=v1.0.0	NT=human;VV=v1.1.0	NT=olink;VV=v1.0.0	v1.1.0	NT=sdrf-skills-autoresearch;VV=v0.0.0
PAD000033-2022-02-03-78-1	Homo sapiens	Blood serum	not available	not available	not available	39	not applicable	blood serum	PAD000033-r00039-2022-02-03-78-1	protein expression profiling by antibody array	1	20211799_Tsai_NPX_2022-03-14.npx.csv	ftp://ftp.pride.ebi.ac.uk/pride/data/archive/2026/03/PAD000033/20211799_Tsai_NPX_2022-03-14.npx.csv	Olink Target 96	NPX	20211799_SS220168	Intensity	Cardiometabolic; Cardiometabolic_II; Inflammation; Inflammation_II; Neurology; Neurology_II; Oncology; Oncology_II	Olink Target 96	intensity normalized	B13805	NT=affinity-proteomics;VV=v1.0.0	NT=human;VV=v1.1.0	NT=olink;VV=v1.0.0	v1.1.0	NT=sdrf-skills-autoresearch;VV=v0.0.0
PAD000033-2022-02-03-52-1	Homo sapiens	Blood serum	not available	not available	not available	40	not applicable	blood serum	PAD000033-r00040-2022-02-03-52-1	protein expression profiling by antibody array	1	20211799_Tsai_NPX_2022-03-14.npx.csv	ftp://ftp.pride.ebi.ac.uk/pride/data/archive/2026/03/PAD000033/20211799_Tsai_NPX_2022-03-14.npx.csv	Olink Target 96	NPX	20211799_SS220168	Intensity	Cardiometabolic; Cardiometabolic_II; Inflammation; Inflammation_II; Neurology; Neurology_II; Oncology; Oncology_II	Olink Target 96	intensity normalized	B13805	NT=affinity-proteomics;VV=v1.0.0	NT=human;VV=v1.1.0	NT=olink;VV=v1.0.0	v1.1.0	NT=sdrf-skills-autoresearch;VV=v0.0.0
PAD000033-2022-02-03-65-2	Homo sapiens	Blood serum	not available	not available	not available	41	not applicable	blood serum	PAD000033-r00041-2022-02-03-65-2	protein expression profiling by antibody array	1	20211799_Tsai_NPX_2022-03-14.npx.csv	ftp://ftp.pride.ebi.ac.uk/pride/data/archive/2026/03/PAD000033/20211799_Tsai_NPX_2022-03-14.npx.csv	Olink Target 96	NPX	20211799_SS220168	Intensity	Cardiometabolic; Cardiometabolic_II; Inflammation; Inflammation_II; Neurology; Neurology_II; Oncology; Oncology_II	Olink Target 96	intensity normalized	B13805	NT=affinity-proteomics;VV=v1.0.0	NT=human;VV=v1.1.0	NT=olink;VV=v1.0.0	v1.1.0	NT=sdrf-skills-autoresearch;VV=v0.0.0
PAD000033-2022-02-03-89-2	Homo sapiens	Blood serum	not available	not available	not available	42	not applicable	blood serum	PAD000033-r00042-2022-02-03-89-2	protein expression profiling by antibody array	1	20211799_Tsai_NPX_2022-03-14.npx.csv	ftp://ftp.pride.ebi.ac.uk/pride/data/archive/2026/03/PAD000033/20211799_Tsai_NPX_2022-03-14.npx.csv	Olink Target 96	NPX	20211799_SS220168	Intensity	Cardiometabolic; Cardiometabolic_II; Inflammation; Inflammation_II; Neurology; Neurology_II; Oncology; Oncology_II	Olink Target 96	intensity normalized	B13805	NT=affinity-proteomics;VV=v1.0.0	NT=human;VV=v1.1.0	NT=olink;VV=v1.0.0	v1.1.0	NT=sdrf-skills-autoresearch;VV=v0.0.0
PAD000033-2022-02-03-52-2	Homo sapiens	Blood serum	not available	not available	not available	43	not applicable	blood serum	PAD000033-r00043-2022-02-03-52-2	protein expression profiling by antibody array	1	20211799_Tsai_NPX_2022-03-14.npx.csv	ftp://ftp.pride.ebi.ac.uk/pride/data/archive/2026/03/PAD000033/20211799_Tsai_NPX_2022-03-14.npx.csv	Olink Target 96	NPX	20211799_SS220168	Intensity	Cardiometabolic; Cardiometabolic_II; Inflammation; Inflammation_II; Neurology; Neurology_II; Oncology; Oncology_II	Olink Target 96	intensity normalized	B13805	NT=affinity-proteomics;VV=v1.0.0	NT=human;VV=v1.1.0	NT=olink;VV=v1.0.0	v1.1.0	NT=sdrf-skills-autoresearch;VV=v0.0.0
PAD000033-2022-02-03-97-1	Homo sapiens	Blood serum	not available	not available	not available	44	not applicable	blood serum	PAD000033-r00044-2022-02-03-97-1	protein expression profiling by antibody array	1	20211799_Tsai_NPX_2022-03-14.npx.csv	ftp://ftp.pride.ebi.ac.uk/pride/data/archive/2026/03/PAD000033/20211799_Tsai_NPX_2022-03-14.npx.csv	Olink Target 96	NPX	20211799_SS220168	Intensity	Cardiometabolic; Cardiometabolic_II; Inflammation; Inflammation_II; Neurology; Neurology_II; Oncology; Oncology_II	Olink Target 96	intensity normalized	B13805	NT=affinity-proteomics;VV=v1.0.0	NT=human;VV=v1.1.0	NT=olink;VV=v1.0.0	v1.1.0	NT=sdrf-skills-autoresearch;VV=v0.0.0
PAD000033-2022-02-03-16-2	Homo sapiens	Blood serum	not available	not available	not available	45	not applicable	blood serum	PAD000033-r00045-2022-02-03-16-2	protein expression profiling by antibody array	1	20211799_Tsai_NPX_2022-03-14.npx.csv	ftp://ftp.pride.ebi.ac.uk/pride/data/archive/2026/03/PAD000033/20211799_Tsai_NPX_2022-03-14.npx.csv	Olink Target 96	NPX	20211799_SS220168	Intensity	Cardiometabolic; Cardiometabolic_II; Inflammation; Inflammation_II; Neurology; Neurology_II; Oncology; Oncology_II	Olink Target 96	intensity normalized	B13805	NT=affinity-proteomics;VV=v1.0.0	NT=human;VV=v1.1.0	NT=olink;VV=v1.0.0	v1.1.0	NT=sdrf-skills-autoresearch;VV=v0.0.0
PAD000033-2022-02-03-94-1	Homo sapiens	Blood serum	not available	not available	not available	46	not applicable	blood serum	PAD000033-r00046-2022-02-03-94-1	protein expression profiling by antibody array	1	20211799_Tsai_NPX_2022-03-14.npx.csv	ftp://ftp.pride.ebi.ac.uk/pride/data/archive/2026/03/PAD000033/20211799_Tsai_NPX_2022-03-14.npx.csv	Olink Target 96	NPX	20211799_SS220168	Intensity	Cardiometabolic; Cardiometabolic_II; Inflammation; Inflammation_II; Neurology; Neurology_II; Oncology; Oncology_II	Olink Target 96	intensity normalized	B13805	NT=affinity-proteomics;VV=v1.0.0	NT=human;VV=v1.1.0	NT=olink;VV=v1.0.0	v1.1.0	NT=sdrf-skills-autoresearch;VV=v0.0.0
PAD000033-2022-02-03-24-2	Homo sapiens	Blood serum	not available	not available	not available	47	not applicable	blood serum	PAD000033-r00047-2022-02-03-24-2	protein expression profiling by antibody array	1	20211799_Tsai_NPX_2022-03-14.npx.csv	ftp://ftp.pride.ebi.ac.uk/pride/data/archive/2026/03/PAD000033/20211799_Tsai_NPX_2022-03-14.npx.csv	Olink Target 96	NPX	20211799_SS220168	Intensity	Cardiometabolic; Cardiometabolic_II; Inflammation; Inflammation_II; Neurology; Neurology_II; Oncology; Oncology_II	Olink Target 96	intensity normalized	B13805	NT=affinity-proteomics;VV=v1.0.0	NT=human;VV=v1.1.0	NT=olink;VV=v1.0.0	v1.1.0	NT=sdrf-skills-autoresearch;VV=v0.0.0
PAD000033-2022-02-03-05-1	Homo sapiens	Blood serum	not available	not available	not available	48	not applicable	blood serum	PAD000033-r00048-2022-02-03-05-1	protein expression profiling by antibody array	1	20211799_Tsai_NPX_2022-03-14.npx.csv	ftp://ftp.pride.ebi.ac.uk/pride/data/archive/2026/03/PAD000033/20211799_Tsai_NPX_2022-03-14.npx.csv	Olink Target 96	NPX	20211799_SS220168	Intensity	Cardiometabolic; Cardiometabolic_II; Inflammation; Inflammation_II; Neurology; Neurology_II; Oncology; Oncology_II	Olink Target 96	intensity normalized	B13805	NT=affinity-proteomics;VV=v1.0.0	NT=human;VV=v1.1.0	NT=olink;VV=v1.0.0	v1.1.0	NT=sdrf-skills-autoresearch;VV=v0.0.0
PAD000033-2022-02-03-27-2	Homo sapiens	Blood serum	not available	not available	not available	49	not applicable	blood serum	PAD000033-r00049-2022-02-03-27-2	protein expression profiling by antibody array	1	20211799_Tsai_NPX_2022-03-14.npx.csv	ftp://ftp.pride.ebi.ac.uk/pride/data/archive/2026/03/PAD000033/20211799_Tsai_NPX_2022-03-14.npx.csv	Olink Target 96	NPX	20211799_SS220168	Intensity	Cardiometabolic; Cardiometabolic_II; Inflammation; Inflammation_II; Neurology; Neurology_II; Oncology; Oncology_II	Olink Target 96	intensity normalized	B13805	NT=affinity-proteomics;VV=v1.0.0	NT=human;VV=v1.1.0	NT=olink;VV=v1.0.0	v1.1.0	NT=sdrf-skills-autoresearch;VV=v0.0.0
PAD000033-2022-02-03-06-1	Homo sapiens	Blood serum	not available	not available	not available	50	not applicable	blood serum	PAD000033-r00050-2022-02-03-06-1	protein expression profiling by antibody array	1	20211799_Tsai_NPX_2022-03-14.npx.csv	ftp://ftp.pride.ebi.ac.uk/pride/data/archive/2026/03/PAD000033/20211799_Tsai_NPX_2022-03-14.npx.csv	Olink Target 96	NPX	20211799_SS220168	Intensity	Cardiometabolic; Cardiometabolic_II; Inflammation; Inflammation_II; Neurology; Neurology_II; Oncology; Oncology_II	Olink Target 96	intensity normalized	B13805	NT=affinity-proteomics;VV=v1.0.0	NT=human;VV=v1.1.0	NT=olink;VV=v1.0.0	v1.1.0	NT=sdrf-skills-autoresearch;VV=v0.0.0
PAD000033-2022-02-03-80-2	Homo sapiens	Blood serum	not available	not available	not available	51	not applicable	blood serum	PAD000033-r00051-2022-02-03-80-2	protein expression profiling by antibody array	1	20211799_Tsai_NPX_2022-03-14.npx.csv	ftp://ftp.pride.ebi.ac.uk/pride/data/archive/2026/03/PAD000033/20211799_Tsai_NPX_2022-03-14.npx.csv	Olink Target 96	NPX	20211799_SS220168	Intensity	Cardiometabolic; Cardiometabolic_II; Inflammation; Inflammation_II; Neurology; Neurology_II; Oncology; Oncology_II	Olink Target 96	intensity normalized	B13805	NT=affinity-proteomics;VV=v1.0.0	NT=human;VV=v1.1.0	NT=olink;VV=v1.0.0	v1.1.0	NT=sdrf-skills-autoresearch;VV=v0.0.0
PAD000033-2022-02-03-25-1	Homo sapiens	Blood serum	not available	not available	not available	52	not applicable	blood serum	PAD000033-r00052-2022-02-03-25-1	protein expression profiling by antibody array	1	20211799_Tsai_NPX_2022-03-14.npx.csv	ftp://ftp.pride.ebi.ac.uk/pride/data/archive/2026/03/PAD000033/20211799_Tsai_NPX_2022-03-14.npx.csv	Olink Target 96	NPX	20211799_SS220168	Intensity	Cardiometabolic; Cardiometabolic_II; Inflammation; Inflammation_II; Neurology; Neurology_II; Oncology; Oncology_II	Olink Target 96	intensity normalized	B13805	NT=affinity-proteomics;VV=v1.0.0	NT=human;VV=v1.1.0	NT=olink;VV=v1.0.0	v1.1.0	NT=sdrf-skills-autoresearch;VV=v0.0.0
PAD000033-2022-02-03-79-2	Homo sapiens	Blood serum	not available	not available	not available	53	not applicable	blood serum	PAD000033-r00053-2022-02-03-79-2	protein expression profiling by antibody array	1	20211799_Tsai_NPX_2022-03-14.npx.csv	ftp://ftp.pride.ebi.ac.uk/pride/data/archive/2026/03/PAD000033/20211799_Tsai_NPX_2022-03-14.npx.csv	Olink Target 96	NPX	20211799_SS220168	Intensity	Cardiometabolic; Cardiometabolic_II; Inflammation; Inflammation_II; Neurology; Neurology_II; Oncology; Oncology_II	Olink Target 96	intensity normalized	B13805	NT=affinity-proteomics;VV=v1.0.0	NT=human;VV=v1.1.0	NT=olink;VV=v1.0.0	v1.1.0	NT=sdrf-skills-autoresearch;VV=v0.0.0
PAD000033-2022-02-03-94-2	Homo sapiens	Blood serum	not available	not available	not available	54	not applicable	blood serum	PAD000033-r00054-2022-02-03-94-2	protein expression profiling by antibody array	1	20211799_Tsai_NPX_2022-03-14.npx.csv	ftp://ftp.pride.ebi.ac.uk/pride/data/archive/2026/03/PAD000033/20211799_Tsai_NPX_2022-03-14.npx.csv	Olink Target 96	NPX	20211799_SS220168	Intensity	Cardiometabolic; Cardiometabolic_II; Inflammation; Inflammation_II; Neurology; Neurology_II; Oncology; Oncology_II	Olink Target 96	intensity normalized	B13805	NT=affinity-proteomics;VV=v1.0.0	NT=human;VV=v1.1.0	NT=olink;VV=v1.0.0	v1.1.0	NT=sdrf-skills-autoresearch;VV=v0.0.0
PAD000033-2022-02-03-44-1	Homo sapiens	Blood serum	not available	not available	not available	55	not applicable	blood serum	PAD000033-r00055-2022-02-03-44-1	protein expression profiling by antibody array	1	20211799_Tsai_NPX_2022-03-14.npx.csv	ftp://ftp.pride.ebi.ac.uk/pride/data/archive/2026/03/PAD000033/20211799_Tsai_NPX_2022-03-14.npx.csv	Olink Target 96	NPX	20211799_SS220168	Intensity	Cardiometabolic; Cardiometabolic_II; Inflammation; Inflammation_II; Neurology; Neurology_II; Oncology; Oncology_II	Olink Target 96	intensity normalized	B13805	NT=affinity-proteomics;VV=v1.0.0	NT=human;VV=v1.1.0	NT=olink;VV=v1.0.0	v1.1.0	NT=sdrf-skills-autoresearch;VV=v0.0.0
PAD000033-2022-02-03-65-1	Homo sapiens	Blood serum	not available	not available	not available	56	not applicable	blood serum	PAD000033-r00056-2022-02-03-65-1	protein expression profiling by antibody array	1	20211799_Tsai_NPX_2022-03-14.npx.csv	ftp://ftp.pride.ebi.ac.uk/pride/data/archive/2026/03/PAD000033/20211799_Tsai_NPX_2022-03-14.npx.csv	Olink Target 96	NPX	20211799_SS220168	Intensity	Cardiometabolic; Cardiometabolic_II; Inflammation; Inflammation_II; Neurology; Neurology_II; Oncology; Oncology_II	Olink Target 96	intensity normalized	B13805	NT=affinity-proteomics;VV=v1.0.0	NT=human;VV=v1.1.0	NT=olink;VV=v1.0.0	v1.1.0	NT=sdrf-skills-autoresearch;VV=v0.0.0
PAD000033-2022-02-03-79-1	Homo sapiens	Blood serum	not available	not available	not available	57	not applicable	blood serum	PAD000033-r00057-2022-02-03-79-1	protein expression profiling by antibody array	1	20211799_Tsai_NPX_2022-03-14.npx.csv	ftp://ftp.pride.ebi.ac.uk/pride/data/archive/2026/03/PAD000033/20211799_Tsai_NPX_2022-03-14.npx.csv	Olink Target 96	NPX	20211799_SS220168	Intensity	Cardiometabolic; Cardiometabolic_II; Inflammation; Inflammation_II; Neurology; Neurology_II; Oncology; Oncology_II	Olink Target 96	intensity normalized	B13805	NT=affinity-proteomics;VV=v1.0.0	NT=human;VV=v1.1.0	NT=olink;VV=v1.0.0	v1.1.0	NT=sdrf-skills-autoresearch;VV=v0.0.0
PAD000033-2022-02-03-36-1	Homo sapiens	Blood serum	not available	not available	not available	58	not applicable	blood serum	PAD000033-r00058-2022-02-03-36-1	protein expression profiling by antibody array	1	20211799_Tsai_NPX_2022-03-14.npx.csv	ftp://ftp.pride.ebi.ac.uk/pride/data/archive/2026/03/PAD000033/20211799_Tsai_NPX_2022-03-14.npx.csv	Olink Target 96	NPX	20211799_SS220168	Intensity	Cardiometabolic; Cardiometabolic_II; Inflammation; Inflammation_II; Neurology; Neurology_II; Oncology; Oncology_II	Olink Target 96	intensity normalized	B13805	NT=affinity-proteomics;VV=v1.0.0	NT=human;VV=v1.1.0	NT=olink;VV=v1.0.0	v1.1.0	NT=sdrf-skills-autoresearch;VV=v0.0.0
PAD000033-2022-02-03-43-2	Homo sapiens	Blood serum	not available	not available	not available	59	not applicable	blood serum	PAD000033-r00059-2022-02-03-43-2	protein expression profiling by antibody array	1	20211799_Tsai_NPX_2022-03-14.npx.csv	ftp://ftp.pride.ebi.ac.uk/pride/data/archive/2026/03/PAD000033/20211799_Tsai_NPX_2022-03-14.npx.csv	Olink Target 96	NPX	20211799_SS220168	Intensity	Cardiometabolic; Cardiometabolic_II; Inflammation; Inflammation_II; Neurology; Neurology_II; Oncology; Oncology_II	Olink Target 96	intensity normalized	B13805	NT=affinity-proteomics;VV=v1.0.0	NT=human;VV=v1.1.0	NT=olink;VV=v1.0.0	v1.1.0	NT=sdrf-skills-autoresearch;VV=v0.0.0
PAD000033-2022-02-03-27-1	Homo sapiens	Blood serum	not available	not available	not available	60	not applicable	blood serum	PAD000033-r00060-2022-02-03-27-1	protein expression profiling by antibody array	1	20211799_Tsai_NPX_2022-03-14.npx.csv	ftp://ftp.pride.ebi.ac.uk/pride/data/archive/2026/03/PAD000033/20211799_Tsai_NPX_2022-03-14.npx.csv	Olink Target 96	NPX	20211799_SS220168	Intensity	Cardiometabolic; Cardiometabolic_II; Inflammation; Inflammation_II; Neurology; Neurology_II; Oncology; Oncology_II	Olink Target 96	intensity normalized	B13805	NT=affinity-proteomics;VV=v1.0.0	NT=human;VV=v1.1.0	NT=olink;VV=v1.0.0	v1.1.0	NT=sdrf-skills-autoresearch;VV=v0.0.0
PAD000033-2022-02-03-36-2	Homo sapiens	Blood serum	not available	not available	not available	61	not applicable	blood serum	PAD000033-r00061-2022-02-03-36-2	protein expression profiling by antibody array	1	20211799_Tsai_NPX_2022-03-14.npx.csv	ftp://ftp.pride.ebi.ac.uk/pride/data/archive/2026/03/PAD000033/20211799_Tsai_NPX_2022-03-14.npx.csv	Olink Target 96	NPX	20211799_SS220168	Intensity	Cardiometabolic; Cardiometabolic_II; Inflammation; Inflammation_II; Neurology; Neurology_II; Oncology; Oncology_II	Olink Target 96	intensity normalized	B13805	NT=affinity-proteomics;VV=v1.0.0	NT=human;VV=v1.1.0	NT=olink;VV=v1.0.0	v1.1.0	NT=sdrf-skills-autoresearch;VV=v0.0.0
PAD000033-2022-02-03-54-1	Homo sapiens	Blood serum	not available	not available	not available	62	not applicable	blood serum	PAD000033-r00062-2022-02-03-54-1	protein expression profiling by antibody array	1	20211799_Tsai_NPX_2022-03-14.npx.csv	ftp://ftp.pride.ebi.ac.uk/pride/data/archive/2026/03/PAD000033/20211799_Tsai_NPX_2022-03-14.npx.csv	Olink Target 96	NPX	20211799_SS220167	Intensity	Cardiometabolic; Cardiometabolic_II; Inflammation; Inflammation_II; Neurology; Neurology_II; Oncology; Oncology_II	Olink Target 96	intensity normalized	B13805	NT=affinity-proteomics;VV=v1.0.0	NT=human;VV=v1.1.0	NT=olink;VV=v1.0.0	v1.1.0	NT=sdrf-skills-autoresearch;VV=v0.0.0
PAD000033-2022-02-03-10-1	Homo sapiens	Blood serum	not available	not available	not available	63	not applicable	blood serum	PAD000033-r00063-2022-02-03-10-1	protein expression profiling by antibody array	1	20211799_Tsai_NPX_2022-03-14.npx.csv	ftp://ftp.pride.ebi.ac.uk/pride/data/archive/2026/03/PAD000033/20211799_Tsai_NPX_2022-03-14.npx.csv	Olink Target 96	NPX	20211799_SS220167	Intensity	Cardiometabolic; Cardiometabolic_II; Inflammation; Inflammation_II; Neurology; Neurology_II; Oncology; Oncology_II	Olink Target 96	intensity normalized	B13805	NT=affinity-proteomics;VV=v1.0.0	NT=human;VV=v1.1.0	NT=olink;VV=v1.0.0	v1.1.0	NT=sdrf-skills-autoresearch;VV=v0.0.0
PAD000033-2022-02-03-95-2	Homo sapiens	Blood serum	not available	not available	not available	64	not applicable	blood serum	PAD000033-r00064-2022-02-03-95-2	protein expression profiling by antibody array	1	20211799_Tsai_NPX_2022-03-14.npx.csv	ftp://ftp.pride.ebi.ac.uk/pride/data/archive/2026/03/PAD000033/20211799_Tsai_NPX_2022-03-14.npx.csv	Olink Target 96	NPX	20211799_SS220167	Intensity	Cardiometabolic; Cardiometabolic_II; Inflammation; Inflammation_II; Neurology; Neurology_II; Oncology; Oncology_II	Olink Target 96	intensity normalized	B13805	NT=affinity-proteomics;VV=v1.0.0	NT=human;VV=v1.1.0	NT=olink;VV=v1.0.0	v1.1.0	NT=sdrf-skills-autoresearch;VV=v0.0.0
PAD000033-2022-02-03-63-2	Homo sapiens	Blood serum	not available	not available	not available	65	not applicable	blood serum	PAD000033-r00065-2022-02-03-63-2	protein expression profiling by antibody array	1	20211799_Tsai_NPX_2022-03-14.npx.csv	ftp://ftp.pride.ebi.ac.uk/pride/data/archive/2026/03/PAD000033/20211799_Tsai_NPX_2022-03-14.npx.csv	Olink Target 96	NPX	20211799_SS220167	Intensity	Cardiometabolic; Cardiometabolic_II; Inflammation; Inflammation_II; Neurology; Neurology_II; Oncology; Oncology_II	Olink Target 96	intensity normalized	B13805	NT=affinity-proteomics;VV=v1.0.0	NT=human;VV=v1.1.0	NT=olink;VV=v1.0.0	v1.1.0	NT=sdrf-skills-autoresearch;VV=v0.0.0
PAD000033-2022-02-03-10-2	Homo sapiens	Blood serum	not available	not available	not available	66	not applicable	blood serum	PAD000033-r00066-2022-02-03-10-2	protein expression profiling by antibody array	1	20211799_Tsai_NPX_2022-03-14.npx.csv	ftp://ftp.pride.ebi.ac.uk/pride/data/archive/2026/03/PAD000033/20211799_Tsai_NPX_2022-03-14.npx.csv	Olink Target 96	NPX	20211799_SS220167	Intensity	Cardiometabolic; Cardiometabolic_II; Inflammation; Inflammation_II; Neurology; Neurology_II; Oncology; Oncology_II	Olink Target 96	intensity normalized	B13805	NT=affinity-proteomics;VV=v1.0.0	NT=human;VV=v1.1.0	NT=olink;VV=v1.0.0	v1.1.0	NT=sdrf-skills-autoresearch;VV=v0.0.0
PAD000033-2022-02-03-82-1	Homo sapiens	Blood serum	not available	not available	not available	67	not applicable	blood serum	PAD000033-r00067-2022-02-03-82-1	protein expression profiling by antibody array	1	20211799_Tsai_NPX_2022-03-14.npx.csv	ftp://ftp.pride.ebi.ac.uk/pride/data/archive/2026/03/PAD000033/20211799_Tsai_NPX_2022-03-14.npx.csv	Olink Target 96	NPX	20211799_SS220167	Intensity	Cardiometabolic; Cardiometabolic_II; Inflammation; Inflammation_II; Neurology; Neurology_II; Oncology; Oncology_II	Olink Target 96	intensity normalized	B13805	NT=affinity-proteomics;VV=v1.0.0	NT=human;VV=v1.1.0	NT=olink;VV=v1.0.0	v1.1.0	NT=sdrf-skills-autoresearch;VV=v0.0.0
PAD000033-2022-02-03-82-2	Homo sapiens	Blood serum	not available	not available	not available	68	not applicable	blood serum	PAD000033-r00068-2022-02-03-82-2	protein expression profiling by antibody array	1	20211799_Tsai_NPX_2022-03-14.npx.csv	ftp://ftp.pride.ebi.ac.uk/pride/data/archive/2026/03/PAD000033/20211799_Tsai_NPX_2022-03-14.npx.csv	Olink Target 96	NPX	20211799_SS220167	Intensity	Cardiometabolic; Cardiometabolic_II; Inflammation; Inflammation_II; Neurology; Neurology_II; Oncology; Oncology_II	Olink Target 96	intensity normalized	B13805	NT=affinity-proteomics;VV=v1.0.0	NT=human;VV=v1.1.0	NT=olink;VV=v1.0.0	v1.1.0	NT=sdrf-skills-autoresearch;VV=v0.0.0
PAD000033-2022-02-03-59-1	Homo sapiens	Blood serum	not available	not available	not available	69	not applicable	blood serum	PAD000033-r00069-2022-02-03-59-1	protein expression profiling by antibody array	1	20211799_Tsai_NPX_2022-03-14.npx.csv	ftp://ftp.pride.ebi.ac.uk/pride/data/archive/2026/03/PAD000033/20211799_Tsai_NPX_2022-03-14.npx.csv	Olink Target 96	NPX	20211799_SS220167	Intensity	Cardiometabolic; Cardiometabolic_II; Inflammation; Inflammation_II; Neurology; Neurology_II; Oncology; Oncology_II	Olink Target 96	intensity normalized	B13805	NT=affinity-proteomics;VV=v1.0.0	NT=human;VV=v1.1.0	NT=olink;VV=v1.0.0	v1.1.0	NT=sdrf-skills-autoresearch;VV=v0.0.0
PAD000033-CONTROL_SAMPLE_US_CS_AS_2-7	Homo sapiens	Blood serum	not available	not available	not available	70	not applicable	blood serum	PAD000033-r00070-CONTROL_SAMPLE_US_CS_AS_2-7	protein expression profiling by antibody array	1	20211799_Tsai_NPX_2022-03-14.npx.csv	ftp://ftp.pride.ebi.ac.uk/pride/data/archive/2026/03/PAD000033/20211799_Tsai_NPX_2022-03-14.npx.csv	Olink Target 96	NPX	20211799_SS220167	Intensity	Cardiometabolic_II; Inflammation_II; Neurology_II; Oncology_II	Olink Target 96	intensity normalized	B13805	NT=affinity-proteomics;VV=v1.0.0	NT=human;VV=v1.1.0	NT=olink;VV=v1.0.0	v1.1.0	NT=sdrf-skills-autoresearch;VV=v0.0.0
PAD000033-2022-02-03-62-1	Homo sapiens	Blood serum	not available	not available	not available	71	not applicable	blood serum	PAD000033-r00071-2022-02-03-62-1	protein expression profiling by antibody array	1	20211799_Tsai_NPX_2022-03-14.npx.csv	ftp://ftp.pride.ebi.ac.uk/pride/data/archive/2026/03/PAD000033/20211799_Tsai_NPX_2022-03-14.npx.csv	Olink Target 96	NPX	20211799_SS220167	Intensity	Cardiometabolic; Cardiometabolic_II; Inflammation; Inflammation_II; Neurology; Neurology_II; Oncology; Oncology_II	Olink Target 96	intensity normalized	B13805	NT=affinity-proteomics;VV=v1.0.0	NT=human;VV=v1.1.0	NT=olink;VV=v1.0.0	v1.1.0	NT=sdrf-skills-autoresearch;VV=v0.0.0
PAD000033-2022-02-03-59-2	Homo sapiens	Blood serum	not available	not available	not available	72	not applicable	blood serum	PAD000033-r00072-2022-02-03-59-2	protein expression profiling by antibody array	1	20211799_Tsai_NPX_2022-03-14.npx.csv	ftp://ftp.pride.ebi.ac.uk/pride/data/archive/2026/03/PAD000033/20211799_Tsai_NPX_2022-03-14.npx.csv	Olink Target 96	NPX	20211799_SS220167	Intensity	Cardiometabolic; Cardiometabolic_II; Inflammation; Inflammation_II; Neurology; Neurology_II; Oncology; Oncology_II	Olink Target 96	intensity normalized	B13805	NT=affinity-proteomics;VV=v1.0.0	NT=human;VV=v1.1.0	NT=olink;VV=v1.0.0	v1.1.0	NT=sdrf-skills-autoresearch;VV=v0.0.0
PAD000033-2022-02-03-42-1	Homo sapiens	Blood serum	not available	not available	not available	73	not applicable	blood serum	PAD000033-r00073-2022-02-03-42-1	protein expression profiling by antibody array	1	20211799_Tsai_NPX_2022-03-14.npx.csv	ftp://ftp.pride.ebi.ac.uk/pride/data/archive/2026/03/PAD000033/20211799_Tsai_NPX_2022-03-14.npx.csv	Olink Target 96	NPX	20211799_SS220167	Intensity	Cardiometabolic; Cardiometabolic_II; Inflammation; Inflammation_II; Neurology; Neurology_II; Oncology; Oncology_II	Olink Target 96	intensity normalized	B13805	NT=affinity-proteomics;VV=v1.0.0	NT=human;VV=v1.1.0	NT=olink;VV=v1.0.0	v1.1.0	NT=sdrf-skills-autoresearch;VV=v0.0.0
PAD000033-2022-02-03-46-1	Homo sapiens	Blood serum	not available	not available	not available	74	not applicable	blood serum	PAD000033-r00074-2022-02-03-46-1	protein expression profiling by antibody array	1	20211799_Tsai_NPX_2022-03-14.npx.csv	ftp://ftp.pride.ebi.ac.uk/pride/data/archive/2026/03/PAD000033/20211799_Tsai_NPX_2022-03-14.npx.csv	Olink Target 96	NPX	20211799_SS220167	Intensity	Cardiometabolic; Cardiometabolic_II; Inflammation; Inflammation_II; Neurology; Neurology_II; Oncology; Oncology_II	Olink Target 96	intensity normalized	B13805	NT=affinity-proteomics;VV=v1.0.0	NT=human;VV=v1.1.0	NT=olink;VV=v1.0.0	v1.1.0	NT=sdrf-skills-autoresearch;VV=v0.0.0
PAD000033-2022-02-03-95-1	Homo sapiens	Blood serum	not available	not available	not available	75	not applicable	blood serum	PAD000033-r00075-2022-02-03-95-1	protein expression profiling by antibody array	1	20211799_Tsai_NPX_2022-03-14.npx.csv	ftp://ftp.pride.ebi.ac.uk/pride/data/archive/2026/03/PAD000033/20211799_Tsai_NPX_2022-03-14.npx.csv	Olink Target 96	NPX	20211799_SS220167	Intensity	Cardiometabolic; Cardiometabolic_II; Inflammation; Inflammation_II; Neurology; Neurology_II; Oncology; Oncology_II	Olink Target 96	intensity normalized	B13805	NT=affinity-proteomics;VV=v1.0.0	NT=human;VV=v1.1.0	NT=olink;VV=v1.0.0	v1.1.0	NT=sdrf-skills-autoresearch;VV=v0.0.0
PAD000033-2022-02-03-34-2	Homo sapiens	Blood serum	not available	not available	not available	76	not applicable	blood serum	PAD000033-r00076-2022-02-03-34-2	protein expression profiling by antibody array	1	20211799_Tsai_NPX_2022-03-14.npx.csv	ftp://ftp.pride.ebi.ac.uk/pride/data/archive/2026/03/PAD000033/20211799_Tsai_NPX_2022-03-14.npx.csv	Olink Target 96	NPX	20211799_SS220167	Intensity	Cardiometabolic; Cardiometabolic_II; Inflammation; Inflammation_II; Neurology; Neurology_II; Oncology; Oncology_II	Olink Target 96	intensity normalized	B13805	NT=affinity-proteomics;VV=v1.0.0	NT=human;VV=v1.1.0	NT=olink;VV=v1.0.0	v1.1.0	NT=sdrf-skills-autoresearch;VV=v0.0.0
PAD000033-2022-02-03-31-1	Homo sapiens	Blood serum	not available	not available	not available	77	not applicable	blood serum	PAD000033-r00077-2022-02-03-31-1	protein expression profiling by antibody array	1	20211799_Tsai_NPX_2022-03-14.npx.csv	ftp://ftp.pride.ebi.ac.uk/pride/data/archive/2026/03/PAD000033/20211799_Tsai_NPX_2022-03-14.npx.csv	Olink Target 96	NPX	20211799_SS220167	Intensity	Cardiometabolic; Cardiometabolic_II; Inflammation; Inflammation_II; Neurology; Neurology_II; Oncology; Oncology_II	Olink Target 96	intensity normalized	B13805	NT=affinity-proteomics;VV=v1.0.0	NT=human;VV=v1.1.0	NT=olink;VV=v1.0.0	v1.1.0	NT=sdrf-skills-autoresearch;VV=v0.0.0
PAD000033-2022-02-03-30-2	Homo sapiens	Blood serum	not available	not available	not available	78	not applicable	blood serum	PAD000033-r00078-2022-02-03-30-2	protein expression profiling by antibody array	1	20211799_Tsai_NPX_2022-03-14.npx.csv	ftp://ftp.pride.ebi.ac.uk/pride/data/archive/2026/03/PAD000033/20211799_Tsai_NPX_2022-03-14.npx.csv	Olink Target 96	NPX	20211799_SS220167	Intensity	Cardiometabolic; Cardiometabolic_II; Inflammation; Inflammation_II; Neurology; Neurology_II; Oncology; Oncology_II	Olink Target 96	intensity normalized	B13805	NT=affinity-proteomics;VV=v1.0.0	NT=human;VV=v1.1.0	NT=olink;VV=v1.0.0	v1.1.0	NT=sdrf-skills-autoresearch;VV=v0.0.0
PAD000033-CONTROL_SAMPLE_US_CS_AS_2-8	Homo sapiens	Blood serum	not available	not available	not available	79	not applicable	blood serum	PAD000033-r00079-CONTROL_SAMPLE_US_CS_AS_2-8	protein expression profiling by antibody array	1	20211799_Tsai_NPX_2022-03-14.npx.csv	ftp://ftp.pride.ebi.ac.uk/pride/data/archive/2026/03/PAD000033/20211799_Tsai_NPX_2022-03-14.npx.csv	Olink Target 96	NPX	20211799_SS220167	Intensity	Cardiometabolic_II; Inflammation_II; Neurology_II; Oncology_II	Olink Target 96	intensity normalized	B13805	NT=affinity-proteomics;VV=v1.0.0	NT=human;VV=v1.1.0	NT=olink;VV=v1.0.0	v1.1.0	NT=sdrf-skills-autoresearch;VV=v0.0.0
PAD000033-2022-02-03-62-2	Homo sapiens	Blood serum	not available	not available	not available	80	not applicable	blood serum	PAD000033-r00080-2022-02-03-62-2	protein expression profiling by antibody array	1	20211799_Tsai_NPX_2022-03-14.npx.csv	ftp://ftp.pride.ebi.ac.uk/pride/data/archive/2026/03/PAD000033/20211799_Tsai_NPX_2022-03-14.npx.csv	Olink Target 96	NPX	20211799_SS220167	Intensity	Cardiometabolic; Cardiometabolic_II; Inflammation; Inflammation_II; Neurology; Neurology_II; Oncology; Oncology_II	Olink Target 96	intensity normalized	B13805	NT=affinity-proteomics;VV=v1.0.0	NT=human;VV=v1.1.0	NT=olink;VV=v1.0.0	v1.1.0	NT=sdrf-skills-autoresearch;VV=v0.0.0
PAD000033-2022-02-03-40-1	Homo sapiens	Blood serum	not available	not available	not available	81	not applicable	blood serum	PAD000033-r00081-2022-02-03-40-1	protein expression profiling by antibody array	1	20211799_Tsai_NPX_2022-03-14.npx.csv	ftp://ftp.pride.ebi.ac.uk/pride/data/archive/2026/03/PAD000033/20211799_Tsai_NPX_2022-03-14.npx.csv	Olink Target 96	NPX	20211799_SS220167	Intensity	Cardiometabolic; Cardiometabolic_II; Inflammation; Inflammation_II; Neurology; Neurology_II; Oncology; Oncology_II	Olink Target 96	intensity normalized	B13805	NT=affinity-proteomics;VV=v1.0.0	NT=human;VV=v1.1.0	NT=olink;VV=v1.0.0	v1.1.0	NT=sdrf-skills-autoresearch;VV=v0.0.0
PAD000033-2022-02-03-42-2	Homo sapiens	Blood serum	not available	not available	not available	82	not applicable	blood serum	PAD000033-r00082-2022-02-03-42-2	protein expression profiling by antibody array	1	20211799_Tsai_NPX_2022-03-14.npx.csv	ftp://ftp.pride.ebi.ac.uk/pride/data/archive/2026/03/PAD000033/20211799_Tsai_NPX_2022-03-14.npx.csv	Olink Target 96	NPX	20211799_SS220167	Intensity	Cardiometabolic; Cardiometabolic_II; Inflammation; Inflammation_II; Neurology; Neurology_II; Oncology; Oncology_II	Olink Target 96	intensity normalized	B13805	NT=affinity-proteomics;VV=v1.0.0	NT=human;VV=v1.1.0	NT=olink;VV=v1.0.0	v1.1.0	NT=sdrf-skills-autoresearch;VV=v0.0.0
PAD000033-2022-02-03-75-2	Homo sapiens	Blood serum	not available	not available	not available	83	not applicable	blood serum	PAD000033-r00083-2022-02-03-75-2	protein expression profiling by antibody array	1	20211799_Tsai_NPX_2022-03-14.npx.csv	ftp://ftp.pride.ebi.ac.uk/pride/data/archive/2026/03/PAD000033/20211799_Tsai_NPX_2022-03-14.npx.csv	Olink Target 96	NPX	20211799_SS220167	Intensity	Cardiometabolic; Cardiometabolic_II; Inflammation; Inflammation_II; Neurology; Neurology_II; Oncology; Oncology_II	Olink Target 96	intensity normalized	B13805	NT=affinity-proteomics;VV=v1.0.0	NT=human;VV=v1.1.0	NT=olink;VV=v1.0.0	v1.1.0	NT=sdrf-skills-autoresearch;VV=v0.0.0
PAD000033-2022-02-03-68-2	Homo sapiens	Blood serum	not available	not available	not available	84	not applicable	blood serum	PAD000033-r00084-2022-02-03-68-2	protein expression profiling by antibody array	1	20211799_Tsai_NPX_2022-03-14.npx.csv	ftp://ftp.pride.ebi.ac.uk/pride/data/archive/2026/03/PAD000033/20211799_Tsai_NPX_2022-03-14.npx.csv	Olink Target 96	NPX	20211799_SS220167	Intensity	Cardiometabolic; Cardiometabolic_II; Inflammation; Inflammation_II; Neurology; Neurology_II; Oncology; Oncology_II	Olink Target 96	intensity normalized	B13805	NT=affinity-proteomics;VV=v1.0.0	NT=human;VV=v1.1.0	NT=olink;VV=v1.0.0	v1.1.0	NT=sdrf-skills-autoresearch;VV=v0.0.0
PAD000033-2022-02-03-20-1	Homo sapiens	Blood serum	not available	not available	not available	85	not applicable	blood serum	PAD000033-r00085-2022-02-03-20-1	protein expression profiling by antibody array	1	20211799_Tsai_NPX_2022-03-14.npx.csv	ftp://ftp.pride.ebi.ac.uk/pride/data/archive/2026/03/PAD000033/20211799_Tsai_NPX_2022-03-14.npx.csv	Olink Target 96	NPX	20211799_SS220167	Intensity	Cardiometabolic; Cardiometabolic_II; Inflammation; Inflammation_II; Neurology; Neurology_II; Oncology; Oncology_II	Olink Target 96	intensity normalized	B13805	NT=affinity-proteomics;VV=v1.0.0	NT=human;VV=v1.1.0	NT=olink;VV=v1.0.0	v1.1.0	NT=sdrf-skills-autoresearch;VV=v0.0.0
PAD000033-2022-02-03-39-1	Homo sapiens	Blood serum	not available	not available	not available	86	not applicable	blood serum	PAD000033-r00086-2022-02-03-39-1	protein expression profiling by antibody array	1	20211799_Tsai_NPX_2022-03-14.npx.csv	ftp://ftp.pride.ebi.ac.uk/pride/data/archive/2026/03/PAD000033/20211799_Tsai_NPX_2022-03-14.npx.csv	Olink Target 96	NPX	20211799_SS220167	Intensity	Cardiometabolic; Cardiometabolic_II; Inflammation; Inflammation_II; Neurology; Neurology_II; Oncology; Oncology_II	Olink Target 96	intensity normalized	B13805	NT=affinity-proteomics;VV=v1.0.0	NT=human;VV=v1.1.0	NT=olink;VV=v1.0.0	v1.1.0	NT=sdrf-skills-autoresearch;VV=v0.0.0
PAD000033-2022-02-03-33-2	Homo sapiens	Blood serum	not available	not available	not available	87	not applicable	blood serum	PAD000033-r00087-2022-02-03-33-2	protein expression profiling by antibody array	1	20211799_Tsai_NPX_2022-03-14.npx.csv	ftp://ftp.pride.ebi.ac.uk/pride/data/archive/2026/03/PAD000033/20211799_Tsai_NPX_2022-03-14.npx.csv	Olink Target 96	NPX	20211799_SS220167	Intensity	Cardiometabolic; Cardiometabolic_II; Inflammation; Inflammation_II; Neurology; Neurology_II; Oncology; Oncology_II	Olink Target 96	intensity normalized	B13805	NT=affinity-proteomics;VV=v1.0.0	NT=human;VV=v1.1.0	NT=olink;VV=v1.0.0	v1.1.0	NT=sdrf-skills-autoresearch;VV=v0.0.0
PAD000033-2022-02-03-68-1	Homo sapiens	Blood serum	not available	not available	not available	88	not applicable	blood serum	PAD000033-r00088-2022-02-03-68-1	protein expression profiling by antibody array	1	20211799_Tsai_NPX_2022-03-14.npx.csv	ftp://ftp.pride.ebi.ac.uk/pride/data/archive/2026/03/PAD000033/20211799_Tsai_NPX_2022-03-14.npx.csv	Olink Target 96	NPX	20211799_SS220167	Intensity	Cardiometabolic; Cardiometabolic_II; Inflammation; Inflammation_II; Neurology; Neurology_II; Oncology; Oncology_II	Olink Target 96	intensity normalized	B13805	NT=affinity-proteomics;VV=v1.0.0	NT=human;VV=v1.1.0	NT=olink;VV=v1.0.0	v1.1.0	NT=sdrf-skills-autoresearch;VV=v0.0.0
PAD000033-2022-02-03-11-1	Homo sapiens	Blood serum	not available	not available	not available	89	not applicable	blood serum	PAD000033-r00089-2022-02-03-11-1	protein expression profiling by antibody array	1	20211799_Tsai_NPX_2022-03-14.npx.csv	ftp://ftp.pride.ebi.ac.uk/pride/data/archive/2026/03/PAD000033/20211799_Tsai_NPX_2022-03-14.npx.csv	Olink Target 96	NPX	20211799_SS220167	Intensity	Cardiometabolic; Cardiometabolic_II; Inflammation; Inflammation_II; Neurology; Neurology_II; Oncology; Oncology_II	Olink Target 96	intensity normalized	B13805	NT=affinity-proteomics;VV=v1.0.0	NT=human;VV=v1.1.0	NT=olink;VV=v1.0.0	v1.1.0	NT=sdrf-skills-autoresearch;VV=v0.0.0
PAD000033-2022-02-03-17-2	Homo sapiens	Blood serum	not available	not available	not available	90	not applicable	blood serum	PAD000033-r00090-2022-02-03-17-2	protein expression profiling by antibody array	1	20211799_Tsai_NPX_2022-03-14.npx.csv	ftp://ftp.pride.ebi.ac.uk/pride/data/archive/2026/03/PAD000033/20211799_Tsai_NPX_2022-03-14.npx.csv	Olink Target 96	NPX	20211799_SS220167	Intensity	Cardiometabolic; Cardiometabolic_II; Inflammation; Inflammation_II; Neurology; Neurology_II; Oncology; Oncology_II	Olink Target 96	intensity normalized	B13805	NT=affinity-proteomics;VV=v1.0.0	NT=human;VV=v1.1.0	NT=olink;VV=v1.0.0	v1.1.0	NT=sdrf-skills-autoresearch;VV=v0.0.0
PAD000033-2022-02-03-46-2	Homo sapiens	Blood serum	not available	not available	not available	91	not applicable	blood serum	PAD000033-r00091-2022-02-03-46-2	protein expression profiling by antibody array	1	20211799_Tsai_NPX_2022-03-14.npx.csv	ftp://ftp.pride.ebi.ac.uk/pride/data/archive/2026/03/PAD000033/20211799_Tsai_NPX_2022-03-14.npx.csv	Olink Target 96	NPX	20211799_SS220167	Intensity	Cardiometabolic; Cardiometabolic_II; Inflammation; Inflammation_II; Neurology; Neurology_II; Oncology; Oncology_II	Olink Target 96	intensity normalized	B13805	NT=affinity-proteomics;VV=v1.0.0	NT=human;VV=v1.1.0	NT=olink;VV=v1.0.0	v1.1.0	NT=sdrf-skills-autoresearch;VV=v0.0.0
PAD000033-2022-02-03-75-1	Homo sapiens	Blood serum	not available	not available	not available	92	not applicable	blood serum	PAD000033-r00092-2022-02-03-75-1	protein expression profiling by antibody array	1	20211799_Tsai_NPX_2022-03-14.npx.csv	ftp://ftp.pride.ebi.ac.uk/pride/data/archive/2026/03/PAD000033/20211799_Tsai_NPX_2022-03-14.npx.csv	Olink Target 96	NPX	20211799_SS220167	Intensity	Cardiometabolic; Cardiometabolic_II; Inflammation; Inflammation_II; Neurology; Neurology_II; Oncology; Oncology_II	Olink Target 96	intensity normalized	B13805	NT=affinity-proteomics;VV=v1.0.0	NT=human;VV=v1.1.0	NT=olink;VV=v1.0.0	v1.1.0	NT=sdrf-skills-autoresearch;VV=v0.0.0
PAD000033-2022-02-03-87-2	Homo sapiens	Blood serum	not available	not available	not available	93	not applicable	blood serum	PAD000033-r00093-2022-02-03-87-2	protein expression profiling by antibody array	1	20211799_Tsai_NPX_2022-03-14.npx.csv	ftp://ftp.pride.ebi.ac.uk/pride/data/archive/2026/03/PAD000033/20211799_Tsai_NPX_2022-03-14.npx.csv	Olink Target 96	NPX	20211799_SS220167	Intensity	Cardiometabolic; Cardiometabolic_II; Inflammation; Inflammation_II; Neurology; Neurology_II; Oncology; Oncology_II	Olink Target 96	intensity normalized	B13805	NT=affinity-proteomics;VV=v1.0.0	NT=human;VV=v1.1.0	NT=olink;VV=v1.0.0	v1.1.0	NT=sdrf-skills-autoresearch;VV=v0.0.0
PAD000033-2022-02-03-54-2	Homo sapiens	Blood serum	not available	not available	not available	94	not applicable	blood serum	PAD000033-r00094-2022-02-03-54-2	protein expression profiling by antibody array	1	20211799_Tsai_NPX_2022-03-14.npx.csv	ftp://ftp.pride.ebi.ac.uk/pride/data/archive/2026/03/PAD000033/20211799_Tsai_NPX_2022-03-14.npx.csv	Olink Target 96	NPX	20211799_SS220167	Intensity	Cardiometabolic; Cardiometabolic_II; Inflammation; Inflammation_II; Neurology; Neurology_II; Oncology; Oncology_II	Olink Target 96	intensity normalized	B13805	NT=affinity-proteomics;VV=v1.0.0	NT=human;VV=v1.1.0	NT=olink;VV=v1.0.0	v1.1.0	NT=sdrf-skills-autoresearch;VV=v0.0.0
PAD000033-2022-02-03-51-2	Homo sapiens	Blood serum	not available	not available	not available	95	not applicable	blood serum	PAD000033-r00095-2022-02-03-51-2	protein expression profiling by antibody array	1	20211799_Tsai_NPX_2022-03-14.npx.csv	ftp://ftp.pride.ebi.ac.uk/pride/data/archive/2026/03/PAD000033/20211799_Tsai_NPX_2022-03-14.npx.csv	Olink Target 96	NPX	20211799_SS220167	Intensity	Cardiometabolic; Cardiometabolic_II; Inflammation; Inflammation_II; Neurology; Neurology_II; Oncology; Oncology_II	Olink Target 96	intensity normalized	B13805	NT=affinity-proteomics;VV=v1.0.0	NT=human;VV=v1.1.0	NT=olink;VV=v1.0.0	v1.1.0	NT=sdrf-skills-autoresearch;VV=v0.0.0
PAD000033-2022-02-03-70-1	Homo sapiens	Blood serum	not available	not available	not available	96	not applicable	blood serum	PAD000033-r00096-2022-02-03-70-1	protein expression profiling by antibody array	1	20211799_Tsai_NPX_2022-03-14.npx.csv	ftp://ftp.pride.ebi.ac.uk/pride/data/archive/2026/03/PAD000033/20211799_Tsai_NPX_2022-03-14.npx.csv	Olink Target 96	NPX	20211799_SS220167	Intensity	Cardiometabolic; Cardiometabolic_II; Inflammation; Inflammation_II; Neurology; Neurology_II; Oncology; Oncology_II	Olink Target 96	intensity normalized	B13805	NT=affinity-proteomics;VV=v1.0.0	NT=human;VV=v1.1.0	NT=olink;VV=v1.0.0	v1.1.0	NT=sdrf-skills-autoresearch;VV=v0.0.0
PAD000033-2022-02-03-34-1	Homo sapiens	Blood serum	not available	not available	not available	97	not applicable	blood serum	PAD000033-r00097-2022-02-03-34-1	protein expression profiling by antibody array	1	20211799_Tsai_NPX_2022-03-14.npx.csv	ftp://ftp.pride.ebi.ac.uk/pride/data/archive/2026/03/PAD000033/20211799_Tsai_NPX_2022-03-14.npx.csv	Olink Target 96	NPX	20211799_SS220167	Intensity	Cardiometabolic; Cardiometabolic_II; Inflammation; Inflammation_II; Neurology; Neurology_II; Oncology; Oncology_II	Olink Target 96	intensity normalized	B13805	NT=affinity-proteomics;VV=v1.0.0	NT=human;VV=v1.1.0	NT=olink;VV=v1.0.0	v1.1.0	NT=sdrf-skills-autoresearch;VV=v0.0.0
PAD000033-2022-02-03-77-1	Homo sapiens	Blood serum	not available	not available	not available	98	not applicable	blood serum	PAD000033-r00098-2022-02-03-77-1	protein expression profiling by antibody array	1	20211799_Tsai_NPX_2022-03-14.npx.csv	ftp://ftp.pride.ebi.ac.uk/pride/data/archive/2026/03/PAD000033/20211799_Tsai_NPX_2022-03-14.npx.csv	Olink Target 96	NPX	20211799_SS220167	Intensity	Cardiometabolic; Cardiometabolic_II; Inflammation; Inflammation_II; Neurology; Neurology_II; Oncology; Oncology_II	Olink Target 96	intensity normalized	B13805	NT=affinity-proteomics;VV=v1.0.0	NT=human;VV=v1.1.0	NT=olink;VV=v1.0.0	v1.1.0	NT=sdrf-skills-autoresearch;VV=v0.0.0
PAD000033-2022-02-03-31-2	Homo sapiens	Blood serum	not available	not available	not available	99	not applicable	blood serum	PAD000033-r00099-2022-02-03-31-2	protein expression profiling by antibody array	1	20211799_Tsai_NPX_2022-03-14.npx.csv	ftp://ftp.pride.ebi.ac.uk/pride/data/archive/2026/03/PAD000033/20211799_Tsai_NPX_2022-03-14.npx.csv	Olink Target 96	NPX	20211799_SS220167	Intensity	Cardiometabolic; Cardiometabolic_II; Inflammation; Inflammation_II; Neurology; Neurology_II; Oncology; Oncology_II	Olink Target 96	intensity normalized	B13805	NT=affinity-proteomics;VV=v1.0.0	NT=human;VV=v1.1.0	NT=olink;VV=v1.0.0	v1.1.0	NT=sdrf-skills-autoresearch;VV=v0.0.0
PAD000033-2022-02-03-63-1	Homo sapiens	Blood serum	not available	not available	not available	100	not applicable	blood serum	PAD000033-r00100-2022-02-03-63-1	protein expression profiling by antibody array	1	20211799_Tsai_NPX_2022-03-14.npx.csv	ftp://ftp.pride.ebi.ac.uk/pride/data/archive/2026/03/PAD000033/20211799_Tsai_NPX_2022-03-14.npx.csv	Olink Target 96	NPX	20211799_SS220167	Intensity	Cardiometabolic; Cardiometabolic_II; Inflammation; Inflammation_II; Neurology; Neurology_II; Oncology; Oncology_II	Olink Target 96	intensity normalized	B13805	NT=affinity-proteomics;VV=v1.0.0	NT=human;VV=v1.1.0	NT=olink;VV=v1.0.0	v1.1.0	NT=sdrf-skills-autoresearch;VV=v0.0.0
PAD000033-2022-02-03-17-1	Homo sapiens	Blood serum	not available	not available	not available	101	not applicable	blood serum	PAD000033-r00101-2022-02-03-17-1	protein expression profiling by antibody array	1	20211799_Tsai_NPX_2022-03-14.npx.csv	ftp://ftp.pride.ebi.ac.uk/pride/data/archive/2026/03/PAD000033/20211799_Tsai_NPX_2022-03-14.npx.csv	Olink Target 96	NPX	20211799_SS220167	Intensity	Cardiometabolic; Cardiometabolic_II; Inflammation; Inflammation_II; Neurology; Neurology_II; Oncology; Oncology_II	Olink Target 96	intensity normalized	B13805	NT=affinity-proteomics;VV=v1.0.0	NT=human;VV=v1.1.0	NT=olink;VV=v1.0.0	v1.1.0	NT=sdrf-skills-autoresearch;VV=v0.0.0
PAD000033-2022-02-03-60-1	Homo sapiens	Blood serum	not available	not available	not available	102	not applicable	blood serum	PAD000033-r00102-2022-02-03-60-1	protein expression profiling by antibody array	1	20211799_Tsai_NPX_2022-03-14.npx.csv	ftp://ftp.pride.ebi.ac.uk/pride/data/archive/2026/03/PAD000033/20211799_Tsai_NPX_2022-03-14.npx.csv	Olink Target 96	NPX	20211799_SS220167	Intensity	Cardiometabolic; Cardiometabolic_II; Inflammation; Inflammation_II; Neurology; Neurology_II; Oncology; Oncology_II	Olink Target 96	intensity normalized	B13805	NT=affinity-proteomics;VV=v1.0.0	NT=human;VV=v1.1.0	NT=olink;VV=v1.0.0	v1.1.0	NT=sdrf-skills-autoresearch;VV=v0.0.0
PAD000033-2022-02-03-33-1	Homo sapiens	Blood serum	not available	not available	not available	103	not applicable	blood serum	PAD000033-r00103-2022-02-03-33-1	protein expression profiling by antibody array	1	20211799_Tsai_NPX_2022-03-14.npx.csv	ftp://ftp.pride.ebi.ac.uk/pride/data/archive/2026/03/PAD000033/20211799_Tsai_NPX_2022-03-14.npx.csv	Olink Target 96	NPX	20211799_SS220167	Intensity	Cardiometabolic; Cardiometabolic_II; Inflammation; Inflammation_II; Neurology; Neurology_II; Oncology; Oncology_II	Olink Target 96	intensity normalized	B13805	NT=affinity-proteomics;VV=v1.0.0	NT=human;VV=v1.1.0	NT=olink;VV=v1.0.0	v1.1.0	NT=sdrf-skills-autoresearch;VV=v0.0.0
PAD000033-2022-02-03-48-1	Homo sapiens	Blood serum	not available	not available	not available	104	not applicable	blood serum	PAD000033-r00104-2022-02-03-48-1	protein expression profiling by antibody array	1	20211799_Tsai_NPX_2022-03-14.npx.csv	ftp://ftp.pride.ebi.ac.uk/pride/data/archive/2026/03/PAD000033/20211799_Tsai_NPX_2022-03-14.npx.csv	Olink Target 96	NPX	20211799_SS220167	Intensity	Cardiometabolic; Cardiometabolic_II; Inflammation; Inflammation_II; Neurology; Neurology_II; Oncology; Oncology_II	Olink Target 96	intensity normalized	B13805	NT=affinity-proteomics;VV=v1.0.0	NT=human;VV=v1.1.0	NT=olink;VV=v1.0.0	v1.1.0	NT=sdrf-skills-autoresearch;VV=v0.0.0
PAD000033-2022-02-03-70-2	Homo sapiens	Blood serum	not available	not available	not available	105	not applicable	blood serum	PAD000033-r00105-2022-02-03-70-2	protein expression profiling by antibody array	1	20211799_Tsai_NPX_2022-03-14.npx.csv	ftp://ftp.pride.ebi.ac.uk/pride/data/archive/2026/03/PAD000033/20211799_Tsai_NPX_2022-03-14.npx.csv	Olink Target 96	NPX	20211799_SS220167	Intensity	Cardiometabolic; Cardiometabolic_II; Inflammation; Inflammation_II; Neurology; Neurology_II; Oncology; Oncology_II	Olink Target 96	intensity normalized	B13805	NT=affinity-proteomics;VV=v1.0.0	NT=human;VV=v1.1.0	NT=olink;VV=v1.0.0	v1.1.0	NT=sdrf-skills-autoresearch;VV=v0.0.0
PAD000033-2022-02-03-60-2	Homo sapiens	Blood serum	not available	not available	not available	106	not applicable	blood serum	PAD000033-r00106-2022-02-03-60-2	protein expression profiling by antibody array	1	20211799_Tsai_NPX_2022-03-14.npx.csv	ftp://ftp.pride.ebi.ac.uk/pride/data/archive/2026/03/PAD000033/20211799_Tsai_NPX_2022-03-14.npx.csv	Olink Target 96	NPX	20211799_SS220167	Intensity	Cardiometabolic; Cardiometabolic_II; Inflammation; Inflammation_II; Neurology; Neurology_II; Oncology; Oncology_II	Olink Target 96	intensity normalized	B13805	NT=affinity-proteomics;VV=v1.0.0	NT=human;VV=v1.1.0	NT=olink;VV=v1.0.0	v1.1.0	NT=sdrf-skills-autoresearch;VV=v0.0.0
PAD000033-2022-02-03-30-1	Homo sapiens	Blood serum	not available	not available	not available	107	not applicable	blood serum	PAD000033-r00107-2022-02-03-30-1	protein expression profiling by antibody array	1	20211799_Tsai_NPX_2022-03-14.npx.csv	ftp://ftp.pride.ebi.ac.uk/pride/data/archive/2026/03/PAD000033/20211799_Tsai_NPX_2022-03-14.npx.csv	Olink Target 96	NPX	20211799_SS220167	Intensity	Cardiometabolic; Cardiometabolic_II; Inflammation; Inflammation_II; Neurology; Neurology_II; Oncology; Oncology_II	Olink Target 96	intensity normalized	B13805	NT=affinity-proteomics;VV=v1.0.0	NT=human;VV=v1.1.0	NT=olink;VV=v1.0.0	v1.1.0	NT=sdrf-skills-autoresearch;VV=v0.0.0
PAD000033-2022-02-03-86-2	Homo sapiens	Blood serum	not available	not available	not available	108	not applicable	blood serum	PAD000033-r00108-2022-02-03-86-2	protein expression profiling by antibody array	1	20211799_Tsai_NPX_2022-03-14.npx.csv	ftp://ftp.pride.ebi.ac.uk/pride/data/archive/2026/03/PAD000033/20211799_Tsai_NPX_2022-03-14.npx.csv	Olink Target 96	NPX	20211799_SS220167	Intensity	Cardiometabolic; Cardiometabolic_II; Inflammation; Inflammation_II; Neurology; Neurology_II; Oncology; Oncology_II	Olink Target 96	intensity normalized	B13805	NT=affinity-proteomics;VV=v1.0.0	NT=human;VV=v1.1.0	NT=olink;VV=v1.0.0	v1.1.0	NT=sdrf-skills-autoresearch;VV=v0.0.0
PAD000033-2022-02-03-87-1	Homo sapiens	Blood serum	not available	not available	not available	109	not applicable	blood serum	PAD000033-r00109-2022-02-03-87-1	protein expression profiling by antibody array	1	20211799_Tsai_NPX_2022-03-14.npx.csv	ftp://ftp.pride.ebi.ac.uk/pride/data/archive/2026/03/PAD000033/20211799_Tsai_NPX_2022-03-14.npx.csv	Olink Target 96	NPX	20211799_SS220167	Intensity	Cardiometabolic; Cardiometabolic_II; Inflammation; Inflammation_II; Neurology; Neurology_II; Oncology; Oncology_II	Olink Target 96	intensity normalized	B13805	NT=affinity-proteomics;VV=v1.0.0	NT=human;VV=v1.1.0	NT=olink;VV=v1.0.0	v1.1.0	NT=sdrf-skills-autoresearch;VV=v0.0.0
PAD000033-2022-02-03-40-2	Homo sapiens	Blood serum	not available	not available	not available	110	not applicable	blood serum	PAD000033-r00110-2022-02-03-40-2	protein expression profiling by antibody array	1	20211799_Tsai_NPX_2022-03-14.npx.csv	ftp://ftp.pride.ebi.ac.uk/pride/data/archive/2026/03/PAD000033/20211799_Tsai_NPX_2022-03-14.npx.csv	Olink Target 96	NPX	20211799_SS220167	Intensity	Cardiometabolic; Cardiometabolic_II; Inflammation; Inflammation_II; Neurology; Neurology_II; Oncology; Oncology_II	Olink Target 96	intensity normalized	B13805	NT=affinity-proteomics;VV=v1.0.0	NT=human;VV=v1.1.0	NT=olink;VV=v1.0.0	v1.1.0	NT=sdrf-skills-autoresearch;VV=v0.0.0
PAD000033-2022-02-03-11-2	Homo sapiens	Blood serum	not available	not available	not available	111	not applicable	blood serum	PAD000033-r00111-2022-02-03-11-2	protein expression profiling by antibody array	1	20211799_Tsai_NPX_2022-03-14.npx.csv	ftp://ftp.pride.ebi.ac.uk/pride/data/archive/2026/03/PAD000033/20211799_Tsai_NPX_2022-03-14.npx.csv	Olink Target 96	NPX	20211799_SS220167	Intensity	Cardiometabolic; Cardiometabolic_II; Inflammation; Inflammation_II; Neurology; Neurology_II; Oncology; Oncology_II	Olink Target 96	intensity normalized	B13805	NT=affinity-proteomics;VV=v1.0.0	NT=human;VV=v1.1.0	NT=olink;VV=v1.0.0	v1.1.0	NT=sdrf-skills-autoresearch;VV=v0.0.0
PAD000033-2022-02-03-76-1	Homo sapiens	Blood serum	not available	not available	not available	112	not applicable	blood serum	PAD000033-r00112-2022-02-03-76-1	protein expression profiling by antibody array	1	20211799_Tsai_NPX_2022-03-14.npx.csv	ftp://ftp.pride.ebi.ac.uk/pride/data/archive/2026/03/PAD000033/20211799_Tsai_NPX_2022-03-14.npx.csv	Olink Target 96	NPX	20211799_SS220167	Intensity	Cardiometabolic; Cardiometabolic_II; Inflammation; Inflammation_II; Neurology; Neurology_II; Oncology; Oncology_II	Olink Target 96	intensity normalized	B13805	NT=affinity-proteomics;VV=v1.0.0	NT=human;VV=v1.1.0	NT=olink;VV=v1.0.0	v1.1.0	NT=sdrf-skills-autoresearch;VV=v0.0.0
PAD000033-2022-02-03-74-2	Homo sapiens	Blood serum	not available	not available	not available	113	not applicable	blood serum	PAD000033-r00113-2022-02-03-74-2	protein expression profiling by antibody array	1	20211799_Tsai_NPX_2022-03-14.npx.csv	ftp://ftp.pride.ebi.ac.uk/pride/data/archive/2026/03/PAD000033/20211799_Tsai_NPX_2022-03-14.npx.csv	Olink Target 96	NPX	20211799_SS220167	Intensity	Cardiometabolic; Cardiometabolic_II; Inflammation; Inflammation_II; Neurology; Neurology_II; Oncology; Oncology_II	Olink Target 96	intensity normalized	B13805	NT=affinity-proteomics;VV=v1.0.0	NT=human;VV=v1.1.0	NT=olink;VV=v1.0.0	v1.1.0	NT=sdrf-skills-autoresearch;VV=v0.0.0
PAD000033-2022-02-03-77-2	Homo sapiens	Blood serum	not available	not available	not available	114	not applicable	blood serum	PAD000033-r00114-2022-02-03-77-2	protein expression profiling by antibody array	1	20211799_Tsai_NPX_2022-03-14.npx.csv	ftp://ftp.pride.ebi.ac.uk/pride/data/archive/2026/03/PAD000033/20211799_Tsai_NPX_2022-03-14.npx.csv	Olink Target 96	NPX	20211799_SS220167	Intensity	Cardiometabolic; Cardiometabolic_II; Inflammation; Inflammation_II; Neurology; Neurology_II; Oncology; Oncology_II	Olink Target 96	intensity normalized	B13805	NT=affinity-proteomics;VV=v1.0.0	NT=human;VV=v1.1.0	NT=olink;VV=v1.0.0	v1.1.0	NT=sdrf-skills-autoresearch;VV=v0.0.0
PAD000033-2022-02-03-39-2	Homo sapiens	Blood serum	not available	not available	not available	115	not applicable	blood serum	PAD000033-r00115-2022-02-03-39-2	protein expression profiling by antibody array	1	20211799_Tsai_NPX_2022-03-14.npx.csv	ftp://ftp.pride.ebi.ac.uk/pride/data/archive/2026/03/PAD000033/20211799_Tsai_NPX_2022-03-14.npx.csv	Olink Target 96	NPX	20211799_SS220167	Intensity	Cardiometabolic; Cardiometabolic_II; Inflammation; Inflammation_II; Neurology; Neurology_II; Oncology; Oncology_II	Olink Target 96	intensity normalized	B13805	NT=affinity-proteomics;VV=v1.0.0	NT=human;VV=v1.1.0	NT=olink;VV=v1.0.0	v1.1.0	NT=sdrf-skills-autoresearch;VV=v0.0.0
PAD000033-2022-02-03-48-2	Homo sapiens	Blood serum	not available	not available	not available	116	not applicable	blood serum	PAD000033-r00116-2022-02-03-48-2	protein expression profiling by antibody array	1	20211799_Tsai_NPX_2022-03-14.npx.csv	ftp://ftp.pride.ebi.ac.uk/pride/data/archive/2026/03/PAD000033/20211799_Tsai_NPX_2022-03-14.npx.csv	Olink Target 96	NPX	20211799_SS220167	Intensity	Cardiometabolic; Cardiometabolic_II; Inflammation; Inflammation_II; Neurology; Neurology_II; Oncology; Oncology_II	Olink Target 96	intensity normalized	B13805	NT=affinity-proteomics;VV=v1.0.0	NT=human;VV=v1.1.0	NT=olink;VV=v1.0.0	v1.1.0	NT=sdrf-skills-autoresearch;VV=v0.0.0
PAD000033-2022-02-03-20-2	Homo sapiens	Blood serum	not available	not available	not available	117	not applicable	blood serum	PAD000033-r00117-2022-02-03-20-2	protein expression profiling by antibody array	1	20211799_Tsai_NPX_2022-03-14.npx.csv	ftp://ftp.pride.ebi.ac.uk/pride/data/archive/2026/03/PAD000033/20211799_Tsai_NPX_2022-03-14.npx.csv	Olink Target 96	NPX	20211799_SS220167	Intensity	Cardiometabolic; Cardiometabolic_II; Inflammation; Inflammation_II; Neurology; Neurology_II; Oncology; Oncology_II	Olink Target 96	intensity normalized	B13805	NT=affinity-proteomics;VV=v1.0.0	NT=human;VV=v1.1.0	NT=olink;VV=v1.0.0	v1.1.0	NT=sdrf-skills-autoresearch;VV=v0.0.0
PAD000033-2022-02-03-04-2	Homo sapiens	Blood serum	not available	not available	not available	118	not applicable	blood serum	PAD000033-r00118-2022-02-03-04-2	protein expression profiling by antibody array	1	20211799_Tsai_NPX_2022-03-14.npx.csv	ftp://ftp.pride.ebi.ac.uk/pride/data/archive/2026/03/PAD000033/20211799_Tsai_NPX_2022-03-14.npx.csv	Olink Target 96	NPX	20211799_SS220167	Intensity	Cardiometabolic; Cardiometabolic_II; Inflammation; Inflammation_II; Neurology; Neurology_II; Oncology; Oncology_II	Olink Target 96	intensity normalized	B13805	NT=affinity-proteomics;VV=v1.0.0	NT=human;VV=v1.1.0	NT=olink;VV=v1.0.0	v1.1.0	NT=sdrf-skills-autoresearch;VV=v0.0.0
PAD000033-2022-02-03-86-1	Homo sapiens	Blood serum	not available	not available	not available	119	not applicable	blood serum	PAD000033-r00119-2022-02-03-86-1	protein expression profiling by antibody array	1	20211799_Tsai_NPX_2022-03-14.npx.csv	ftp://ftp.pride.ebi.ac.uk/pride/data/archive/2026/03/PAD000033/20211799_Tsai_NPX_2022-03-14.npx.csv	Olink Target 96	NPX	20211799_SS220167	Intensity	Cardiometabolic; Cardiometabolic_II; Inflammation; Inflammation_II; Neurology; Neurology_II; Oncology; Oncology_II	Olink Target 96	intensity normalized	B13805	NT=affinity-proteomics;VV=v1.0.0	NT=human;VV=v1.1.0	NT=olink;VV=v1.0.0	v1.1.0	NT=sdrf-skills-autoresearch;VV=v0.0.0
PAD000033-2022-02-03-51-1	Homo sapiens	Blood serum	not available	not available	not available	120	not applicable	blood serum	PAD000033-r00120-2022-02-03-51-1	protein expression profiling by antibody array	1	20211799_Tsai_NPX_2022-03-14.npx.csv	ftp://ftp.pride.ebi.ac.uk/pride/data/archive/2026/03/PAD000033/20211799_Tsai_NPX_2022-03-14.npx.csv	Olink Target 96	NPX	20211799_SS220167	Intensity	Cardiometabolic; Cardiometabolic_II; Inflammation; Inflammation_II; Neurology; Neurology_II; Oncology; Oncology_II	Olink Target 96	intensity normalized	B13805	NT=affinity-proteomics;VV=v1.0.0	NT=human;VV=v1.1.0	NT=olink;VV=v1.0.0	v1.1.0	NT=sdrf-skills-autoresearch;VV=v0.0.0
PAD000033-2022-02-03-74-1	Homo sapiens	Blood serum	not available	not available	not available	121	not applicable	blood serum	PAD000033-r00121-2022-02-03-74-1	protein expression profiling by antibody array	1	20211799_Tsai_NPX_2022-03-14.npx.csv	ftp://ftp.pride.ebi.ac.uk/pride/data/archive/2026/03/PAD000033/20211799_Tsai_NPX_2022-03-14.npx.csv	Olink Target 96	NPX	20211799_SS220167	Intensity	Cardiometabolic; Cardiometabolic_II; Inflammation; Inflammation_II; Neurology; Neurology_II; Oncology; Oncology_II	Olink Target 96	intensity normalized	B13805	NT=affinity-proteomics;VV=v1.0.0	NT=human;VV=v1.1.0	NT=olink;VV=v1.0.0	v1.1.0	NT=sdrf-skills-autoresearch;VV=v0.0.0
PAD000033-2022-02-03-76-2	Homo sapiens	Blood serum	not available	not available	not available	122	not applicable	blood serum	PAD000033-r00122-2022-02-03-76-2	protein expression profiling by antibody array	1	20211799_Tsai_NPX_2022-03-14.npx.csv	ftp://ftp.pride.ebi.ac.uk/pride/data/archive/2026/03/PAD000033/20211799_Tsai_NPX_2022-03-14.npx.csv	Olink Target 96	NPX	20211799_SS220167	Intensity	Cardiometabolic; Cardiometabolic_II; Inflammation; Inflammation_II; Neurology; Neurology_II; Oncology; Oncology_II	Olink Target 96	intensity normalized	B13805	NT=affinity-proteomics;VV=v1.0.0	NT=human;VV=v1.1.0	NT=olink;VV=v1.0.0	v1.1.0	NT=sdrf-skills-autoresearch;VV=v0.0.0
PAD000033-2022-02-03-04-1	Homo sapiens	Blood serum	not available	not available	not available	123	not applicable	blood serum	PAD000033-r00123-2022-02-03-04-1	protein expression profiling by antibody array	1	20211799_Tsai_NPX_2022-03-14.npx.csv	ftp://ftp.pride.ebi.ac.uk/pride/data/archive/2026/03/PAD000033/20211799_Tsai_NPX_2022-03-14.npx.csv	Olink Target 96	NPX	20211799_SS220167	Intensity	Cardiometabolic; Cardiometabolic_II; Inflammation; Inflammation_II; Neurology; Neurology_II; Oncology; Oncology_II	Olink Target 96	intensity normalized	B13805	NT=affinity-proteomics;VV=v1.0.0	NT=human;VV=v1.1.0	NT=olink;VV=v1.0.0	v1.1.0	NT=sdrf-skills-autoresearch;VV=v0.0.0
PAD000033-2022-02-03-71-2	Homo sapiens	Blood serum	not available	not available	not available	124	not applicable	blood serum	PAD000033-r00124-2022-02-03-71-2	protein expression profiling by antibody array	1	20211799_Tsai_NPX_2022-03-14.npx.csv	ftp://ftp.pride.ebi.ac.uk/pride/data/archive/2026/03/PAD000033/20211799_Tsai_NPX_2022-03-14.npx.csv	Olink Target 96	NPX	20211799_SS220169	Intensity	Cardiometabolic; Cardiometabolic_II; Inflammation; Inflammation_II; Neurology; Neurology_II; Oncology; Oncology_II	Olink Target 96	intensity normalized	B13805	NT=affinity-proteomics;VV=v1.0.0	NT=human;VV=v1.1.0	NT=olink;VV=v1.0.0	v1.1.0	NT=sdrf-skills-autoresearch;VV=v0.0.0
PAD000033-2022-02-03-100-1	Homo sapiens	Blood serum	not available	not available	not available	125	not applicable	blood serum	PAD000033-r00125-2022-02-03-100-1	protein expression profiling by antibody array	1	20211799_Tsai_NPX_2022-03-14.npx.csv	ftp://ftp.pride.ebi.ac.uk/pride/data/archive/2026/03/PAD000033/20211799_Tsai_NPX_2022-03-14.npx.csv	Olink Target 96	NPX	20211799_SS220169	Intensity	Cardiometabolic; Cardiometabolic_II; Inflammation; Inflammation_II; Neurology; Neurology_II; Oncology; Oncology_II	Olink Target 96	intensity normalized	B13805	NT=affinity-proteomics;VV=v1.0.0	NT=human;VV=v1.1.0	NT=olink;VV=v1.0.0	v1.1.0	NT=sdrf-skills-autoresearch;VV=v0.0.0
PAD000033-2022-02-03-13-2	Homo sapiens	Blood serum	not available	not available	not available	126	not applicable	blood serum	PAD000033-r00126-2022-02-03-13-2	protein expression profiling by antibody array	1	20211799_Tsai_NPX_2022-03-14.npx.csv	ftp://ftp.pride.ebi.ac.uk/pride/data/archive/2026/03/PAD000033/20211799_Tsai_NPX_2022-03-14.npx.csv	Olink Target 96	NPX	20211799_SS220169	Intensity	Cardiometabolic; Cardiometabolic_II; Inflammation; Inflammation_II; Neurology; Neurology_II; Oncology; Oncology_II	Olink Target 96	intensity normalized	B13805	NT=affinity-proteomics;VV=v1.0.0	NT=human;VV=v1.1.0	NT=olink;VV=v1.0.0	v1.1.0	NT=sdrf-skills-autoresearch;VV=v0.0.0
PAD000033-2022-02-03-18-1	Homo sapiens	Blood serum	not available	not available	not available	127	not applicable	blood serum	PAD000033-r00127-2022-02-03-18-1	protein expression profiling by antibody array	1	20211799_Tsai_NPX_2022-03-14.npx.csv	ftp://ftp.pride.ebi.ac.uk/pride/data/archive/2026/03/PAD000033/20211799_Tsai_NPX_2022-03-14.npx.csv	Olink Target 96	NPX	20211799_SS220169	Intensity	Cardiometabolic; Cardiometabolic_II; Inflammation; Inflammation_II; Neurology; Neurology_II; Oncology; Oncology_II	Olink Target 96	intensity normalized	B13805	NT=affinity-proteomics;VV=v1.0.0	NT=human;VV=v1.1.0	NT=olink;VV=v1.0.0	v1.1.0	NT=sdrf-skills-autoresearch;VV=v0.0.0
PAD000033-2022-02-03-29-1	Homo sapiens	Blood serum	not available	not available	not available	128	not applicable	blood serum	PAD000033-r00128-2022-02-03-29-1	protein expression profiling by antibody array	1	20211799_Tsai_NPX_2022-03-14.npx.csv	ftp://ftp.pride.ebi.ac.uk/pride/data/archive/2026/03/PAD000033/20211799_Tsai_NPX_2022-03-14.npx.csv	Olink Target 96	NPX	20211799_SS220169	Intensity	Cardiometabolic; Cardiometabolic_II; Inflammation; Inflammation_II; Neurology; Neurology_II; Oncology; Oncology_II	Olink Target 96	intensity normalized	B13805	NT=affinity-proteomics;VV=v1.0.0	NT=human;VV=v1.1.0	NT=olink;VV=v1.0.0	v1.1.0	NT=sdrf-skills-autoresearch;VV=v0.0.0
PAD000033-2022-02-03-47-2	Homo sapiens	Blood serum	not available	not available	not available	129	not applicable	blood serum	PAD000033-r00129-2022-02-03-47-2	protein expression profiling by antibody array	1	20211799_Tsai_NPX_2022-03-14.npx.csv	ftp://ftp.pride.ebi.ac.uk/pride/data/archive/2026/03/PAD000033/20211799_Tsai_NPX_2022-03-14.npx.csv	Olink Target 96	NPX	20211799_SS220169	Intensity	Cardiometabolic; Cardiometabolic_II; Inflammation; Inflammation_II; Neurology; Neurology_II; Oncology; Oncology_II	Olink Target 96	intensity normalized	B13805	NT=affinity-proteomics;VV=v1.0.0	NT=human;VV=v1.1.0	NT=olink;VV=v1.0.0	v1.1.0	NT=sdrf-skills-autoresearch;VV=v0.0.0
PAD000033-2022-02-03-72-2	Homo sapiens	Blood serum	not available	not available	not available	130	not applicable	blood serum	PAD000033-r00130-2022-02-03-72-2	protein expression profiling by antibody array	1	20211799_Tsai_NPX_2022-03-14.npx.csv	ftp://ftp.pride.ebi.ac.uk/pride/data/archive/2026/03/PAD000033/20211799_Tsai_NPX_2022-03-14.npx.csv	Olink Target 96	NPX	20211799_SS220169	Intensity	Cardiometabolic; Cardiometabolic_II; Inflammation; Inflammation_II; Neurology; Neurology_II; Oncology; Oncology_II	Olink Target 96	intensity normalized	B13805	NT=affinity-proteomics;VV=v1.0.0	NT=human;VV=v1.1.0	NT=olink;VV=v1.0.0	v1.1.0	NT=sdrf-skills-autoresearch;VV=v0.0.0
PAD000033-2022-02-03-56-1	Homo sapiens	Blood serum	not available	not available	not available	131	not applicable	blood serum	PAD000033-r00131-2022-02-03-56-1	protein expression profiling by antibody array	1	20211799_Tsai_NPX_2022-03-14.npx.csv	ftp://ftp.pride.ebi.ac.uk/pride/data/archive/2026/03/PAD000033/20211799_Tsai_NPX_2022-03-14.npx.csv	Olink Target 96	NPX	20211799_SS220169	Intensity	Cardiometabolic; Cardiometabolic_II; Inflammation; Inflammation_II; Neurology; Neurology_II; Oncology; Oncology_II	Olink Target 96	intensity normalized	B13805	NT=affinity-proteomics;VV=v1.0.0	NT=human;VV=v1.1.0	NT=olink;VV=v1.0.0	v1.1.0	NT=sdrf-skills-autoresearch;VV=v0.0.0
PAD000033-2022-02-03-01-2	Homo sapiens	Blood serum	not available	not available	not available	132	not applicable	blood serum	PAD000033-r00132-2022-02-03-01-2	protein expression profiling by antibody array	1	20211799_Tsai_NPX_2022-03-14.npx.csv	ftp://ftp.pride.ebi.ac.uk/pride/data/archive/2026/03/PAD000033/20211799_Tsai_NPX_2022-03-14.npx.csv	Olink Target 96	NPX	20211799_SS220169	Intensity	Cardiometabolic; Cardiometabolic_II; Inflammation; Inflammation_II; Neurology; Neurology_II; Oncology; Oncology_II	Olink Target 96	intensity normalized	B13805	NT=affinity-proteomics;VV=v1.0.0	NT=human;VV=v1.1.0	NT=olink;VV=v1.0.0	v1.1.0	NT=sdrf-skills-autoresearch;VV=v0.0.0
PAD000033-2022-02-03-99-1	Homo sapiens	Blood serum	not available	not available	not available	133	not applicable	blood serum	PAD000033-r00133-2022-02-03-99-1	protein expression profiling by antibody array	1	20211799_Tsai_NPX_2022-03-14.npx.csv	ftp://ftp.pride.ebi.ac.uk/pride/data/archive/2026/03/PAD000033/20211799_Tsai_NPX_2022-03-14.npx.csv	Olink Target 96	NPX	20211799_SS220169	Intensity	Cardiometabolic; Cardiometabolic_II; Inflammation; Inflammation_II; Neurology; Neurology_II; Oncology; Oncology_II	Olink Target 96	intensity normalized	B13805	NT=affinity-proteomics;VV=v1.0.0	NT=human;VV=v1.1.0	NT=olink;VV=v1.0.0	v1.1.0	NT=sdrf-skills-autoresearch;VV=v0.0.0
PAD000033-CONTROL_SAMPLE_US_CS_AS_2-11	Homo sapiens	Blood serum	not available	not available	not available	134	not applicable	blood serum	PAD000033-r00134-CONTROL_SAMPLE_US_CS_AS_2-11	protein expression profiling by antibody array	1	20211799_Tsai_NPX_2022-03-14.npx.csv	ftp://ftp.pride.ebi.ac.uk/pride/data/archive/2026/03/PAD000033/20211799_Tsai_NPX_2022-03-14.npx.csv	Olink Target 96	NPX	20211799_SS220169	Intensity	Cardiometabolic_II; Inflammation_II; Neurology_II; Oncology_II	Olink Target 96	intensity normalized	B13805	NT=affinity-proteomics;VV=v1.0.0	NT=human;VV=v1.1.0	NT=olink;VV=v1.0.0	v1.1.0	NT=sdrf-skills-autoresearch;VV=v0.0.0
PAD000033-2022-02-03-08-1	Homo sapiens	Blood serum	not available	not available	not available	135	not applicable	blood serum	PAD000033-r00135-2022-02-03-08-1	protein expression profiling by antibody array	1	20211799_Tsai_NPX_2022-03-14.npx.csv	ftp://ftp.pride.ebi.ac.uk/pride/data/archive/2026/03/PAD000033/20211799_Tsai_NPX_2022-03-14.npx.csv	Olink Target 96	NPX	20211799_SS220169	Intensity	Cardiometabolic; Cardiometabolic_II; Inflammation; Inflammation_II; Neurology; Neurology_II; Oncology; Oncology_II	Olink Target 96	intensity normalized	B13805	NT=affinity-proteomics;VV=v1.0.0	NT=human;VV=v1.1.0	NT=olink;VV=v1.0.0	v1.1.0	NT=sdrf-skills-autoresearch;VV=v0.0.0
PAD000033-2022-02-03-38-2	Homo sapiens	Blood serum	not available	not available	not available	136	not applicable	blood serum	PAD000033-r00136-2022-02-03-38-2	protein expression profiling by antibody array	1	20211799_Tsai_NPX_2022-03-14.npx.csv	ftp://ftp.pride.ebi.ac.uk/pride/data/archive/2026/03/PAD000033/20211799_Tsai_NPX_2022-03-14.npx.csv	Olink Target 96	NPX	20211799_SS220169	Intensity	Cardiometabolic; Cardiometabolic_II; Inflammation; Inflammation_II; Neurology; Neurology_II; Oncology; Oncology_II	Olink Target 96	intensity normalized	B13805	NT=affinity-proteomics;VV=v1.0.0	NT=human;VV=v1.1.0	NT=olink;VV=v1.0.0	v1.1.0	NT=sdrf-skills-autoresearch;VV=v0.0.0
PAD000033-2022-02-03-26-1	Homo sapiens	Blood serum	not available	not available	not available	137	not applicable	blood serum	PAD000033-r00137-2022-02-03-26-1	protein expression profiling by antibody array	1	20211799_Tsai_NPX_2022-03-14.npx.csv	ftp://ftp.pride.ebi.ac.uk/pride/data/archive/2026/03/PAD000033/20211799_Tsai_NPX_2022-03-14.npx.csv	Olink Target 96	NPX	20211799_SS220169	Intensity	Cardiometabolic; Cardiometabolic_II; Inflammation; Inflammation_II; Neurology; Neurology_II; Oncology; Oncology_II	Olink Target 96	intensity normalized	B13805	NT=affinity-proteomics;VV=v1.0.0	NT=human;VV=v1.1.0	NT=olink;VV=v1.0.0	v1.1.0	NT=sdrf-skills-autoresearch;VV=v0.0.0
PAD000033-2022-02-03-07-1	Homo sapiens	Blood serum	not available	not available	not available	138	not applicable	blood serum	PAD000033-r00138-2022-02-03-07-1	protein expression profiling by antibody array	1	20211799_Tsai_NPX_2022-03-14.npx.csv	ftp://ftp.pride.ebi.ac.uk/pride/data/archive/2026/03/PAD000033/20211799_Tsai_NPX_2022-03-14.npx.csv	Olink Target 96	NPX	20211799_SS220169	Intensity	Cardiometabolic; Cardiometabolic_II; Inflammation; Inflammation_II; Neurology; Neurology_II; Oncology; Oncology_II	Olink Target 96	intensity normalized	B13805	NT=affinity-proteomics;VV=v1.0.0	NT=human;VV=v1.1.0	NT=olink;VV=v1.0.0	v1.1.0	NT=sdrf-skills-autoresearch;VV=v0.0.0
PAD000033-2022-02-03-90-1	Homo sapiens	Blood serum	not available	not available	not available	139	not applicable	blood serum	PAD000033-r00139-2022-02-03-90-1	protein expression profiling by antibody array	1	20211799_Tsai_NPX_2022-03-14.npx.csv	ftp://ftp.pride.ebi.ac.uk/pride/data/archive/2026/03/PAD000033/20211799_Tsai_NPX_2022-03-14.npx.csv	Olink Target 96	NPX	20211799_SS220169	Intensity	Cardiometabolic; Cardiometabolic_II; Inflammation; Inflammation_II; Neurology; Neurology_II; Oncology; Oncology_II	Olink Target 96	intensity normalized	B13805	NT=affinity-proteomics;VV=v1.0.0	NT=human;VV=v1.1.0	NT=olink;VV=v1.0.0	v1.1.0	NT=sdrf-skills-autoresearch;VV=v0.0.0
PAD000033-2022-02-03-91-2	Homo sapiens	Blood serum	not available	not available	not available	140	not applicable	blood serum	PAD000033-r00140-2022-02-03-91-2	protein expression profiling by antibody array	1	20211799_Tsai_NPX_2022-03-14.npx.csv	ftp://ftp.pride.ebi.ac.uk/pride/data/archive/2026/03/PAD000033/20211799_Tsai_NPX_2022-03-14.npx.csv	Olink Target 96	NPX	20211799_SS220169	Intensity	Cardiometabolic; Cardiometabolic_II; Inflammation; Inflammation_II; Neurology; Neurology_II; Oncology; Oncology_II	Olink Target 96	intensity normalized	B13805	NT=affinity-proteomics;VV=v1.0.0	NT=human;VV=v1.1.0	NT=olink;VV=v1.0.0	v1.1.0	NT=sdrf-skills-autoresearch;VV=v0.0.0
PAD000033-2022-02-03-66-1	Homo sapiens	Blood serum	not available	not available	not available	141	not applicable	blood serum	PAD000033-r00141-2022-02-03-66-1	protein expression profiling by antibody array	1	20211799_Tsai_NPX_2022-03-14.npx.csv	ftp://ftp.pride.ebi.ac.uk/pride/data/archive/2026/03/PAD000033/20211799_Tsai_NPX_2022-03-14.npx.csv	Olink Target 96	NPX	20211799_SS220169	Intensity	Cardiometabolic; Cardiometabolic_II; Inflammation; Inflammation_II; Neurology; Neurology_II; Oncology; Oncology_II	Olink Target 96	intensity normalized	B13805	NT=affinity-proteomics;VV=v1.0.0	NT=human;VV=v1.1.0	NT=olink;VV=v1.0.0	v1.1.0	NT=sdrf-skills-autoresearch;VV=v0.0.0
PAD000033-2022-02-03-88-1	Homo sapiens	Blood serum	not available	not available	not available	142	not applicable	blood serum	PAD000033-r00142-2022-02-03-88-1	protein expression profiling by antibody array	1	20211799_Tsai_NPX_2022-03-14.npx.csv	ftp://ftp.pride.ebi.ac.uk/pride/data/archive/2026/03/PAD000033/20211799_Tsai_NPX_2022-03-14.npx.csv	Olink Target 96	NPX	20211799_SS220169	Intensity	Cardiometabolic; Cardiometabolic_II; Inflammation; Inflammation_II; Neurology; Neurology_II; Oncology; Oncology_II	Olink Target 96	intensity normalized	B13805	NT=affinity-proteomics;VV=v1.0.0	NT=human;VV=v1.1.0	NT=olink;VV=v1.0.0	v1.1.0	NT=sdrf-skills-autoresearch;VV=v0.0.0
PAD000033-2022-02-03-29-2	Homo sapiens	Blood serum	not available	not available	not available	143	not applicable	blood serum	PAD000033-r00143-2022-02-03-29-2	protein expression profiling by antibody array	1	20211799_Tsai_NPX_2022-03-14.npx.csv	ftp://ftp.pride.ebi.ac.uk/pride/data/archive/2026/03/PAD000033/20211799_Tsai_NPX_2022-03-14.npx.csv	Olink Target 96	NPX	20211799_SS220169	Intensity	Cardiometabolic; Cardiometabolic_II; Inflammation; Inflammation_II; Neurology; Neurology_II; Oncology; Oncology_II	Olink Target 96	intensity normalized	B13805	NT=affinity-proteomics;VV=v1.0.0	NT=human;VV=v1.1.0	NT=olink;VV=v1.0.0	v1.1.0	NT=sdrf-skills-autoresearch;VV=v0.0.0
PAD000033-2022-02-03-12-1	Homo sapiens	Blood serum	not available	not available	not available	144	not applicable	blood serum	PAD000033-r00144-2022-02-03-12-1	protein expression profiling by antibody array	1	20211799_Tsai_NPX_2022-03-14.npx.csv	ftp://ftp.pride.ebi.ac.uk/pride/data/archive/2026/03/PAD000033/20211799_Tsai_NPX_2022-03-14.npx.csv	Olink Target 96	NPX	20211799_SS220169	Intensity	Cardiometabolic; Cardiometabolic_II; Inflammation; Inflammation_II; Neurology; Neurology_II; Oncology; Oncology_II	Olink Target 96	intensity normalized	B13805	NT=affinity-proteomics;VV=v1.0.0	NT=human;VV=v1.1.0	NT=olink;VV=v1.0.0	v1.1.0	NT=sdrf-skills-autoresearch;VV=v0.0.0
PAD000033-CONTROL_SAMPLE_US_CS_AS_2-12	Homo sapiens	Blood serum	not available	not available	not available	145	not applicable	blood serum	PAD000033-r00145-CONTROL_SAMPLE_US_CS_AS_2-12	protein expression profiling by antibody array	1	20211799_Tsai_NPX_2022-03-14.npx.csv	ftp://ftp.pride.ebi.ac.uk/pride/data/archive/2026/03/PAD000033/20211799_Tsai_NPX_2022-03-14.npx.csv	Olink Target 96	NPX	20211799_SS220169	Intensity	Cardiometabolic_II; Inflammation_II; Neurology_II; Oncology_II	Olink Target 96	intensity normalized	B13805	NT=affinity-proteomics;VV=v1.0.0	NT=human;VV=v1.1.0	NT=olink;VV=v1.0.0	v1.1.0	NT=sdrf-skills-autoresearch;VV=v0.0.0
PAD000033-2022-02-03-35-2	Homo sapiens	Blood serum	not available	not available	not available	146	not applicable	blood serum	PAD000033-r00146-2022-02-03-35-2	protein expression profiling by antibody array	1	20211799_Tsai_NPX_2022-03-14.npx.csv	ftp://ftp.pride.ebi.ac.uk/pride/data/archive/2026/03/PAD000033/20211799_Tsai_NPX_2022-03-14.npx.csv	Olink Target 96	NPX	20211799_SS220169	Intensity	Cardiometabolic; Cardiometabolic_II; Inflammation; Inflammation_II; Neurology; Neurology_II; Oncology; Oncology_II	Olink Target 96	intensity normalized	B13805	NT=affinity-proteomics;VV=v1.0.0	NT=human;VV=v1.1.0	NT=olink;VV=v1.0.0	v1.1.0	NT=sdrf-skills-autoresearch;VV=v0.0.0
PAD000033-2022-02-03-100-2	Homo sapiens	Blood serum	not available	not available	not available	147	not applicable	blood serum	PAD000033-r00147-2022-02-03-100-2	protein expression profiling by antibody array	1	20211799_Tsai_NPX_2022-03-14.npx.csv	ftp://ftp.pride.ebi.ac.uk/pride/data/archive/2026/03/PAD000033/20211799_Tsai_NPX_2022-03-14.npx.csv	Olink Target 96	NPX	20211799_SS220169	Intensity	Cardiometabolic; Cardiometabolic_II; Inflammation; Inflammation_II; Neurology; Neurology_II; Oncology; Oncology_II	Olink Target 96	intensity normalized	B13805	NT=affinity-proteomics;VV=v1.0.0	NT=human;VV=v1.1.0	NT=olink;VV=v1.0.0	v1.1.0	NT=sdrf-skills-autoresearch;VV=v0.0.0
PAD000033-2022-02-03-32-1	Homo sapiens	Blood serum	not available	not available	not available	148	not applicable	blood serum	PAD000033-r00148-2022-02-03-32-1	protein expression profiling by antibody array	1	20211799_Tsai_NPX_2022-03-14.npx.csv	ftp://ftp.pride.ebi.ac.uk/pride/data/archive/2026/03/PAD000033/20211799_Tsai_NPX_2022-03-14.npx.csv	Olink Target 96	NPX	20211799_SS220169	Intensity	Cardiometabolic; Cardiometabolic_II; Inflammation; Inflammation_II; Neurology; Neurology_II; Oncology; Oncology_II	Olink Target 96	intensity normalized	B13805	NT=affinity-proteomics;VV=v1.0.0	NT=human;VV=v1.1.0	NT=olink;VV=v1.0.0	v1.1.0	NT=sdrf-skills-autoresearch;VV=v0.0.0
PAD000033-2022-02-03-92-2	Homo sapiens	Blood serum	not available	not available	not available	149	not applicable	blood serum	PAD000033-r00149-2022-02-03-92-2	protein expression profiling by antibody array	1	20211799_Tsai_NPX_2022-03-14.npx.csv	ftp://ftp.pride.ebi.ac.uk/pride/data/archive/2026/03/PAD000033/20211799_Tsai_NPX_2022-03-14.npx.csv	Olink Target 96	NPX	20211799_SS220169	Intensity	Cardiometabolic; Cardiometabolic_II; Inflammation; Inflammation_II; Neurology; Neurology_II; Oncology; Oncology_II	Olink Target 96	intensity normalized	B13805	NT=affinity-proteomics;VV=v1.0.0	NT=human;VV=v1.1.0	NT=olink;VV=v1.0.0	v1.1.0	NT=sdrf-skills-autoresearch;VV=v0.0.0
PAD000033-2022-02-03-35-1	Homo sapiens	Blood serum	not available	not available	not available	150	not applicable	blood serum	PAD000033-r00150-2022-02-03-35-1	protein expression profiling by antibody array	1	20211799_Tsai_NPX_2022-03-14.npx.csv	ftp://ftp.pride.ebi.ac.uk/pride/data/archive/2026/03/PAD000033/20211799_Tsai_NPX_2022-03-14.npx.csv	Olink Target 96	NPX	20211799_SS220169	Intensity	Cardiometabolic; Cardiometabolic_II; Inflammation; Inflammation_II; Neurology; Neurology_II; Oncology; Oncology_II	Olink Target 96	intensity normalized	B13805	NT=affinity-proteomics;VV=v1.0.0	NT=human;VV=v1.1.0	NT=olink;VV=v1.0.0	v1.1.0	NT=sdrf-skills-autoresearch;VV=v0.0.0
PAD000033-2022-02-03-18-2	Homo sapiens	Blood serum	not available	not available	not available	151	not applicable	blood serum	PAD000033-r00151-2022-02-03-18-2	protein expression profiling by antibody array	1	20211799_Tsai_NPX_2022-03-14.npx.csv	ftp://ftp.pride.ebi.ac.uk/pride/data/archive/2026/03/PAD000033/20211799_Tsai_NPX_2022-03-14.npx.csv	Olink Target 96	NPX	20211799_SS220169	Intensity	Cardiometabolic; Cardiometabolic_II; Inflammation; Inflammation_II; Neurology; Neurology_II; Oncology; Oncology_II	Olink Target 96	intensity normalized	B13805	NT=affinity-proteomics;VV=v1.0.0	NT=human;VV=v1.1.0	NT=olink;VV=v1.0.0	v1.1.0	NT=sdrf-skills-autoresearch;VV=v0.0.0
PAD000033-2022-02-03-88-2	Homo sapiens	Blood serum	not available	not available	not available	152	not applicable	blood serum	PAD000033-r00152-2022-02-03-88-2	protein expression profiling by antibody array	1	20211799_Tsai_NPX_2022-03-14.npx.csv	ftp://ftp.pride.ebi.ac.uk/pride/data/archive/2026/03/PAD000033/20211799_Tsai_NPX_2022-03-14.npx.csv	Olink Target 96	NPX	20211799_SS220169	Intensity	Cardiometabolic; Cardiometabolic_II; Inflammation; Inflammation_II; Neurology; Neurology_II; Oncology; Oncology_II	Olink Target 96	intensity normalized	B13805	NT=affinity-proteomics;VV=v1.0.0	NT=human;VV=v1.1.0	NT=olink;VV=v1.0.0	v1.1.0	NT=sdrf-skills-autoresearch;VV=v0.0.0
PAD000033-2022-02-03-47-1	Homo sapiens	Blood serum	not available	not available	not available	153	not applicable	blood serum	PAD000033-r00153-2022-02-03-47-1	protein expression profiling by antibody array	1	20211799_Tsai_NPX_2022-03-14.npx.csv	ftp://ftp.pride.ebi.ac.uk/pride/data/archive/2026/03/PAD000033/20211799_Tsai_NPX_2022-03-14.npx.csv	Olink Target 96	NPX	20211799_SS220169	Intensity	Cardiometabolic; Cardiometabolic_II; Inflammation; Inflammation_II; Neurology; Neurology_II; Oncology; Oncology_II	Olink Target 96	intensity normalized	B13805	NT=affinity-proteomics;VV=v1.0.0	NT=human;VV=v1.1.0	NT=olink;VV=v1.0.0	v1.1.0	NT=sdrf-skills-autoresearch;VV=v0.0.0
PAD000033-2022-02-03-58-1	Homo sapiens	Blood serum	not available	not available	not available	154	not applicable	blood serum	PAD000033-r00154-2022-02-03-58-1	protein expression profiling by antibody array	1	20211799_Tsai_NPX_2022-03-14.npx.csv	ftp://ftp.pride.ebi.ac.uk/pride/data/archive/2026/03/PAD000033/20211799_Tsai_NPX_2022-03-14.npx.csv	Olink Target 96	NPX	20211799_SS220169	Intensity	Cardiometabolic; Cardiometabolic_II; Inflammation; Inflammation_II; Neurology; Neurology_II; Oncology; Oncology_II	Olink Target 96	intensity normalized	B13805	NT=affinity-proteomics;VV=v1.0.0	NT=human;VV=v1.1.0	NT=olink;VV=v1.0.0	v1.1.0	NT=sdrf-skills-autoresearch;VV=v0.0.0
PAD000033-2022-02-03-45-2	Homo sapiens	Blood serum	not available	not available	not available	155	not applicable	blood serum	PAD000033-r00155-2022-02-03-45-2	protein expression profiling by antibody array	1	20211799_Tsai_NPX_2022-03-14.npx.csv	ftp://ftp.pride.ebi.ac.uk/pride/data/archive/2026/03/PAD000033/20211799_Tsai_NPX_2022-03-14.npx.csv	Olink Target 96	NPX	20211799_SS220169	Intensity	Cardiometabolic; Cardiometabolic_II; Inflammation; Inflammation_II; Neurology; Neurology_II; Oncology; Oncology_II	Olink Target 96	intensity normalized	B13805	NT=affinity-proteomics;VV=v1.0.0	NT=human;VV=v1.1.0	NT=olink;VV=v1.0.0	v1.1.0	NT=sdrf-skills-autoresearch;VV=v0.0.0
PAD000033-2022-02-03-99-2	Homo sapiens	Blood serum	not available	not available	not available	156	not applicable	blood serum	PAD000033-r00156-2022-02-03-99-2	protein expression profiling by antibody array	1	20211799_Tsai_NPX_2022-03-14.npx.csv	ftp://ftp.pride.ebi.ac.uk/pride/data/archive/2026/03/PAD000033/20211799_Tsai_NPX_2022-03-14.npx.csv	Olink Target 96	NPX	20211799_SS220169	Intensity	Cardiometabolic; Cardiometabolic_II; Inflammation; Inflammation_II; Neurology; Neurology_II; Oncology; Oncology_II	Olink Target 96	intensity normalized	B13805	NT=affinity-proteomics;VV=v1.0.0	NT=human;VV=v1.1.0	NT=olink;VV=v1.0.0	v1.1.0	NT=sdrf-skills-autoresearch;VV=v0.0.0
PAD000033-2022-02-03-41-2	Homo sapiens	Blood serum	not available	not available	not available	157	not applicable	blood serum	PAD000033-r00157-2022-02-03-41-2	protein expression profiling by antibody array	1	20211799_Tsai_NPX_2022-03-14.npx.csv	ftp://ftp.pride.ebi.ac.uk/pride/data/archive/2026/03/PAD000033/20211799_Tsai_NPX_2022-03-14.npx.csv	Olink Target 96	NPX	20211799_SS220169	Intensity	Cardiometabolic; Cardiometabolic_II; Inflammation; Inflammation_II; Neurology; Neurology_II; Oncology; Oncology_II	Olink Target 96	intensity normalized	B13805	NT=affinity-proteomics;VV=v1.0.0	NT=human;VV=v1.1.0	NT=olink;VV=v1.0.0	v1.1.0	NT=sdrf-skills-autoresearch;VV=v0.0.0
PAD000033-2022-02-03-73-1	Homo sapiens	Blood serum	not available	not available	not available	158	not applicable	blood serum	PAD000033-r00158-2022-02-03-73-1	protein expression profiling by antibody array	1	20211799_Tsai_NPX_2022-03-14.npx.csv	ftp://ftp.pride.ebi.ac.uk/pride/data/archive/2026/03/PAD000033/20211799_Tsai_NPX_2022-03-14.npx.csv	Olink Target 96	NPX	20211799_SS220169	Intensity	Cardiometabolic; Cardiometabolic_II; Inflammation; Inflammation_II; Neurology; Neurology_II; Oncology; Oncology_II	Olink Target 96	intensity normalized	B13805	NT=affinity-proteomics;VV=v1.0.0	NT=human;VV=v1.1.0	NT=olink;VV=v1.0.0	v1.1.0	NT=sdrf-skills-autoresearch;VV=v0.0.0
PAD000033-2022-02-03-91-1	Homo sapiens	Blood serum	not available	not available	not available	159	not applicable	blood serum	PAD000033-r00159-2022-02-03-91-1	protein expression profiling by antibody array	1	20211799_Tsai_NPX_2022-03-14.npx.csv	ftp://ftp.pride.ebi.ac.uk/pride/data/archive/2026/03/PAD000033/20211799_Tsai_NPX_2022-03-14.npx.csv	Olink Target 96	NPX	20211799_SS220169	Intensity	Cardiometabolic; Cardiometabolic_II; Inflammation; Inflammation_II; Neurology; Neurology_II; Oncology; Oncology_II	Olink Target 96	intensity normalized	B13805	NT=affinity-proteomics;VV=v1.0.0	NT=human;VV=v1.1.0	NT=olink;VV=v1.0.0	v1.1.0	NT=sdrf-skills-autoresearch;VV=v0.0.0
PAD000033-2022-02-03-64-2	Homo sapiens	Blood serum	not available	not available	not available	160	not applicable	blood serum	PAD000033-r00160-2022-02-03-64-2	protein expression profiling by antibody array	1	20211799_Tsai_NPX_2022-03-14.npx.csv	ftp://ftp.pride.ebi.ac.uk/pride/data/archive/2026/03/PAD000033/20211799_Tsai_NPX_2022-03-14.npx.csv	Olink Target 96	NPX	20211799_SS220169	Intensity	Cardiometabolic; Cardiometabolic_II; Inflammation; Inflammation_II; Neurology; Neurology_II; Oncology; Oncology_II	Olink Target 96	intensity normalized	B13805	NT=affinity-proteomics;VV=v1.0.0	NT=human;VV=v1.1.0	NT=olink;VV=v1.0.0	v1.1.0	NT=sdrf-skills-autoresearch;VV=v0.0.0
PAD000033-2022-02-03-84-2	Homo sapiens	Blood serum	not available	not available	not available	161	not applicable	blood serum	PAD000033-r00161-2022-02-03-84-2	protein expression profiling by antibody array	1	20211799_Tsai_NPX_2022-03-14.npx.csv	ftp://ftp.pride.ebi.ac.uk/pride/data/archive/2026/03/PAD000033/20211799_Tsai_NPX_2022-03-14.npx.csv	Olink Target 96	NPX	20211799_SS220169	Intensity	Cardiometabolic; Cardiometabolic_II; Inflammation; Inflammation_II; Neurology; Neurology_II; Oncology; Oncology_II	Olink Target 96	intensity normalized	B13805	NT=affinity-proteomics;VV=v1.0.0	NT=human;VV=v1.1.0	NT=olink;VV=v1.0.0	v1.1.0	NT=sdrf-skills-autoresearch;VV=v0.0.0
PAD000033-2022-02-03-01-1	Homo sapiens	Blood serum	not available	not available	not available	162	not applicable	blood serum	PAD000033-r00162-2022-02-03-01-1	protein expression profiling by antibody array	1	20211799_Tsai_NPX_2022-03-14.npx.csv	ftp://ftp.pride.ebi.ac.uk/pride/data/archive/2026/03/PAD000033/20211799_Tsai_NPX_2022-03-14.npx.csv	Olink Target 96	NPX	20211799_SS220169	Intensity	Cardiometabolic; Cardiometabolic_II; Inflammation; Inflammation_II; Neurology; Neurology_II; Oncology; Oncology_II	Olink Target 96	intensity normalized	B13805	NT=affinity-proteomics;VV=v1.0.0	NT=human;VV=v1.1.0	NT=olink;VV=v1.0.0	v1.1.0	NT=sdrf-skills-autoresearch;VV=v0.0.0
PAD000033-2022-02-03-57-1	Homo sapiens	Blood serum	not available	not available	not available	163	not applicable	blood serum	PAD000033-r00163-2022-02-03-57-1	protein expression profiling by antibody array	1	20211799_Tsai_NPX_2022-03-14.npx.csv	ftp://ftp.pride.ebi.ac.uk/pride/data/archive/2026/03/PAD000033/20211799_Tsai_NPX_2022-03-14.npx.csv	Olink Target 96	NPX	20211799_SS220169	Intensity	Cardiometabolic; Cardiometabolic_II; Inflammation; Inflammation_II; Neurology; Neurology_II; Oncology; Oncology_II	Olink Target 96	intensity normalized	B13805	NT=affinity-proteomics;VV=v1.0.0	NT=human;VV=v1.1.0	NT=olink;VV=v1.0.0	v1.1.0	NT=sdrf-skills-autoresearch;VV=v0.0.0
PAD000033-2022-02-03-93-1	Homo sapiens	Blood serum	not available	not available	not available	164	not applicable	blood serum	PAD000033-r00164-2022-02-03-93-1	protein expression profiling by antibody array	1	20211799_Tsai_NPX_2022-03-14.npx.csv	ftp://ftp.pride.ebi.ac.uk/pride/data/archive/2026/03/PAD000033/20211799_Tsai_NPX_2022-03-14.npx.csv	Olink Target 96	NPX	20211799_SS220169	Intensity	Cardiometabolic; Cardiometabolic_II; Inflammation; Inflammation_II; Neurology; Neurology_II; Oncology; Oncology_II	Olink Target 96	intensity normalized	B13805	NT=affinity-proteomics;VV=v1.0.0	NT=human;VV=v1.1.0	NT=olink;VV=v1.0.0	v1.1.0	NT=sdrf-skills-autoresearch;VV=v0.0.0
PAD000033-2022-02-03-61-1	Homo sapiens	Blood serum	not available	not available	not available	165	not applicable	blood serum	PAD000033-r00165-2022-02-03-61-1	protein expression profiling by antibody array	1	20211799_Tsai_NPX_2022-03-14.npx.csv	ftp://ftp.pride.ebi.ac.uk/pride/data/archive/2026/03/PAD000033/20211799_Tsai_NPX_2022-03-14.npx.csv	Olink Target 96	NPX	20211799_SS220169	Intensity	Cardiometabolic; Cardiometabolic_II; Inflammation; Inflammation_II; Neurology; Neurology_II; Oncology; Oncology_II	Olink Target 96	intensity normalized	B13805	NT=affinity-proteomics;VV=v1.0.0	NT=human;VV=v1.1.0	NT=olink;VV=v1.0.0	v1.1.0	NT=sdrf-skills-autoresearch;VV=v0.0.0
PAD000033-2022-02-03-13-1	Homo sapiens	Blood serum	not available	not available	not available	166	not applicable	blood serum	PAD000033-r00166-2022-02-03-13-1	protein expression profiling by antibody array	1	20211799_Tsai_NPX_2022-03-14.npx.csv	ftp://ftp.pride.ebi.ac.uk/pride/data/archive/2026/03/PAD000033/20211799_Tsai_NPX_2022-03-14.npx.csv	Olink Target 96	NPX	20211799_SS220169	Intensity	Cardiometabolic; Cardiometabolic_II; Inflammation; Inflammation_II; Neurology; Neurology_II; Oncology; Oncology_II	Olink Target 96	intensity normalized	B13805	NT=affinity-proteomics;VV=v1.0.0	NT=human;VV=v1.1.0	NT=olink;VV=v1.0.0	v1.1.0	NT=sdrf-skills-autoresearch;VV=v0.0.0
PAD000033-2022-02-03-66-2	Homo sapiens	Blood serum	not available	not available	not available	167	not applicable	blood serum	PAD000033-r00167-2022-02-03-66-2	protein expression profiling by antibody array	1	20211799_Tsai_NPX_2022-03-14.npx.csv	ftp://ftp.pride.ebi.ac.uk/pride/data/archive/2026/03/PAD000033/20211799_Tsai_NPX_2022-03-14.npx.csv	Olink Target 96	NPX	20211799_SS220169	Intensity	Cardiometabolic; Cardiometabolic_II; Inflammation; Inflammation_II; Neurology; Neurology_II; Oncology; Oncology_II	Olink Target 96	intensity normalized	B13805	NT=affinity-proteomics;VV=v1.0.0	NT=human;VV=v1.1.0	NT=olink;VV=v1.0.0	v1.1.0	NT=sdrf-skills-autoresearch;VV=v0.0.0
PAD000033-2022-02-03-71-1	Homo sapiens	Blood serum	not available	not available	not available	168	not applicable	blood serum	PAD000033-r00168-2022-02-03-71-1	protein expression profiling by antibody array	1	20211799_Tsai_NPX_2022-03-14.npx.csv	ftp://ftp.pride.ebi.ac.uk/pride/data/archive/2026/03/PAD000033/20211799_Tsai_NPX_2022-03-14.npx.csv	Olink Target 96	NPX	20211799_SS220169	Intensity	Cardiometabolic; Cardiometabolic_II; Inflammation; Inflammation_II; Neurology; Neurology_II; Oncology; Oncology_II	Olink Target 96	intensity normalized	B13805	NT=affinity-proteomics;VV=v1.0.0	NT=human;VV=v1.1.0	NT=olink;VV=v1.0.0	v1.1.0	NT=sdrf-skills-autoresearch;VV=v0.0.0
PAD000033-2022-02-03-61-2	Homo sapiens	Blood serum	not available	not available	not available	169	not applicable	blood serum	PAD000033-r00169-2022-02-03-61-2	protein expression profiling by antibody array	1	20211799_Tsai_NPX_2022-03-14.npx.csv	ftp://ftp.pride.ebi.ac.uk/pride/data/archive/2026/03/PAD000033/20211799_Tsai_NPX_2022-03-14.npx.csv	Olink Target 96	NPX	20211799_SS220169	Intensity	Cardiometabolic; Cardiometabolic_II; Inflammation; Inflammation_II; Neurology; Neurology_II; Oncology; Oncology_II	Olink Target 96	intensity normalized	B13805	NT=affinity-proteomics;VV=v1.0.0	NT=human;VV=v1.1.0	NT=olink;VV=v1.0.0	v1.1.0	NT=sdrf-skills-autoresearch;VV=v0.0.0
PAD000033-2022-02-03-73-2	Homo sapiens	Blood serum	not available	not available	not available	170	not applicable	blood serum	PAD000033-r00170-2022-02-03-73-2	protein expression profiling by antibody array	1	20211799_Tsai_NPX_2022-03-14.npx.csv	ftp://ftp.pride.ebi.ac.uk/pride/data/archive/2026/03/PAD000033/20211799_Tsai_NPX_2022-03-14.npx.csv	Olink Target 96	NPX	20211799_SS220169	Intensity	Cardiometabolic; Cardiometabolic_II; Inflammation; Inflammation_II; Neurology; Neurology_II; Oncology; Oncology_II	Olink Target 96	intensity normalized	B13805	NT=affinity-proteomics;VV=v1.0.0	NT=human;VV=v1.1.0	NT=olink;VV=v1.0.0	v1.1.0	NT=sdrf-skills-autoresearch;VV=v0.0.0
PAD000033-2022-02-03-67-1	Homo sapiens	Blood serum	not available	not available	not available	171	not applicable	blood serum	PAD000033-r00171-2022-02-03-67-1	protein expression profiling by antibody array	1	20211799_Tsai_NPX_2022-03-14.npx.csv	ftp://ftp.pride.ebi.ac.uk/pride/data/archive/2026/03/PAD000033/20211799_Tsai_NPX_2022-03-14.npx.csv	Olink Target 96	NPX	20211799_SS220169	Intensity	Cardiometabolic; Cardiometabolic_II; Inflammation; Inflammation_II; Neurology; Neurology_II; Oncology; Oncology_II	Olink Target 96	intensity normalized	B13805	NT=affinity-proteomics;VV=v1.0.0	NT=human;VV=v1.1.0	NT=olink;VV=v1.0.0	v1.1.0	NT=sdrf-skills-autoresearch;VV=v0.0.0
PAD000033-2022-02-03-58-2	Homo sapiens	Blood serum	not available	not available	not available	172	not applicable	blood serum	PAD000033-r00172-2022-02-03-58-2	protein expression profiling by antibody array	1	20211799_Tsai_NPX_2022-03-14.npx.csv	ftp://ftp.pride.ebi.ac.uk/pride/data/archive/2026/03/PAD000033/20211799_Tsai_NPX_2022-03-14.npx.csv	Olink Target 96	NPX	20211799_SS220169	Intensity	Cardiometabolic; Cardiometabolic_II; Inflammation; Inflammation_II; Neurology; Neurology_II; Oncology; Oncology_II	Olink Target 96	intensity normalized	B13805	NT=affinity-proteomics;VV=v1.0.0	NT=human;VV=v1.1.0	NT=olink;VV=v1.0.0	v1.1.0	NT=sdrf-skills-autoresearch;VV=v0.0.0
PAD000033-2022-02-03-90-2	Homo sapiens	Blood serum	not available	not available	not available	173	not applicable	blood serum	PAD000033-r00173-2022-02-03-90-2	protein expression profiling by antibody array	1	20211799_Tsai_NPX_2022-03-14.npx.csv	ftp://ftp.pride.ebi.ac.uk/pride/data/archive/2026/03/PAD000033/20211799_Tsai_NPX_2022-03-14.npx.csv	Olink Target 96	NPX	20211799_SS220169	Intensity	Cardiometabolic; Cardiometabolic_II; Inflammation; Inflammation_II; Neurology; Neurology_II; Oncology; Oncology_II	Olink Target 96	intensity normalized	B13805	NT=affinity-proteomics;VV=v1.0.0	NT=human;VV=v1.1.0	NT=olink;VV=v1.0.0	v1.1.0	NT=sdrf-skills-autoresearch;VV=v0.0.0
PAD000033-2022-02-03-12-2	Homo sapiens	Blood serum	not available	not available	not available	174	not applicable	blood serum	PAD000033-r00174-2022-02-03-12-2	protein expression profiling by antibody array	1	20211799_Tsai_NPX_2022-03-14.npx.csv	ftp://ftp.pride.ebi.ac.uk/pride/data/archive/2026/03/PAD000033/20211799_Tsai_NPX_2022-03-14.npx.csv	Olink Target 96	NPX	20211799_SS220169	Intensity	Cardiometabolic; Cardiometabolic_II; Inflammation; Inflammation_II; Neurology; Neurology_II; Oncology; Oncology_II	Olink Target 96	intensity normalized	B13805	NT=affinity-proteomics;VV=v1.0.0	NT=human;VV=v1.1.0	NT=olink;VV=v1.0.0	v1.1.0	NT=sdrf-skills-autoresearch;VV=v0.0.0
PAD000033-2022-02-03-50-1	Homo sapiens	Blood serum	not available	not available	not available	175	not applicable	blood serum	PAD000033-r00175-2022-02-03-50-1	protein expression profiling by antibody array	1	20211799_Tsai_NPX_2022-03-14.npx.csv	ftp://ftp.pride.ebi.ac.uk/pride/data/archive/2026/03/PAD000033/20211799_Tsai_NPX_2022-03-14.npx.csv	Olink Target 96	NPX	20211799_SS220169	Intensity	Cardiometabolic; Cardiometabolic_II; Inflammation; Inflammation_II; Neurology; Neurology_II; Oncology; Oncology_II	Olink Target 96	intensity normalized	B13805	NT=affinity-proteomics;VV=v1.0.0	NT=human;VV=v1.1.0	NT=olink;VV=v1.0.0	v1.1.0	NT=sdrf-skills-autoresearch;VV=v0.0.0
PAD000033-2022-02-03-57-2	Homo sapiens	Blood serum	not available	not available	not available	176	not applicable	blood serum	PAD000033-r00176-2022-02-03-57-2	protein expression profiling by antibody array	1	20211799_Tsai_NPX_2022-03-14.npx.csv	ftp://ftp.pride.ebi.ac.uk/pride/data/archive/2026/03/PAD000033/20211799_Tsai_NPX_2022-03-14.npx.csv	Olink Target 96	NPX	20211799_SS220169	Intensity	Cardiometabolic; Cardiometabolic_II; Inflammation; Inflammation_II; Neurology; Neurology_II; Oncology; Oncology_II	Olink Target 96	intensity normalized	B13805	NT=affinity-proteomics;VV=v1.0.0	NT=human;VV=v1.1.0	NT=olink;VV=v1.0.0	v1.1.0	NT=sdrf-skills-autoresearch;VV=v0.0.0
PAD000033-2022-02-03-08-2	Homo sapiens	Blood serum	not available	not available	not available	177	not applicable	blood serum	PAD000033-r00177-2022-02-03-08-2	protein expression profiling by antibody array	1	20211799_Tsai_NPX_2022-03-14.npx.csv	ftp://ftp.pride.ebi.ac.uk/pride/data/archive/2026/03/PAD000033/20211799_Tsai_NPX_2022-03-14.npx.csv	Olink Target 96	NPX	20211799_SS220169	Intensity	Cardiometabolic; Cardiometabolic_II; Inflammation; Inflammation_II; Neurology; Neurology_II; Oncology; Oncology_II	Olink Target 96	intensity normalized	B13805	NT=affinity-proteomics;VV=v1.0.0	NT=human;VV=v1.1.0	NT=olink;VV=v1.0.0	v1.1.0	NT=sdrf-skills-autoresearch;VV=v0.0.0
PAD000033-2022-02-03-14-2	Homo sapiens	Blood serum	not available	not available	not available	178	not applicable	blood serum	PAD000033-r00178-2022-02-03-14-2	protein expression profiling by antibody array	1	20211799_Tsai_NPX_2022-03-14.npx.csv	ftp://ftp.pride.ebi.ac.uk/pride/data/archive/2026/03/PAD000033/20211799_Tsai_NPX_2022-03-14.npx.csv	Olink Target 96	NPX	20211799_SS220169	Intensity	Cardiometabolic; Cardiometabolic_II; Inflammation; Inflammation_II; Neurology; Neurology_II; Oncology; Oncology_II	Olink Target 96	intensity normalized	B13805	NT=affinity-proteomics;VV=v1.0.0	NT=human;VV=v1.1.0	NT=olink;VV=v1.0.0	v1.1.0	NT=sdrf-skills-autoresearch;VV=v0.0.0
PAD000033-2022-02-03-64-1	Homo sapiens	Blood serum	not available	not available	not available	179	not applicable	blood serum	PAD000033-r00179-2022-02-03-64-1	protein expression profiling by antibody array	1	20211799_Tsai_NPX_2022-03-14.npx.csv	ftp://ftp.pride.ebi.ac.uk/pride/data/archive/2026/03/PAD000033/20211799_Tsai_NPX_2022-03-14.npx.csv	Olink Target 96	NPX	20211799_SS220169	Intensity	Cardiometabolic; Cardiometabolic_II; Inflammation; Inflammation_II; Neurology; Neurology_II; Oncology; Oncology_II	Olink Target 96	intensity normalized	B13805	NT=affinity-proteomics;VV=v1.0.0	NT=human;VV=v1.1.0	NT=olink;VV=v1.0.0	v1.1.0	NT=sdrf-skills-autoresearch;VV=v0.0.0
PAD000033-2022-02-03-96-2	Homo sapiens	Blood serum	not available	not available	not available	180	not applicable	blood serum	PAD000033-r00180-2022-02-03-96-2	protein expression profiling by antibody array	1	20211799_Tsai_NPX_2022-03-14.npx.csv	ftp://ftp.pride.ebi.ac.uk/pride/data/archive/2026/03/PAD000033/20211799_Tsai_NPX_2022-03-14.npx.csv	Olink Target 96	NPX	20211799_SS220169	Intensity	Cardiometabolic; Cardiometabolic_II; Inflammation; Inflammation_II; Neurology; Neurology_II; Oncology; Oncology_II	Olink Target 96	intensity normalized	B13805	NT=affinity-proteomics;VV=v1.0.0	NT=human;VV=v1.1.0	NT=olink;VV=v1.0.0	v1.1.0	NT=sdrf-skills-autoresearch;VV=v0.0.0
PAD000033-2022-02-03-28-2	Homo sapiens	Blood serum	not available	not available	not available	181	not applicable	blood serum	PAD000033-r00181-2022-02-03-28-2	protein expression profiling by antibody array	1	20211799_Tsai_NPX_2022-03-14.npx.csv	ftp://ftp.pride.ebi.ac.uk/pride/data/archive/2026/03/PAD000033/20211799_Tsai_NPX_2022-03-14.npx.csv	Olink Target 96	NPX	20211799_SS220169	Intensity	Cardiometabolic; Cardiometabolic_II; Inflammation; Inflammation_II; Neurology; Neurology_II; Oncology; Oncology_II	Olink Target 96	intensity normalized	B13805	NT=affinity-proteomics;VV=v1.0.0	NT=human;VV=v1.1.0	NT=olink;VV=v1.0.0	v1.1.0	NT=sdrf-skills-autoresearch;VV=v0.0.0
PAD000033-2022-02-03-14-1	Homo sapiens	Blood serum	not available	not available	not available	182	not applicable	blood serum	PAD000033-r00182-2022-02-03-14-1	protein expression profiling by antibody array	1	20211799_Tsai_NPX_2022-03-14.npx.csv	ftp://ftp.pride.ebi.ac.uk/pride/data/archive/2026/03/PAD000033/20211799_Tsai_NPX_2022-03-14.npx.csv	Olink Target 96	NPX	20211799_SS220169	Intensity	Cardiometabolic; Cardiometabolic_II; Inflammation; Inflammation_II; Neurology; Neurology_II; Oncology; Oncology_II	Olink Target 96	intensity normalized	B13805	NT=affinity-proteomics;VV=v1.0.0	NT=human;VV=v1.1.0	NT=olink;VV=v1.0.0	v1.1.0	NT=sdrf-skills-autoresearch;VV=v0.0.0
PAD000033-2022-02-03-37-1	Homo sapiens	Blood serum	not available	not available	not available	183	not applicable	blood serum	PAD000033-r00183-2022-02-03-37-1	protein expression profiling by antibody array	1	20211799_Tsai_NPX_2022-03-14.npx.csv	ftp://ftp.pride.ebi.ac.uk/pride/data/archive/2026/03/PAD000033/20211799_Tsai_NPX_2022-03-14.npx.csv	Olink Target 96	NPX	20211799_SS220169	Intensity	Cardiometabolic; Cardiometabolic_II; Inflammation; Inflammation_II; Neurology; Neurology_II; Oncology; Oncology_II	Olink Target 96	intensity normalized	B13805	NT=affinity-proteomics;VV=v1.0.0	NT=human;VV=v1.1.0	NT=olink;VV=v1.0.0	v1.1.0	NT=sdrf-skills-autoresearch;VV=v0.0.0
PAD000033-2022-02-03-85-2	Homo sapiens	Blood serum	not available	not available	not available	184	not applicable	blood serum	PAD000033-r00184-2022-02-03-85-2	protein expression profiling by antibody array	1	20211799_Tsai_NPX_2022-03-14.npx.csv	ftp://ftp.pride.ebi.ac.uk/pride/data/archive/2026/03/PAD000033/20211799_Tsai_NPX_2022-03-14.npx.csv	Olink Target 96	NPX	20211799_SS220169	Intensity	Cardiometabolic; Cardiometabolic_II; Inflammation; Inflammation_II; Neurology; Neurology_II; Oncology; Oncology_II	Olink Target 96	intensity normalized	B13805	NT=affinity-proteomics;VV=v1.0.0	NT=human;VV=v1.1.0	NT=olink;VV=v1.0.0	v1.1.0	NT=sdrf-skills-autoresearch;VV=v0.0.0
PAD000033-2022-02-03-72-1	Homo sapiens	Blood serum	not available	not available	not available	185	not applicable	blood serum	PAD000033-r00185-2022-02-03-72-1	protein expression profiling by antibody array	1	20211799_Tsai_NPX_2022-03-14.npx.csv	ftp://ftp.pride.ebi.ac.uk/pride/data/archive/2026/03/PAD000033/20211799_Tsai_NPX_2022-03-14.npx.csv	Olink Target 96	NPX	20211799_SS220169	Intensity	Cardiometabolic; Cardiometabolic_II; Inflammation; Inflammation_II; Neurology; Neurology_II; Oncology; Oncology_II	Olink Target 96	intensity normalized	B13805	NT=affinity-proteomics;VV=v1.0.0	NT=human;VV=v1.1.0	NT=olink;VV=v1.0.0	v1.1.0	NT=sdrf-skills-autoresearch;VV=v0.0.0
PAD000033-2022-02-03-96-1	Homo sapiens	Blood serum	not available	not available	not available	186	not applicable	blood serum	PAD000033-r00186-2022-02-03-96-1	protein expression profiling by antibody array	1	20211799_Tsai_NPX_2022-03-14.npx.csv	ftp://ftp.pride.ebi.ac.uk/pride/data/archive/2026/03/PAD000033/20211799_Tsai_NPX_2022-03-14.npx.csv	Olink Target 96	NPX	20211799_SS220169	Intensity	Cardiometabolic; Cardiometabolic_II; Inflammation; Inflammation_II; Neurology; Neurology_II; Oncology; Oncology_II	Olink Target 96	intensity normalized	B13805	NT=affinity-proteomics;VV=v1.0.0	NT=human;VV=v1.1.0	NT=olink;VV=v1.0.0	v1.1.0	NT=sdrf-skills-autoresearch;VV=v0.0.0
PAD000033-2022-02-03-37-2	Homo sapiens	Blood serum	not available	not available	not available	187	not applicable	blood serum	PAD000033-r00187-2022-02-03-37-2	protein expression profiling by antibody array	1	20211799_Tsai_NPX_2022-03-14.npx.csv	ftp://ftp.pride.ebi.ac.uk/pride/data/archive/2026/03/PAD000033/20211799_Tsai_NPX_2022-03-14.npx.csv	Olink Target 96	NPX	20211799_SS220169	Intensity	Cardiometabolic; Cardiometabolic_II; Inflammation; Inflammation_II; Neurology; Neurology_II; Oncology; Oncology_II	Olink Target 96	intensity normalized	B13805	NT=affinity-proteomics;VV=v1.0.0	NT=human;VV=v1.1.0	NT=olink;VV=v1.0.0	v1.1.0	NT=sdrf-skills-autoresearch;VV=v0.0.0
PAD000033-2022-02-03-84-1	Homo sapiens	Blood serum	not available	not available	not available	188	not applicable	blood serum	PAD000033-r00188-2022-02-03-84-1	protein expression profiling by antibody array	1	20211799_Tsai_NPX_2022-03-14.npx.csv	ftp://ftp.pride.ebi.ac.uk/pride/data/archive/2026/03/PAD000033/20211799_Tsai_NPX_2022-03-14.npx.csv	Olink Target 96	NPX	20211799_SS220169	Intensity	Cardiometabolic; Cardiometabolic_II; Inflammation; Inflammation_II; Neurology; Neurology_II; Oncology; Oncology_II	Olink Target 96	intensity normalized	B13805	NT=affinity-proteomics;VV=v1.0.0	NT=human;VV=v1.1.0	NT=olink;VV=v1.0.0	v1.1.0	NT=sdrf-skills-autoresearch;VV=v0.0.0
PAD000033-2022-02-03-67-2	Homo sapiens	Blood serum	not available	not available	not available	189	not applicable	blood serum	PAD000033-r00189-2022-02-03-67-2	protein expression profiling by antibody array	1	20211799_Tsai_NPX_2022-03-14.npx.csv	ftp://ftp.pride.ebi.ac.uk/pride/data/archive/2026/03/PAD000033/20211799_Tsai_NPX_2022-03-14.npx.csv	Olink Target 96	NPX	20211799_SS220169	Intensity	Cardiometabolic; Cardiometabolic_II; Inflammation; Inflammation_II; Neurology; Neurology_II; Oncology; Oncology_II	Olink Target 96	intensity normalized	B13805	NT=affinity-proteomics;VV=v1.0.0	NT=human;VV=v1.1.0	NT=olink;VV=v1.0.0	v1.1.0	NT=sdrf-skills-autoresearch;VV=v0.0.0
PAD000033-2022-02-03-50-2	Homo sapiens	Blood serum	not available	not available	not available	190	not applicable	blood serum	PAD000033-r00190-2022-02-03-50-2	protein expression profiling by antibody array	1	20211799_Tsai_NPX_2022-03-14.npx.csv	ftp://ftp.pride.ebi.ac.uk/pride/data/archive/2026/03/PAD000033/20211799_Tsai_NPX_2022-03-14.npx.csv	Olink Target 96	NPX	20211799_SS220169	Intensity	Cardiometabolic; Cardiometabolic_II; Inflammation; Inflammation_II; Neurology; Neurology_II; Oncology; Oncology_II	Olink Target 96	intensity normalized	B13805	NT=affinity-proteomics;VV=v1.0.0	NT=human;VV=v1.1.0	NT=olink;VV=v1.0.0	v1.1.0	NT=sdrf-skills-autoresearch;VV=v0.0.0
PAD000033-2022-02-03-53-2	Homo sapiens	Blood serum	not available	not available	not available	191	not applicable	blood serum	PAD000033-r00191-2022-02-03-53-2	protein expression profiling by antibody array	1	20211799_Tsai_NPX_2022-03-14.npx.csv	ftp://ftp.pride.ebi.ac.uk/pride/data/archive/2026/03/PAD000033/20211799_Tsai_NPX_2022-03-14.npx.csv	Olink Target 96	NPX	20211799_SS220169	Intensity	Cardiometabolic; Cardiometabolic_II; Inflammation; Inflammation_II; Neurology; Neurology_II; Oncology; Oncology_II	Olink Target 96	intensity normalized	B13805	NT=affinity-proteomics;VV=v1.0.0	NT=human;VV=v1.1.0	NT=olink;VV=v1.0.0	v1.1.0	NT=sdrf-skills-autoresearch;VV=v0.0.0
PAD000033-2022-02-03-21-2	Homo sapiens	Blood serum	not available	not available	not available	192	not applicable	blood serum	PAD000033-r00192-2022-02-03-21-2	protein expression profiling by antibody array	1	20211799_Tsai_NPX_2022-03-14.npx.csv	ftp://ftp.pride.ebi.ac.uk/pride/data/archive/2026/03/PAD000033/20211799_Tsai_NPX_2022-03-14.npx.csv	Olink Target 96	NPX	20211799_SS220169	Intensity	Cardiometabolic; Cardiometabolic_II; Inflammation; Inflammation_II; Neurology; Neurology_II; Oncology; Oncology_II	Olink Target 96	intensity normalized	B13805	NT=affinity-proteomics;VV=v1.0.0	NT=human;VV=v1.1.0	NT=olink;VV=v1.0.0	v1.1.0	NT=sdrf-skills-autoresearch;VV=v0.0.0
PAD000033-2022-02-03-26-2	Homo sapiens	Blood serum	not available	not available	not available	193	not applicable	blood serum	PAD000033-r00193-2022-02-03-26-2	protein expression profiling by antibody array	1	20211799_Tsai_NPX_2022-03-14.npx.csv	ftp://ftp.pride.ebi.ac.uk/pride/data/archive/2026/03/PAD000033/20211799_Tsai_NPX_2022-03-14.npx.csv	Olink Target 96	NPX	20211799_SS220169	Intensity	Cardiometabolic; Cardiometabolic_II; Inflammation; Inflammation_II; Neurology; Neurology_II; Oncology; Oncology_II	Olink Target 96	intensity normalized	B13805	NT=affinity-proteomics;VV=v1.0.0	NT=human;VV=v1.1.0	NT=olink;VV=v1.0.0	v1.1.0	NT=sdrf-skills-autoresearch;VV=v0.0.0
PAD000033-2022-02-03-07-2	Homo sapiens	Blood serum	not available	not available	not available	194	not applicable	blood serum	PAD000033-r00194-2022-02-03-07-2	protein expression profiling by antibody array	1	20211799_Tsai_NPX_2022-03-14.npx.csv	ftp://ftp.pride.ebi.ac.uk/pride/data/archive/2026/03/PAD000033/20211799_Tsai_NPX_2022-03-14.npx.csv	Olink Target 96	NPX	20211799_SS220169	Intensity	Cardiometabolic; Cardiometabolic_II; Inflammation; Inflammation_II; Neurology; Neurology_II; Oncology; Oncology_II	Olink Target 96	intensity normalized	B13805	NT=affinity-proteomics;VV=v1.0.0	NT=human;VV=v1.1.0	NT=olink;VV=v1.0.0	v1.1.0	NT=sdrf-skills-autoresearch;VV=v0.0.0
PAD000033-2022-02-03-21-1	Homo sapiens	Blood serum	not available	not available	not available	195	not applicable	blood serum	PAD000033-r00195-2022-02-03-21-1	protein expression profiling by antibody array	1	20211799_Tsai_NPX_2022-03-14.npx.csv	ftp://ftp.pride.ebi.ac.uk/pride/data/archive/2026/03/PAD000033/20211799_Tsai_NPX_2022-03-14.npx.csv	Olink Target 96	NPX	20211799_SS220169	Intensity	Cardiometabolic; Cardiometabolic_II; Inflammation; Inflammation_II; Neurology; Neurology_II; Oncology; Oncology_II	Olink Target 96	intensity normalized	B13805	NT=affinity-proteomics;VV=v1.0.0	NT=human;VV=v1.1.0	NT=olink;VV=v1.0.0	v1.1.0	NT=sdrf-skills-autoresearch;VV=v0.0.0
PAD000033-2022-02-03-85-1	Homo sapiens	Blood serum	not available	not available	not available	196	not applicable	blood serum	PAD000033-r00196-2022-02-03-85-1	protein expression profiling by antibody array	1	20211799_Tsai_NPX_2022-03-14.npx.csv	ftp://ftp.pride.ebi.ac.uk/pride/data/archive/2026/03/PAD000033/20211799_Tsai_NPX_2022-03-14.npx.csv	Olink Target 96	NPX	20211799_SS220169	Intensity	Cardiometabolic; Cardiometabolic_II; Inflammation; Inflammation_II; Neurology; Neurology_II; Oncology; Oncology_II	Olink Target 96	intensity normalized	B13805	NT=affinity-proteomics;VV=v1.0.0	NT=human;VV=v1.1.0	NT=olink;VV=v1.0.0	v1.1.0	NT=sdrf-skills-autoresearch;VV=v0.0.0
PAD000033-2022-02-03-53-1	Homo sapiens	Blood serum	not available	not available	not available	197	not applicable	blood serum	PAD000033-r00197-2022-02-03-53-1	protein expression profiling by antibody array	1	20211799_Tsai_NPX_2022-03-14.npx.csv	ftp://ftp.pride.ebi.ac.uk/pride/data/archive/2026/03/PAD000033/20211799_Tsai_NPX_2022-03-14.npx.csv	Olink Target 96	NPX	20211799_SS220169	Intensity	Cardiometabolic; Cardiometabolic_II; Inflammation; Inflammation_II; Neurology; Neurology_II; Oncology; Oncology_II	Olink Target 96	intensity normalized	B13805	NT=affinity-proteomics;VV=v1.0.0	NT=human;VV=v1.1.0	NT=olink;VV=v1.0.0	v1.1.0	NT=sdrf-skills-autoresearch;VV=v0.0.0
PAD000033-2022-02-03-56-2	Homo sapiens	Blood serum	not available	not available	not available	198	not applicable	blood serum	PAD000033-r00198-2022-02-03-56-2	protein expression profiling by antibody array	1	20211799_Tsai_NPX_2022-03-14.npx.csv	ftp://ftp.pride.ebi.ac.uk/pride/data/archive/2026/03/PAD000033/20211799_Tsai_NPX_2022-03-14.npx.csv	Olink Target 96	NPX	20211799_SS220169	Intensity	Cardiometabolic; Cardiometabolic_II; Inflammation; Inflammation_II; Neurology; Neurology_II; Oncology; Oncology_II	Olink Target 96	intensity normalized	B13805	NT=affinity-proteomics;VV=v1.0.0	NT=human;VV=v1.1.0	NT=olink;VV=v1.0.0	v1.1.0	NT=sdrf-skills-autoresearch;VV=v0.0.0
PAD000033-2022-02-03-32-2	Homo sapiens	Blood serum	not available	not available	not available	199	not applicable	blood serum	PAD000033-r00199-2022-02-03-32-2	protein expression profiling by antibody array	1	20211799_Tsai_NPX_2022-03-14.npx.csv	ftp://ftp.pride.ebi.ac.uk/pride/data/archive/2026/03/PAD000033/20211799_Tsai_NPX_2022-03-14.npx.csv	Olink Target 96	NPX	20211799_SS220169	Intensity	Cardiometabolic; Cardiometabolic_II; Inflammation; Inflammation_II; Neurology; Neurology_II; Oncology; Oncology_II	Olink Target 96	intensity normalized	B13805	NT=affinity-proteomics;VV=v1.0.0	NT=human;VV=v1.1.0	NT=olink;VV=v1.0.0	v1.1.0	NT=sdrf-skills-autoresearch;VV=v0.0.0
PAD000033-2022-02-03-92-1	Homo sapiens	Blood serum	not available	not available	not available	200	not applicable	blood serum	PAD000033-r00200-2022-02-03-92-1	protein expression profiling by antibody array	1	20211799_Tsai_NPX_2022-03-14.npx.csv	ftp://ftp.pride.ebi.ac.uk/pride/data/archive/2026/03/PAD000033/20211799_Tsai_NPX_2022-03-14.npx.csv	Olink Target 96	NPX	20211799_SS220169	Intensity	Cardiometabolic; Cardiometabolic_II; Inflammation; Inflammation_II; Neurology; Neurology_II; Oncology; Oncology_II	Olink Target 96	intensity normalized	B13805	NT=affinity-proteomics;VV=v1.0.0	NT=human;VV=v1.1.0	NT=olink;VV=v1.0.0	v1.1.0	NT=sdrf-skills-autoresearch;VV=v0.0.0
PAD000033-2022-02-03-38-1	Homo sapiens	Blood serum	not available	not available	not available	201	not applicable	blood serum	PAD000033-r00201-2022-02-03-38-1	protein expression profiling by antibody array	1	20211799_Tsai_NPX_2022-03-14.npx.csv	ftp://ftp.pride.ebi.ac.uk/pride/data/archive/2026/03/PAD000033/20211799_Tsai_NPX_2022-03-14.npx.csv	Olink Target 96	NPX	20211799_SS220169	Intensity	Cardiometabolic; Cardiometabolic_II; Inflammation; Inflammation_II; Neurology; Neurology_II; Oncology; Oncology_II	Olink Target 96	intensity normalized	B13805	NT=affinity-proteomics;VV=v1.0.0	NT=human;VV=v1.1.0	NT=olink;VV=v1.0.0	v1.1.0	NT=sdrf-skills-autoresearch;VV=v0.0.0
PAD000033-2022-02-03-93-2	Homo sapiens	Blood serum	not available	not available	not available	202	not applicable	blood serum	PAD000033-r00202-2022-02-03-93-2	protein expression profiling by antibody array	1	20211799_Tsai_NPX_2022-03-14.npx.csv	ftp://ftp.pride.ebi.ac.uk/pride/data/archive/2026/03/PAD000033/20211799_Tsai_NPX_2022-03-14.npx.csv	Olink Target 96	NPX	20211799_SS220169	Intensity	Cardiometabolic; Cardiometabolic_II; Inflammation; Inflammation_II; Neurology; Neurology_II; Oncology; Oncology_II	Olink Target 96	intensity normalized	B13805	NT=affinity-proteomics;VV=v1.0.0	NT=human;VV=v1.1.0	NT=olink;VV=v1.0.0	v1.1.0	NT=sdrf-skills-autoresearch;VV=v0.0.0
PAD000033-2022-02-03-41-1	Homo sapiens	Blood serum	not available	not available	not available	203	not applicable	blood serum	PAD000033-r00203-2022-02-03-41-1	protein expression profiling by antibody array	1	20211799_Tsai_NPX_2022-03-14.npx.csv	ftp://ftp.pride.ebi.ac.uk/pride/data/archive/2026/03/PAD000033/20211799_Tsai_NPX_2022-03-14.npx.csv	Olink Target 96	NPX	20211799_SS220169	Intensity	Cardiometabolic; Cardiometabolic_II; Inflammation; Inflammation_II; Neurology; Neurology_II; Oncology; Oncology_II	Olink Target 96	intensity normalized	B13805	NT=affinity-proteomics;VV=v1.0.0	NT=human;VV=v1.1.0	NT=olink;VV=v1.0.0	v1.1.0	NT=sdrf-skills-autoresearch;VV=v0.0.0
PAD000033-2022-02-03-45-1	Homo sapiens	Blood serum	not available	not available	not available	204	not applicable	blood serum	PAD000033-r00204-2022-02-03-45-1	protein expression profiling by antibody array	1	20211799_Tsai_NPX_2022-03-14.npx.csv	ftp://ftp.pride.ebi.ac.uk/pride/data/archive/2026/03/PAD000033/20211799_Tsai_NPX_2022-03-14.npx.csv	Olink Target 96	NPX	20211799_SS220169	Intensity	Cardiometabolic; Cardiometabolic_II; Inflammation; Inflammation_II; Neurology; Neurology_II; Oncology; Oncology_II	Olink Target 96	intensity normalized	B13805	NT=affinity-proteomics;VV=v1.0.0	NT=human;VV=v1.1.0	NT=olink;VV=v1.0.0	v1.1.0	NT=sdrf-skills-autoresearch;VV=v0.0.0
PAD000033-2022-02-03-28-1	Homo sapiens	Blood serum	not available	not available	not available	205	not applicable	blood serum	PAD000033-r00205-2022-02-03-28-1	protein expression profiling by antibody array	1	20211799_Tsai_NPX_2022-03-14.npx.csv	ftp://ftp.pride.ebi.ac.uk/pride/data/archive/2026/03/PAD000033/20211799_Tsai_NPX_2022-03-14.npx.csv	Olink Target 96	NPX	20211799_SS220169	Intensity	Cardiometabolic; Cardiometabolic_II; Inflammation; Inflammation_II; Neurology; Neurology_II; Oncology; Oncology_II	Olink Target 96	intensity normalized	B13805	NT=affinity-proteomics;VV=v1.0.0	NT=human;VV=v1.1.0	NT=olink;VV=v1.0.0	v1.1.0	NT=sdrf-skills-autoresearch;VV=v0.0.0
PAD000033-CONTROL_SAMPLE_US_CS_AS_2-5	Homo sapiens	Blood serum	not available	not available	not available	206	not applicable	blood serum	PAD000033-r00206-CONTROL_SAMPLE_US_CS_AS_2-5	protein expression profiling by antibody array	1	20211799_Tsai_NPX_2022-03-14.npx.csv	ftp://ftp.pride.ebi.ac.uk/pride/data/archive/2026/03/PAD000033/20211799_Tsai_NPX_2022-03-14.npx.csv	Olink Target 96	NPX	20211799_SS220166	Intensity	Cardiometabolic; Inflammation; Neurology; Oncology	Olink Target 96	intensity normalized	B04412	NT=affinity-proteomics;VV=v1.0.0	NT=human;VV=v1.1.0	NT=olink;VV=v1.0.0	v1.1.0	NT=sdrf-skills-autoresearch;VV=v0.0.0
PAD000033-CONTROL_SAMPLE_US_CS_AS_2-6	Homo sapiens	Blood serum	not available	not available	not available	207	not applicable	blood serum	PAD000033-r00207-CONTROL_SAMPLE_US_CS_AS_2-6	protein expression profiling by antibody array	1	20211799_Tsai_NPX_2022-03-14.npx.csv	ftp://ftp.pride.ebi.ac.uk/pride/data/archive/2026/03/PAD000033/20211799_Tsai_NPX_2022-03-14.npx.csv	Olink Target 96	NPX	20211799_SS220166	Intensity	Cardiometabolic; Inflammation; Neurology; Oncology	Olink Target 96	intensity normalized	B04412	NT=affinity-proteomics;VV=v1.0.0	NT=human;VV=v1.1.0	NT=olink;VV=v1.0.0	v1.1.0	NT=sdrf-skills-autoresearch;VV=v0.0.0
PAD000033-CONTROL_SAMPLE_US_CS_AS_2-3	Homo sapiens	Blood serum	not available	not available	not available	208	not applicable	blood serum	PAD000033-r00208-CONTROL_SAMPLE_US_CS_AS_2-3	protein expression profiling by antibody array	1	20211799_Tsai_NPX_2022-03-14.npx.csv	ftp://ftp.pride.ebi.ac.uk/pride/data/archive/2026/03/PAD000033/20211799_Tsai_NPX_2022-03-14.npx.csv	Olink Target 96	NPX	20211799_SS220165	Intensity	Cardiometabolic; Inflammation; Neurology; Oncology	Olink Target 96	intensity normalized	B04412	NT=affinity-proteomics;VV=v1.0.0	NT=human;VV=v1.1.0	NT=olink;VV=v1.0.0	v1.1.0	NT=sdrf-skills-autoresearch;VV=v0.0.0
PAD000033-CONTROL_SAMPLE_US_CS_AS_2-4	Homo sapiens	Blood serum	not available	not available	not available	209	not applicable	blood serum	PAD000033-r00209-CONTROL_SAMPLE_US_CS_AS_2-4	protein expression profiling by antibody array	1	20211799_Tsai_NPX_2022-03-14.npx.csv	ftp://ftp.pride.ebi.ac.uk/pride/data/archive/2026/03/PAD000033/20211799_Tsai_NPX_2022-03-14.npx.csv	Olink Target 96	NPX	20211799_SS220165	Intensity	Cardiometabolic; Inflammation; Neurology; Oncology	Olink Target 96	intensity normalized	B04412	NT=affinity-proteomics;VV=v1.0.0	NT=human;VV=v1.1.0	NT=olink;VV=v1.0.0	v1.1.0	NT=sdrf-skills-autoresearch;VV=v0.0.0
PAD000033-CONTROL_SAMPLE_US_CS_AS_2-1	Homo sapiens	Blood serum	not available	not available	not available	210	not applicable	blood serum	PAD000033-r00210-CONTROL_SAMPLE_US_CS_AS_2-1	protein expression profiling by antibody array	1	20211799_Tsai_NPX_2022-03-14.npx.csv	ftp://ftp.pride.ebi.ac.uk/pride/data/archive/2026/03/PAD000033/20211799_Tsai_NPX_2022-03-14.npx.csv	Olink Target 96	NPX	20211799_SS220164	Intensity	Cardiometabolic; Inflammation; Neurology; Oncology	Olink Target 96	intensity normalized	B04412	NT=affinity-proteomics;VV=v1.0.0	NT=human;VV=v1.1.0	NT=olink;VV=v1.0.0	v1.1.0	NT=sdrf-skills-autoresearch;VV=v0.0.0
PAD000033-CONTROL_SAMPLE_US_CS_AS_2-2	Homo sapiens	Blood serum	not available	not available	not available	211	not applicable	blood serum	PAD000033-r00211-CONTROL_SAMPLE_US_CS_AS_2-2	protein expression profiling by antibody array	1	20211799_Tsai_NPX_2022-03-14.npx.csv	ftp://ftp.pride.ebi.ac.uk/pride/data/archive/2026/03/PAD000033/20211799_Tsai_NPX_2022-03-14.npx.csv	Olink Target 96	NPX	20211799_SS220164	Intensity	Cardiometabolic; Inflammation; Neurology; Oncology	Olink Target 96	intensity normalized	B04412	NT=affinity-proteomics;VV=v1.0.0	NT=human;VV=v1.1.0	NT=olink;VV=v1.0.0	v1.1.0	NT=sdrf-skills-autoresearch;VV=v0.0.0
