source name	characteristics[organism]	characteristics[organism part]	characteristics[disease]	characteristics[age]	characteristics[sex]	characteristics[individual]	characteristics[ancestry category]	characteristics[biological replicate]	characteristics[sample type]	characteristics[sample matrix]	assay name	technology type	comment[technical replicate]	comment[data file]	comment[file uri]	comment[platform]	comment[panel name]	comment[panel version]	comment[quantification unit]	comment[plate]	comment[normalization method]	comment[somascan menu]	comment[somascan platform]	comment[dilution]	comment[sdrf template]	comment[sdrf template]	comment[sdrf template]	comment[sdrf version]	comment[sdrf annotation tool]
PAD000014-5530214285_P	Homo sapiens	Blood plasma	not available	not available	not available	CLI6011F013	not available	1	not applicable	blood plasma	PAD000014-r00001-5530214285_P	protein expression profiling by aptamer array	1	SS-205036_v4.1.12_CitratePlasmapheresis.hybNorm.medNormInt.plateScale.calibrate.anmlQC.qcCheck.adat	ftp://ftp.pride.ebi.ac.uk/pride/data/archive/2025/10/PAD000014/SS-205036_v4.1.12_CitratePlasmapheresis.hybNorm.medNormInt.plateScale.calibrate.anmlQC.qcCheck.adat	SomaScan Assay	SomaScan 7K	v4.1	RFU	p0028213	Raw RFU, Hyb Normalization, medNormInt (SampleId), plateScale, Calibration, anmlQC, qcCheck	SomaScan 7K	SomaScan Assay v4.1	20%	NT=affinity-proteomics;VV=v1.0.0	NT=human;VV=v1.1.0	NT=somascan;VV=v1.0.0	v1.1.0	NT=sdrf-skills-autoresearch;VV=v0.0.0
PAD000014-5530211238_P	Homo sapiens	Blood plasma	not available	not available	not available	CLI6011F013	not available	2	not applicable	blood plasma	PAD000014-r00002-5530211238_P	protein expression profiling by aptamer array	1	SS-205036_v4.1.12_CitratePlasmapheresis.hybNorm.medNormInt.plateScale.calibrate.anmlQC.qcCheck.adat	ftp://ftp.pride.ebi.ac.uk/pride/data/archive/2025/10/PAD000014/SS-205036_v4.1.12_CitratePlasmapheresis.hybNorm.medNormInt.plateScale.calibrate.anmlQC.qcCheck.adat	SomaScan Assay	SomaScan 7K	v4.1	RFU	p0028213	Raw RFU, Hyb Normalization, medNormInt (SampleId), plateScale, Calibration, anmlQC, qcCheck	SomaScan 7K	SomaScan Assay v4.1	20%	NT=affinity-proteomics;VV=v1.0.0	NT=human;VV=v1.1.0	NT=somascan;VV=v1.0.0	v1.1.0	NT=sdrf-skills-autoresearch;VV=v0.0.0
PAD000014-5530214261_P	Homo sapiens	Blood plasma	not available	not available	not available	CLI6011F013	not available	3	not applicable	blood plasma	PAD000014-r00003-5530214261_P	protein expression profiling by aptamer array	1	SS-205036_v4.1.12_CitratePlasmapheresis.hybNorm.medNormInt.plateScale.calibrate.anmlQC.qcCheck.adat	ftp://ftp.pride.ebi.ac.uk/pride/data/archive/2025/10/PAD000014/SS-205036_v4.1.12_CitratePlasmapheresis.hybNorm.medNormInt.plateScale.calibrate.anmlQC.qcCheck.adat	SomaScan Assay	SomaScan 7K	v4.1	RFU	p0028213	Raw RFU, Hyb Normalization, medNormInt (SampleId), plateScale, Calibration, anmlQC, qcCheck	SomaScan 7K	SomaScan Assay v4.1	20%	NT=affinity-proteomics;VV=v1.0.0	NT=human;VV=v1.1.0	NT=somascan;VV=v1.0.0	v1.1.0	NT=sdrf-skills-autoresearch;VV=v0.0.0
PAD000014-5530211155_P	Homo sapiens	Blood plasma	not available	not available	not available	CLI6011F013	not available	4	not applicable	blood plasma	PAD000014-r00004-5530211155_P	protein expression profiling by aptamer array	1	SS-205036_v4.1.12_CitratePlasmapheresis.hybNorm.medNormInt.plateScale.calibrate.anmlQC.qcCheck.adat	ftp://ftp.pride.ebi.ac.uk/pride/data/archive/2025/10/PAD000014/SS-205036_v4.1.12_CitratePlasmapheresis.hybNorm.medNormInt.plateScale.calibrate.anmlQC.qcCheck.adat	SomaScan Assay	SomaScan 7K	v4.1	RFU	p0028213	Raw RFU, Hyb Normalization, medNormInt (SampleId), plateScale, Calibration, anmlQC, qcCheck	SomaScan 7K	SomaScan Assay v4.1	20%	NT=affinity-proteomics;VV=v1.0.0	NT=human;VV=v1.1.0	NT=somascan;VV=v1.0.0	v1.1.0	NT=sdrf-skills-autoresearch;VV=v0.0.0
PAD000014-200169	Homo sapiens	Blood plasma	not available	not available	not available	not available	not available	5	calibrator	blood plasma	PAD000014-r00005-200169	protein expression profiling by aptamer array	1	SS-205036_v4.1.12_CitratePlasmapheresis.hybNorm.medNormInt.plateScale.calibrate.anmlQC.qcCheck.adat	ftp://ftp.pride.ebi.ac.uk/pride/data/archive/2025/10/PAD000014/SS-205036_v4.1.12_CitratePlasmapheresis.hybNorm.medNormInt.plateScale.calibrate.anmlQC.qcCheck.adat	SomaScan Assay	SomaScan 7K	v4.1	RFU	p0028213	Raw RFU, Hyb Normalization, medNormInt (SampleId), plateScale, Calibration, anmlQC, qcCheck	SomaScan 7K	SomaScan Assay v4.1	20%	NT=affinity-proteomics;VV=v1.0.0	NT=human;VV=v1.1.0	NT=somascan;VV=v1.0.0	v1.1.0	NT=sdrf-skills-autoresearch;VV=v0.0.0
PAD000014-5530211224_P	Homo sapiens	Blood plasma	not available	not available	not available	CLI6011F013	not available	6	not applicable	blood plasma	PAD000014-r00006-5530211224_P	protein expression profiling by aptamer array	1	SS-205036_v4.1.12_CitratePlasmapheresis.hybNorm.medNormInt.plateScale.calibrate.anmlQC.qcCheck.adat	ftp://ftp.pride.ebi.ac.uk/pride/data/archive/2025/10/PAD000014/SS-205036_v4.1.12_CitratePlasmapheresis.hybNorm.medNormInt.plateScale.calibrate.anmlQC.qcCheck.adat	SomaScan Assay	SomaScan 7K	v4.1	RFU	p0028213	Raw RFU, Hyb Normalization, medNormInt (SampleId), plateScale, Calibration, anmlQC, qcCheck	SomaScan 7K	SomaScan Assay v4.1	20%	NT=affinity-proteomics;VV=v1.0.0	NT=human;VV=v1.1.0	NT=somascan;VV=v1.0.0	v1.1.0	NT=sdrf-skills-autoresearch;VV=v0.0.0
PAD000014-5530211380_P	Homo sapiens	Blood plasma	not available	not available	not available	CLI6011F013	not available	7	not applicable	blood plasma	PAD000014-r00007-5530211380_P	protein expression profiling by aptamer array	1	SS-205036_v4.1.12_CitratePlasmapheresis.hybNorm.medNormInt.plateScale.calibrate.anmlQC.qcCheck.adat	ftp://ftp.pride.ebi.ac.uk/pride/data/archive/2025/10/PAD000014/SS-205036_v4.1.12_CitratePlasmapheresis.hybNorm.medNormInt.plateScale.calibrate.anmlQC.qcCheck.adat	SomaScan Assay	SomaScan 7K	v4.1	RFU	p0028213	Raw RFU, Hyb Normalization, medNormInt (SampleId), plateScale, Calibration, anmlQC, qcCheck	SomaScan 7K	SomaScan Assay v4.1	20%	NT=affinity-proteomics;VV=v1.0.0	NT=human;VV=v1.1.0	NT=somascan;VV=v1.0.0	v1.1.0	NT=sdrf-skills-autoresearch;VV=v0.0.0
PAD000014-5530213256_P	Homo sapiens	Blood plasma	not available	not available	not available	CLI6011F013	not available	8	not applicable	blood plasma	PAD000014-r00008-5530213256_P	protein expression profiling by aptamer array	1	SS-205036_v4.1.12_CitratePlasmapheresis.hybNorm.medNormInt.plateScale.calibrate.anmlQC.qcCheck.adat	ftp://ftp.pride.ebi.ac.uk/pride/data/archive/2025/10/PAD000014/SS-205036_v4.1.12_CitratePlasmapheresis.hybNorm.medNormInt.plateScale.calibrate.anmlQC.qcCheck.adat	SomaScan Assay	SomaScan 7K	v4.1	RFU	p0028213	Raw RFU, Hyb Normalization, medNormInt (SampleId), plateScale, Calibration, anmlQC, qcCheck	SomaScan 7K	SomaScan Assay v4.1	20%	NT=affinity-proteomics;VV=v1.0.0	NT=human;VV=v1.1.0	NT=somascan;VV=v1.0.0	v1.1.0	NT=sdrf-skills-autoresearch;VV=v0.0.0
PAD000014-5530213338_P	Homo sapiens	Blood plasma	not available	not available	not available	CLI6011F013	not available	9	not applicable	blood plasma	PAD000014-r00009-5530213338_P	protein expression profiling by aptamer array	1	SS-205036_v4.1.12_CitratePlasmapheresis.hybNorm.medNormInt.plateScale.calibrate.anmlQC.qcCheck.adat	ftp://ftp.pride.ebi.ac.uk/pride/data/archive/2025/10/PAD000014/SS-205036_v4.1.12_CitratePlasmapheresis.hybNorm.medNormInt.plateScale.calibrate.anmlQC.qcCheck.adat	SomaScan Assay	SomaScan 7K	v4.1	RFU	p0028213	Raw RFU, Hyb Normalization, medNormInt (SampleId), plateScale, Calibration, anmlQC, qcCheck	SomaScan 7K	SomaScan Assay v4.1	20%	NT=affinity-proteomics;VV=v1.0.0	NT=human;VV=v1.1.0	NT=somascan;VV=v1.0.0	v1.1.0	NT=sdrf-skills-autoresearch;VV=v0.0.0
PAD000014-5530211556_P	Homo sapiens	Blood plasma	not available	not available	not available	CLI6011F013	not available	10	not applicable	blood plasma	PAD000014-r00010-5530211556_P	protein expression profiling by aptamer array	1	SS-205036_v4.1.12_CitratePlasmapheresis.hybNorm.medNormInt.plateScale.calibrate.anmlQC.qcCheck.adat	ftp://ftp.pride.ebi.ac.uk/pride/data/archive/2025/10/PAD000014/SS-205036_v4.1.12_CitratePlasmapheresis.hybNorm.medNormInt.plateScale.calibrate.anmlQC.qcCheck.adat	SomaScan Assay	SomaScan 7K	v4.1	RFU	p0028213	Raw RFU, Hyb Normalization, medNormInt (SampleId), plateScale, Calibration, anmlQC, qcCheck	SomaScan 7K	SomaScan Assay v4.1	20%	NT=affinity-proteomics;VV=v1.0.0	NT=human;VV=v1.1.0	NT=somascan;VV=v1.0.0	v1.1.0	NT=sdrf-skills-autoresearch;VV=v0.0.0
PAD000014-200170	Homo sapiens	Blood plasma	not available	not available	not available	not available	not available	11	quality control sample	blood plasma	PAD000014-r00011-200170	protein expression profiling by aptamer array	1	SS-205036_v4.1.12_CitratePlasmapheresis.hybNorm.medNormInt.plateScale.calibrate.anmlQC.qcCheck.adat	ftp://ftp.pride.ebi.ac.uk/pride/data/archive/2025/10/PAD000014/SS-205036_v4.1.12_CitratePlasmapheresis.hybNorm.medNormInt.plateScale.calibrate.anmlQC.qcCheck.adat	SomaScan Assay	SomaScan 7K	v4.1	RFU	p0028213	Raw RFU, Hyb Normalization, medNormInt (SampleId), plateScale, Calibration, anmlQC, qcCheck	SomaScan 7K	SomaScan Assay v4.1	20%	NT=affinity-proteomics;VV=v1.0.0	NT=human;VV=v1.1.0	NT=somascan;VV=v1.0.0	v1.1.0	NT=sdrf-skills-autoresearch;VV=v0.0.0
PAD000014-5530212132_P	Homo sapiens	Blood plasma	not available	not available	not available	CLI6011F013	not available	12	not applicable	blood plasma	PAD000014-r00012-5530212132_P	protein expression profiling by aptamer array	1	SS-205036_v4.1.12_CitratePlasmapheresis.hybNorm.medNormInt.plateScale.calibrate.anmlQC.qcCheck.adat	ftp://ftp.pride.ebi.ac.uk/pride/data/archive/2025/10/PAD000014/SS-205036_v4.1.12_CitratePlasmapheresis.hybNorm.medNormInt.plateScale.calibrate.anmlQC.qcCheck.adat	SomaScan Assay	SomaScan 7K	v4.1	RFU	p0028213	Raw RFU, Hyb Normalization, medNormInt (SampleId), plateScale, Calibration, anmlQC, qcCheck	SomaScan 7K	SomaScan Assay v4.1	20%	NT=affinity-proteomics;VV=v1.0.0	NT=human;VV=v1.1.0	NT=somascan;VV=v1.0.0	v1.1.0	NT=sdrf-skills-autoresearch;VV=v0.0.0
PAD000014-5530211178_P	Homo sapiens	Blood plasma	not available	not available	not available	CLI6011F013	not available	13	not applicable	blood plasma	PAD000014-r00013-5530211178_P	protein expression profiling by aptamer array	1	SS-205036_v4.1.12_CitratePlasmapheresis.hybNorm.medNormInt.plateScale.calibrate.anmlQC.qcCheck.adat	ftp://ftp.pride.ebi.ac.uk/pride/data/archive/2025/10/PAD000014/SS-205036_v4.1.12_CitratePlasmapheresis.hybNorm.medNormInt.plateScale.calibrate.anmlQC.qcCheck.adat	SomaScan Assay	SomaScan 7K	v4.1	RFU	p0028213	Raw RFU, Hyb Normalization, medNormInt (SampleId), plateScale, Calibration, anmlQC, qcCheck	SomaScan 7K	SomaScan Assay v4.1	20%	NT=affinity-proteomics;VV=v1.0.0	NT=human;VV=v1.1.0	NT=somascan;VV=v1.0.0	v1.1.0	NT=sdrf-skills-autoresearch;VV=v0.0.0
PAD000014-5530212082	Homo sapiens	Blood plasma	not available	not available	not available	CLI6011F013	not available	14	not applicable	blood plasma	PAD000014-r00014-5530212082	protein expression profiling by aptamer array	1	SS-205036_v4.1.12_CitratePlasmapheresis.hybNorm.medNormInt.plateScale.calibrate.anmlQC.qcCheck.adat	ftp://ftp.pride.ebi.ac.uk/pride/data/archive/2025/10/PAD000014/SS-205036_v4.1.12_CitratePlasmapheresis.hybNorm.medNormInt.plateScale.calibrate.anmlQC.qcCheck.adat	SomaScan Assay	SomaScan 7K	v4.1	RFU	p0028213	Raw RFU, Hyb Normalization, medNormInt (SampleId), plateScale, Calibration, anmlQC, qcCheck	SomaScan 7K	SomaScan Assay v4.1	20%	NT=affinity-proteomics;VV=v1.0.0	NT=human;VV=v1.1.0	NT=somascan;VV=v1.0.0	v1.1.0	NT=sdrf-skills-autoresearch;VV=v0.0.0
PAD000014-5530214561_P	Homo sapiens	Blood plasma	not available	not available	not available	CLI6011F013	not available	15	not applicable	blood plasma	PAD000014-r00015-5530214561_P	protein expression profiling by aptamer array	1	SS-205036_v4.1.12_CitratePlasmapheresis.hybNorm.medNormInt.plateScale.calibrate.anmlQC.qcCheck.adat	ftp://ftp.pride.ebi.ac.uk/pride/data/archive/2025/10/PAD000014/SS-205036_v4.1.12_CitratePlasmapheresis.hybNorm.medNormInt.plateScale.calibrate.anmlQC.qcCheck.adat	SomaScan Assay	SomaScan 7K	v4.1	RFU	p0028213	Raw RFU, Hyb Normalization, medNormInt (SampleId), plateScale, Calibration, anmlQC, qcCheck	SomaScan 7K	SomaScan Assay v4.1	20%	NT=affinity-proteomics;VV=v1.0.0	NT=human;VV=v1.1.0	NT=somascan;VV=v1.0.0	v1.1.0	NT=sdrf-skills-autoresearch;VV=v0.0.0
PAD000014-5530212130_P	Homo sapiens	Blood plasma	not available	not available	not available	CLI6011F013	not available	16	not applicable	blood plasma	PAD000014-r00016-5530212130_P	protein expression profiling by aptamer array	1	SS-205036_v4.1.12_CitratePlasmapheresis.hybNorm.medNormInt.plateScale.calibrate.anmlQC.qcCheck.adat	ftp://ftp.pride.ebi.ac.uk/pride/data/archive/2025/10/PAD000014/SS-205036_v4.1.12_CitratePlasmapheresis.hybNorm.medNormInt.plateScale.calibrate.anmlQC.qcCheck.adat	SomaScan Assay	SomaScan 7K	v4.1	RFU	p0028213	Raw RFU, Hyb Normalization, medNormInt (SampleId), plateScale, Calibration, anmlQC, qcCheck	SomaScan 7K	SomaScan Assay v4.1	20%	NT=affinity-proteomics;VV=v1.0.0	NT=human;VV=v1.1.0	NT=somascan;VV=v1.0.0	v1.1.0	NT=sdrf-skills-autoresearch;VV=v0.0.0
PAD000014-5530212493_P	Homo sapiens	Blood plasma	not available	not available	not available	CLI6011F013	not available	17	not applicable	blood plasma	PAD000014-r00017-5530212493_P	protein expression profiling by aptamer array	1	SS-205036_v4.1.12_CitratePlasmapheresis.hybNorm.medNormInt.plateScale.calibrate.anmlQC.qcCheck.adat	ftp://ftp.pride.ebi.ac.uk/pride/data/archive/2025/10/PAD000014/SS-205036_v4.1.12_CitratePlasmapheresis.hybNorm.medNormInt.plateScale.calibrate.anmlQC.qcCheck.adat	SomaScan Assay	SomaScan 7K	v4.1	RFU	p0028213	Raw RFU, Hyb Normalization, medNormInt (SampleId), plateScale, Calibration, anmlQC, qcCheck	SomaScan 7K	SomaScan Assay v4.1	20%	NT=affinity-proteomics;VV=v1.0.0	NT=human;VV=v1.1.0	NT=somascan;VV=v1.0.0	v1.1.0	NT=sdrf-skills-autoresearch;VV=v0.0.0
PAD000014-5530211588_P	Homo sapiens	Blood plasma	not available	not available	not available	CLI6011F013	not available	18	not applicable	blood plasma	PAD000014-r00018-5530211588_P	protein expression profiling by aptamer array	1	SS-205036_v4.1.12_CitratePlasmapheresis.hybNorm.medNormInt.plateScale.calibrate.anmlQC.qcCheck.adat	ftp://ftp.pride.ebi.ac.uk/pride/data/archive/2025/10/PAD000014/SS-205036_v4.1.12_CitratePlasmapheresis.hybNorm.medNormInt.plateScale.calibrate.anmlQC.qcCheck.adat	SomaScan Assay	SomaScan 7K	v4.1	RFU	p0028213	Raw RFU, Hyb Normalization, medNormInt (SampleId), plateScale, Calibration, anmlQC, qcCheck	SomaScan 7K	SomaScan Assay v4.1	20%	NT=affinity-proteomics;VV=v1.0.0	NT=human;VV=v1.1.0	NT=somascan;VV=v1.0.0	v1.1.0	NT=sdrf-skills-autoresearch;VV=v0.0.0
PAD000014-5530211349_P	Homo sapiens	Blood plasma	not available	not available	not available	CLI6011F013	not available	19	not applicable	blood plasma	PAD000014-r00019-5530211349_P	protein expression profiling by aptamer array	1	SS-205036_v4.1.12_CitratePlasmapheresis.hybNorm.medNormInt.plateScale.calibrate.anmlQC.qcCheck.adat	ftp://ftp.pride.ebi.ac.uk/pride/data/archive/2025/10/PAD000014/SS-205036_v4.1.12_CitratePlasmapheresis.hybNorm.medNormInt.plateScale.calibrate.anmlQC.qcCheck.adat	SomaScan Assay	SomaScan 7K	v4.1	RFU	p0028213	Raw RFU, Hyb Normalization, medNormInt (SampleId), plateScale, Calibration, anmlQC, qcCheck	SomaScan 7K	SomaScan Assay v4.1	20%	NT=affinity-proteomics;VV=v1.0.0	NT=human;VV=v1.1.0	NT=somascan;VV=v1.0.0	v1.1.0	NT=sdrf-skills-autoresearch;VV=v0.0.0
PAD000014-5530211238_P	Homo sapiens	Blood plasma	not available	not available	not available	CLI6011F013	not available	2	not applicable	blood plasma	PAD000014-r00020-5530211238_P	protein expression profiling by aptamer array	2	SS-205036_v4.1.12_CitratePlasmapheresis.hybNorm.medNormInt.plateScale.calibrate.anmlQC.qcCheck.adat	ftp://ftp.pride.ebi.ac.uk/pride/data/archive/2025/10/PAD000014/SS-205036_v4.1.12_CitratePlasmapheresis.hybNorm.medNormInt.plateScale.calibrate.anmlQC.qcCheck.adat	SomaScan Assay	SomaScan 7K	v4.1	RFU	p0028213	Raw RFU, Hyb Normalization, medNormInt (SampleId), plateScale, Calibration, anmlQC, qcCheck	SomaScan 7K	SomaScan Assay v4.1	20%	NT=affinity-proteomics;VV=v1.0.0	NT=human;VV=v1.1.0	NT=somascan;VV=v1.0.0	v1.1.0	NT=sdrf-skills-autoresearch;VV=v0.0.0
PAD000014-200289	Homo sapiens	Blood plasma	not available	not available	not available	not available	not available	20	not applicable	blood plasma	PAD000014-r00021-200289	protein expression profiling by aptamer array	1	SS-205036_v4.1.12_CitratePlasmapheresis.hybNorm.medNormInt.plateScale.calibrate.anmlQC.qcCheck.adat	ftp://ftp.pride.ebi.ac.uk/pride/data/archive/2025/10/PAD000014/SS-205036_v4.1.12_CitratePlasmapheresis.hybNorm.medNormInt.plateScale.calibrate.anmlQC.qcCheck.adat	SomaScan Assay	SomaScan 7K	v4.1	RFU	p0028213	Raw RFU, Hyb Normalization, medNormInt (SampleId), plateScale, Calibration, anmlQC, qcCheck	SomaScan 7K	SomaScan Assay v4.1	20%	NT=affinity-proteomics;VV=v1.0.0	NT=human;VV=v1.1.0	NT=somascan;VV=v1.0.0	v1.1.0	NT=sdrf-skills-autoresearch;VV=v0.0.0
PAD000014-5530212480_P	Homo sapiens	Blood plasma	not available	not available	not available	CLI6011F013	not available	21	not applicable	blood plasma	PAD000014-r00022-5530212480_P	protein expression profiling by aptamer array	1	SS-205036_v4.1.12_CitratePlasmapheresis.hybNorm.medNormInt.plateScale.calibrate.anmlQC.qcCheck.adat	ftp://ftp.pride.ebi.ac.uk/pride/data/archive/2025/10/PAD000014/SS-205036_v4.1.12_CitratePlasmapheresis.hybNorm.medNormInt.plateScale.calibrate.anmlQC.qcCheck.adat	SomaScan Assay	SomaScan 7K	v4.1	RFU	p0028213	Raw RFU, Hyb Normalization, medNormInt (SampleId), plateScale, Calibration, anmlQC, qcCheck	SomaScan 7K	SomaScan Assay v4.1	20%	NT=affinity-proteomics;VV=v1.0.0	NT=human;VV=v1.1.0	NT=somascan;VV=v1.0.0	v1.1.0	NT=sdrf-skills-autoresearch;VV=v0.0.0
PAD000014-5530211357_P	Homo sapiens	Blood plasma	not available	not available	not available	CLI6011F013	not available	22	not applicable	blood plasma	PAD000014-r00023-5530211357_P	protein expression profiling by aptamer array	1	SS-205036_v4.1.12_CitratePlasmapheresis.hybNorm.medNormInt.plateScale.calibrate.anmlQC.qcCheck.adat	ftp://ftp.pride.ebi.ac.uk/pride/data/archive/2025/10/PAD000014/SS-205036_v4.1.12_CitratePlasmapheresis.hybNorm.medNormInt.plateScale.calibrate.anmlQC.qcCheck.adat	SomaScan Assay	SomaScan 7K	v4.1	RFU	p0028213	Raw RFU, Hyb Normalization, medNormInt (SampleId), plateScale, Calibration, anmlQC, qcCheck	SomaScan 7K	SomaScan Assay v4.1	20%	NT=affinity-proteomics;VV=v1.0.0	NT=human;VV=v1.1.0	NT=somascan;VV=v1.0.0	v1.1.0	NT=sdrf-skills-autoresearch;VV=v0.0.0
PAD000014-5530212158_P	Homo sapiens	Blood plasma	not available	not available	not available	CLI6011F013	not available	23	not applicable	blood plasma	PAD000014-r00024-5530212158_P	protein expression profiling by aptamer array	1	SS-205036_v4.1.12_CitratePlasmapheresis.hybNorm.medNormInt.plateScale.calibrate.anmlQC.qcCheck.adat	ftp://ftp.pride.ebi.ac.uk/pride/data/archive/2025/10/PAD000014/SS-205036_v4.1.12_CitratePlasmapheresis.hybNorm.medNormInt.plateScale.calibrate.anmlQC.qcCheck.adat	SomaScan Assay	SomaScan 7K	v4.1	RFU	p0028213	Raw RFU, Hyb Normalization, medNormInt (SampleId), plateScale, Calibration, anmlQC, qcCheck	SomaScan 7K	SomaScan Assay v4.1	20%	NT=affinity-proteomics;VV=v1.0.0	NT=human;VV=v1.1.0	NT=somascan;VV=v1.0.0	v1.1.0	NT=sdrf-skills-autoresearch;VV=v0.0.0
PAD000014-200169	Homo sapiens	Blood plasma	not available	not available	not available	not available	not available	5	calibrator	blood plasma	PAD000014-r00025-200169	protein expression profiling by aptamer array	2	SS-205036_v4.1.12_CitratePlasmapheresis.hybNorm.medNormInt.plateScale.calibrate.anmlQC.qcCheck.adat	ftp://ftp.pride.ebi.ac.uk/pride/data/archive/2025/10/PAD000014/SS-205036_v4.1.12_CitratePlasmapheresis.hybNorm.medNormInt.plateScale.calibrate.anmlQC.qcCheck.adat	SomaScan Assay	SomaScan 7K	v4.1	RFU	p0028213	Raw RFU, Hyb Normalization, medNormInt (SampleId), plateScale, Calibration, anmlQC, qcCheck	SomaScan 7K	SomaScan Assay v4.1	20%	NT=affinity-proteomics;VV=v1.0.0	NT=human;VV=v1.1.0	NT=somascan;VV=v1.0.0	v1.1.0	NT=sdrf-skills-autoresearch;VV=v0.0.0
PAD000014-5530211835_P	Homo sapiens	Blood plasma	not available	not available	not available	CLI6011F013	not available	24	not applicable	blood plasma	PAD000014-r00026-5530211835_P	protein expression profiling by aptamer array	1	SS-205036_v4.1.12_CitratePlasmapheresis.hybNorm.medNormInt.plateScale.calibrate.anmlQC.qcCheck.adat	ftp://ftp.pride.ebi.ac.uk/pride/data/archive/2025/10/PAD000014/SS-205036_v4.1.12_CitratePlasmapheresis.hybNorm.medNormInt.plateScale.calibrate.anmlQC.qcCheck.adat	SomaScan Assay	SomaScan 7K	v4.1	RFU	p0028213	Raw RFU, Hyb Normalization, medNormInt (SampleId), plateScale, Calibration, anmlQC, qcCheck	SomaScan 7K	SomaScan Assay v4.1	20%	NT=affinity-proteomics;VV=v1.0.0	NT=human;VV=v1.1.0	NT=somascan;VV=v1.0.0	v1.1.0	NT=sdrf-skills-autoresearch;VV=v0.0.0
PAD000014-5530211226_P	Homo sapiens	Blood plasma	not available	not available	not available	CLI6011F013	not available	25	not applicable	blood plasma	PAD000014-r00027-5530211226_P	protein expression profiling by aptamer array	1	SS-205036_v4.1.12_CitratePlasmapheresis.hybNorm.medNormInt.plateScale.calibrate.anmlQC.qcCheck.adat	ftp://ftp.pride.ebi.ac.uk/pride/data/archive/2025/10/PAD000014/SS-205036_v4.1.12_CitratePlasmapheresis.hybNorm.medNormInt.plateScale.calibrate.anmlQC.qcCheck.adat	SomaScan Assay	SomaScan 7K	v4.1	RFU	p0028213	Raw RFU, Hyb Normalization, medNormInt (SampleId), plateScale, Calibration, anmlQC, qcCheck	SomaScan 7K	SomaScan Assay v4.1	20%	NT=affinity-proteomics;VV=v1.0.0	NT=human;VV=v1.1.0	NT=somascan;VV=v1.0.0	v1.1.0	NT=sdrf-skills-autoresearch;VV=v0.0.0
PAD000014-5530211919_P	Homo sapiens	Blood plasma	not available	not available	not available	CLI6011F013	not available	26	not applicable	blood plasma	PAD000014-r00028-5530211919_P	protein expression profiling by aptamer array	1	SS-205036_v4.1.12_CitratePlasmapheresis.hybNorm.medNormInt.plateScale.calibrate.anmlQC.qcCheck.adat	ftp://ftp.pride.ebi.ac.uk/pride/data/archive/2025/10/PAD000014/SS-205036_v4.1.12_CitratePlasmapheresis.hybNorm.medNormInt.plateScale.calibrate.anmlQC.qcCheck.adat	SomaScan Assay	SomaScan 7K	v4.1	RFU	p0028213	Raw RFU, Hyb Normalization, medNormInt (SampleId), plateScale, Calibration, anmlQC, qcCheck	SomaScan 7K	SomaScan Assay v4.1	20%	NT=affinity-proteomics;VV=v1.0.0	NT=human;VV=v1.1.0	NT=somascan;VV=v1.0.0	v1.1.0	NT=sdrf-skills-autoresearch;VV=v0.0.0
PAD000014-5530211236_P	Homo sapiens	Blood plasma	not available	not available	not available	CLI6011F013	not available	27	not applicable	blood plasma	PAD000014-r00029-5530211236_P	protein expression profiling by aptamer array	1	SS-205036_v4.1.12_CitratePlasmapheresis.hybNorm.medNormInt.plateScale.calibrate.anmlQC.qcCheck.adat	ftp://ftp.pride.ebi.ac.uk/pride/data/archive/2025/10/PAD000014/SS-205036_v4.1.12_CitratePlasmapheresis.hybNorm.medNormInt.plateScale.calibrate.anmlQC.qcCheck.adat	SomaScan Assay	SomaScan 7K	v4.1	RFU	p0028213	Raw RFU, Hyb Normalization, medNormInt (SampleId), plateScale, Calibration, anmlQC, qcCheck	SomaScan 7K	SomaScan Assay v4.1	20%	NT=affinity-proteomics;VV=v1.0.0	NT=human;VV=v1.1.0	NT=somascan;VV=v1.0.0	v1.1.0	NT=sdrf-skills-autoresearch;VV=v0.0.0
PAD000014-5530212077_P	Homo sapiens	Blood plasma	not available	not available	not available	CLI6011F013	not available	28	not applicable	blood plasma	PAD000014-r00030-5530212077_P	protein expression profiling by aptamer array	1	SS-205036_v4.1.12_CitratePlasmapheresis.hybNorm.medNormInt.plateScale.calibrate.anmlQC.qcCheck.adat	ftp://ftp.pride.ebi.ac.uk/pride/data/archive/2025/10/PAD000014/SS-205036_v4.1.12_CitratePlasmapheresis.hybNorm.medNormInt.plateScale.calibrate.anmlQC.qcCheck.adat	SomaScan Assay	SomaScan 7K	v4.1	RFU	p0028213	Raw RFU, Hyb Normalization, medNormInt (SampleId), plateScale, Calibration, anmlQC, qcCheck	SomaScan 7K	SomaScan Assay v4.1	20%	NT=affinity-proteomics;VV=v1.0.0	NT=human;VV=v1.1.0	NT=somascan;VV=v1.0.0	v1.1.0	NT=sdrf-skills-autoresearch;VV=v0.0.0
PAD000014-5530216685_P	Homo sapiens	Blood plasma	not available	not available	not available	CLI6011F013	not available	29	not applicable	blood plasma	PAD000014-r00031-5530216685_P	protein expression profiling by aptamer array	1	SS-205036_v4.1.12_CitratePlasmapheresis.hybNorm.medNormInt.plateScale.calibrate.anmlQC.qcCheck.adat	ftp://ftp.pride.ebi.ac.uk/pride/data/archive/2025/10/PAD000014/SS-205036_v4.1.12_CitratePlasmapheresis.hybNorm.medNormInt.plateScale.calibrate.anmlQC.qcCheck.adat	SomaScan Assay	SomaScan 7K	v4.1	RFU	p0028213	Raw RFU, Hyb Normalization, medNormInt (SampleId), plateScale, Calibration, anmlQC, qcCheck	SomaScan 7K	SomaScan Assay v4.1	20%	NT=affinity-proteomics;VV=v1.0.0	NT=human;VV=v1.1.0	NT=somascan;VV=v1.0.0	v1.1.0	NT=sdrf-skills-autoresearch;VV=v0.0.0
PAD000014-5530211506_P	Homo sapiens	Blood plasma	not available	not available	not available	CLI6011F013	not available	30	not applicable	blood plasma	PAD000014-r00032-5530211506_P	protein expression profiling by aptamer array	1	SS-205036_v4.1.12_CitratePlasmapheresis.hybNorm.medNormInt.plateScale.calibrate.anmlQC.qcCheck.adat	ftp://ftp.pride.ebi.ac.uk/pride/data/archive/2025/10/PAD000014/SS-205036_v4.1.12_CitratePlasmapheresis.hybNorm.medNormInt.plateScale.calibrate.anmlQC.qcCheck.adat	SomaScan Assay	SomaScan 7K	v4.1	RFU	p0028213	Raw RFU, Hyb Normalization, medNormInt (SampleId), plateScale, Calibration, anmlQC, qcCheck	SomaScan 7K	SomaScan Assay v4.1	20%	NT=affinity-proteomics;VV=v1.0.0	NT=human;VV=v1.1.0	NT=somascan;VV=v1.0.0	v1.1.0	NT=sdrf-skills-autoresearch;VV=v0.0.0
PAD000014-5530211502_P	Homo sapiens	Blood plasma	not available	not available	not available	CLI6011F013	not available	31	not applicable	blood plasma	PAD000014-r00033-5530211502_P	protein expression profiling by aptamer array	1	SS-205036_v4.1.12_CitratePlasmapheresis.hybNorm.medNormInt.plateScale.calibrate.anmlQC.qcCheck.adat	ftp://ftp.pride.ebi.ac.uk/pride/data/archive/2025/10/PAD000014/SS-205036_v4.1.12_CitratePlasmapheresis.hybNorm.medNormInt.plateScale.calibrate.anmlQC.qcCheck.adat	SomaScan Assay	SomaScan 7K	v4.1	RFU	p0028213	Raw RFU, Hyb Normalization, medNormInt (SampleId), plateScale, Calibration, anmlQC, qcCheck	SomaScan 7K	SomaScan Assay v4.1	20%	NT=affinity-proteomics;VV=v1.0.0	NT=human;VV=v1.1.0	NT=somascan;VV=v1.0.0	v1.1.0	NT=sdrf-skills-autoresearch;VV=v0.0.0
PAD000014-5530212090_P	Homo sapiens	Blood plasma	not available	not available	not available	CLI6011F013	not available	32	not applicable	blood plasma	PAD000014-r00034-5530212090_P	protein expression profiling by aptamer array	1	SS-205036_v4.1.12_CitratePlasmapheresis.hybNorm.medNormInt.plateScale.calibrate.anmlQC.qcCheck.adat	ftp://ftp.pride.ebi.ac.uk/pride/data/archive/2025/10/PAD000014/SS-205036_v4.1.12_CitratePlasmapheresis.hybNorm.medNormInt.plateScale.calibrate.anmlQC.qcCheck.adat	SomaScan Assay	SomaScan 7K	v4.1	RFU	p0028213	Raw RFU, Hyb Normalization, medNormInt (SampleId), plateScale, Calibration, anmlQC, qcCheck	SomaScan 7K	SomaScan Assay v4.1	20%	NT=affinity-proteomics;VV=v1.0.0	NT=human;VV=v1.1.0	NT=somascan;VV=v1.0.0	v1.1.0	NT=sdrf-skills-autoresearch;VV=v0.0.0
PAD000014-5530213307_P	Homo sapiens	Blood plasma	not available	not available	not available	CLI6011F013	not available	33	not applicable	blood plasma	PAD000014-r00035-5530213307_P	protein expression profiling by aptamer array	1	SS-205036_v4.1.12_CitratePlasmapheresis.hybNorm.medNormInt.plateScale.calibrate.anmlQC.qcCheck.adat	ftp://ftp.pride.ebi.ac.uk/pride/data/archive/2025/10/PAD000014/SS-205036_v4.1.12_CitratePlasmapheresis.hybNorm.medNormInt.plateScale.calibrate.anmlQC.qcCheck.adat	SomaScan Assay	SomaScan 7K	v4.1	RFU	p0028213	Raw RFU, Hyb Normalization, medNormInt (SampleId), plateScale, Calibration, anmlQC, qcCheck	SomaScan 7K	SomaScan Assay v4.1	20%	NT=affinity-proteomics;VV=v1.0.0	NT=human;VV=v1.1.0	NT=somascan;VV=v1.0.0	v1.1.0	NT=sdrf-skills-autoresearch;VV=v0.0.0
PAD000014-5530211311_P	Homo sapiens	Blood plasma	not available	not available	not available	CLI6011F013	not available	34	not applicable	blood plasma	PAD000014-r00036-5530211311_P	protein expression profiling by aptamer array	1	SS-205036_v4.1.12_CitratePlasmapheresis.hybNorm.medNormInt.plateScale.calibrate.anmlQC.qcCheck.adat	ftp://ftp.pride.ebi.ac.uk/pride/data/archive/2025/10/PAD000014/SS-205036_v4.1.12_CitratePlasmapheresis.hybNorm.medNormInt.plateScale.calibrate.anmlQC.qcCheck.adat	SomaScan Assay	SomaScan 7K	v4.1	RFU	p0028213	Raw RFU, Hyb Normalization, medNormInt (SampleId), plateScale, Calibration, anmlQC, qcCheck	SomaScan 7K	SomaScan Assay v4.1	20%	NT=affinity-proteomics;VV=v1.0.0	NT=human;VV=v1.1.0	NT=somascan;VV=v1.0.0	v1.1.0	NT=sdrf-skills-autoresearch;VV=v0.0.0
PAD000014-5530211355_P	Homo sapiens	Blood plasma	not available	not available	not available	CLI6011F013	not available	35	not applicable	blood plasma	PAD000014-r00037-5530211355_P	protein expression profiling by aptamer array	1	SS-205036_v4.1.12_CitratePlasmapheresis.hybNorm.medNormInt.plateScale.calibrate.anmlQC.qcCheck.adat	ftp://ftp.pride.ebi.ac.uk/pride/data/archive/2025/10/PAD000014/SS-205036_v4.1.12_CitratePlasmapheresis.hybNorm.medNormInt.plateScale.calibrate.anmlQC.qcCheck.adat	SomaScan Assay	SomaScan 7K	v4.1	RFU	p0028213	Raw RFU, Hyb Normalization, medNormInt (SampleId), plateScale, Calibration, anmlQC, qcCheck	SomaScan 7K	SomaScan Assay v4.1	20%	NT=affinity-proteomics;VV=v1.0.0	NT=human;VV=v1.1.0	NT=somascan;VV=v1.0.0	v1.1.0	NT=sdrf-skills-autoresearch;VV=v0.0.0
PAD000014-5530211926_P	Homo sapiens	Blood plasma	not available	not available	not available	CLI6011F013	not available	36	not applicable	blood plasma	PAD000014-r00038-5530211926_P	protein expression profiling by aptamer array	1	SS-205036_v4.1.12_CitratePlasmapheresis.hybNorm.medNormInt.plateScale.calibrate.anmlQC.qcCheck.adat	ftp://ftp.pride.ebi.ac.uk/pride/data/archive/2025/10/PAD000014/SS-205036_v4.1.12_CitratePlasmapheresis.hybNorm.medNormInt.plateScale.calibrate.anmlQC.qcCheck.adat	SomaScan Assay	SomaScan 7K	v4.1	RFU	p0028213	Raw RFU, Hyb Normalization, medNormInt (SampleId), plateScale, Calibration, anmlQC, qcCheck	SomaScan 7K	SomaScan Assay v4.1	20%	NT=affinity-proteomics;VV=v1.0.0	NT=human;VV=v1.1.0	NT=somascan;VV=v1.0.0	v1.1.0	NT=sdrf-skills-autoresearch;VV=v0.0.0
PAD000014-5530211336_P	Homo sapiens	Blood plasma	not available	not available	not available	CLI6011F013	not available	37	not applicable	blood plasma	PAD000014-r00039-5530211336_P	protein expression profiling by aptamer array	1	SS-205036_v4.1.12_CitratePlasmapheresis.hybNorm.medNormInt.plateScale.calibrate.anmlQC.qcCheck.adat	ftp://ftp.pride.ebi.ac.uk/pride/data/archive/2025/10/PAD000014/SS-205036_v4.1.12_CitratePlasmapheresis.hybNorm.medNormInt.plateScale.calibrate.anmlQC.qcCheck.adat	SomaScan Assay	SomaScan 7K	v4.1	RFU	p0028213	Raw RFU, Hyb Normalization, medNormInt (SampleId), plateScale, Calibration, anmlQC, qcCheck	SomaScan 7K	SomaScan Assay v4.1	20%	NT=affinity-proteomics;VV=v1.0.0	NT=human;VV=v1.1.0	NT=somascan;VV=v1.0.0	v1.1.0	NT=sdrf-skills-autoresearch;VV=v0.0.0
PAD000014-5530211479_P	Homo sapiens	Blood plasma	not available	not available	not available	CLI6011F013	not available	38	not applicable	blood plasma	PAD000014-r00040-5530211479_P	protein expression profiling by aptamer array	1	SS-205036_v4.1.12_CitratePlasmapheresis.hybNorm.medNormInt.plateScale.calibrate.anmlQC.qcCheck.adat	ftp://ftp.pride.ebi.ac.uk/pride/data/archive/2025/10/PAD000014/SS-205036_v4.1.12_CitratePlasmapheresis.hybNorm.medNormInt.plateScale.calibrate.anmlQC.qcCheck.adat	SomaScan Assay	SomaScan 7K	v4.1	RFU	p0028213	Raw RFU, Hyb Normalization, medNormInt (SampleId), plateScale, Calibration, anmlQC, qcCheck	SomaScan 7K	SomaScan Assay v4.1	20%	NT=affinity-proteomics;VV=v1.0.0	NT=human;VV=v1.1.0	NT=somascan;VV=v1.0.0	v1.1.0	NT=sdrf-skills-autoresearch;VV=v0.0.0
PAD000014-5530211136_P	Homo sapiens	Blood plasma	not available	not available	not available	CLI6011F013	not available	39	not applicable	blood plasma	PAD000014-r00041-5530211136_P	protein expression profiling by aptamer array	1	SS-205036_v4.1.12_CitratePlasmapheresis.hybNorm.medNormInt.plateScale.calibrate.anmlQC.qcCheck.adat	ftp://ftp.pride.ebi.ac.uk/pride/data/archive/2025/10/PAD000014/SS-205036_v4.1.12_CitratePlasmapheresis.hybNorm.medNormInt.plateScale.calibrate.anmlQC.qcCheck.adat	SomaScan Assay	SomaScan 7K	v4.1	RFU	p0028213	Raw RFU, Hyb Normalization, medNormInt (SampleId), plateScale, Calibration, anmlQC, qcCheck	SomaScan 7K	SomaScan Assay v4.1	20%	NT=affinity-proteomics;VV=v1.0.0	NT=human;VV=v1.1.0	NT=somascan;VV=v1.0.0	v1.1.0	NT=sdrf-skills-autoresearch;VV=v0.0.0
PAD000014-5530211529_P	Homo sapiens	Blood plasma	not available	not available	not available	CLI6011F013	not available	40	not applicable	blood plasma	PAD000014-r00042-5530211529_P	protein expression profiling by aptamer array	1	SS-205036_v4.1.12_CitratePlasmapheresis.hybNorm.medNormInt.plateScale.calibrate.anmlQC.qcCheck.adat	ftp://ftp.pride.ebi.ac.uk/pride/data/archive/2025/10/PAD000014/SS-205036_v4.1.12_CitratePlasmapheresis.hybNorm.medNormInt.plateScale.calibrate.anmlQC.qcCheck.adat	SomaScan Assay	SomaScan 7K	v4.1	RFU	p0028213	Raw RFU, Hyb Normalization, medNormInt (SampleId), plateScale, Calibration, anmlQC, qcCheck	SomaScan 7K	SomaScan Assay v4.1	20%	NT=affinity-proteomics;VV=v1.0.0	NT=human;VV=v1.1.0	NT=somascan;VV=v1.0.0	v1.1.0	NT=sdrf-skills-autoresearch;VV=v0.0.0
PAD000014-5530212333_P	Homo sapiens	Blood plasma	not available	not available	not available	CLI6011F013	not available	41	not applicable	blood plasma	PAD000014-r00043-5530212333_P	protein expression profiling by aptamer array	1	SS-205036_v4.1.12_CitratePlasmapheresis.hybNorm.medNormInt.plateScale.calibrate.anmlQC.qcCheck.adat	ftp://ftp.pride.ebi.ac.uk/pride/data/archive/2025/10/PAD000014/SS-205036_v4.1.12_CitratePlasmapheresis.hybNorm.medNormInt.plateScale.calibrate.anmlQC.qcCheck.adat	SomaScan Assay	SomaScan 7K	v4.1	RFU	p0028213	Raw RFU, Hyb Normalization, medNormInt (SampleId), plateScale, Calibration, anmlQC, qcCheck	SomaScan 7K	SomaScan Assay v4.1	20%	NT=affinity-proteomics;VV=v1.0.0	NT=human;VV=v1.1.0	NT=somascan;VV=v1.0.0	v1.1.0	NT=sdrf-skills-autoresearch;VV=v0.0.0
PAD000014-5530213134_P	Homo sapiens	Blood plasma	not available	not available	not available	CLI6011F013	not available	42	not applicable	blood plasma	PAD000014-r00044-5530213134_P	protein expression profiling by aptamer array	1	SS-205036_v4.1.12_CitratePlasmapheresis.hybNorm.medNormInt.plateScale.calibrate.anmlQC.qcCheck.adat	ftp://ftp.pride.ebi.ac.uk/pride/data/archive/2025/10/PAD000014/SS-205036_v4.1.12_CitratePlasmapheresis.hybNorm.medNormInt.plateScale.calibrate.anmlQC.qcCheck.adat	SomaScan Assay	SomaScan 7K	v4.1	RFU	p0028213	Raw RFU, Hyb Normalization, medNormInt (SampleId), plateScale, Calibration, anmlQC, qcCheck	SomaScan 7K	SomaScan Assay v4.1	20%	NT=affinity-proteomics;VV=v1.0.0	NT=human;VV=v1.1.0	NT=somascan;VV=v1.0.0	v1.1.0	NT=sdrf-skills-autoresearch;VV=v0.0.0
PAD000014-5530211544_P	Homo sapiens	Blood plasma	not available	not available	not available	CLI6011F013	not available	43	not applicable	blood plasma	PAD000014-r00045-5530211544_P	protein expression profiling by aptamer array	1	SS-205036_v4.1.12_CitratePlasmapheresis.hybNorm.medNormInt.plateScale.calibrate.anmlQC.qcCheck.adat	ftp://ftp.pride.ebi.ac.uk/pride/data/archive/2025/10/PAD000014/SS-205036_v4.1.12_CitratePlasmapheresis.hybNorm.medNormInt.plateScale.calibrate.anmlQC.qcCheck.adat	SomaScan Assay	SomaScan 7K	v4.1	RFU	p0028213	Raw RFU, Hyb Normalization, medNormInt (SampleId), plateScale, Calibration, anmlQC, qcCheck	SomaScan 7K	SomaScan Assay v4.1	20%	NT=affinity-proteomics;VV=v1.0.0	NT=human;VV=v1.1.0	NT=somascan;VV=v1.0.0	v1.1.0	NT=sdrf-skills-autoresearch;VV=v0.0.0
PAD000014-5530211169_P	Homo sapiens	Blood plasma	not available	not available	not available	CLI6011F013	not available	44	not applicable	blood plasma	PAD000014-r00046-5530211169_P	protein expression profiling by aptamer array	1	SS-205036_v4.1.12_CitratePlasmapheresis.hybNorm.medNormInt.plateScale.calibrate.anmlQC.qcCheck.adat	ftp://ftp.pride.ebi.ac.uk/pride/data/archive/2025/10/PAD000014/SS-205036_v4.1.12_CitratePlasmapheresis.hybNorm.medNormInt.plateScale.calibrate.anmlQC.qcCheck.adat	SomaScan Assay	SomaScan 7K	v4.1	RFU	p0028213	Raw RFU, Hyb Normalization, medNormInt (SampleId), plateScale, Calibration, anmlQC, qcCheck	SomaScan 7K	SomaScan Assay v4.1	20%	NT=affinity-proteomics;VV=v1.0.0	NT=human;VV=v1.1.0	NT=somascan;VV=v1.0.0	v1.1.0	NT=sdrf-skills-autoresearch;VV=v0.0.0
PAD000014-5530211936_P	Homo sapiens	Blood plasma	not available	not available	not available	CLI6011F013	not available	45	not applicable	blood plasma	PAD000014-r00047-5530211936_P	protein expression profiling by aptamer array	1	SS-205036_v4.1.12_CitratePlasmapheresis.hybNorm.medNormInt.plateScale.calibrate.anmlQC.qcCheck.adat	ftp://ftp.pride.ebi.ac.uk/pride/data/archive/2025/10/PAD000014/SS-205036_v4.1.12_CitratePlasmapheresis.hybNorm.medNormInt.plateScale.calibrate.anmlQC.qcCheck.adat	SomaScan Assay	SomaScan 7K	v4.1	RFU	p0028213	Raw RFU, Hyb Normalization, medNormInt (SampleId), plateScale, Calibration, anmlQC, qcCheck	SomaScan 7K	SomaScan Assay v4.1	20%	NT=affinity-proteomics;VV=v1.0.0	NT=human;VV=v1.1.0	NT=somascan;VV=v1.0.0	v1.1.0	NT=sdrf-skills-autoresearch;VV=v0.0.0
PAD000014-200169	Homo sapiens	Blood plasma	not available	not available	not available	not available	not available	5	calibrator	blood plasma	PAD000014-r00048-200169	protein expression profiling by aptamer array	3	SS-205036_v4.1.12_CitratePlasmapheresis.hybNorm.medNormInt.plateScale.calibrate.anmlQC.qcCheck.adat	ftp://ftp.pride.ebi.ac.uk/pride/data/archive/2025/10/PAD000014/SS-205036_v4.1.12_CitratePlasmapheresis.hybNorm.medNormInt.plateScale.calibrate.anmlQC.qcCheck.adat	SomaScan Assay	SomaScan 7K	v4.1	RFU	p0028213	Raw RFU, Hyb Normalization, medNormInt (SampleId), plateScale, Calibration, anmlQC, qcCheck	SomaScan 7K	SomaScan Assay v4.1	20%	NT=affinity-proteomics;VV=v1.0.0	NT=human;VV=v1.1.0	NT=somascan;VV=v1.0.0	v1.1.0	NT=sdrf-skills-autoresearch;VV=v0.0.0
PAD000014-5530212143_P	Homo sapiens	Blood plasma	not available	not available	not available	CLI6011F013	not available	46	not applicable	blood plasma	PAD000014-r00049-5530212143_P	protein expression profiling by aptamer array	1	SS-205036_v4.1.12_CitratePlasmapheresis.hybNorm.medNormInt.plateScale.calibrate.anmlQC.qcCheck.adat	ftp://ftp.pride.ebi.ac.uk/pride/data/archive/2025/10/PAD000014/SS-205036_v4.1.12_CitratePlasmapheresis.hybNorm.medNormInt.plateScale.calibrate.anmlQC.qcCheck.adat	SomaScan Assay	SomaScan 7K	v4.1	RFU	p0028213	Raw RFU, Hyb Normalization, medNormInt (SampleId), plateScale, Calibration, anmlQC, qcCheck	SomaScan 7K	SomaScan Assay v4.1	20%	NT=affinity-proteomics;VV=v1.0.0	NT=human;VV=v1.1.0	NT=somascan;VV=v1.0.0	v1.1.0	NT=sdrf-skills-autoresearch;VV=v0.0.0
PAD000014-5530219381_P	Homo sapiens	Blood plasma	not available	not available	not available	CLI6011F013	not available	47	not applicable	blood plasma	PAD000014-r00050-5530219381_P	protein expression profiling by aptamer array	1	SS-205036_v4.1.12_CitratePlasmapheresis.hybNorm.medNormInt.plateScale.calibrate.anmlQC.qcCheck.adat	ftp://ftp.pride.ebi.ac.uk/pride/data/archive/2025/10/PAD000014/SS-205036_v4.1.12_CitratePlasmapheresis.hybNorm.medNormInt.plateScale.calibrate.anmlQC.qcCheck.adat	SomaScan Assay	SomaScan 7K	v4.1	RFU	p0028213	Raw RFU, Hyb Normalization, medNormInt (SampleId), plateScale, Calibration, anmlQC, qcCheck	SomaScan 7K	SomaScan Assay v4.1	20%	NT=affinity-proteomics;VV=v1.0.0	NT=human;VV=v1.1.0	NT=somascan;VV=v1.0.0	v1.1.0	NT=sdrf-skills-autoresearch;VV=v0.0.0
PAD000014-5530211325_P	Homo sapiens	Blood plasma	not available	not available	not available	CLI6011F013	not available	48	not applicable	blood plasma	PAD000014-r00051-5530211325_P	protein expression profiling by aptamer array	1	SS-205036_v4.1.12_CitratePlasmapheresis.hybNorm.medNormInt.plateScale.calibrate.anmlQC.qcCheck.adat	ftp://ftp.pride.ebi.ac.uk/pride/data/archive/2025/10/PAD000014/SS-205036_v4.1.12_CitratePlasmapheresis.hybNorm.medNormInt.plateScale.calibrate.anmlQC.qcCheck.adat	SomaScan Assay	SomaScan 7K	v4.1	RFU	p0028213	Raw RFU, Hyb Normalization, medNormInt (SampleId), plateScale, Calibration, anmlQC, qcCheck	SomaScan 7K	SomaScan Assay v4.1	20%	NT=affinity-proteomics;VV=v1.0.0	NT=human;VV=v1.1.0	NT=somascan;VV=v1.0.0	v1.1.0	NT=sdrf-skills-autoresearch;VV=v0.0.0
PAD000014-5530211224_P	Homo sapiens	Blood plasma	not available	not available	not available	CLI6011F013	not available	6	not applicable	blood plasma	PAD000014-r00052-5530211224_P	protein expression profiling by aptamer array	2	SS-205036_v4.1.12_CitratePlasmapheresis.hybNorm.medNormInt.plateScale.calibrate.anmlQC.qcCheck.adat	ftp://ftp.pride.ebi.ac.uk/pride/data/archive/2025/10/PAD000014/SS-205036_v4.1.12_CitratePlasmapheresis.hybNorm.medNormInt.plateScale.calibrate.anmlQC.qcCheck.adat	SomaScan Assay	SomaScan 7K	v4.1	RFU	p0028213	Raw RFU, Hyb Normalization, medNormInt (SampleId), plateScale, Calibration, anmlQC, qcCheck	SomaScan 7K	SomaScan Assay v4.1	20%	NT=affinity-proteomics;VV=v1.0.0	NT=human;VV=v1.1.0	NT=somascan;VV=v1.0.0	v1.1.0	NT=sdrf-skills-autoresearch;VV=v0.0.0
PAD000014-5530214203_P	Homo sapiens	Blood plasma	not available	not available	not available	CLI6011F013	not available	49	not applicable	blood plasma	PAD000014-r00053-5530214203_P	protein expression profiling by aptamer array	1	SS-205036_v4.1.12_CitratePlasmapheresis.hybNorm.medNormInt.plateScale.calibrate.anmlQC.qcCheck.adat	ftp://ftp.pride.ebi.ac.uk/pride/data/archive/2025/10/PAD000014/SS-205036_v4.1.12_CitratePlasmapheresis.hybNorm.medNormInt.plateScale.calibrate.anmlQC.qcCheck.adat	SomaScan Assay	SomaScan 7K	v4.1	RFU	p0028213	Raw RFU, Hyb Normalization, medNormInt (SampleId), plateScale, Calibration, anmlQC, qcCheck	SomaScan 7K	SomaScan Assay v4.1	20%	NT=affinity-proteomics;VV=v1.0.0	NT=human;VV=v1.1.0	NT=somascan;VV=v1.0.0	v1.1.0	NT=sdrf-skills-autoresearch;VV=v0.0.0
PAD000014-5530211176_P	Homo sapiens	Blood plasma	not available	not available	not available	CLI6011F013	not available	50	not applicable	blood plasma	PAD000014-r00054-5530211176_P	protein expression profiling by aptamer array	1	SS-205036_v4.1.12_CitratePlasmapheresis.hybNorm.medNormInt.plateScale.calibrate.anmlQC.qcCheck.adat	ftp://ftp.pride.ebi.ac.uk/pride/data/archive/2025/10/PAD000014/SS-205036_v4.1.12_CitratePlasmapheresis.hybNorm.medNormInt.plateScale.calibrate.anmlQC.qcCheck.adat	SomaScan Assay	SomaScan 7K	v4.1	RFU	p0028213	Raw RFU, Hyb Normalization, medNormInt (SampleId), plateScale, Calibration, anmlQC, qcCheck	SomaScan 7K	SomaScan Assay v4.1	20%	NT=affinity-proteomics;VV=v1.0.0	NT=human;VV=v1.1.0	NT=somascan;VV=v1.0.0	v1.1.0	NT=sdrf-skills-autoresearch;VV=v0.0.0
PAD000014-5530211132_P	Homo sapiens	Blood plasma	not available	not available	not available	CLI6011F013	not available	51	not applicable	blood plasma	PAD000014-r00055-5530211132_P	protein expression profiling by aptamer array	1	SS-205036_v4.1.12_CitratePlasmapheresis.hybNorm.medNormInt.plateScale.calibrate.anmlQC.qcCheck.adat	ftp://ftp.pride.ebi.ac.uk/pride/data/archive/2025/10/PAD000014/SS-205036_v4.1.12_CitratePlasmapheresis.hybNorm.medNormInt.plateScale.calibrate.anmlQC.qcCheck.adat	SomaScan Assay	SomaScan 7K	v4.1	RFU	p0028213	Raw RFU, Hyb Normalization, medNormInt (SampleId), plateScale, Calibration, anmlQC, qcCheck	SomaScan 7K	SomaScan Assay v4.1	20%	NT=affinity-proteomics;VV=v1.0.0	NT=human;VV=v1.1.0	NT=somascan;VV=v1.0.0	v1.1.0	NT=sdrf-skills-autoresearch;VV=v0.0.0
PAD000014-5530211174_P	Homo sapiens	Blood plasma	not available	not available	not available	CLI6011F013	not available	52	not applicable	blood plasma	PAD000014-r00056-5530211174_P	protein expression profiling by aptamer array	1	SS-205036_v4.1.12_CitratePlasmapheresis.hybNorm.medNormInt.plateScale.calibrate.anmlQC.qcCheck.adat	ftp://ftp.pride.ebi.ac.uk/pride/data/archive/2025/10/PAD000014/SS-205036_v4.1.12_CitratePlasmapheresis.hybNorm.medNormInt.plateScale.calibrate.anmlQC.qcCheck.adat	SomaScan Assay	SomaScan 7K	v4.1	RFU	p0028213	Raw RFU, Hyb Normalization, medNormInt (SampleId), plateScale, Calibration, anmlQC, qcCheck	SomaScan 7K	SomaScan Assay v4.1	20%	NT=affinity-proteomics;VV=v1.0.0	NT=human;VV=v1.1.0	NT=somascan;VV=v1.0.0	v1.1.0	NT=sdrf-skills-autoresearch;VV=v0.0.0
PAD000014-5530219020_P	Homo sapiens	Blood plasma	not available	not available	not available	CLI6011F013	not available	53	not applicable	blood plasma	PAD000014-r00057-5530219020_P	protein expression profiling by aptamer array	1	SS-205036_v4.1.12_CitratePlasmapheresis.hybNorm.medNormInt.plateScale.calibrate.anmlQC.qcCheck.adat	ftp://ftp.pride.ebi.ac.uk/pride/data/archive/2025/10/PAD000014/SS-205036_v4.1.12_CitratePlasmapheresis.hybNorm.medNormInt.plateScale.calibrate.anmlQC.qcCheck.adat	SomaScan Assay	SomaScan 7K	v4.1	RFU	p0028213	Raw RFU, Hyb Normalization, medNormInt (SampleId), plateScale, Calibration, anmlQC, qcCheck	SomaScan 7K	SomaScan Assay v4.1	20%	NT=affinity-proteomics;VV=v1.0.0	NT=human;VV=v1.1.0	NT=somascan;VV=v1.0.0	v1.1.0	NT=sdrf-skills-autoresearch;VV=v0.0.0
PAD000014-5530211866_P	Homo sapiens	Blood plasma	not available	not available	not available	CLI6011F013	not available	54	not applicable	blood plasma	PAD000014-r00058-5530211866_P	protein expression profiling by aptamer array	1	SS-205036_v4.1.12_CitratePlasmapheresis.hybNorm.medNormInt.plateScale.calibrate.anmlQC.qcCheck.adat	ftp://ftp.pride.ebi.ac.uk/pride/data/archive/2025/10/PAD000014/SS-205036_v4.1.12_CitratePlasmapheresis.hybNorm.medNormInt.plateScale.calibrate.anmlQC.qcCheck.adat	SomaScan Assay	SomaScan 7K	v4.1	RFU	p0028213	Raw RFU, Hyb Normalization, medNormInt (SampleId), plateScale, Calibration, anmlQC, qcCheck	SomaScan 7K	SomaScan Assay v4.1	20%	NT=affinity-proteomics;VV=v1.0.0	NT=human;VV=v1.1.0	NT=somascan;VV=v1.0.0	v1.1.0	NT=sdrf-skills-autoresearch;VV=v0.0.0
PAD000014-5530213317_P	Homo sapiens	Blood plasma	not available	not available	not available	CLI6011F013	not available	55	not applicable	blood plasma	PAD000014-r00059-5530213317_P	protein expression profiling by aptamer array	1	SS-205036_v4.1.12_CitratePlasmapheresis.hybNorm.medNormInt.plateScale.calibrate.anmlQC.qcCheck.adat	ftp://ftp.pride.ebi.ac.uk/pride/data/archive/2025/10/PAD000014/SS-205036_v4.1.12_CitratePlasmapheresis.hybNorm.medNormInt.plateScale.calibrate.anmlQC.qcCheck.adat	SomaScan Assay	SomaScan 7K	v4.1	RFU	p0028213	Raw RFU, Hyb Normalization, medNormInt (SampleId), plateScale, Calibration, anmlQC, qcCheck	SomaScan 7K	SomaScan Assay v4.1	20%	NT=affinity-proteomics;VV=v1.0.0	NT=human;VV=v1.1.0	NT=somascan;VV=v1.0.0	v1.1.0	NT=sdrf-skills-autoresearch;VV=v0.0.0
PAD000014-5530211944_P	Homo sapiens	Blood plasma	not available	not available	not available	CLI6011F013	not available	56	not applicable	blood plasma	PAD000014-r00060-5530211944_P	protein expression profiling by aptamer array	1	SS-205036_v4.1.12_CitratePlasmapheresis.hybNorm.medNormInt.plateScale.calibrate.anmlQC.qcCheck.adat	ftp://ftp.pride.ebi.ac.uk/pride/data/archive/2025/10/PAD000014/SS-205036_v4.1.12_CitratePlasmapheresis.hybNorm.medNormInt.plateScale.calibrate.anmlQC.qcCheck.adat	SomaScan Assay	SomaScan 7K	v4.1	RFU	p0028213	Raw RFU, Hyb Normalization, medNormInt (SampleId), plateScale, Calibration, anmlQC, qcCheck	SomaScan 7K	SomaScan Assay v4.1	20%	NT=affinity-proteomics;VV=v1.0.0	NT=human;VV=v1.1.0	NT=somascan;VV=v1.0.0	v1.1.0	NT=sdrf-skills-autoresearch;VV=v0.0.0
PAD000014-5530211601_P	Homo sapiens	Blood plasma	not available	not available	not available	CLI6011F013	not available	57	not applicable	blood plasma	PAD000014-r00061-5530211601_P	protein expression profiling by aptamer array	1	SS-205036_v4.1.12_CitratePlasmapheresis.hybNorm.medNormInt.plateScale.calibrate.anmlQC.qcCheck.adat	ftp://ftp.pride.ebi.ac.uk/pride/data/archive/2025/10/PAD000014/SS-205036_v4.1.12_CitratePlasmapheresis.hybNorm.medNormInt.plateScale.calibrate.anmlQC.qcCheck.adat	SomaScan Assay	SomaScan 7K	v4.1	RFU	p0028213	Raw RFU, Hyb Normalization, medNormInt (SampleId), plateScale, Calibration, anmlQC, qcCheck	SomaScan 7K	SomaScan Assay v4.1	20%	NT=affinity-proteomics;VV=v1.0.0	NT=human;VV=v1.1.0	NT=somascan;VV=v1.0.0	v1.1.0	NT=sdrf-skills-autoresearch;VV=v0.0.0
PAD000014-5530211387_P	Homo sapiens	Blood plasma	not available	not available	not available	CLI6011F013	not available	58	not applicable	blood plasma	PAD000014-r00062-5530211387_P	protein expression profiling by aptamer array	1	SS-205036_v4.1.12_CitratePlasmapheresis.hybNorm.medNormInt.plateScale.calibrate.anmlQC.qcCheck.adat	ftp://ftp.pride.ebi.ac.uk/pride/data/archive/2025/10/PAD000014/SS-205036_v4.1.12_CitratePlasmapheresis.hybNorm.medNormInt.plateScale.calibrate.anmlQC.qcCheck.adat	SomaScan Assay	SomaScan 7K	v4.1	RFU	p0028213	Raw RFU, Hyb Normalization, medNormInt (SampleId), plateScale, Calibration, anmlQC, qcCheck	SomaScan 7K	SomaScan Assay v4.1	20%	NT=affinity-proteomics;VV=v1.0.0	NT=human;VV=v1.1.0	NT=somascan;VV=v1.0.0	v1.1.0	NT=sdrf-skills-autoresearch;VV=v0.0.0
PAD000014-200170	Homo sapiens	Blood plasma	not available	not available	not available	not available	not available	11	quality control sample	blood plasma	PAD000014-r00063-200170	protein expression profiling by aptamer array	2	SS-205036_v4.1.12_CitratePlasmapheresis.hybNorm.medNormInt.plateScale.calibrate.anmlQC.qcCheck.adat	ftp://ftp.pride.ebi.ac.uk/pride/data/archive/2025/10/PAD000014/SS-205036_v4.1.12_CitratePlasmapheresis.hybNorm.medNormInt.plateScale.calibrate.anmlQC.qcCheck.adat	SomaScan Assay	SomaScan 7K	v4.1	RFU	p0028213	Raw RFU, Hyb Normalization, medNormInt (SampleId), plateScale, Calibration, anmlQC, qcCheck	SomaScan 7K	SomaScan Assay v4.1	20%	NT=affinity-proteomics;VV=v1.0.0	NT=human;VV=v1.1.0	NT=somascan;VV=v1.0.0	v1.1.0	NT=sdrf-skills-autoresearch;VV=v0.0.0
PAD000014-200289	Homo sapiens	Blood plasma	not available	not available	not available	not available	not available	20	not applicable	blood plasma	PAD000014-r00064-200289	protein expression profiling by aptamer array	2	SS-205036_v4.1.12_CitratePlasmapheresis.hybNorm.medNormInt.plateScale.calibrate.anmlQC.qcCheck.adat	ftp://ftp.pride.ebi.ac.uk/pride/data/archive/2025/10/PAD000014/SS-205036_v4.1.12_CitratePlasmapheresis.hybNorm.medNormInt.plateScale.calibrate.anmlQC.qcCheck.adat	SomaScan Assay	SomaScan 7K	v4.1	RFU	p0028213	Raw RFU, Hyb Normalization, medNormInt (SampleId), plateScale, Calibration, anmlQC, qcCheck	SomaScan 7K	SomaScan Assay v4.1	20%	NT=affinity-proteomics;VV=v1.0.0	NT=human;VV=v1.1.0	NT=somascan;VV=v1.0.0	v1.1.0	NT=sdrf-skills-autoresearch;VV=v0.0.0
PAD000014-5530211208_P	Homo sapiens	Blood plasma	not available	not available	not available	CLI6011F013	not available	59	not applicable	blood plasma	PAD000014-r00065-5530211208_P	protein expression profiling by aptamer array	1	SS-205036_v4.1.12_CitratePlasmapheresis.hybNorm.medNormInt.plateScale.calibrate.anmlQC.qcCheck.adat	ftp://ftp.pride.ebi.ac.uk/pride/data/archive/2025/10/PAD000014/SS-205036_v4.1.12_CitratePlasmapheresis.hybNorm.medNormInt.plateScale.calibrate.anmlQC.qcCheck.adat	SomaScan Assay	SomaScan 7K	v4.1	RFU	p0028213	Raw RFU, Hyb Normalization, medNormInt (SampleId), plateScale, Calibration, anmlQC, qcCheck	SomaScan 7K	SomaScan Assay v4.1	20%	NT=affinity-proteomics;VV=v1.0.0	NT=human;VV=v1.1.0	NT=somascan;VV=v1.0.0	v1.1.0	NT=sdrf-skills-autoresearch;VV=v0.0.0
PAD000014-0670628553	Homo sapiens	Blood plasma	not available	not available	not available	CLI6011F013	not available	60	not applicable	blood plasma	PAD000014-r00066-0670628553	protein expression profiling by aptamer array	1	SS-205036_v4.1.12_CitratePlasmapheresis.hybNorm.medNormInt.plateScale.calibrate.anmlQC.qcCheck.adat	ftp://ftp.pride.ebi.ac.uk/pride/data/archive/2025/10/PAD000014/SS-205036_v4.1.12_CitratePlasmapheresis.hybNorm.medNormInt.plateScale.calibrate.anmlQC.qcCheck.adat	SomaScan Assay	SomaScan 7K	v4.1	RFU	p0028213	Raw RFU, Hyb Normalization, medNormInt (SampleId), plateScale, Calibration, anmlQC, qcCheck	SomaScan 7K	SomaScan Assay v4.1	20%	NT=affinity-proteomics;VV=v1.0.0	NT=human;VV=v1.1.0	NT=somascan;VV=v1.0.0	v1.1.0	NT=sdrf-skills-autoresearch;VV=v0.0.0
PAD000014-5530211329_P	Homo sapiens	Blood plasma	not available	not available	not available	CLI6011F013	not available	61	not applicable	blood plasma	PAD000014-r00067-5530211329_P	protein expression profiling by aptamer array	1	SS-205036_v4.1.12_CitratePlasmapheresis.hybNorm.medNormInt.plateScale.calibrate.anmlQC.qcCheck.adat	ftp://ftp.pride.ebi.ac.uk/pride/data/archive/2025/10/PAD000014/SS-205036_v4.1.12_CitratePlasmapheresis.hybNorm.medNormInt.plateScale.calibrate.anmlQC.qcCheck.adat	SomaScan Assay	SomaScan 7K	v4.1	RFU	p0028213	Raw RFU, Hyb Normalization, medNormInt (SampleId), plateScale, Calibration, anmlQC, qcCheck	SomaScan 7K	SomaScan Assay v4.1	20%	NT=affinity-proteomics;VV=v1.0.0	NT=human;VV=v1.1.0	NT=somascan;VV=v1.0.0	v1.1.0	NT=sdrf-skills-autoresearch;VV=v0.0.0
PAD000014-200169	Homo sapiens	Blood plasma	not available	not available	not available	not available	not available	5	calibrator	blood plasma	PAD000014-r00068-200169	protein expression profiling by aptamer array	4	SS-205036_v4.1.12_CitratePlasmapheresis.hybNorm.medNormInt.plateScale.calibrate.anmlQC.qcCheck.adat	ftp://ftp.pride.ebi.ac.uk/pride/data/archive/2025/10/PAD000014/SS-205036_v4.1.12_CitratePlasmapheresis.hybNorm.medNormInt.plateScale.calibrate.anmlQC.qcCheck.adat	SomaScan Assay	SomaScan 7K	v4.1	RFU	p0028213	Raw RFU, Hyb Normalization, medNormInt (SampleId), plateScale, Calibration, anmlQC, qcCheck	SomaScan 7K	SomaScan Assay v4.1	20%	NT=affinity-proteomics;VV=v1.0.0	NT=human;VV=v1.1.0	NT=somascan;VV=v1.0.0	v1.1.0	NT=sdrf-skills-autoresearch;VV=v0.0.0
PAD000014-5530211904_P	Homo sapiens	Blood plasma	not available	not available	not available	CLI6011F013	not available	62	not applicable	blood plasma	PAD000014-r00069-5530211904_P	protein expression profiling by aptamer array	1	SS-205036_v4.1.12_CitratePlasmapheresis.hybNorm.medNormInt.plateScale.calibrate.anmlQC.qcCheck.adat	ftp://ftp.pride.ebi.ac.uk/pride/data/archive/2025/10/PAD000014/SS-205036_v4.1.12_CitratePlasmapheresis.hybNorm.medNormInt.plateScale.calibrate.anmlQC.qcCheck.adat	SomaScan Assay	SomaScan 7K	v4.1	RFU	p0028213	Raw RFU, Hyb Normalization, medNormInt (SampleId), plateScale, Calibration, anmlQC, qcCheck	SomaScan 7K	SomaScan Assay v4.1	20%	NT=affinity-proteomics;VV=v1.0.0	NT=human;VV=v1.1.0	NT=somascan;VV=v1.0.0	v1.1.0	NT=sdrf-skills-autoresearch;VV=v0.0.0
PAD000014-5530211932_P	Homo sapiens	Blood plasma	not available	not available	not available	CLI6011F013	not available	63	not applicable	blood plasma	PAD000014-r00070-5530211932_P	protein expression profiling by aptamer array	1	SS-205036_v4.1.12_CitratePlasmapheresis.hybNorm.medNormInt.plateScale.calibrate.anmlQC.qcCheck.adat	ftp://ftp.pride.ebi.ac.uk/pride/data/archive/2025/10/PAD000014/SS-205036_v4.1.12_CitratePlasmapheresis.hybNorm.medNormInt.plateScale.calibrate.anmlQC.qcCheck.adat	SomaScan Assay	SomaScan 7K	v4.1	RFU	p0028213	Raw RFU, Hyb Normalization, medNormInt (SampleId), plateScale, Calibration, anmlQC, qcCheck	SomaScan 7K	SomaScan Assay v4.1	20%	NT=affinity-proteomics;VV=v1.0.0	NT=human;VV=v1.1.0	NT=somascan;VV=v1.0.0	v1.1.0	NT=sdrf-skills-autoresearch;VV=v0.0.0
PAD000014-5530213137_P	Homo sapiens	Blood plasma	not available	not available	not available	CLI6011F013	not available	64	not applicable	blood plasma	PAD000014-r00071-5530213137_P	protein expression profiling by aptamer array	1	SS-205036_v4.1.12_CitratePlasmapheresis.hybNorm.medNormInt.plateScale.calibrate.anmlQC.qcCheck.adat	ftp://ftp.pride.ebi.ac.uk/pride/data/archive/2025/10/PAD000014/SS-205036_v4.1.12_CitratePlasmapheresis.hybNorm.medNormInt.plateScale.calibrate.anmlQC.qcCheck.adat	SomaScan Assay	SomaScan 7K	v4.1	RFU	p0028213	Raw RFU, Hyb Normalization, medNormInt (SampleId), plateScale, Calibration, anmlQC, qcCheck	SomaScan 7K	SomaScan Assay v4.1	20%	NT=affinity-proteomics;VV=v1.0.0	NT=human;VV=v1.1.0	NT=somascan;VV=v1.0.0	v1.1.0	NT=sdrf-skills-autoresearch;VV=v0.0.0
PAD000014-5530211298_P	Homo sapiens	Blood plasma	not available	not available	not available	CLI6011F013	not available	65	not applicable	blood plasma	PAD000014-r00072-5530211298_P	protein expression profiling by aptamer array	1	SS-205036_v4.1.12_CitratePlasmapheresis.hybNorm.medNormInt.plateScale.calibrate.anmlQC.qcCheck.adat	ftp://ftp.pride.ebi.ac.uk/pride/data/archive/2025/10/PAD000014/SS-205036_v4.1.12_CitratePlasmapheresis.hybNorm.medNormInt.plateScale.calibrate.anmlQC.qcCheck.adat	SomaScan Assay	SomaScan 7K	v4.1	RFU	p0028213	Raw RFU, Hyb Normalization, medNormInt (SampleId), plateScale, Calibration, anmlQC, qcCheck	SomaScan 7K	SomaScan Assay v4.1	20%	NT=affinity-proteomics;VV=v1.0.0	NT=human;VV=v1.1.0	NT=somascan;VV=v1.0.0	v1.1.0	NT=sdrf-skills-autoresearch;VV=v0.0.0
PAD000014-5530211206_P	Homo sapiens	Blood plasma	not available	not available	not available	CLI6011F013	not available	66	not applicable	blood plasma	PAD000014-r00073-5530211206_P	protein expression profiling by aptamer array	1	SS-205036_v4.1.12_CitratePlasmapheresis.hybNorm.medNormInt.plateScale.calibrate.anmlQC.qcCheck.adat	ftp://ftp.pride.ebi.ac.uk/pride/data/archive/2025/10/PAD000014/SS-205036_v4.1.12_CitratePlasmapheresis.hybNorm.medNormInt.plateScale.calibrate.anmlQC.qcCheck.adat	SomaScan Assay	SomaScan 7K	v4.1	RFU	p0028213	Raw RFU, Hyb Normalization, medNormInt (SampleId), plateScale, Calibration, anmlQC, qcCheck	SomaScan 7K	SomaScan Assay v4.1	20%	NT=affinity-proteomics;VV=v1.0.0	NT=human;VV=v1.1.0	NT=somascan;VV=v1.0.0	v1.1.0	NT=sdrf-skills-autoresearch;VV=v0.0.0
PAD000014-5530211138_P	Homo sapiens	Blood plasma	not available	not available	not available	CLI6011F013	not available	67	not applicable	blood plasma	PAD000014-r00074-5530211138_P	protein expression profiling by aptamer array	1	SS-205036_v4.1.12_CitratePlasmapheresis.hybNorm.medNormInt.plateScale.calibrate.anmlQC.qcCheck.adat	ftp://ftp.pride.ebi.ac.uk/pride/data/archive/2025/10/PAD000014/SS-205036_v4.1.12_CitratePlasmapheresis.hybNorm.medNormInt.plateScale.calibrate.anmlQC.qcCheck.adat	SomaScan Assay	SomaScan 7K	v4.1	RFU	p0028213	Raw RFU, Hyb Normalization, medNormInt (SampleId), plateScale, Calibration, anmlQC, qcCheck	SomaScan 7K	SomaScan Assay v4.1	20%	NT=affinity-proteomics;VV=v1.0.0	NT=human;VV=v1.1.0	NT=somascan;VV=v1.0.0	v1.1.0	NT=sdrf-skills-autoresearch;VV=v0.0.0
PAD000014-5530211876_P	Homo sapiens	Blood plasma	not available	not available	not available	CLI6011F013	not available	68	not applicable	blood plasma	PAD000014-r00075-5530211876_P	protein expression profiling by aptamer array	1	SS-205036_v4.1.12_CitratePlasmapheresis.hybNorm.medNormInt.plateScale.calibrate.anmlQC.qcCheck.adat	ftp://ftp.pride.ebi.ac.uk/pride/data/archive/2025/10/PAD000014/SS-205036_v4.1.12_CitratePlasmapheresis.hybNorm.medNormInt.plateScale.calibrate.anmlQC.qcCheck.adat	SomaScan Assay	SomaScan 7K	v4.1	RFU	p0028213	Raw RFU, Hyb Normalization, medNormInt (SampleId), plateScale, Calibration, anmlQC, qcCheck	SomaScan 7K	SomaScan Assay v4.1	20%	NT=affinity-proteomics;VV=v1.0.0	NT=human;VV=v1.1.0	NT=somascan;VV=v1.0.0	v1.1.0	NT=sdrf-skills-autoresearch;VV=v0.0.0
PAD000014-5530213478_P	Homo sapiens	Blood plasma	not available	not available	not available	CLI6011F013	not available	69	not applicable	blood plasma	PAD000014-r00076-5530213478_P	protein expression profiling by aptamer array	1	SS-205036_v4.1.12_CitratePlasmapheresis.hybNorm.medNormInt.plateScale.calibrate.anmlQC.qcCheck.adat	ftp://ftp.pride.ebi.ac.uk/pride/data/archive/2025/10/PAD000014/SS-205036_v4.1.12_CitratePlasmapheresis.hybNorm.medNormInt.plateScale.calibrate.anmlQC.qcCheck.adat	SomaScan Assay	SomaScan 7K	v4.1	RFU	p0028213	Raw RFU, Hyb Normalization, medNormInt (SampleId), plateScale, Calibration, anmlQC, qcCheck	SomaScan 7K	SomaScan Assay v4.1	20%	NT=affinity-proteomics;VV=v1.0.0	NT=human;VV=v1.1.0	NT=somascan;VV=v1.0.0	v1.1.0	NT=sdrf-skills-autoresearch;VV=v0.0.0
PAD000014-5530211541_P	Homo sapiens	Blood plasma	not available	not available	not available	CLI6011F013	not available	70	not applicable	blood plasma	PAD000014-r00077-5530211541_P	protein expression profiling by aptamer array	1	SS-205036_v4.1.12_CitratePlasmapheresis.hybNorm.medNormInt.plateScale.calibrate.anmlQC.qcCheck.adat	ftp://ftp.pride.ebi.ac.uk/pride/data/archive/2025/10/PAD000014/SS-205036_v4.1.12_CitratePlasmapheresis.hybNorm.medNormInt.plateScale.calibrate.anmlQC.qcCheck.adat	SomaScan Assay	SomaScan 7K	v4.1	RFU	p0028213	Raw RFU, Hyb Normalization, medNormInt (SampleId), plateScale, Calibration, anmlQC, qcCheck	SomaScan 7K	SomaScan Assay v4.1	20%	NT=affinity-proteomics;VV=v1.0.0	NT=human;VV=v1.1.0	NT=somascan;VV=v1.0.0	v1.1.0	NT=sdrf-skills-autoresearch;VV=v0.0.0
PAD000014-5530212143_P	Homo sapiens	Blood plasma	not available	not available	not available	CLI6011F013	not available	46	not applicable	blood plasma	PAD000014-r00078-5530212143_P	protein expression profiling by aptamer array	2	SS-205036_v4.1.12_CitratePlasmapheresis.hybNorm.medNormInt.plateScale.calibrate.anmlQC.qcCheck.adat	ftp://ftp.pride.ebi.ac.uk/pride/data/archive/2025/10/PAD000014/SS-205036_v4.1.12_CitratePlasmapheresis.hybNorm.medNormInt.plateScale.calibrate.anmlQC.qcCheck.adat	SomaScan Assay	SomaScan 7K	v4.1	RFU	p0028213	Raw RFU, Hyb Normalization, medNormInt (SampleId), plateScale, Calibration, anmlQC, qcCheck	SomaScan 7K	SomaScan Assay v4.1	20%	NT=affinity-proteomics;VV=v1.0.0	NT=human;VV=v1.1.0	NT=somascan;VV=v1.0.0	v1.1.0	NT=sdrf-skills-autoresearch;VV=v0.0.0
PAD000014-5530212347_P	Homo sapiens	Blood plasma	not available	not available	not available	CLI6011F013	not available	71	not applicable	blood plasma	PAD000014-r00079-5530212347_P	protein expression profiling by aptamer array	1	SS-205036_v4.1.12_CitratePlasmapheresis.hybNorm.medNormInt.plateScale.calibrate.anmlQC.qcCheck.adat	ftp://ftp.pride.ebi.ac.uk/pride/data/archive/2025/10/PAD000014/SS-205036_v4.1.12_CitratePlasmapheresis.hybNorm.medNormInt.plateScale.calibrate.anmlQC.qcCheck.adat	SomaScan Assay	SomaScan 7K	v4.1	RFU	p0028213	Raw RFU, Hyb Normalization, medNormInt (SampleId), plateScale, Calibration, anmlQC, qcCheck	SomaScan 7K	SomaScan Assay v4.1	20%	NT=affinity-proteomics;VV=v1.0.0	NT=human;VV=v1.1.0	NT=somascan;VV=v1.0.0	v1.1.0	NT=sdrf-skills-autoresearch;VV=v0.0.0
PAD000014-5530212266_P	Homo sapiens	Blood plasma	not available	not available	not available	CLI6011F013	not available	72	not applicable	blood plasma	PAD000014-r00080-5530212266_P	protein expression profiling by aptamer array	1	SS-205036_v4.1.12_CitratePlasmapheresis.hybNorm.medNormInt.plateScale.calibrate.anmlQC.qcCheck.adat	ftp://ftp.pride.ebi.ac.uk/pride/data/archive/2025/10/PAD000014/SS-205036_v4.1.12_CitratePlasmapheresis.hybNorm.medNormInt.plateScale.calibrate.anmlQC.qcCheck.adat	SomaScan Assay	SomaScan 7K	v4.1	RFU	p0028213	Raw RFU, Hyb Normalization, medNormInt (SampleId), plateScale, Calibration, anmlQC, qcCheck	SomaScan 7K	SomaScan Assay v4.1	20%	NT=affinity-proteomics;VV=v1.0.0	NT=human;VV=v1.1.0	NT=somascan;VV=v1.0.0	v1.1.0	NT=sdrf-skills-autoresearch;VV=v0.0.0
PAD000014-200289	Homo sapiens	Blood plasma	not available	not available	not available	not available	not available	20	not applicable	blood plasma	PAD000014-r00081-200289	protein expression profiling by aptamer array	3	SS-205036_v4.1.12_CitratePlasmapheresis.hybNorm.medNormInt.plateScale.calibrate.anmlQC.qcCheck.adat	ftp://ftp.pride.ebi.ac.uk/pride/data/archive/2025/10/PAD000014/SS-205036_v4.1.12_CitratePlasmapheresis.hybNorm.medNormInt.plateScale.calibrate.anmlQC.qcCheck.adat	SomaScan Assay	SomaScan 7K	v4.1	RFU	p0028213	Raw RFU, Hyb Normalization, medNormInt (SampleId), plateScale, Calibration, anmlQC, qcCheck	SomaScan 7K	SomaScan Assay v4.1	20%	NT=affinity-proteomics;VV=v1.0.0	NT=human;VV=v1.1.0	NT=somascan;VV=v1.0.0	v1.1.0	NT=sdrf-skills-autoresearch;VV=v0.0.0
PAD000014-200170	Homo sapiens	Blood plasma	not available	not available	not available	not available	not available	11	quality control sample	blood plasma	PAD000014-r00082-200170	protein expression profiling by aptamer array	3	SS-205036_v4.1.12_CitratePlasmapheresis.hybNorm.medNormInt.plateScale.calibrate.anmlQC.qcCheck.adat	ftp://ftp.pride.ebi.ac.uk/pride/data/archive/2025/10/PAD000014/SS-205036_v4.1.12_CitratePlasmapheresis.hybNorm.medNormInt.plateScale.calibrate.anmlQC.qcCheck.adat	SomaScan Assay	SomaScan 7K	v4.1	RFU	p0028213	Raw RFU, Hyb Normalization, medNormInt (SampleId), plateScale, Calibration, anmlQC, qcCheck	SomaScan 7K	SomaScan Assay v4.1	20%	NT=affinity-proteomics;VV=v1.0.0	NT=human;VV=v1.1.0	NT=somascan;VV=v1.0.0	v1.1.0	NT=sdrf-skills-autoresearch;VV=v0.0.0
PAD000014-5530211176_P	Homo sapiens	Blood plasma	not available	not available	not available	CLI6011F013	not available	50	not applicable	blood plasma	PAD000014-r00083-5530211176_P	protein expression profiling by aptamer array	2	SS-205036_v4.1.12_CitratePlasmapheresis.hybNorm.medNormInt.plateScale.calibrate.anmlQC.qcCheck.adat	ftp://ftp.pride.ebi.ac.uk/pride/data/archive/2025/10/PAD000014/SS-205036_v4.1.12_CitratePlasmapheresis.hybNorm.medNormInt.plateScale.calibrate.anmlQC.qcCheck.adat	SomaScan Assay	SomaScan 7K	v4.1	RFU	p0028213	Raw RFU, Hyb Normalization, medNormInt (SampleId), plateScale, Calibration, anmlQC, qcCheck	SomaScan 7K	SomaScan Assay v4.1	20%	NT=affinity-proteomics;VV=v1.0.0	NT=human;VV=v1.1.0	NT=somascan;VV=v1.0.0	v1.1.0	NT=sdrf-skills-autoresearch;VV=v0.0.0
PAD000014-5530211391_P	Homo sapiens	Blood plasma	not available	not available	not available	CLI6011F013	not available	73	not applicable	blood plasma	PAD000014-r00084-5530211391_P	protein expression profiling by aptamer array	1	SS-205036_v4.1.12_CitratePlasmapheresis.hybNorm.medNormInt.plateScale.calibrate.anmlQC.qcCheck.adat	ftp://ftp.pride.ebi.ac.uk/pride/data/archive/2025/10/PAD000014/SS-205036_v4.1.12_CitratePlasmapheresis.hybNorm.medNormInt.plateScale.calibrate.anmlQC.qcCheck.adat	SomaScan Assay	SomaScan 7K	v4.1	RFU	p0028213	Raw RFU, Hyb Normalization, medNormInt (SampleId), plateScale, Calibration, anmlQC, qcCheck	SomaScan 7K	SomaScan Assay v4.1	20%	NT=affinity-proteomics;VV=v1.0.0	NT=human;VV=v1.1.0	NT=somascan;VV=v1.0.0	v1.1.0	NT=sdrf-skills-autoresearch;VV=v0.0.0
PAD000014-5530218026_P	Homo sapiens	Blood plasma	not available	not available	not available	CLI6011F013	not available	74	not applicable	blood plasma	PAD000014-r00085-5530218026_P	protein expression profiling by aptamer array	1	SS-205036_v4.1.12_CitratePlasmapheresis.hybNorm.medNormInt.plateScale.calibrate.anmlQC.qcCheck.adat	ftp://ftp.pride.ebi.ac.uk/pride/data/archive/2025/10/PAD000014/SS-205036_v4.1.12_CitratePlasmapheresis.hybNorm.medNormInt.plateScale.calibrate.anmlQC.qcCheck.adat	SomaScan Assay	SomaScan 7K	v4.1	RFU	p0028213	Raw RFU, Hyb Normalization, medNormInt (SampleId), plateScale, Calibration, anmlQC, qcCheck	SomaScan 7K	SomaScan Assay v4.1	20%	NT=affinity-proteomics;VV=v1.0.0	NT=human;VV=v1.1.0	NT=somascan;VV=v1.0.0	v1.1.0	NT=sdrf-skills-autoresearch;VV=v0.0.0
PAD000014-5530212100_P	Homo sapiens	Blood plasma	not available	not available	not available	CLI6011F013	not available	75	not applicable	blood plasma	PAD000014-r00086-5530212100_P	protein expression profiling by aptamer array	1	SS-205036_v4.1.12_CitratePlasmapheresis.hybNorm.medNormInt.plateScale.calibrate.anmlQC.qcCheck.adat	ftp://ftp.pride.ebi.ac.uk/pride/data/archive/2025/10/PAD000014/SS-205036_v4.1.12_CitratePlasmapheresis.hybNorm.medNormInt.plateScale.calibrate.anmlQC.qcCheck.adat	SomaScan Assay	SomaScan 7K	v4.1	RFU	p0028213	Raw RFU, Hyb Normalization, medNormInt (SampleId), plateScale, Calibration, anmlQC, qcCheck	SomaScan 7K	SomaScan Assay v4.1	20%	NT=affinity-proteomics;VV=v1.0.0	NT=human;VV=v1.1.0	NT=somascan;VV=v1.0.0	v1.1.0	NT=sdrf-skills-autoresearch;VV=v0.0.0
PAD000014-5530211336_P	Homo sapiens	Blood plasma	not available	not available	not available	CLI6011F013	not available	37	not applicable	blood plasma	PAD000014-r00087-5530211336_P	protein expression profiling by aptamer array	2	SS-205036_v4.1.12_CitratePlasmapheresis.hybNorm.medNormInt.plateScale.calibrate.anmlQC.qcCheck.adat	ftp://ftp.pride.ebi.ac.uk/pride/data/archive/2025/10/PAD000014/SS-205036_v4.1.12_CitratePlasmapheresis.hybNorm.medNormInt.plateScale.calibrate.anmlQC.qcCheck.adat	SomaScan Assay	SomaScan 7K	v4.1	RFU	p0028213	Raw RFU, Hyb Normalization, medNormInt (SampleId), plateScale, Calibration, anmlQC, qcCheck	SomaScan 7K	SomaScan Assay v4.1	20%	NT=affinity-proteomics;VV=v1.0.0	NT=human;VV=v1.1.0	NT=somascan;VV=v1.0.0	v1.1.0	NT=sdrf-skills-autoresearch;VV=v0.0.0
PAD000014-5530211502_P	Homo sapiens	Blood plasma	not available	not available	not available	CLI6011F013	not available	31	not applicable	blood plasma	PAD000014-r00088-5530211502_P	protein expression profiling by aptamer array	2	SS-205036_v4.1.12_CitratePlasmapheresis.hybNorm.medNormInt.plateScale.calibrate.anmlQC.qcCheck.adat	ftp://ftp.pride.ebi.ac.uk/pride/data/archive/2025/10/PAD000014/SS-205036_v4.1.12_CitratePlasmapheresis.hybNorm.medNormInt.plateScale.calibrate.anmlQC.qcCheck.adat	SomaScan Assay	SomaScan 7K	v4.1	RFU	p0028213	Raw RFU, Hyb Normalization, medNormInt (SampleId), plateScale, Calibration, anmlQC, qcCheck	SomaScan 7K	SomaScan Assay v4.1	20%	NT=affinity-proteomics;VV=v1.0.0	NT=human;VV=v1.1.0	NT=somascan;VV=v1.0.0	v1.1.0	NT=sdrf-skills-autoresearch;VV=v0.0.0
PAD000014-5530213317_P	Homo sapiens	Blood plasma	not available	not available	not available	CLI6011F013	not available	55	not applicable	blood plasma	PAD000014-r00089-5530213317_P	protein expression profiling by aptamer array	2	SS-205036_v4.1.12_CitratePlasmapheresis.hybNorm.medNormInt.plateScale.calibrate.anmlQC.qcCheck.adat	ftp://ftp.pride.ebi.ac.uk/pride/data/archive/2025/10/PAD000014/SS-205036_v4.1.12_CitratePlasmapheresis.hybNorm.medNormInt.plateScale.calibrate.anmlQC.qcCheck.adat	SomaScan Assay	SomaScan 7K	v4.1	RFU	p0028213	Raw RFU, Hyb Normalization, medNormInt (SampleId), plateScale, Calibration, anmlQC, qcCheck	SomaScan 7K	SomaScan Assay v4.1	20%	NT=affinity-proteomics;VV=v1.0.0	NT=human;VV=v1.1.0	NT=somascan;VV=v1.0.0	v1.1.0	NT=sdrf-skills-autoresearch;VV=v0.0.0
PAD000014-5530211590_P	Homo sapiens	Blood plasma	not available	not available	not available	CLI6011F013	not available	76	not applicable	blood plasma	PAD000014-r00090-5530211590_P	protein expression profiling by aptamer array	1	SS-205036_v4.1.12_CitratePlasmapheresis.hybNorm.medNormInt.plateScale.calibrate.anmlQC.qcCheck.adat	ftp://ftp.pride.ebi.ac.uk/pride/data/archive/2025/10/PAD000014/SS-205036_v4.1.12_CitratePlasmapheresis.hybNorm.medNormInt.plateScale.calibrate.anmlQC.qcCheck.adat	SomaScan Assay	SomaScan 7K	v4.1	RFU	p0028213	Raw RFU, Hyb Normalization, medNormInt (SampleId), plateScale, Calibration, anmlQC, qcCheck	SomaScan 7K	SomaScan Assay v4.1	20%	NT=affinity-proteomics;VV=v1.0.0	NT=human;VV=v1.1.0	NT=somascan;VV=v1.0.0	v1.1.0	NT=sdrf-skills-autoresearch;VV=v0.0.0
PAD000014-5530211889_P	Homo sapiens	Blood plasma	not available	not available	not available	CLI6011F013	not available	77	not applicable	blood plasma	PAD000014-r00091-5530211889_P	protein expression profiling by aptamer array	1	SS-205036_v4.1.12_CitratePlasmapheresis.hybNorm.medNormInt.plateScale.calibrate.anmlQC.qcCheck.adat	ftp://ftp.pride.ebi.ac.uk/pride/data/archive/2025/10/PAD000014/SS-205036_v4.1.12_CitratePlasmapheresis.hybNorm.medNormInt.plateScale.calibrate.anmlQC.qcCheck.adat	SomaScan Assay	SomaScan 7K	v4.1	RFU	p0028213	Raw RFU, Hyb Normalization, medNormInt (SampleId), plateScale, Calibration, anmlQC, qcCheck	SomaScan 7K	SomaScan Assay v4.1	20%	NT=affinity-proteomics;VV=v1.0.0	NT=human;VV=v1.1.0	NT=somascan;VV=v1.0.0	v1.1.0	NT=sdrf-skills-autoresearch;VV=v0.0.0
PAD000014-5530213265_P	Homo sapiens	Blood plasma	not available	not available	not available	CLI6011F013	not available	78	not applicable	blood plasma	PAD000014-r00092-5530213265_P	protein expression profiling by aptamer array	1	SS-205036_v4.1.12_CitratePlasmapheresis.hybNorm.medNormInt.plateScale.calibrate.anmlQC.qcCheck.adat	ftp://ftp.pride.ebi.ac.uk/pride/data/archive/2025/10/PAD000014/SS-205036_v4.1.12_CitratePlasmapheresis.hybNorm.medNormInt.plateScale.calibrate.anmlQC.qcCheck.adat	SomaScan Assay	SomaScan 7K	v4.1	RFU	p0028213	Raw RFU, Hyb Normalization, medNormInt (SampleId), plateScale, Calibration, anmlQC, qcCheck	SomaScan 7K	SomaScan Assay v4.1	20%	NT=affinity-proteomics;VV=v1.0.0	NT=human;VV=v1.1.0	NT=somascan;VV=v1.0.0	v1.1.0	NT=sdrf-skills-autoresearch;VV=v0.0.0
PAD000014-5530212242_P	Homo sapiens	Blood plasma	not available	not available	not available	CLI6011F013	not available	79	not applicable	blood plasma	PAD000014-r00093-5530212242_P	protein expression profiling by aptamer array	1	SS-205036_v4.1.12_CitratePlasmapheresis.hybNorm.medNormInt.plateScale.calibrate.anmlQC.qcCheck.adat	ftp://ftp.pride.ebi.ac.uk/pride/data/archive/2025/10/PAD000014/SS-205036_v4.1.12_CitratePlasmapheresis.hybNorm.medNormInt.plateScale.calibrate.anmlQC.qcCheck.adat	SomaScan Assay	SomaScan 7K	v4.1	RFU	p0028213	Raw RFU, Hyb Normalization, medNormInt (SampleId), plateScale, Calibration, anmlQC, qcCheck	SomaScan 7K	SomaScan Assay v4.1	20%	NT=affinity-proteomics;VV=v1.0.0	NT=human;VV=v1.1.0	NT=somascan;VV=v1.0.0	v1.1.0	NT=sdrf-skills-autoresearch;VV=v0.0.0
PAD000014-200169	Homo sapiens	Blood plasma	not available	not available	not available	not available	not available	5	calibrator	blood plasma	PAD000014-r00094-200169	protein expression profiling by aptamer array	5	SS-205036_v4.1.12_CitratePlasmapheresis.hybNorm.medNormInt.plateScale.calibrate.anmlQC.qcCheck.adat	ftp://ftp.pride.ebi.ac.uk/pride/data/archive/2025/10/PAD000014/SS-205036_v4.1.12_CitratePlasmapheresis.hybNorm.medNormInt.plateScale.calibrate.anmlQC.qcCheck.adat	SomaScan Assay	SomaScan 7K	v4.1	RFU	p0028213	Raw RFU, Hyb Normalization, medNormInt (SampleId), plateScale, Calibration, anmlQC, qcCheck	SomaScan 7K	SomaScan Assay v4.1	20%	NT=affinity-proteomics;VV=v1.0.0	NT=human;VV=v1.1.0	NT=somascan;VV=v1.0.0	v1.1.0	NT=sdrf-skills-autoresearch;VV=v0.0.0
PAD000014-ALK-45249	Homo sapiens	Blood plasma	not available	not available	not available	CLI6011F013	not available	80	not applicable	blood plasma	PAD000014-r00095-ALK-45249	protein expression profiling by aptamer array	1	SS-205036_v4.1.12_CitratePlasmapheresis.hybNorm.medNormInt.plateScale.calibrate.anmlQC.qcCheck.adat	ftp://ftp.pride.ebi.ac.uk/pride/data/archive/2025/10/PAD000014/SS-205036_v4.1.12_CitratePlasmapheresis.hybNorm.medNormInt.plateScale.calibrate.anmlQC.qcCheck.adat	SomaScan Assay	SomaScan 7K	v4.1	RFU	p0028213	Raw RFU, Hyb Normalization, medNormInt (SampleId), plateScale, Calibration, anmlQC, qcCheck	SomaScan 7K	SomaScan Assay v4.1	20%	NT=affinity-proteomics;VV=v1.0.0	NT=human;VV=v1.1.0	NT=somascan;VV=v1.0.0	v1.1.0	NT=sdrf-skills-autoresearch;VV=v0.0.0
PAD000014-5530212082_P	Homo sapiens	Blood plasma	not available	not available	not available	CLI6011F013	not available	81	not applicable	blood plasma	PAD000014-r00096-5530212082_P	protein expression profiling by aptamer array	1	SS-205036_v4.1.12_CitratePlasmapheresis.hybNorm.medNormInt.plateScale.calibrate.anmlQC.qcCheck.adat	ftp://ftp.pride.ebi.ac.uk/pride/data/archive/2025/10/PAD000014/SS-205036_v4.1.12_CitratePlasmapheresis.hybNorm.medNormInt.plateScale.calibrate.anmlQC.qcCheck.adat	SomaScan Assay	SomaScan 7K	v4.1	RFU	p0028213	Raw RFU, Hyb Normalization, medNormInt (SampleId), plateScale, Calibration, anmlQC, qcCheck	SomaScan 7K	SomaScan Assay v4.1	20%	NT=affinity-proteomics;VV=v1.0.0	NT=human;VV=v1.1.0	NT=somascan;VV=v1.0.0	v1.1.0	NT=sdrf-skills-autoresearch;VV=v0.0.0
PAD000014-5530212082	Homo sapiens	Blood plasma	not available	not available	not available	CLI6011F013	not available	14	not applicable	blood plasma	PAD000014-r00097-5530212082	protein expression profiling by aptamer array	2	SS-205036_v4.1.12_CitratePlasmapheresis.hybNorm.medNormInt.plateScale.calibrate.anmlQC.qcCheck.adat	ftp://ftp.pride.ebi.ac.uk/pride/data/archive/2025/10/PAD000014/SS-205036_v4.1.12_CitratePlasmapheresis.hybNorm.medNormInt.plateScale.calibrate.anmlQC.qcCheck.adat	SomaScan Assay	SomaScan 7K	v4.1	RFU	P0028214	Raw RFU, Hyb Normalization, medNormInt (SampleId), plateScale, Calibration, anmlQC, qcCheck	SomaScan 7K	SomaScan Assay v4.1	20%	NT=affinity-proteomics;VV=v1.0.0	NT=human;VV=v1.1.0	NT=somascan;VV=v1.0.0	v1.1.0	NT=sdrf-skills-autoresearch;VV=v0.0.0
PAD000014-5530211537_P	Homo sapiens	Blood plasma	not available	not available	not available	CLI6011F013	not available	82	not applicable	blood plasma	PAD000014-r00098-5530211537_P	protein expression profiling by aptamer array	1	SS-205036_v4.1.12_CitratePlasmapheresis.hybNorm.medNormInt.plateScale.calibrate.anmlQC.qcCheck.adat	ftp://ftp.pride.ebi.ac.uk/pride/data/archive/2025/10/PAD000014/SS-205036_v4.1.12_CitratePlasmapheresis.hybNorm.medNormInt.plateScale.calibrate.anmlQC.qcCheck.adat	SomaScan Assay	SomaScan 7K	v4.1	RFU	P0028214	Raw RFU, Hyb Normalization, medNormInt (SampleId), plateScale, Calibration, anmlQC, qcCheck	SomaScan 7K	SomaScan Assay v4.1	20%	NT=affinity-proteomics;VV=v1.0.0	NT=human;VV=v1.1.0	NT=somascan;VV=v1.0.0	v1.1.0	NT=sdrf-skills-autoresearch;VV=v0.0.0
PAD000014-5530219134_P	Homo sapiens	Blood plasma	not available	not available	not available	CLI6011F013	not available	83	not applicable	blood plasma	PAD000014-r00099-5530219134_P	protein expression profiling by aptamer array	1	SS-205036_v4.1.12_CitratePlasmapheresis.hybNorm.medNormInt.plateScale.calibrate.anmlQC.qcCheck.adat	ftp://ftp.pride.ebi.ac.uk/pride/data/archive/2025/10/PAD000014/SS-205036_v4.1.12_CitratePlasmapheresis.hybNorm.medNormInt.plateScale.calibrate.anmlQC.qcCheck.adat	SomaScan Assay	SomaScan 7K	v4.1	RFU	P0028214	Raw RFU, Hyb Normalization, medNormInt (SampleId), plateScale, Calibration, anmlQC, qcCheck	SomaScan 7K	SomaScan Assay v4.1	20%	NT=affinity-proteomics;VV=v1.0.0	NT=human;VV=v1.1.0	NT=somascan;VV=v1.0.0	v1.1.0	NT=sdrf-skills-autoresearch;VV=v0.0.0
PAD000014-5530213237_P	Homo sapiens	Blood plasma	not available	not available	not available	CLI6011F013	not available	84	not applicable	blood plasma	PAD000014-r00100-5530213237_P	protein expression profiling by aptamer array	1	SS-205036_v4.1.12_CitratePlasmapheresis.hybNorm.medNormInt.plateScale.calibrate.anmlQC.qcCheck.adat	ftp://ftp.pride.ebi.ac.uk/pride/data/archive/2025/10/PAD000014/SS-205036_v4.1.12_CitratePlasmapheresis.hybNorm.medNormInt.plateScale.calibrate.anmlQC.qcCheck.adat	SomaScan Assay	SomaScan 7K	v4.1	RFU	P0028214	Raw RFU, Hyb Normalization, medNormInt (SampleId), plateScale, Calibration, anmlQC, qcCheck	SomaScan 7K	SomaScan Assay v4.1	20%	NT=affinity-proteomics;VV=v1.0.0	NT=human;VV=v1.1.0	NT=somascan;VV=v1.0.0	v1.1.0	NT=sdrf-skills-autoresearch;VV=v0.0.0
PAD000014-200169	Homo sapiens	Blood plasma	not available	not available	not available	not available	not available	5	calibrator	blood plasma	PAD000014-r00101-200169	protein expression profiling by aptamer array	6	SS-205036_v4.1.12_CitratePlasmapheresis.hybNorm.medNormInt.plateScale.calibrate.anmlQC.qcCheck.adat	ftp://ftp.pride.ebi.ac.uk/pride/data/archive/2025/10/PAD000014/SS-205036_v4.1.12_CitratePlasmapheresis.hybNorm.medNormInt.plateScale.calibrate.anmlQC.qcCheck.adat	SomaScan Assay	SomaScan 7K	v4.1	RFU	P0028214	Raw RFU, Hyb Normalization, medNormInt (SampleId), plateScale, Calibration, anmlQC, qcCheck	SomaScan 7K	SomaScan Assay v4.1	20%	NT=affinity-proteomics;VV=v1.0.0	NT=human;VV=v1.1.0	NT=somascan;VV=v1.0.0	v1.1.0	NT=sdrf-skills-autoresearch;VV=v0.0.0
PAD000014-5530211387_P	Homo sapiens	Blood plasma	not available	not available	not available	CLI6011F013	not available	58	not applicable	blood plasma	PAD000014-r00102-5530211387_P	protein expression profiling by aptamer array	2	SS-205036_v4.1.12_CitratePlasmapheresis.hybNorm.medNormInt.plateScale.calibrate.anmlQC.qcCheck.adat	ftp://ftp.pride.ebi.ac.uk/pride/data/archive/2025/10/PAD000014/SS-205036_v4.1.12_CitratePlasmapheresis.hybNorm.medNormInt.plateScale.calibrate.anmlQC.qcCheck.adat	SomaScan Assay	SomaScan 7K	v4.1	RFU	P0028214	Raw RFU, Hyb Normalization, medNormInt (SampleId), plateScale, Calibration, anmlQC, qcCheck	SomaScan 7K	SomaScan Assay v4.1	20%	NT=affinity-proteomics;VV=v1.0.0	NT=human;VV=v1.1.0	NT=somascan;VV=v1.0.0	v1.1.0	NT=sdrf-skills-autoresearch;VV=v0.0.0
PAD000014-5530211543_P	Homo sapiens	Blood plasma	not available	not available	not available	CLI6011F013	not available	85	not applicable	blood plasma	PAD000014-r00103-5530211543_P	protein expression profiling by aptamer array	1	SS-205036_v4.1.12_CitratePlasmapheresis.hybNorm.medNormInt.plateScale.calibrate.anmlQC.qcCheck.adat	ftp://ftp.pride.ebi.ac.uk/pride/data/archive/2025/10/PAD000014/SS-205036_v4.1.12_CitratePlasmapheresis.hybNorm.medNormInt.plateScale.calibrate.anmlQC.qcCheck.adat	SomaScan Assay	SomaScan 7K	v4.1	RFU	P0028214	Raw RFU, Hyb Normalization, medNormInt (SampleId), plateScale, Calibration, anmlQC, qcCheck	SomaScan 7K	SomaScan Assay v4.1	20%	NT=affinity-proteomics;VV=v1.0.0	NT=human;VV=v1.1.0	NT=somascan;VV=v1.0.0	v1.1.0	NT=sdrf-skills-autoresearch;VV=v0.0.0
PAD000014-5530213322_P	Homo sapiens	Blood plasma	not available	not available	not available	CLI6011F013	not available	86	not applicable	blood plasma	PAD000014-r00104-5530213322_P	protein expression profiling by aptamer array	1	SS-205036_v4.1.12_CitratePlasmapheresis.hybNorm.medNormInt.plateScale.calibrate.anmlQC.qcCheck.adat	ftp://ftp.pride.ebi.ac.uk/pride/data/archive/2025/10/PAD000014/SS-205036_v4.1.12_CitratePlasmapheresis.hybNorm.medNormInt.plateScale.calibrate.anmlQC.qcCheck.adat	SomaScan Assay	SomaScan 7K	v4.1	RFU	P0028214	Raw RFU, Hyb Normalization, medNormInt (SampleId), plateScale, Calibration, anmlQC, qcCheck	SomaScan 7K	SomaScan Assay v4.1	20%	NT=affinity-proteomics;VV=v1.0.0	NT=human;VV=v1.1.0	NT=somascan;VV=v1.0.0	v1.1.0	NT=sdrf-skills-autoresearch;VV=v0.0.0
PAD000014-5530211305_P	Homo sapiens	Blood plasma	not available	not available	not available	CLI6011F013	not available	87	not applicable	blood plasma	PAD000014-r00105-5530211305_P	protein expression profiling by aptamer array	1	SS-205036_v4.1.12_CitratePlasmapheresis.hybNorm.medNormInt.plateScale.calibrate.anmlQC.qcCheck.adat	ftp://ftp.pride.ebi.ac.uk/pride/data/archive/2025/10/PAD000014/SS-205036_v4.1.12_CitratePlasmapheresis.hybNorm.medNormInt.plateScale.calibrate.anmlQC.qcCheck.adat	SomaScan Assay	SomaScan 7K	v4.1	RFU	P0028214	Raw RFU, Hyb Normalization, medNormInt (SampleId), plateScale, Calibration, anmlQC, qcCheck	SomaScan 7K	SomaScan Assay v4.1	20%	NT=affinity-proteomics;VV=v1.0.0	NT=human;VV=v1.1.0	NT=somascan;VV=v1.0.0	v1.1.0	NT=sdrf-skills-autoresearch;VV=v0.0.0
PAD000014-5530211287_P	Homo sapiens	Blood plasma	not available	not available	not available	CLI6011F013	not available	88	not applicable	blood plasma	PAD000014-r00106-5530211287_P	protein expression profiling by aptamer array	1	SS-205036_v4.1.12_CitratePlasmapheresis.hybNorm.medNormInt.plateScale.calibrate.anmlQC.qcCheck.adat	ftp://ftp.pride.ebi.ac.uk/pride/data/archive/2025/10/PAD000014/SS-205036_v4.1.12_CitratePlasmapheresis.hybNorm.medNormInt.plateScale.calibrate.anmlQC.qcCheck.adat	SomaScan Assay	SomaScan 7K	v4.1	RFU	P0028214	Raw RFU, Hyb Normalization, medNormInt (SampleId), plateScale, Calibration, anmlQC, qcCheck	SomaScan 7K	SomaScan Assay v4.1	20%	NT=affinity-proteomics;VV=v1.0.0	NT=human;VV=v1.1.0	NT=somascan;VV=v1.0.0	v1.1.0	NT=sdrf-skills-autoresearch;VV=v0.0.0
PAD000014-200289	Homo sapiens	Blood plasma	not available	not available	not available	not available	not available	20	not applicable	blood plasma	PAD000014-r00107-200289	protein expression profiling by aptamer array	4	SS-205036_v4.1.12_CitratePlasmapheresis.hybNorm.medNormInt.plateScale.calibrate.anmlQC.qcCheck.adat	ftp://ftp.pride.ebi.ac.uk/pride/data/archive/2025/10/PAD000014/SS-205036_v4.1.12_CitratePlasmapheresis.hybNorm.medNormInt.plateScale.calibrate.anmlQC.qcCheck.adat	SomaScan Assay	SomaScan 7K	v4.1	RFU	P0028214	Raw RFU, Hyb Normalization, medNormInt (SampleId), plateScale, Calibration, anmlQC, qcCheck	SomaScan 7K	SomaScan Assay v4.1	20%	NT=affinity-proteomics;VV=v1.0.0	NT=human;VV=v1.1.0	NT=somascan;VV=v1.0.0	v1.1.0	NT=sdrf-skills-autoresearch;VV=v0.0.0
PAD000014-200170	Homo sapiens	Blood plasma	not available	not available	not available	not available	not available	11	quality control sample	blood plasma	PAD000014-r00108-200170	protein expression profiling by aptamer array	4	SS-205036_v4.1.12_CitratePlasmapheresis.hybNorm.medNormInt.plateScale.calibrate.anmlQC.qcCheck.adat	ftp://ftp.pride.ebi.ac.uk/pride/data/archive/2025/10/PAD000014/SS-205036_v4.1.12_CitratePlasmapheresis.hybNorm.medNormInt.plateScale.calibrate.anmlQC.qcCheck.adat	SomaScan Assay	SomaScan 7K	v4.1	RFU	P0028214	Raw RFU, Hyb Normalization, medNormInt (SampleId), plateScale, Calibration, anmlQC, qcCheck	SomaScan 7K	SomaScan Assay v4.1	20%	NT=affinity-proteomics;VV=v1.0.0	NT=human;VV=v1.1.0	NT=somascan;VV=v1.0.0	v1.1.0	NT=sdrf-skills-autoresearch;VV=v0.0.0
PAD000014-200169	Homo sapiens	Blood plasma	not available	not available	not available	not available	not available	5	calibrator	blood plasma	PAD000014-r00109-200169	protein expression profiling by aptamer array	7	SS-205036_v4.1.12_CitratePlasmapheresis.hybNorm.medNormInt.plateScale.calibrate.anmlQC.qcCheck.adat	ftp://ftp.pride.ebi.ac.uk/pride/data/archive/2025/10/PAD000014/SS-205036_v4.1.12_CitratePlasmapheresis.hybNorm.medNormInt.plateScale.calibrate.anmlQC.qcCheck.adat	SomaScan Assay	SomaScan 7K	v4.1	RFU	P0028214	Raw RFU, Hyb Normalization, medNormInt (SampleId), plateScale, Calibration, anmlQC, qcCheck	SomaScan 7K	SomaScan Assay v4.1	20%	NT=affinity-proteomics;VV=v1.0.0	NT=human;VV=v1.1.0	NT=somascan;VV=v1.0.0	v1.1.0	NT=sdrf-skills-autoresearch;VV=v0.0.0
PAD000014-200289	Homo sapiens	Blood plasma	not available	not available	not available	not available	not available	20	not applicable	blood plasma	PAD000014-r00110-200289	protein expression profiling by aptamer array	5	SS-205036_v4.1.12_CitratePlasmapheresis.hybNorm.medNormInt.plateScale.calibrate.anmlQC.qcCheck.adat	ftp://ftp.pride.ebi.ac.uk/pride/data/archive/2025/10/PAD000014/SS-205036_v4.1.12_CitratePlasmapheresis.hybNorm.medNormInt.plateScale.calibrate.anmlQC.qcCheck.adat	SomaScan Assay	SomaScan 7K	v4.1	RFU	P0028214	Raw RFU, Hyb Normalization, medNormInt (SampleId), plateScale, Calibration, anmlQC, qcCheck	SomaScan 7K	SomaScan Assay v4.1	20%	NT=affinity-proteomics;VV=v1.0.0	NT=human;VV=v1.1.0	NT=somascan;VV=v1.0.0	v1.1.0	NT=sdrf-skills-autoresearch;VV=v0.0.0
PAD000014-200169	Homo sapiens	Blood plasma	not available	not available	not available	not available	not available	5	calibrator	blood plasma	PAD000014-r00111-200169	protein expression profiling by aptamer array	8	SS-205036_v4.1.12_CitratePlasmapheresis.hybNorm.medNormInt.plateScale.calibrate.anmlQC.qcCheck.adat	ftp://ftp.pride.ebi.ac.uk/pride/data/archive/2025/10/PAD000014/SS-205036_v4.1.12_CitratePlasmapheresis.hybNorm.medNormInt.plateScale.calibrate.anmlQC.qcCheck.adat	SomaScan Assay	SomaScan 7K	v4.1	RFU	P0028214	Raw RFU, Hyb Normalization, medNormInt (SampleId), plateScale, Calibration, anmlQC, qcCheck	SomaScan 7K	SomaScan Assay v4.1	20%	NT=affinity-proteomics;VV=v1.0.0	NT=human;VV=v1.1.0	NT=somascan;VV=v1.0.0	v1.1.0	NT=sdrf-skills-autoresearch;VV=v0.0.0
PAD000014-200170	Homo sapiens	Blood plasma	not available	not available	not available	not available	not available	11	quality control sample	blood plasma	PAD000014-r00112-200170	protein expression profiling by aptamer array	5	SS-205036_v4.1.12_CitratePlasmapheresis.hybNorm.medNormInt.plateScale.calibrate.anmlQC.qcCheck.adat	ftp://ftp.pride.ebi.ac.uk/pride/data/archive/2025/10/PAD000014/SS-205036_v4.1.12_CitratePlasmapheresis.hybNorm.medNormInt.plateScale.calibrate.anmlQC.qcCheck.adat	SomaScan Assay	SomaScan 7K	v4.1	RFU	P0028214	Raw RFU, Hyb Normalization, medNormInt (SampleId), plateScale, Calibration, anmlQC, qcCheck	SomaScan 7K	SomaScan Assay v4.1	20%	NT=affinity-proteomics;VV=v1.0.0	NT=human;VV=v1.1.0	NT=somascan;VV=v1.0.0	v1.1.0	NT=sdrf-skills-autoresearch;VV=v0.0.0
PAD000014-200289	Homo sapiens	Blood plasma	not available	not available	not available	not available	not available	20	not applicable	blood plasma	PAD000014-r00113-200289	protein expression profiling by aptamer array	6	SS-205036_v4.1.12_CitratePlasmapheresis.hybNorm.medNormInt.plateScale.calibrate.anmlQC.qcCheck.adat	ftp://ftp.pride.ebi.ac.uk/pride/data/archive/2025/10/PAD000014/SS-205036_v4.1.12_CitratePlasmapheresis.hybNorm.medNormInt.plateScale.calibrate.anmlQC.qcCheck.adat	SomaScan Assay	SomaScan 7K	v4.1	RFU	P0028214	Raw RFU, Hyb Normalization, medNormInt (SampleId), plateScale, Calibration, anmlQC, qcCheck	SomaScan 7K	SomaScan Assay v4.1	20%	NT=affinity-proteomics;VV=v1.0.0	NT=human;VV=v1.1.0	NT=somascan;VV=v1.0.0	v1.1.0	NT=sdrf-skills-autoresearch;VV=v0.0.0
PAD000014-200169	Homo sapiens	Blood plasma	not available	not available	not available	not available	not available	5	calibrator	blood plasma	PAD000014-r00114-200169	protein expression profiling by aptamer array	9	SS-205036_v4.1.12_CitratePlasmapheresis.hybNorm.medNormInt.plateScale.calibrate.anmlQC.qcCheck.adat	ftp://ftp.pride.ebi.ac.uk/pride/data/archive/2025/10/PAD000014/SS-205036_v4.1.12_CitratePlasmapheresis.hybNorm.medNormInt.plateScale.calibrate.anmlQC.qcCheck.adat	SomaScan Assay	SomaScan 7K	v4.1	RFU	P0028214	Raw RFU, Hyb Normalization, medNormInt (SampleId), plateScale, Calibration, anmlQC, qcCheck	SomaScan 7K	SomaScan Assay v4.1	20%	NT=affinity-proteomics;VV=v1.0.0	NT=human;VV=v1.1.0	NT=somascan;VV=v1.0.0	v1.1.0	NT=sdrf-skills-autoresearch;VV=v0.0.0
PAD000014-200170	Homo sapiens	Blood plasma	not available	not available	not available	not available	not available	11	quality control sample	blood plasma	PAD000014-r00115-200170	protein expression profiling by aptamer array	6	SS-205036_v4.1.12_CitratePlasmapheresis.hybNorm.medNormInt.plateScale.calibrate.anmlQC.qcCheck.adat	ftp://ftp.pride.ebi.ac.uk/pride/data/archive/2025/10/PAD000014/SS-205036_v4.1.12_CitratePlasmapheresis.hybNorm.medNormInt.plateScale.calibrate.anmlQC.qcCheck.adat	SomaScan Assay	SomaScan 7K	v4.1	RFU	P0028214	Raw RFU, Hyb Normalization, medNormInt (SampleId), plateScale, Calibration, anmlQC, qcCheck	SomaScan 7K	SomaScan Assay v4.1	20%	NT=affinity-proteomics;VV=v1.0.0	NT=human;VV=v1.1.0	NT=somascan;VV=v1.0.0	v1.1.0	NT=sdrf-skills-autoresearch;VV=v0.0.0
PAD000014-200169	Homo sapiens	Blood plasma	not available	not available	not available	not available	not available	5	calibrator	blood plasma	PAD000014-r00116-200169	protein expression profiling by aptamer array	10	SS-205036_v4.1.12_CitratePlasmapheresis.hybNorm.medNormInt.plateScale.calibrate.anmlQC.qcCheck.adat	ftp://ftp.pride.ebi.ac.uk/pride/data/archive/2025/10/PAD000014/SS-205036_v4.1.12_CitratePlasmapheresis.hybNorm.medNormInt.plateScale.calibrate.anmlQC.qcCheck.adat	SomaScan Assay	SomaScan 7K	v4.1	RFU	P0028214	Raw RFU, Hyb Normalization, medNormInt (SampleId), plateScale, Calibration, anmlQC, qcCheck	SomaScan 7K	SomaScan Assay v4.1	20%	NT=affinity-proteomics;VV=v1.0.0	NT=human;VV=v1.1.0	NT=somascan;VV=v1.0.0	v1.1.0	NT=sdrf-skills-autoresearch;VV=v0.0.0
PAD000014-A4098221	Homo sapiens	Blood plasma	not available	not available	not available	not available	not available	89	not applicable	blood plasma	PAD000014-r00117-A4098221	protein expression profiling by aptamer array	1	SS-2348869_v5.0_CitratePlasma.hybNorm.medNormInt.plateScale.calibrate.anmlQC.qcCheck.20231215.adat	ftp://ftp.pride.ebi.ac.uk/pride/data/archive/2025/10/PAD000014/SS-2348869_v5.0_CitratePlasma.hybNorm.medNormInt.plateScale.calibrate.anmlQC.qcCheck.20231215.adat	SomaScan Assay	SomaScan 11K	v5.0	RFU	PLT28674	Raw RFU, Hyb Normalization, medNormInt (SampleId), plateScale, Calibration, anmlQC, qcCheck, Filtered	SomaScan 11K	SomaScan Assay v4.1	20%	NT=affinity-proteomics;VV=v1.0.0	NT=human;VV=v1.1.0	NT=somascan;VV=v1.0.0	v1.1.0	NT=sdrf-skills-autoresearch;VV=v0.0.0
PAD000014-0357897691	Homo sapiens	Blood plasma	not available	not available	not available	not available	not available	90	not applicable	blood plasma	PAD000014-r00118-0357897691	protein expression profiling by aptamer array	1	SS-2348869_v5.0_CitratePlasma.hybNorm.medNormInt.plateScale.calibrate.anmlQC.qcCheck.20231215.adat	ftp://ftp.pride.ebi.ac.uk/pride/data/archive/2025/10/PAD000014/SS-2348869_v5.0_CitratePlasma.hybNorm.medNormInt.plateScale.calibrate.anmlQC.qcCheck.20231215.adat	SomaScan Assay	SomaScan 11K	v5.0	RFU	PLT28674	Raw RFU, Hyb Normalization, medNormInt (SampleId), plateScale, Calibration, anmlQC, qcCheck, Filtered	SomaScan 11K	SomaScan Assay v4.1	20%	NT=affinity-proteomics;VV=v1.0.0	NT=human;VV=v1.1.0	NT=somascan;VV=v1.0.0	v1.1.0	NT=sdrf-skills-autoresearch;VV=v0.0.0
PAD000014-A4098253	Homo sapiens	Blood plasma	not available	not available	not available	not available	not available	91	not applicable	blood plasma	PAD000014-r00119-A4098253	protein expression profiling by aptamer array	1	SS-2348869_v5.0_CitratePlasma.hybNorm.medNormInt.plateScale.calibrate.anmlQC.qcCheck.20231215.adat	ftp://ftp.pride.ebi.ac.uk/pride/data/archive/2025/10/PAD000014/SS-2348869_v5.0_CitratePlasma.hybNorm.medNormInt.plateScale.calibrate.anmlQC.qcCheck.20231215.adat	SomaScan Assay	SomaScan 11K	v5.0	RFU	PLT28674	Raw RFU, Hyb Normalization, medNormInt (SampleId), plateScale, Calibration, anmlQC, qcCheck, Filtered	SomaScan 11K	SomaScan Assay v4.1	20%	NT=affinity-proteomics;VV=v1.0.0	NT=human;VV=v1.1.0	NT=somascan;VV=v1.0.0	v1.1.0	NT=sdrf-skills-autoresearch;VV=v0.0.0
PAD000014-A4030388	Homo sapiens	Blood plasma	not available	not available	not available	not available	not available	92	not applicable	blood plasma	PAD000014-r00120-A4030388	protein expression profiling by aptamer array	1	SS-2348869_v5.0_CitratePlasma.hybNorm.medNormInt.plateScale.calibrate.anmlQC.qcCheck.20231215.adat	ftp://ftp.pride.ebi.ac.uk/pride/data/archive/2025/10/PAD000014/SS-2348869_v5.0_CitratePlasma.hybNorm.medNormInt.plateScale.calibrate.anmlQC.qcCheck.20231215.adat	SomaScan Assay	SomaScan 11K	v5.0	RFU	PLT28674	Raw RFU, Hyb Normalization, medNormInt (SampleId), plateScale, Calibration, anmlQC, qcCheck, Filtered	SomaScan 11K	SomaScan Assay v4.1	20%	NT=affinity-proteomics;VV=v1.0.0	NT=human;VV=v1.1.0	NT=somascan;VV=v1.0.0	v1.1.0	NT=sdrf-skills-autoresearch;VV=v0.0.0
PAD000014-A4098164	Homo sapiens	Blood plasma	not available	not available	not available	not available	not available	93	not applicable	blood plasma	PAD000014-r00121-A4098164	protein expression profiling by aptamer array	1	SS-2348869_v5.0_CitratePlasma.hybNorm.medNormInt.plateScale.calibrate.anmlQC.qcCheck.20231215.adat	ftp://ftp.pride.ebi.ac.uk/pride/data/archive/2025/10/PAD000014/SS-2348869_v5.0_CitratePlasma.hybNorm.medNormInt.plateScale.calibrate.anmlQC.qcCheck.20231215.adat	SomaScan Assay	SomaScan 11K	v5.0	RFU	PLT28674	Raw RFU, Hyb Normalization, medNormInt (SampleId), plateScale, Calibration, anmlQC, qcCheck, Filtered	SomaScan 11K	SomaScan Assay v4.1	20%	NT=affinity-proteomics;VV=v1.0.0	NT=human;VV=v1.1.0	NT=somascan;VV=v1.0.0	v1.1.0	NT=sdrf-skills-autoresearch;VV=v0.0.0
PAD000014-SID2	Homo sapiens	Blood plasma	not available	not available	not available	not available	not available	94	not applicable	blood plasma	PAD000014-r00122-SID2	protein expression profiling by aptamer array	1	SS-2348869_v5.0_CitratePlasma.hybNorm.medNormInt.plateScale.calibrate.anmlQC.qcCheck.20231215.adat	ftp://ftp.pride.ebi.ac.uk/pride/data/archive/2025/10/PAD000014/SS-2348869_v5.0_CitratePlasma.hybNorm.medNormInt.plateScale.calibrate.anmlQC.qcCheck.20231215.adat	SomaScan Assay	SomaScan 11K	v5.0	RFU	PLT28674	Raw RFU, Hyb Normalization, medNormInt (SampleId), plateScale, Calibration, anmlQC, qcCheck, Filtered	SomaScan 11K	SomaScan Assay v4.1	20%	NT=affinity-proteomics;VV=v1.0.0	NT=human;VV=v1.1.0	NT=somascan;VV=v1.0.0	v1.1.0	NT=sdrf-skills-autoresearch;VV=v0.0.0
PAD000014-A4098429	Homo sapiens	Blood plasma	not available	not available	not available	not available	not available	95	not applicable	blood plasma	PAD000014-r00123-A4098429	protein expression profiling by aptamer array	1	SS-2348869_v5.0_CitratePlasma.hybNorm.medNormInt.plateScale.calibrate.anmlQC.qcCheck.20231215.adat	ftp://ftp.pride.ebi.ac.uk/pride/data/archive/2025/10/PAD000014/SS-2348869_v5.0_CitratePlasma.hybNorm.medNormInt.plateScale.calibrate.anmlQC.qcCheck.20231215.adat	SomaScan Assay	SomaScan 11K	v5.0	RFU	PLT28674	Raw RFU, Hyb Normalization, medNormInt (SampleId), plateScale, Calibration, anmlQC, qcCheck, Filtered	SomaScan 11K	SomaScan Assay v4.1	20%	NT=affinity-proteomics;VV=v1.0.0	NT=human;VV=v1.1.0	NT=somascan;VV=v1.0.0	v1.1.0	NT=sdrf-skills-autoresearch;VV=v0.0.0
PAD000014-230500	Homo sapiens	Blood plasma	not available	not available	not available	not available	not available	96	not applicable	blood plasma	PAD000014-r00124-230500	protein expression profiling by aptamer array	1	SS-2348869_v5.0_CitratePlasma.hybNorm.medNormInt.plateScale.calibrate.anmlQC.qcCheck.20231215.adat	ftp://ftp.pride.ebi.ac.uk/pride/data/archive/2025/10/PAD000014/SS-2348869_v5.0_CitratePlasma.hybNorm.medNormInt.plateScale.calibrate.anmlQC.qcCheck.20231215.adat	SomaScan Assay	SomaScan 11K	v5.0	RFU	PLT28674	Raw RFU, Hyb Normalization, medNormInt (SampleId), plateScale, Calibration, anmlQC, qcCheck, Filtered	SomaScan 11K	SomaScan Assay v4.1	20%	NT=affinity-proteomics;VV=v1.0.0	NT=human;VV=v1.1.0	NT=somascan;VV=v1.0.0	v1.1.0	NT=sdrf-skills-autoresearch;VV=v0.0.0
PAD000014-A4098452	Homo sapiens	Blood plasma	not available	not available	not available	not available	not available	97	not applicable	blood plasma	PAD000014-r00125-A4098452	protein expression profiling by aptamer array	1	SS-2348869_v5.0_CitratePlasma.hybNorm.medNormInt.plateScale.calibrate.anmlQC.qcCheck.20231215.adat	ftp://ftp.pride.ebi.ac.uk/pride/data/archive/2025/10/PAD000014/SS-2348869_v5.0_CitratePlasma.hybNorm.medNormInt.plateScale.calibrate.anmlQC.qcCheck.20231215.adat	SomaScan Assay	SomaScan 11K	v5.0	RFU	PLT28674	Raw RFU, Hyb Normalization, medNormInt (SampleId), plateScale, Calibration, anmlQC, qcCheck, Filtered	SomaScan 11K	SomaScan Assay v4.1	20%	NT=affinity-proteomics;VV=v1.0.0	NT=human;VV=v1.1.0	NT=somascan;VV=v1.0.0	v1.1.0	NT=sdrf-skills-autoresearch;VV=v0.0.0
PAD000014-A4033081	Homo sapiens	Blood plasma	not available	not available	not available	not available	not available	98	not applicable	blood plasma	PAD000014-r00126-A4033081	protein expression profiling by aptamer array	1	SS-2348869_v5.0_CitratePlasma.hybNorm.medNormInt.plateScale.calibrate.anmlQC.qcCheck.20231215.adat	ftp://ftp.pride.ebi.ac.uk/pride/data/archive/2025/10/PAD000014/SS-2348869_v5.0_CitratePlasma.hybNorm.medNormInt.plateScale.calibrate.anmlQC.qcCheck.20231215.adat	SomaScan Assay	SomaScan 11K	v5.0	RFU	PLT28674	Raw RFU, Hyb Normalization, medNormInt (SampleId), plateScale, Calibration, anmlQC, qcCheck, Filtered	SomaScan 11K	SomaScan Assay v4.1	20%	NT=affinity-proteomics;VV=v1.0.0	NT=human;VV=v1.1.0	NT=somascan;VV=v1.0.0	v1.1.0	NT=sdrf-skills-autoresearch;VV=v0.0.0
PAD000014-A4030395	Homo sapiens	Blood plasma	not available	not available	not available	not available	not available	99	not applicable	blood plasma	PAD000014-r00127-A4030395	protein expression profiling by aptamer array	1	SS-2348869_v5.0_CitratePlasma.hybNorm.medNormInt.plateScale.calibrate.anmlQC.qcCheck.20231215.adat	ftp://ftp.pride.ebi.ac.uk/pride/data/archive/2025/10/PAD000014/SS-2348869_v5.0_CitratePlasma.hybNorm.medNormInt.plateScale.calibrate.anmlQC.qcCheck.20231215.adat	SomaScan Assay	SomaScan 11K	v5.0	RFU	PLT28674	Raw RFU, Hyb Normalization, medNormInt (SampleId), plateScale, Calibration, anmlQC, qcCheck, Filtered	SomaScan 11K	SomaScan Assay v4.1	20%	NT=affinity-proteomics;VV=v1.0.0	NT=human;VV=v1.1.0	NT=somascan;VV=v1.0.0	v1.1.0	NT=sdrf-skills-autoresearch;VV=v0.0.0
PAD000014-A3975816	Homo sapiens	Blood plasma	not available	not available	not available	not available	not available	100	not applicable	blood plasma	PAD000014-r00128-A3975816	protein expression profiling by aptamer array	1	SS-2348869_v5.0_CitratePlasma.hybNorm.medNormInt.plateScale.calibrate.anmlQC.qcCheck.20231215.adat	ftp://ftp.pride.ebi.ac.uk/pride/data/archive/2025/10/PAD000014/SS-2348869_v5.0_CitratePlasma.hybNorm.medNormInt.plateScale.calibrate.anmlQC.qcCheck.20231215.adat	SomaScan Assay	SomaScan 11K	v5.0	RFU	PLT28674	Raw RFU, Hyb Normalization, medNormInt (SampleId), plateScale, Calibration, anmlQC, qcCheck, Filtered	SomaScan 11K	SomaScan Assay v4.1	20%	NT=affinity-proteomics;VV=v1.0.0	NT=human;VV=v1.1.0	NT=somascan;VV=v1.0.0	v1.1.0	NT=sdrf-skills-autoresearch;VV=v0.0.0
PAD000014-A4098509	Homo sapiens	Blood plasma	not available	not available	not available	not available	not available	101	not applicable	blood plasma	PAD000014-r00129-A4098509	protein expression profiling by aptamer array	1	SS-2348869_v5.0_CitratePlasma.hybNorm.medNormInt.plateScale.calibrate.anmlQC.qcCheck.20231215.adat	ftp://ftp.pride.ebi.ac.uk/pride/data/archive/2025/10/PAD000014/SS-2348869_v5.0_CitratePlasma.hybNorm.medNormInt.plateScale.calibrate.anmlQC.qcCheck.20231215.adat	SomaScan Assay	SomaScan 11K	v5.0	RFU	PLT28674	Raw RFU, Hyb Normalization, medNormInt (SampleId), plateScale, Calibration, anmlQC, qcCheck, Filtered	SomaScan 11K	SomaScan Assay v4.1	20%	NT=affinity-proteomics;VV=v1.0.0	NT=human;VV=v1.1.0	NT=somascan;VV=v1.0.0	v1.1.0	NT=sdrf-skills-autoresearch;VV=v0.0.0
PAD000014-A4033074	Homo sapiens	Blood plasma	not available	not available	not available	not available	not available	102	not applicable	blood plasma	PAD000014-r00130-A4033074	protein expression profiling by aptamer array	1	SS-2348869_v5.0_CitratePlasma.hybNorm.medNormInt.plateScale.calibrate.anmlQC.qcCheck.20231215.adat	ftp://ftp.pride.ebi.ac.uk/pride/data/archive/2025/10/PAD000014/SS-2348869_v5.0_CitratePlasma.hybNorm.medNormInt.plateScale.calibrate.anmlQC.qcCheck.20231215.adat	SomaScan Assay	SomaScan 11K	v5.0	RFU	PLT28674	Raw RFU, Hyb Normalization, medNormInt (SampleId), plateScale, Calibration, anmlQC, qcCheck, Filtered	SomaScan 11K	SomaScan Assay v4.1	20%	NT=affinity-proteomics;VV=v1.0.0	NT=human;VV=v1.1.0	NT=somascan;VV=v1.0.0	v1.1.0	NT=sdrf-skills-autoresearch;VV=v0.0.0
PAD000014-A4098237	Homo sapiens	Blood plasma	not available	not available	not available	not available	not available	103	not applicable	blood plasma	PAD000014-r00131-A4098237	protein expression profiling by aptamer array	1	SS-2348869_v5.0_CitratePlasma.hybNorm.medNormInt.plateScale.calibrate.anmlQC.qcCheck.20231215.adat	ftp://ftp.pride.ebi.ac.uk/pride/data/archive/2025/10/PAD000014/SS-2348869_v5.0_CitratePlasma.hybNorm.medNormInt.plateScale.calibrate.anmlQC.qcCheck.20231215.adat	SomaScan Assay	SomaScan 11K	v5.0	RFU	PLT28674	Raw RFU, Hyb Normalization, medNormInt (SampleId), plateScale, Calibration, anmlQC, qcCheck, Filtered	SomaScan 11K	SomaScan Assay v4.1	20%	NT=affinity-proteomics;VV=v1.0.0	NT=human;VV=v1.1.0	NT=somascan;VV=v1.0.0	v1.1.0	NT=sdrf-skills-autoresearch;VV=v0.0.0
PAD000014-A4028827	Homo sapiens	Blood plasma	not available	not available	not available	not available	not available	104	not applicable	blood plasma	PAD000014-r00132-A4028827	protein expression profiling by aptamer array	1	SS-2348869_v5.0_CitratePlasma.hybNorm.medNormInt.plateScale.calibrate.anmlQC.qcCheck.20231215.adat	ftp://ftp.pride.ebi.ac.uk/pride/data/archive/2025/10/PAD000014/SS-2348869_v5.0_CitratePlasma.hybNorm.medNormInt.plateScale.calibrate.anmlQC.qcCheck.20231215.adat	SomaScan Assay	SomaScan 11K	v5.0	RFU	PLT28674	Raw RFU, Hyb Normalization, medNormInt (SampleId), plateScale, Calibration, anmlQC, qcCheck, Filtered	SomaScan 11K	SomaScan Assay v4.1	20%	NT=affinity-proteomics;VV=v1.0.0	NT=human;VV=v1.1.0	NT=somascan;VV=v1.0.0	v1.1.0	NT=sdrf-skills-autoresearch;VV=v0.0.0
PAD000014-230420	Homo sapiens	Blood plasma	not available	not available	not available	not available	not available	105	calibrator	blood plasma	PAD000014-r00133-230420	protein expression profiling by aptamer array	1	SS-2348869_v5.0_CitratePlasma.hybNorm.medNormInt.plateScale.calibrate.anmlQC.qcCheck.20231215.adat	ftp://ftp.pride.ebi.ac.uk/pride/data/archive/2025/10/PAD000014/SS-2348869_v5.0_CitratePlasma.hybNorm.medNormInt.plateScale.calibrate.anmlQC.qcCheck.20231215.adat	SomaScan Assay	SomaScan 11K	v5.0	RFU	PLT28674	Raw RFU, Hyb Normalization, medNormInt (SampleId), plateScale, Calibration, anmlQC, qcCheck, Filtered	SomaScan 11K	SomaScan Assay v4.1	20%	NT=affinity-proteomics;VV=v1.0.0	NT=human;VV=v1.1.0	NT=somascan;VV=v1.0.0	v1.1.0	NT=sdrf-skills-autoresearch;VV=v0.0.0
PAD000014-A4098484	Homo sapiens	Blood plasma	not available	not available	not available	not available	not available	106	not applicable	blood plasma	PAD000014-r00134-A4098484	protein expression profiling by aptamer array	1	SS-2348869_v5.0_CitratePlasma.hybNorm.medNormInt.plateScale.calibrate.anmlQC.qcCheck.20231215.adat	ftp://ftp.pride.ebi.ac.uk/pride/data/archive/2025/10/PAD000014/SS-2348869_v5.0_CitratePlasma.hybNorm.medNormInt.plateScale.calibrate.anmlQC.qcCheck.20231215.adat	SomaScan Assay	SomaScan 11K	v5.0	RFU	PLT28674	Raw RFU, Hyb Normalization, medNormInt (SampleId), plateScale, Calibration, anmlQC, qcCheck, Filtered	SomaScan 11K	SomaScan Assay v4.1	20%	NT=affinity-proteomics;VV=v1.0.0	NT=human;VV=v1.1.0	NT=somascan;VV=v1.0.0	v1.1.0	NT=sdrf-skills-autoresearch;VV=v0.0.0
PAD000014-A4098468	Homo sapiens	Blood plasma	not available	not available	not available	not available	not available	107	not applicable	blood plasma	PAD000014-r00135-A4098468	protein expression profiling by aptamer array	1	SS-2348869_v5.0_CitratePlasma.hybNorm.medNormInt.plateScale.calibrate.anmlQC.qcCheck.20231215.adat	ftp://ftp.pride.ebi.ac.uk/pride/data/archive/2025/10/PAD000014/SS-2348869_v5.0_CitratePlasma.hybNorm.medNormInt.plateScale.calibrate.anmlQC.qcCheck.20231215.adat	SomaScan Assay	SomaScan 11K	v5.0	RFU	PLT28674	Raw RFU, Hyb Normalization, medNormInt (SampleId), plateScale, Calibration, anmlQC, qcCheck, Filtered	SomaScan 11K	SomaScan Assay v4.1	20%	NT=affinity-proteomics;VV=v1.0.0	NT=human;VV=v1.1.0	NT=somascan;VV=v1.0.0	v1.1.0	NT=sdrf-skills-autoresearch;VV=v0.0.0
PAD000014-A4028859	Homo sapiens	Blood plasma	not available	not available	not available	not available	not available	108	not applicable	blood plasma	PAD000014-r00136-A4028859	protein expression profiling by aptamer array	1	SS-2348869_v5.0_CitratePlasma.hybNorm.medNormInt.plateScale.calibrate.anmlQC.qcCheck.20231215.adat	ftp://ftp.pride.ebi.ac.uk/pride/data/archive/2025/10/PAD000014/SS-2348869_v5.0_CitratePlasma.hybNorm.medNormInt.plateScale.calibrate.anmlQC.qcCheck.20231215.adat	SomaScan Assay	SomaScan 11K	v5.0	RFU	PLT28674	Raw RFU, Hyb Normalization, medNormInt (SampleId), plateScale, Calibration, anmlQC, qcCheck, Filtered	SomaScan 11K	SomaScan Assay v4.1	20%	NT=affinity-proteomics;VV=v1.0.0	NT=human;VV=v1.1.0	NT=somascan;VV=v1.0.0	v1.1.0	NT=sdrf-skills-autoresearch;VV=v0.0.0
PAD000014-A4033042	Homo sapiens	Blood plasma	not available	not available	not available	not available	not available	109	not applicable	blood plasma	PAD000014-r00137-A4033042	protein expression profiling by aptamer array	1	SS-2348869_v5.0_CitratePlasma.hybNorm.medNormInt.plateScale.calibrate.anmlQC.qcCheck.20231215.adat	ftp://ftp.pride.ebi.ac.uk/pride/data/archive/2025/10/PAD000014/SS-2348869_v5.0_CitratePlasma.hybNorm.medNormInt.plateScale.calibrate.anmlQC.qcCheck.20231215.adat	SomaScan Assay	SomaScan 11K	v5.0	RFU	PLT28674	Raw RFU, Hyb Normalization, medNormInt (SampleId), plateScale, Calibration, anmlQC, qcCheck, Filtered	SomaScan 11K	SomaScan Assay v4.1	20%	NT=affinity-proteomics;VV=v1.0.0	NT=human;VV=v1.1.0	NT=somascan;VV=v1.0.0	v1.1.0	NT=sdrf-skills-autoresearch;VV=v0.0.0
PAD000014-A3975752	Homo sapiens	Blood plasma	not available	not available	not available	not available	not available	110	not applicable	blood plasma	PAD000014-r00138-A3975752	protein expression profiling by aptamer array	1	SS-2348869_v5.0_CitratePlasma.hybNorm.medNormInt.plateScale.calibrate.anmlQC.qcCheck.20231215.adat	ftp://ftp.pride.ebi.ac.uk/pride/data/archive/2025/10/PAD000014/SS-2348869_v5.0_CitratePlasma.hybNorm.medNormInt.plateScale.calibrate.anmlQC.qcCheck.20231215.adat	SomaScan Assay	SomaScan 11K	v5.0	RFU	PLT28674	Raw RFU, Hyb Normalization, medNormInt (SampleId), plateScale, Calibration, anmlQC, qcCheck, Filtered	SomaScan 11K	SomaScan Assay v4.1	20%	NT=affinity-proteomics;VV=v1.0.0	NT=human;VV=v1.1.0	NT=somascan;VV=v1.0.0	v1.1.0	NT=sdrf-skills-autoresearch;VV=v0.0.0
PAD000014-A4098477	Homo sapiens	Blood plasma	not available	not available	not available	not available	not available	111	not applicable	blood plasma	PAD000014-r00139-A4098477	protein expression profiling by aptamer array	1	SS-2348869_v5.0_CitratePlasma.hybNorm.medNormInt.plateScale.calibrate.anmlQC.qcCheck.20231215.adat	ftp://ftp.pride.ebi.ac.uk/pride/data/archive/2025/10/PAD000014/SS-2348869_v5.0_CitratePlasma.hybNorm.medNormInt.plateScale.calibrate.anmlQC.qcCheck.20231215.adat	SomaScan Assay	SomaScan 11K	v5.0	RFU	PLT28674	Raw RFU, Hyb Normalization, medNormInt (SampleId), plateScale, Calibration, anmlQC, qcCheck, Filtered	SomaScan 11K	SomaScan Assay v4.1	20%	NT=affinity-proteomics;VV=v1.0.0	NT=human;VV=v1.1.0	NT=somascan;VV=v1.0.0	v1.1.0	NT=sdrf-skills-autoresearch;VV=v0.0.0
PAD000014-230421	Homo sapiens	Blood plasma	not available	not available	not available	not available	not available	112	quality control sample	blood plasma	PAD000014-r00140-230421	protein expression profiling by aptamer array	1	SS-2348869_v5.0_CitratePlasma.hybNorm.medNormInt.plateScale.calibrate.anmlQC.qcCheck.20231215.adat	ftp://ftp.pride.ebi.ac.uk/pride/data/archive/2025/10/PAD000014/SS-2348869_v5.0_CitratePlasma.hybNorm.medNormInt.plateScale.calibrate.anmlQC.qcCheck.20231215.adat	SomaScan Assay	SomaScan 11K	v5.0	RFU	PLT28674	Raw RFU, Hyb Normalization, medNormInt (SampleId), plateScale, Calibration, anmlQC, qcCheck, Filtered	SomaScan 11K	SomaScan Assay v4.1	20%	NT=affinity-proteomics;VV=v1.0.0	NT=human;VV=v1.1.0	NT=somascan;VV=v1.0.0	v1.1.0	NT=sdrf-skills-autoresearch;VV=v0.0.0
PAD000014-A4030436	Homo sapiens	Blood plasma	not available	not available	not available	not available	not available	113	not applicable	blood plasma	PAD000014-r00141-A4030436	protein expression profiling by aptamer array	1	SS-2348869_v5.0_CitratePlasma.hybNorm.medNormInt.plateScale.calibrate.anmlQC.qcCheck.20231215.adat	ftp://ftp.pride.ebi.ac.uk/pride/data/archive/2025/10/PAD000014/SS-2348869_v5.0_CitratePlasma.hybNorm.medNormInt.plateScale.calibrate.anmlQC.qcCheck.20231215.adat	SomaScan Assay	SomaScan 11K	v5.0	RFU	PLT28674	Raw RFU, Hyb Normalization, medNormInt (SampleId), plateScale, Calibration, anmlQC, qcCheck, Filtered	SomaScan 11K	SomaScan Assay v4.1	20%	NT=affinity-proteomics;VV=v1.0.0	NT=human;VV=v1.1.0	NT=somascan;VV=v1.0.0	v1.1.0	NT=sdrf-skills-autoresearch;VV=v0.0.0
PAD000014-A4098397	Homo sapiens	Blood plasma	not available	not available	not available	not available	not available	114	not applicable	blood plasma	PAD000014-r00142-A4098397	protein expression profiling by aptamer array	1	SS-2348869_v5.0_CitratePlasma.hybNorm.medNormInt.plateScale.calibrate.anmlQC.qcCheck.20231215.adat	ftp://ftp.pride.ebi.ac.uk/pride/data/archive/2025/10/PAD000014/SS-2348869_v5.0_CitratePlasma.hybNorm.medNormInt.plateScale.calibrate.anmlQC.qcCheck.20231215.adat	SomaScan Assay	SomaScan 11K	v5.0	RFU	PLT28674	Raw RFU, Hyb Normalization, medNormInt (SampleId), plateScale, Calibration, anmlQC, qcCheck, Filtered	SomaScan 11K	SomaScan Assay v4.1	20%	NT=affinity-proteomics;VV=v1.0.0	NT=human;VV=v1.1.0	NT=somascan;VV=v1.0.0	v1.1.0	NT=sdrf-skills-autoresearch;VV=v0.0.0
PAD000014-SID7	Homo sapiens	Blood plasma	not available	not available	not available	not available	not available	115	not applicable	blood plasma	PAD000014-r00143-SID7	protein expression profiling by aptamer array	1	SS-2348869_v5.0_CitratePlasma.hybNorm.medNormInt.plateScale.calibrate.anmlQC.qcCheck.20231215.adat	ftp://ftp.pride.ebi.ac.uk/pride/data/archive/2025/10/PAD000014/SS-2348869_v5.0_CitratePlasma.hybNorm.medNormInt.plateScale.calibrate.anmlQC.qcCheck.20231215.adat	SomaScan Assay	SomaScan 11K	v5.0	RFU	PLT28674	Raw RFU, Hyb Normalization, medNormInt (SampleId), plateScale, Calibration, anmlQC, qcCheck, Filtered	SomaScan 11K	SomaScan Assay v4.1	20%	NT=affinity-proteomics;VV=v1.0.0	NT=human;VV=v1.1.0	NT=somascan;VV=v1.0.0	v1.1.0	NT=sdrf-skills-autoresearch;VV=v0.0.0
PAD000014-A4098189	Homo sapiens	Blood plasma	not available	not available	not available	not available	not available	116	not applicable	blood plasma	PAD000014-r00144-A4098189	protein expression profiling by aptamer array	1	SS-2348869_v5.0_CitratePlasma.hybNorm.medNormInt.plateScale.calibrate.anmlQC.qcCheck.20231215.adat	ftp://ftp.pride.ebi.ac.uk/pride/data/archive/2025/10/PAD000014/SS-2348869_v5.0_CitratePlasma.hybNorm.medNormInt.plateScale.calibrate.anmlQC.qcCheck.20231215.adat	SomaScan Assay	SomaScan 11K	v5.0	RFU	PLT28674	Raw RFU, Hyb Normalization, medNormInt (SampleId), plateScale, Calibration, anmlQC, qcCheck, Filtered	SomaScan 11K	SomaScan Assay v4.1	20%	NT=affinity-proteomics;VV=v1.0.0	NT=human;VV=v1.1.0	NT=somascan;VV=v1.0.0	v1.1.0	NT=sdrf-skills-autoresearch;VV=v0.0.0
PAD000014-A4098493	Homo sapiens	Blood plasma	not available	not available	not available	not available	not available	117	not applicable	blood plasma	PAD000014-r00145-A4098493	protein expression profiling by aptamer array	1	SS-2348869_v5.0_CitratePlasma.hybNorm.medNormInt.plateScale.calibrate.anmlQC.qcCheck.20231215.adat	ftp://ftp.pride.ebi.ac.uk/pride/data/archive/2025/10/PAD000014/SS-2348869_v5.0_CitratePlasma.hybNorm.medNormInt.plateScale.calibrate.anmlQC.qcCheck.20231215.adat	SomaScan Assay	SomaScan 11K	v5.0	RFU	PLT28674	Raw RFU, Hyb Normalization, medNormInt (SampleId), plateScale, Calibration, anmlQC, qcCheck, Filtered	SomaScan 11K	SomaScan Assay v4.1	20%	NT=affinity-proteomics;VV=v1.0.0	NT=human;VV=v1.1.0	NT=somascan;VV=v1.0.0	v1.1.0	NT=sdrf-skills-autoresearch;VV=v0.0.0
PAD000014-A3975768	Homo sapiens	Blood plasma	not available	not available	not available	not available	not available	118	not applicable	blood plasma	PAD000014-r00146-A3975768	protein expression profiling by aptamer array	1	SS-2348869_v5.0_CitratePlasma.hybNorm.medNormInt.plateScale.calibrate.anmlQC.qcCheck.20231215.adat	ftp://ftp.pride.ebi.ac.uk/pride/data/archive/2025/10/PAD000014/SS-2348869_v5.0_CitratePlasma.hybNorm.medNormInt.plateScale.calibrate.anmlQC.qcCheck.20231215.adat	SomaScan Assay	SomaScan 11K	v5.0	RFU	PLT28674	Raw RFU, Hyb Normalization, medNormInt (SampleId), plateScale, Calibration, anmlQC, qcCheck, Filtered	SomaScan 11K	SomaScan Assay v4.1	20%	NT=affinity-proteomics;VV=v1.0.0	NT=human;VV=v1.1.0	NT=somascan;VV=v1.0.0	v1.1.0	NT=sdrf-skills-autoresearch;VV=v0.0.0
PAD000014-SID5	Homo sapiens	Blood plasma	not available	not available	not available	not available	not available	119	not applicable	blood plasma	PAD000014-r00147-SID5	protein expression profiling by aptamer array	1	SS-2348869_v5.0_CitratePlasma.hybNorm.medNormInt.plateScale.calibrate.anmlQC.qcCheck.20231215.adat	ftp://ftp.pride.ebi.ac.uk/pride/data/archive/2025/10/PAD000014/SS-2348869_v5.0_CitratePlasma.hybNorm.medNormInt.plateScale.calibrate.anmlQC.qcCheck.20231215.adat	SomaScan Assay	SomaScan 11K	v5.0	RFU	PLT28674	Raw RFU, Hyb Normalization, medNormInt (SampleId), plateScale, Calibration, anmlQC, qcCheck, Filtered	SomaScan 11K	SomaScan Assay v4.1	20%	NT=affinity-proteomics;VV=v1.0.0	NT=human;VV=v1.1.0	NT=somascan;VV=v1.0.0	v1.1.0	NT=sdrf-skills-autoresearch;VV=v0.0.0
PAD000014-A4098388	Homo sapiens	Blood plasma	not available	not available	not available	not available	not available	120	not applicable	blood plasma	PAD000014-r00148-A4098388	protein expression profiling by aptamer array	1	SS-2348869_v5.0_CitratePlasma.hybNorm.medNormInt.plateScale.calibrate.anmlQC.qcCheck.20231215.adat	ftp://ftp.pride.ebi.ac.uk/pride/data/archive/2025/10/PAD000014/SS-2348869_v5.0_CitratePlasma.hybNorm.medNormInt.plateScale.calibrate.anmlQC.qcCheck.20231215.adat	SomaScan Assay	SomaScan 11K	v5.0	RFU	PLT28674	Raw RFU, Hyb Normalization, medNormInt (SampleId), plateScale, Calibration, anmlQC, qcCheck, Filtered	SomaScan 11K	SomaScan Assay v4.1	20%	NT=affinity-proteomics;VV=v1.0.0	NT=human;VV=v1.1.0	NT=somascan;VV=v1.0.0	v1.1.0	NT=sdrf-skills-autoresearch;VV=v0.0.0
PAD000014-A3975824	Homo sapiens	Blood plasma	not available	not available	not available	not available	not available	121	not applicable	blood plasma	PAD000014-r00149-A3975824	protein expression profiling by aptamer array	1	SS-2348869_v5.0_CitratePlasma.hybNorm.medNormInt.plateScale.calibrate.anmlQC.qcCheck.20231215.adat	ftp://ftp.pride.ebi.ac.uk/pride/data/archive/2025/10/PAD000014/SS-2348869_v5.0_CitratePlasma.hybNorm.medNormInt.plateScale.calibrate.anmlQC.qcCheck.20231215.adat	SomaScan Assay	SomaScan 11K	v5.0	RFU	PLT28674	Raw RFU, Hyb Normalization, medNormInt (SampleId), plateScale, Calibration, anmlQC, qcCheck, Filtered	SomaScan 11K	SomaScan Assay v4.1	20%	NT=affinity-proteomics;VV=v1.0.0	NT=human;VV=v1.1.0	NT=somascan;VV=v1.0.0	v1.1.0	NT=sdrf-skills-autoresearch;VV=v0.0.0
PAD000014-230420	Homo sapiens	Blood plasma	not available	not available	not available	not available	not available	105	calibrator	blood plasma	PAD000014-r00150-230420	protein expression profiling by aptamer array	2	SS-2348869_v5.0_CitratePlasma.hybNorm.medNormInt.plateScale.calibrate.anmlQC.qcCheck.20231215.adat	ftp://ftp.pride.ebi.ac.uk/pride/data/archive/2025/10/PAD000014/SS-2348869_v5.0_CitratePlasma.hybNorm.medNormInt.plateScale.calibrate.anmlQC.qcCheck.20231215.adat	SomaScan Assay	SomaScan 11K	v5.0	RFU	PLT28674	Raw RFU, Hyb Normalization, medNormInt (SampleId), plateScale, Calibration, anmlQC, qcCheck, Filtered	SomaScan 11K	SomaScan Assay v4.1	20%	NT=affinity-proteomics;VV=v1.0.0	NT=human;VV=v1.1.0	NT=somascan;VV=v1.0.0	v1.1.0	NT=sdrf-skills-autoresearch;VV=v0.0.0
PAD000014-A3975800	Homo sapiens	Blood plasma	not available	not available	not available	not available	not available	122	not applicable	blood plasma	PAD000014-r00151-A3975800	protein expression profiling by aptamer array	1	SS-2348869_v5.0_CitratePlasma.hybNorm.medNormInt.plateScale.calibrate.anmlQC.qcCheck.20231215.adat	ftp://ftp.pride.ebi.ac.uk/pride/data/archive/2025/10/PAD000014/SS-2348869_v5.0_CitratePlasma.hybNorm.medNormInt.plateScale.calibrate.anmlQC.qcCheck.20231215.adat	SomaScan Assay	SomaScan 11K	v5.0	RFU	PLT28674	Raw RFU, Hyb Normalization, medNormInt (SampleId), plateScale, Calibration, anmlQC, qcCheck, Filtered	SomaScan 11K	SomaScan Assay v4.1	20%	NT=affinity-proteomics;VV=v1.0.0	NT=human;VV=v1.1.0	NT=somascan;VV=v1.0.0	v1.1.0	NT=sdrf-skills-autoresearch;VV=v0.0.0
PAD000014-A4028811	Homo sapiens	Blood plasma	not available	not available	not available	not available	not available	123	not applicable	blood plasma	PAD000014-r00152-A4028811	protein expression profiling by aptamer array	1	SS-2348869_v5.0_CitratePlasma.hybNorm.medNormInt.plateScale.calibrate.anmlQC.qcCheck.20231215.adat	ftp://ftp.pride.ebi.ac.uk/pride/data/archive/2025/10/PAD000014/SS-2348869_v5.0_CitratePlasma.hybNorm.medNormInt.plateScale.calibrate.anmlQC.qcCheck.20231215.adat	SomaScan Assay	SomaScan 11K	v5.0	RFU	PLT28674	Raw RFU, Hyb Normalization, medNormInt (SampleId), plateScale, Calibration, anmlQC, qcCheck, Filtered	SomaScan 11K	SomaScan Assay v4.1	20%	NT=affinity-proteomics;VV=v1.0.0	NT=human;VV=v1.1.0	NT=somascan;VV=v1.0.0	v1.1.0	NT=sdrf-skills-autoresearch;VV=v0.0.0
PAD000014-A3975784	Homo sapiens	Blood plasma	not available	not available	not available	not available	not available	124	not applicable	blood plasma	PAD000014-r00153-A3975784	protein expression profiling by aptamer array	1	SS-2348869_v5.0_CitratePlasma.hybNorm.medNormInt.plateScale.calibrate.anmlQC.qcCheck.20231215.adat	ftp://ftp.pride.ebi.ac.uk/pride/data/archive/2025/10/PAD000014/SS-2348869_v5.0_CitratePlasma.hybNorm.medNormInt.plateScale.calibrate.anmlQC.qcCheck.20231215.adat	SomaScan Assay	SomaScan 11K	v5.0	RFU	PLT28674	Raw RFU, Hyb Normalization, medNormInt (SampleId), plateScale, Calibration, anmlQC, qcCheck, Filtered	SomaScan 11K	SomaScan Assay v4.1	20%	NT=affinity-proteomics;VV=v1.0.0	NT=human;VV=v1.1.0	NT=somascan;VV=v1.0.0	v1.1.0	NT=sdrf-skills-autoresearch;VV=v0.0.0
PAD000014-A4098516	Homo sapiens	Blood plasma	not available	not available	not available	not available	not available	125	not applicable	blood plasma	PAD000014-r00154-A4098516	protein expression profiling by aptamer array	1	SS-2348869_v5.0_CitratePlasma.hybNorm.medNormInt.plateScale.calibrate.anmlQC.qcCheck.20231215.adat	ftp://ftp.pride.ebi.ac.uk/pride/data/archive/2025/10/PAD000014/SS-2348869_v5.0_CitratePlasma.hybNorm.medNormInt.plateScale.calibrate.anmlQC.qcCheck.20231215.adat	SomaScan Assay	SomaScan 11K	v5.0	RFU	PLT28674	Raw RFU, Hyb Normalization, medNormInt (SampleId), plateScale, Calibration, anmlQC, qcCheck, Filtered	SomaScan 11K	SomaScan Assay v4.1	20%	NT=affinity-proteomics;VV=v1.0.0	NT=human;VV=v1.1.0	NT=somascan;VV=v1.0.0	v1.1.0	NT=sdrf-skills-autoresearch;VV=v0.0.0
PAD000014-A3975776	Homo sapiens	Blood plasma	not available	not available	not available	not available	not available	126	not applicable	blood plasma	PAD000014-r00155-A3975776	protein expression profiling by aptamer array	1	SS-2348869_v5.0_CitratePlasma.hybNorm.medNormInt.plateScale.calibrate.anmlQC.qcCheck.20231215.adat	ftp://ftp.pride.ebi.ac.uk/pride/data/archive/2025/10/PAD000014/SS-2348869_v5.0_CitratePlasma.hybNorm.medNormInt.plateScale.calibrate.anmlQC.qcCheck.20231215.adat	SomaScan Assay	SomaScan 11K	v5.0	RFU	PLT28674	Raw RFU, Hyb Normalization, medNormInt (SampleId), plateScale, Calibration, anmlQC, qcCheck, Filtered	SomaScan 11K	SomaScan Assay v4.1	20%	NT=affinity-proteomics;VV=v1.0.0	NT=human;VV=v1.1.0	NT=somascan;VV=v1.0.0	v1.1.0	NT=sdrf-skills-autoresearch;VV=v0.0.0
PAD000014-230420	Homo sapiens	Blood plasma	not available	not available	not available	not available	not available	105	calibrator	blood plasma	PAD000014-r00156-230420	protein expression profiling by aptamer array	3	SS-2348869_v5.0_CitratePlasma.hybNorm.medNormInt.plateScale.calibrate.anmlQC.qcCheck.20231215.adat	ftp://ftp.pride.ebi.ac.uk/pride/data/archive/2025/10/PAD000014/SS-2348869_v5.0_CitratePlasma.hybNorm.medNormInt.plateScale.calibrate.anmlQC.qcCheck.20231215.adat	SomaScan Assay	SomaScan 11K	v5.0	RFU	PLT28674	Raw RFU, Hyb Normalization, medNormInt (SampleId), plateScale, Calibration, anmlQC, qcCheck, Filtered	SomaScan 11K	SomaScan Assay v4.1	20%	NT=affinity-proteomics;VV=v1.0.0	NT=human;VV=v1.1.0	NT=somascan;VV=v1.0.0	v1.1.0	NT=sdrf-skills-autoresearch;VV=v0.0.0
PAD000014-A4098404	Homo sapiens	Blood plasma	not available	not available	not available	not available	not available	127	not applicable	blood plasma	PAD000014-r00157-A4098404	protein expression profiling by aptamer array	1	SS-2348869_v5.0_CitratePlasma.hybNorm.medNormInt.plateScale.calibrate.anmlQC.qcCheck.20231215.adat	ftp://ftp.pride.ebi.ac.uk/pride/data/archive/2025/10/PAD000014/SS-2348869_v5.0_CitratePlasma.hybNorm.medNormInt.plateScale.calibrate.anmlQC.qcCheck.20231215.adat	SomaScan Assay	SomaScan 11K	v5.0	RFU	PLT28674	Raw RFU, Hyb Normalization, medNormInt (SampleId), plateScale, Calibration, anmlQC, qcCheck, Filtered	SomaScan 11K	SomaScan Assay v4.1	20%	NT=affinity-proteomics;VV=v1.0.0	NT=human;VV=v1.1.0	NT=somascan;VV=v1.0.0	v1.1.0	NT=sdrf-skills-autoresearch;VV=v0.0.0
PAD000014-230420	Homo sapiens	Blood plasma	not available	not available	not available	not available	not available	105	calibrator	blood plasma	PAD000014-r00158-230420	protein expression profiling by aptamer array	4	SS-2348869_v5.0_CitratePlasma.hybNorm.medNormInt.plateScale.calibrate.anmlQC.qcCheck.20231215.adat	ftp://ftp.pride.ebi.ac.uk/pride/data/archive/2025/10/PAD000014/SS-2348869_v5.0_CitratePlasma.hybNorm.medNormInt.plateScale.calibrate.anmlQC.qcCheck.20231215.adat	SomaScan Assay	SomaScan 11K	v5.0	RFU	PLT28674	Raw RFU, Hyb Normalization, medNormInt (SampleId), plateScale, Calibration, anmlQC, qcCheck, Filtered	SomaScan 11K	SomaScan Assay v4.1	20%	NT=affinity-proteomics;VV=v1.0.0	NT=human;VV=v1.1.0	NT=somascan;VV=v1.0.0	v1.1.0	NT=sdrf-skills-autoresearch;VV=v0.0.0
PAD000014-SID8	Homo sapiens	Blood plasma	not available	not available	not available	not available	not available	128	not applicable	blood plasma	PAD000014-r00159-SID8	protein expression profiling by aptamer array	1	SS-2348869_v5.0_CitratePlasma.hybNorm.medNormInt.plateScale.calibrate.anmlQC.qcCheck.20231215.adat	ftp://ftp.pride.ebi.ac.uk/pride/data/archive/2025/10/PAD000014/SS-2348869_v5.0_CitratePlasma.hybNorm.medNormInt.plateScale.calibrate.anmlQC.qcCheck.20231215.adat	SomaScan Assay	SomaScan 11K	v5.0	RFU	PLT28674	Raw RFU, Hyb Normalization, medNormInt (SampleId), plateScale, Calibration, anmlQC, qcCheck, Filtered	SomaScan 11K	SomaScan Assay v4.1	20%	NT=affinity-proteomics;VV=v1.0.0	NT=human;VV=v1.1.0	NT=somascan;VV=v1.0.0	v1.1.0	NT=sdrf-skills-autoresearch;VV=v0.0.0
PAD000014-A3975792	Homo sapiens	Blood plasma	not available	not available	not available	not available	not available	129	not applicable	blood plasma	PAD000014-r00160-A3975792	protein expression profiling by aptamer array	1	SS-2348869_v5.0_CitratePlasma.hybNorm.medNormInt.plateScale.calibrate.anmlQC.qcCheck.20231215.adat	ftp://ftp.pride.ebi.ac.uk/pride/data/archive/2025/10/PAD000014/SS-2348869_v5.0_CitratePlasma.hybNorm.medNormInt.plateScale.calibrate.anmlQC.qcCheck.20231215.adat	SomaScan Assay	SomaScan 11K	v5.0	RFU	PLT28674	Raw RFU, Hyb Normalization, medNormInt (SampleId), plateScale, Calibration, anmlQC, qcCheck, Filtered	SomaScan 11K	SomaScan Assay v4.1	20%	NT=affinity-proteomics;VV=v1.0.0	NT=human;VV=v1.1.0	NT=somascan;VV=v1.0.0	v1.1.0	NT=sdrf-skills-autoresearch;VV=v0.0.0
PAD000014-0357841003	Homo sapiens	Blood plasma	not available	not available	not available	not available	not available	130	not applicable	blood plasma	PAD000014-r00161-0357841003	protein expression profiling by aptamer array	1	SS-2348869_v5.0_CitratePlasma.hybNorm.medNormInt.plateScale.calibrate.anmlQC.qcCheck.20231215.adat	ftp://ftp.pride.ebi.ac.uk/pride/data/archive/2025/10/PAD000014/SS-2348869_v5.0_CitratePlasma.hybNorm.medNormInt.plateScale.calibrate.anmlQC.qcCheck.20231215.adat	SomaScan Assay	SomaScan 11K	v5.0	RFU	PLT28674	Raw RFU, Hyb Normalization, medNormInt (SampleId), plateScale, Calibration, anmlQC, qcCheck, Filtered	SomaScan 11K	SomaScan Assay v4.1	20%	NT=affinity-proteomics;VV=v1.0.0	NT=human;VV=v1.1.0	NT=somascan;VV=v1.0.0	v1.1.0	NT=sdrf-skills-autoresearch;VV=v0.0.0
PAD000014-A4098212	Homo sapiens	Blood plasma	not available	not available	not available	not available	not available	131	not applicable	blood plasma	PAD000014-r00162-A4098212	protein expression profiling by aptamer array	1	SS-2348869_v5.0_CitratePlasma.hybNorm.medNormInt.plateScale.calibrate.anmlQC.qcCheck.20231215.adat	ftp://ftp.pride.ebi.ac.uk/pride/data/archive/2025/10/PAD000014/SS-2348869_v5.0_CitratePlasma.hybNorm.medNormInt.plateScale.calibrate.anmlQC.qcCheck.20231215.adat	SomaScan Assay	SomaScan 11K	v5.0	RFU	PLT28674	Raw RFU, Hyb Normalization, medNormInt (SampleId), plateScale, Calibration, anmlQC, qcCheck, Filtered	SomaScan 11K	SomaScan Assay v4.1	20%	NT=affinity-proteomics;VV=v1.0.0	NT=human;VV=v1.1.0	NT=somascan;VV=v1.0.0	v1.1.0	NT=sdrf-skills-autoresearch;VV=v0.0.0
PAD000014-A4098525	Homo sapiens	Blood plasma	not available	not available	not available	not available	not available	132	not applicable	blood plasma	PAD000014-r00163-A4098525	protein expression profiling by aptamer array	1	SS-2348869_v5.0_CitratePlasma.hybNorm.medNormInt.plateScale.calibrate.anmlQC.qcCheck.20231215.adat	ftp://ftp.pride.ebi.ac.uk/pride/data/archive/2025/10/PAD000014/SS-2348869_v5.0_CitratePlasma.hybNorm.medNormInt.plateScale.calibrate.anmlQC.qcCheck.20231215.adat	SomaScan Assay	SomaScan 11K	v5.0	RFU	PLT28674	Raw RFU, Hyb Normalization, medNormInt (SampleId), plateScale, Calibration, anmlQC, qcCheck, Filtered	SomaScan 11K	SomaScan Assay v4.1	20%	NT=affinity-proteomics;VV=v1.0.0	NT=human;VV=v1.1.0	NT=somascan;VV=v1.0.0	v1.1.0	NT=sdrf-skills-autoresearch;VV=v0.0.0
PAD000014-A4098228	Homo sapiens	Blood plasma	not available	not available	not available	not available	not available	133	not applicable	blood plasma	PAD000014-r00164-A4098228	protein expression profiling by aptamer array	1	SS-2348869_v5.0_CitratePlasma.hybNorm.medNormInt.plateScale.calibrate.anmlQC.qcCheck.20231215.adat	ftp://ftp.pride.ebi.ac.uk/pride/data/archive/2025/10/PAD000014/SS-2348869_v5.0_CitratePlasma.hybNorm.medNormInt.plateScale.calibrate.anmlQC.qcCheck.20231215.adat	SomaScan Assay	SomaScan 11K	v5.0	RFU	PLT28674	Raw RFU, Hyb Normalization, medNormInt (SampleId), plateScale, Calibration, anmlQC, qcCheck, Filtered	SomaScan 11K	SomaScan Assay v4.1	20%	NT=affinity-proteomics;VV=v1.0.0	NT=human;VV=v1.1.0	NT=somascan;VV=v1.0.0	v1.1.0	NT=sdrf-skills-autoresearch;VV=v0.0.0
PAD000014-230421	Homo sapiens	Blood plasma	not available	not available	not available	not available	not available	112	quality control sample	blood plasma	PAD000014-r00165-230421	protein expression profiling by aptamer array	2	SS-2348869_v5.0_CitratePlasma.hybNorm.medNormInt.plateScale.calibrate.anmlQC.qcCheck.20231215.adat	ftp://ftp.pride.ebi.ac.uk/pride/data/archive/2025/10/PAD000014/SS-2348869_v5.0_CitratePlasma.hybNorm.medNormInt.plateScale.calibrate.anmlQC.qcCheck.20231215.adat	SomaScan Assay	SomaScan 11K	v5.0	RFU	PLT28674	Raw RFU, Hyb Normalization, medNormInt (SampleId), plateScale, Calibration, anmlQC, qcCheck, Filtered	SomaScan 11K	SomaScan Assay v4.1	20%	NT=affinity-proteomics;VV=v1.0.0	NT=human;VV=v1.1.0	NT=somascan;VV=v1.0.0	v1.1.0	NT=sdrf-skills-autoresearch;VV=v0.0.0
PAD000014-A3975808	Homo sapiens	Blood plasma	not available	not available	not available	not available	not available	134	not applicable	blood plasma	PAD000014-r00166-A3975808	protein expression profiling by aptamer array	1	SS-2348869_v5.0_CitratePlasma.hybNorm.medNormInt.plateScale.calibrate.anmlQC.qcCheck.20231215.adat	ftp://ftp.pride.ebi.ac.uk/pride/data/archive/2025/10/PAD000014/SS-2348869_v5.0_CitratePlasma.hybNorm.medNormInt.plateScale.calibrate.anmlQC.qcCheck.20231215.adat	SomaScan Assay	SomaScan 11K	v5.0	RFU	PLT28674	Raw RFU, Hyb Normalization, medNormInt (SampleId), plateScale, Calibration, anmlQC, qcCheck, Filtered	SomaScan 11K	SomaScan Assay v4.1	20%	NT=affinity-proteomics;VV=v1.0.0	NT=human;VV=v1.1.0	NT=somascan;VV=v1.0.0	v1.1.0	NT=sdrf-skills-autoresearch;VV=v0.0.0
PAD000014-A4098541	Homo sapiens	Blood plasma	not available	not available	not available	not available	not available	135	not applicable	blood plasma	PAD000014-r00167-A4098541	protein expression profiling by aptamer array	1	SS-2348869_v5.0_CitratePlasma.hybNorm.medNormInt.plateScale.calibrate.anmlQC.qcCheck.20231215.adat	ftp://ftp.pride.ebi.ac.uk/pride/data/archive/2025/10/PAD000014/SS-2348869_v5.0_CitratePlasma.hybNorm.medNormInt.plateScale.calibrate.anmlQC.qcCheck.20231215.adat	SomaScan Assay	SomaScan 11K	v5.0	RFU	PLT28674	Raw RFU, Hyb Normalization, medNormInt (SampleId), plateScale, Calibration, anmlQC, qcCheck, Filtered	SomaScan 11K	SomaScan Assay v4.1	20%	NT=affinity-proteomics;VV=v1.0.0	NT=human;VV=v1.1.0	NT=somascan;VV=v1.0.0	v1.1.0	NT=sdrf-skills-autoresearch;VV=v0.0.0
PAD000014-A4028836	Homo sapiens	Blood plasma	not available	not available	not available	not available	not available	136	not applicable	blood plasma	PAD000014-r00168-A4028836	protein expression profiling by aptamer array	1	SS-2348869_v5.0_CitratePlasma.hybNorm.medNormInt.plateScale.calibrate.anmlQC.qcCheck.20231215.adat	ftp://ftp.pride.ebi.ac.uk/pride/data/archive/2025/10/PAD000014/SS-2348869_v5.0_CitratePlasma.hybNorm.medNormInt.plateScale.calibrate.anmlQC.qcCheck.20231215.adat	SomaScan Assay	SomaScan 11K	v5.0	RFU	PLT28674	Raw RFU, Hyb Normalization, medNormInt (SampleId), plateScale, Calibration, anmlQC, qcCheck, Filtered	SomaScan 11K	SomaScan Assay v4.1	20%	NT=affinity-proteomics;VV=v1.0.0	NT=human;VV=v1.1.0	NT=somascan;VV=v1.0.0	v1.1.0	NT=sdrf-skills-autoresearch;VV=v0.0.0
PAD000014-0357893318	Homo sapiens	Blood plasma	not available	not available	not available	not available	not available	137	not applicable	blood plasma	PAD000014-r00169-0357893318	protein expression profiling by aptamer array	1	SS-2348869_v5.0_CitratePlasma.hybNorm.medNormInt.plateScale.calibrate.anmlQC.qcCheck.20231215.adat	ftp://ftp.pride.ebi.ac.uk/pride/data/archive/2025/10/PAD000014/SS-2348869_v5.0_CitratePlasma.hybNorm.medNormInt.plateScale.calibrate.anmlQC.qcCheck.20231215.adat	SomaScan Assay	SomaScan 11K	v5.0	RFU	PLT28674	Raw RFU, Hyb Normalization, medNormInt (SampleId), plateScale, Calibration, anmlQC, qcCheck, Filtered	SomaScan 11K	SomaScan Assay v4.1	20%	NT=affinity-proteomics;VV=v1.0.0	NT=human;VV=v1.1.0	NT=somascan;VV=v1.0.0	v1.1.0	NT=sdrf-skills-autoresearch;VV=v0.0.0
PAD000014-A4033065	Homo sapiens	Blood plasma	not available	not available	not available	not available	not available	138	not applicable	blood plasma	PAD000014-r00170-A4033065	protein expression profiling by aptamer array	1	SS-2348869_v5.0_CitratePlasma.hybNorm.medNormInt.plateScale.calibrate.anmlQC.qcCheck.20231215.adat	ftp://ftp.pride.ebi.ac.uk/pride/data/archive/2025/10/PAD000014/SS-2348869_v5.0_CitratePlasma.hybNorm.medNormInt.plateScale.calibrate.anmlQC.qcCheck.20231215.adat	SomaScan Assay	SomaScan 11K	v5.0	RFU	PLT28674	Raw RFU, Hyb Normalization, medNormInt (SampleId), plateScale, Calibration, anmlQC, qcCheck, Filtered	SomaScan 11K	SomaScan Assay v4.1	20%	NT=affinity-proteomics;VV=v1.0.0	NT=human;VV=v1.1.0	NT=somascan;VV=v1.0.0	v1.1.0	NT=sdrf-skills-autoresearch;VV=v0.0.0
PAD000014-A4030347	Homo sapiens	Blood plasma	not available	not available	not available	not available	not available	139	not applicable	blood plasma	PAD000014-r00171-A4030347	protein expression profiling by aptamer array	1	SS-2348869_v5.0_CitratePlasma.hybNorm.medNormInt.plateScale.calibrate.anmlQC.qcCheck.20231215.adat	ftp://ftp.pride.ebi.ac.uk/pride/data/archive/2025/10/PAD000014/SS-2348869_v5.0_CitratePlasma.hybNorm.medNormInt.plateScale.calibrate.anmlQC.qcCheck.20231215.adat	SomaScan Assay	SomaScan 11K	v5.0	RFU	PLT28674	Raw RFU, Hyb Normalization, medNormInt (SampleId), plateScale, Calibration, anmlQC, qcCheck, Filtered	SomaScan 11K	SomaScan Assay v4.1	20%	NT=affinity-proteomics;VV=v1.0.0	NT=human;VV=v1.1.0	NT=somascan;VV=v1.0.0	v1.1.0	NT=sdrf-skills-autoresearch;VV=v0.0.0
PAD000014-A4098461	Homo sapiens	Blood plasma	not available	not available	not available	not available	not available	140	not applicable	blood plasma	PAD000014-r00172-A4098461	protein expression profiling by aptamer array	1	SS-2348869_v5.0_CitratePlasma.hybNorm.medNormInt.plateScale.calibrate.anmlQC.qcCheck.20231215.adat	ftp://ftp.pride.ebi.ac.uk/pride/data/archive/2025/10/PAD000014/SS-2348869_v5.0_CitratePlasma.hybNorm.medNormInt.plateScale.calibrate.anmlQC.qcCheck.20231215.adat	SomaScan Assay	SomaScan 11K	v5.0	RFU	PLT28674	Raw RFU, Hyb Normalization, medNormInt (SampleId), plateScale, Calibration, anmlQC, qcCheck, Filtered	SomaScan 11K	SomaScan Assay v4.1	20%	NT=affinity-proteomics;VV=v1.0.0	NT=human;VV=v1.1.0	NT=somascan;VV=v1.0.0	v1.1.0	NT=sdrf-skills-autoresearch;VV=v0.0.0
PAD000014-230421	Homo sapiens	Blood plasma	not available	not available	not available	not available	not available	112	quality control sample	blood plasma	PAD000014-r00173-230421	protein expression profiling by aptamer array	3	SS-2348869_v5.0_CitratePlasma.hybNorm.medNormInt.plateScale.calibrate.anmlQC.qcCheck.20231215.adat	ftp://ftp.pride.ebi.ac.uk/pride/data/archive/2025/10/PAD000014/SS-2348869_v5.0_CitratePlasma.hybNorm.medNormInt.plateScale.calibrate.anmlQC.qcCheck.20231215.adat	SomaScan Assay	SomaScan 11K	v5.0	RFU	PLT28674	Raw RFU, Hyb Normalization, medNormInt (SampleId), plateScale, Calibration, anmlQC, qcCheck, Filtered	SomaScan 11K	SomaScan Assay v4.1	20%	NT=affinity-proteomics;VV=v1.0.0	NT=human;VV=v1.1.0	NT=somascan;VV=v1.0.0	v1.1.0	NT=sdrf-skills-autoresearch;VV=v0.0.0
PAD000014-A4030404	Homo sapiens	Blood plasma	not available	not available	not available	not available	not available	141	not applicable	blood plasma	PAD000014-r00174-A4030404	protein expression profiling by aptamer array	1	SS-2348869_v5.0_CitratePlasma.hybNorm.medNormInt.plateScale.calibrate.anmlQC.qcCheck.20231215.adat	ftp://ftp.pride.ebi.ac.uk/pride/data/archive/2025/10/PAD000014/SS-2348869_v5.0_CitratePlasma.hybNorm.medNormInt.plateScale.calibrate.anmlQC.qcCheck.20231215.adat	SomaScan Assay	SomaScan 11K	v5.0	RFU	PLT28674	Raw RFU, Hyb Normalization, medNormInt (SampleId), plateScale, Calibration, anmlQC, qcCheck, Filtered	SomaScan 11K	SomaScan Assay v4.1	20%	NT=affinity-proteomics;VV=v1.0.0	NT=human;VV=v1.1.0	NT=somascan;VV=v1.0.0	v1.1.0	NT=sdrf-skills-autoresearch;VV=v0.0.0
PAD000014-A4028875	Homo sapiens	Blood plasma	not available	not available	not available	not available	not available	142	not applicable	blood plasma	PAD000014-r00175-A4028875	protein expression profiling by aptamer array	1	SS-2348869_v5.0_CitratePlasma.hybNorm.medNormInt.plateScale.calibrate.anmlQC.qcCheck.20231215.adat	ftp://ftp.pride.ebi.ac.uk/pride/data/archive/2025/10/PAD000014/SS-2348869_v5.0_CitratePlasma.hybNorm.medNormInt.plateScale.calibrate.anmlQC.qcCheck.20231215.adat	SomaScan Assay	SomaScan 11K	v5.0	RFU	PLT28674	Raw RFU, Hyb Normalization, medNormInt (SampleId), plateScale, Calibration, anmlQC, qcCheck, Filtered	SomaScan 11K	SomaScan Assay v4.1	20%	NT=affinity-proteomics;VV=v1.0.0	NT=human;VV=v1.1.0	NT=somascan;VV=v1.0.0	v1.1.0	NT=sdrf-skills-autoresearch;VV=v0.0.0
PAD000014-A3975760	Homo sapiens	Blood plasma	not available	not available	not available	not available	not available	143	not applicable	blood plasma	PAD000014-r00176-A3975760	protein expression profiling by aptamer array	1	SS-2348869_v5.0_CitratePlasma.hybNorm.medNormInt.plateScale.calibrate.anmlQC.qcCheck.20231215.adat	ftp://ftp.pride.ebi.ac.uk/pride/data/archive/2025/10/PAD000014/SS-2348869_v5.0_CitratePlasma.hybNorm.medNormInt.plateScale.calibrate.anmlQC.qcCheck.20231215.adat	SomaScan Assay	SomaScan 11K	v5.0	RFU	PLT28674	Raw RFU, Hyb Normalization, medNormInt (SampleId), plateScale, Calibration, anmlQC, qcCheck, Filtered	SomaScan 11K	SomaScan Assay v4.1	20%	NT=affinity-proteomics;VV=v1.0.0	NT=human;VV=v1.1.0	NT=somascan;VV=v1.0.0	v1.1.0	NT=sdrf-skills-autoresearch;VV=v0.0.0
PAD000014-SID6	Homo sapiens	Blood plasma	not available	not available	not available	not available	not available	144	not applicable	blood plasma	PAD000014-r00177-SID6	protein expression profiling by aptamer array	1	SS-2348869_v5.0_CitratePlasma.hybNorm.medNormInt.plateScale.calibrate.anmlQC.qcCheck.20231215.adat	ftp://ftp.pride.ebi.ac.uk/pride/data/archive/2025/10/PAD000014/SS-2348869_v5.0_CitratePlasma.hybNorm.medNormInt.plateScale.calibrate.anmlQC.qcCheck.20231215.adat	SomaScan Assay	SomaScan 11K	v5.0	RFU	PLT28674	Raw RFU, Hyb Normalization, medNormInt (SampleId), plateScale, Calibration, anmlQC, qcCheck, Filtered	SomaScan 11K	SomaScan Assay v4.1	20%	NT=affinity-proteomics;VV=v1.0.0	NT=human;VV=v1.1.0	NT=somascan;VV=v1.0.0	v1.1.0	NT=sdrf-skills-autoresearch;VV=v0.0.0
PAD000014-A4033033	Homo sapiens	Blood plasma	not available	not available	not available	not available	not available	145	not applicable	blood plasma	PAD000014-r00178-A4033033	protein expression profiling by aptamer array	1	SS-2348869_v5.0_CitratePlasma.hybNorm.medNormInt.plateScale.calibrate.anmlQC.qcCheck.20231215.adat	ftp://ftp.pride.ebi.ac.uk/pride/data/archive/2025/10/PAD000014/SS-2348869_v5.0_CitratePlasma.hybNorm.medNormInt.plateScale.calibrate.anmlQC.qcCheck.20231215.adat	SomaScan Assay	SomaScan 11K	v5.0	RFU	PLT28674	Raw RFU, Hyb Normalization, medNormInt (SampleId), plateScale, Calibration, anmlQC, qcCheck, Filtered	SomaScan 11K	SomaScan Assay v4.1	20%	NT=affinity-proteomics;VV=v1.0.0	NT=human;VV=v1.1.0	NT=somascan;VV=v1.0.0	v1.1.0	NT=sdrf-skills-autoresearch;VV=v0.0.0
PAD000014-A4098180	Homo sapiens	Blood plasma	not available	not available	not available	not available	not available	146	not applicable	blood plasma	PAD000014-r00179-A4098180	protein expression profiling by aptamer array	1	SS-2348869_v5.0_CitratePlasma.hybNorm.medNormInt.plateScale.calibrate.anmlQC.qcCheck.20231215.adat	ftp://ftp.pride.ebi.ac.uk/pride/data/archive/2025/10/PAD000014/SS-2348869_v5.0_CitratePlasma.hybNorm.medNormInt.plateScale.calibrate.anmlQC.qcCheck.20231215.adat	SomaScan Assay	SomaScan 11K	v5.0	RFU	PLT28674	Raw RFU, Hyb Normalization, medNormInt (SampleId), plateScale, Calibration, anmlQC, qcCheck, Filtered	SomaScan 11K	SomaScan Assay v4.1	20%	NT=affinity-proteomics;VV=v1.0.0	NT=human;VV=v1.1.0	NT=somascan;VV=v1.0.0	v1.1.0	NT=sdrf-skills-autoresearch;VV=v0.0.0
PAD000014-0357896522	Homo sapiens	Blood plasma	not available	not available	not available	not available	not available	147	not applicable	blood plasma	PAD000014-r00180-0357896522	protein expression profiling by aptamer array	1	SS-2348869_v5.0_CitratePlasma.hybNorm.medNormInt.plateScale.calibrate.anmlQC.qcCheck.20231215.adat	ftp://ftp.pride.ebi.ac.uk/pride/data/archive/2025/10/PAD000014/SS-2348869_v5.0_CitratePlasma.hybNorm.medNormInt.plateScale.calibrate.anmlQC.qcCheck.20231215.adat	SomaScan Assay	SomaScan 11K	v5.0	RFU	PLT28674	Raw RFU, Hyb Normalization, medNormInt (SampleId), plateScale, Calibration, anmlQC, qcCheck, Filtered	SomaScan 11K	SomaScan Assay v4.1	20%	NT=affinity-proteomics;VV=v1.0.0	NT=human;VV=v1.1.0	NT=somascan;VV=v1.0.0	v1.1.0	NT=sdrf-skills-autoresearch;VV=v0.0.0
PAD000014-A4090286	Homo sapiens	Blood plasma	not available	not available	not available	not available	not available	148	not applicable	blood plasma	PAD000014-r00181-A4090286	protein expression profiling by aptamer array	1	SS-2348869_v5.0_CitratePlasma.hybNorm.medNormInt.plateScale.calibrate.anmlQC.qcCheck.20231215.adat	ftp://ftp.pride.ebi.ac.uk/pride/data/archive/2025/10/PAD000014/SS-2348869_v5.0_CitratePlasma.hybNorm.medNormInt.plateScale.calibrate.anmlQC.qcCheck.20231215.adat	SomaScan Assay	SomaScan 11K	v5.0	RFU	PLT28674	Raw RFU, Hyb Normalization, medNormInt (SampleId), plateScale, Calibration, anmlQC, qcCheck, Filtered	SomaScan 11K	SomaScan Assay v4.1	20%	NT=affinity-proteomics;VV=v1.0.0	NT=human;VV=v1.1.0	NT=somascan;VV=v1.0.0	v1.1.0	NT=sdrf-skills-autoresearch;VV=v0.0.0
PAD000014-SID1	Homo sapiens	Blood plasma	not available	not available	not available	not available	not available	149	not applicable	blood plasma	PAD000014-r00182-SID1	protein expression profiling by aptamer array	1	SS-2348869_v5.0_CitratePlasma.hybNorm.medNormInt.plateScale.calibrate.anmlQC.qcCheck.20231215.adat	ftp://ftp.pride.ebi.ac.uk/pride/data/archive/2025/10/PAD000014/SS-2348869_v5.0_CitratePlasma.hybNorm.medNormInt.plateScale.calibrate.anmlQC.qcCheck.20231215.adat	SomaScan Assay	SomaScan 11K	v5.0	RFU	PLT28674	Raw RFU, Hyb Normalization, medNormInt (SampleId), plateScale, Calibration, anmlQC, qcCheck, Filtered	SomaScan 11K	SomaScan Assay v4.1	20%	NT=affinity-proteomics;VV=v1.0.0	NT=human;VV=v1.1.0	NT=somascan;VV=v1.0.0	v1.1.0	NT=sdrf-skills-autoresearch;VV=v0.0.0
PAD000014-230500	Homo sapiens	Blood plasma	not available	not available	not available	not available	not available	96	not applicable	blood plasma	PAD000014-r00183-230500	protein expression profiling by aptamer array	2	SS-2348869_v5.0_CitratePlasma.hybNorm.medNormInt.plateScale.calibrate.anmlQC.qcCheck.20231215.adat	ftp://ftp.pride.ebi.ac.uk/pride/data/archive/2025/10/PAD000014/SS-2348869_v5.0_CitratePlasma.hybNorm.medNormInt.plateScale.calibrate.anmlQC.qcCheck.20231215.adat	SomaScan Assay	SomaScan 11K	v5.0	RFU	PLT28674	Raw RFU, Hyb Normalization, medNormInt (SampleId), plateScale, Calibration, anmlQC, qcCheck, Filtered	SomaScan 11K	SomaScan Assay v4.1	20%	NT=affinity-proteomics;VV=v1.0.0	NT=human;VV=v1.1.0	NT=somascan;VV=v1.0.0	v1.1.0	NT=sdrf-skills-autoresearch;VV=v0.0.0
PAD000014-A4028884	Homo sapiens	Blood plasma	not available	not available	not available	not available	not available	150	not applicable	blood plasma	PAD000014-r00184-A4028884	protein expression profiling by aptamer array	1	SS-2348869_v5.0_CitratePlasma.hybNorm.medNormInt.plateScale.calibrate.anmlQC.qcCheck.20231215.adat	ftp://ftp.pride.ebi.ac.uk/pride/data/archive/2025/10/PAD000014/SS-2348869_v5.0_CitratePlasma.hybNorm.medNormInt.plateScale.calibrate.anmlQC.qcCheck.20231215.adat	SomaScan Assay	SomaScan 11K	v5.0	RFU	PLT28674	Raw RFU, Hyb Normalization, medNormInt (SampleId), plateScale, Calibration, anmlQC, qcCheck, Filtered	SomaScan 11K	SomaScan Assay v4.1	20%	NT=affinity-proteomics;VV=v1.0.0	NT=human;VV=v1.1.0	NT=somascan;VV=v1.0.0	v1.1.0	NT=sdrf-skills-autoresearch;VV=v0.0.0
PAD000014-A4098205	Homo sapiens	Blood plasma	not available	not available	not available	not available	not available	151	not applicable	blood plasma	PAD000014-r00185-A4098205	protein expression profiling by aptamer array	1	SS-2348869_v5.0_CitratePlasma.hybNorm.medNormInt.plateScale.calibrate.anmlQC.qcCheck.20231215.adat	ftp://ftp.pride.ebi.ac.uk/pride/data/archive/2025/10/PAD000014/SS-2348869_v5.0_CitratePlasma.hybNorm.medNormInt.plateScale.calibrate.anmlQC.qcCheck.20231215.adat	SomaScan Assay	SomaScan 11K	v5.0	RFU	PLT28674	Raw RFU, Hyb Normalization, medNormInt (SampleId), plateScale, Calibration, anmlQC, qcCheck, Filtered	SomaScan 11K	SomaScan Assay v4.1	20%	NT=affinity-proteomics;VV=v1.0.0	NT=human;VV=v1.1.0	NT=somascan;VV=v1.0.0	v1.1.0	NT=sdrf-skills-autoresearch;VV=v0.0.0
PAD000014-0357896275	Homo sapiens	Blood plasma	not available	not available	not available	not available	not available	152	not applicable	blood plasma	PAD000014-r00186-0357896275	protein expression profiling by aptamer array	1	SS-2348869_v5.0_CitratePlasma.hybNorm.medNormInt.plateScale.calibrate.anmlQC.qcCheck.20231215.adat	ftp://ftp.pride.ebi.ac.uk/pride/data/archive/2025/10/PAD000014/SS-2348869_v5.0_CitratePlasma.hybNorm.medNormInt.plateScale.calibrate.anmlQC.qcCheck.20231215.adat	SomaScan Assay	SomaScan 11K	v5.0	RFU	PLT28674	Raw RFU, Hyb Normalization, medNormInt (SampleId), plateScale, Calibration, anmlQC, qcCheck, Filtered	SomaScan 11K	SomaScan Assay v4.1	20%	NT=affinity-proteomics;VV=v1.0.0	NT=human;VV=v1.1.0	NT=somascan;VV=v1.0.0	v1.1.0	NT=sdrf-skills-autoresearch;VV=v0.0.0
PAD000014-A3975744	Homo sapiens	Blood plasma	not available	not available	not available	not available	not available	153	not applicable	blood plasma	PAD000014-r00187-A3975744	protein expression profiling by aptamer array	1	SS-2348869_v5.0_CitratePlasma.hybNorm.medNormInt.plateScale.calibrate.anmlQC.qcCheck.20231215.adat	ftp://ftp.pride.ebi.ac.uk/pride/data/archive/2025/10/PAD000014/SS-2348869_v5.0_CitratePlasma.hybNorm.medNormInt.plateScale.calibrate.anmlQC.qcCheck.20231215.adat	SomaScan Assay	SomaScan 11K	v5.0	RFU	PLT28674	Raw RFU, Hyb Normalization, medNormInt (SampleId), plateScale, Calibration, anmlQC, qcCheck, Filtered	SomaScan 11K	SomaScan Assay v4.1	20%	NT=affinity-proteomics;VV=v1.0.0	NT=human;VV=v1.1.0	NT=somascan;VV=v1.0.0	v1.1.0	NT=sdrf-skills-autoresearch;VV=v0.0.0
PAD000014-A4098196	Homo sapiens	Blood plasma	not available	not available	not available	not available	not available	154	not applicable	blood plasma	PAD000014-r00188-A4098196	protein expression profiling by aptamer array	1	SS-2348869_v5.0_CitratePlasma.hybNorm.medNormInt.plateScale.calibrate.anmlQC.qcCheck.20231215.adat	ftp://ftp.pride.ebi.ac.uk/pride/data/archive/2025/10/PAD000014/SS-2348869_v5.0_CitratePlasma.hybNorm.medNormInt.plateScale.calibrate.anmlQC.qcCheck.20231215.adat	SomaScan Assay	SomaScan 11K	v5.0	RFU	PLT28674	Raw RFU, Hyb Normalization, medNormInt (SampleId), plateScale, Calibration, anmlQC, qcCheck, Filtered	SomaScan 11K	SomaScan Assay v4.1	20%	NT=affinity-proteomics;VV=v1.0.0	NT=human;VV=v1.1.0	NT=somascan;VV=v1.0.0	v1.1.0	NT=sdrf-skills-autoresearch;VV=v0.0.0
PAD000014-A4030379	Homo sapiens	Blood plasma	not available	not available	not available	not available	not available	155	not applicable	blood plasma	PAD000014-r00189-A4030379	protein expression profiling by aptamer array	1	SS-2348869_v5.0_CitratePlasma.hybNorm.medNormInt.plateScale.calibrate.anmlQC.qcCheck.20231215.adat	ftp://ftp.pride.ebi.ac.uk/pride/data/archive/2025/10/PAD000014/SS-2348869_v5.0_CitratePlasma.hybNorm.medNormInt.plateScale.calibrate.anmlQC.qcCheck.20231215.adat	SomaScan Assay	SomaScan 11K	v5.0	RFU	PLT28674	Raw RFU, Hyb Normalization, medNormInt (SampleId), plateScale, Calibration, anmlQC, qcCheck, Filtered	SomaScan 11K	SomaScan Assay v4.1	20%	NT=affinity-proteomics;VV=v1.0.0	NT=human;VV=v1.1.0	NT=somascan;VV=v1.0.0	v1.1.0	NT=sdrf-skills-autoresearch;VV=v0.0.0
PAD000014-SID3	Homo sapiens	Blood plasma	not available	not available	not available	not available	not available	156	not applicable	blood plasma	PAD000014-r00190-SID3	protein expression profiling by aptamer array	1	SS-2348869_v5.0_CitratePlasma.hybNorm.medNormInt.plateScale.calibrate.anmlQC.qcCheck.20231215.adat	ftp://ftp.pride.ebi.ac.uk/pride/data/archive/2025/10/PAD000014/SS-2348869_v5.0_CitratePlasma.hybNorm.medNormInt.plateScale.calibrate.anmlQC.qcCheck.20231215.adat	SomaScan Assay	SomaScan 11K	v5.0	RFU	PLT28674	Raw RFU, Hyb Normalization, medNormInt (SampleId), plateScale, Calibration, anmlQC, qcCheck, Filtered	SomaScan 11K	SomaScan Assay v4.1	20%	NT=affinity-proteomics;VV=v1.0.0	NT=human;VV=v1.1.0	NT=somascan;VV=v1.0.0	v1.1.0	NT=sdrf-skills-autoresearch;VV=v0.0.0
PAD000014-A4033049	Homo sapiens	Blood plasma	not available	not available	not available	not available	not available	157	not applicable	blood plasma	PAD000014-r00191-A4033049	protein expression profiling by aptamer array	1	SS-2348869_v5.0_CitratePlasma.hybNorm.medNormInt.plateScale.calibrate.anmlQC.qcCheck.20231215.adat	ftp://ftp.pride.ebi.ac.uk/pride/data/archive/2025/10/PAD000014/SS-2348869_v5.0_CitratePlasma.hybNorm.medNormInt.plateScale.calibrate.anmlQC.qcCheck.20231215.adat	SomaScan Assay	SomaScan 11K	v5.0	RFU	PLT28674	Raw RFU, Hyb Normalization, medNormInt (SampleId), plateScale, Calibration, anmlQC, qcCheck, Filtered	SomaScan 11K	SomaScan Assay v4.1	20%	NT=affinity-proteomics;VV=v1.0.0	NT=human;VV=v1.1.0	NT=somascan;VV=v1.0.0	v1.1.0	NT=sdrf-skills-autoresearch;VV=v0.0.0
PAD000014-A4098420	Homo sapiens	Blood plasma	not available	not available	not available	not available	not available	158	not applicable	blood plasma	PAD000014-r00192-A4098420	protein expression profiling by aptamer array	1	SS-2348869_v5.0_CitratePlasma.hybNorm.medNormInt.plateScale.calibrate.anmlQC.qcCheck.20231215.adat	ftp://ftp.pride.ebi.ac.uk/pride/data/archive/2025/10/PAD000014/SS-2348869_v5.0_CitratePlasma.hybNorm.medNormInt.plateScale.calibrate.anmlQC.qcCheck.20231215.adat	SomaScan Assay	SomaScan 11K	v5.0	RFU	PLT28674	Raw RFU, Hyb Normalization, medNormInt (SampleId), plateScale, Calibration, anmlQC, qcCheck, Filtered	SomaScan 11K	SomaScan Assay v4.1	20%	NT=affinity-proteomics;VV=v1.0.0	NT=human;VV=v1.1.0	NT=somascan;VV=v1.0.0	v1.1.0	NT=sdrf-skills-autoresearch;VV=v0.0.0
PAD000014-A4028843	Homo sapiens	Blood plasma	not available	not available	not available	not available	not available	159	not applicable	blood plasma	PAD000014-r00193-A4028843	protein expression profiling by aptamer array	1	SS-2348869_v5.0_CitratePlasma.hybNorm.medNormInt.plateScale.calibrate.anmlQC.qcCheck.20231215.adat	ftp://ftp.pride.ebi.ac.uk/pride/data/archive/2025/10/PAD000014/SS-2348869_v5.0_CitratePlasma.hybNorm.medNormInt.plateScale.calibrate.anmlQC.qcCheck.20231215.adat	SomaScan Assay	SomaScan 11K	v5.0	RFU	PLT28674	Raw RFU, Hyb Normalization, medNormInt (SampleId), plateScale, Calibration, anmlQC, qcCheck, Filtered	SomaScan 11K	SomaScan Assay v4.1	20%	NT=affinity-proteomics;VV=v1.0.0	NT=human;VV=v1.1.0	NT=somascan;VV=v1.0.0	v1.1.0	NT=sdrf-skills-autoresearch;VV=v0.0.0
PAD000014-A4098372	Homo sapiens	Blood plasma	not available	not available	not available	not available	not available	160	not applicable	blood plasma	PAD000014-r00194-A4098372	protein expression profiling by aptamer array	1	SS-2348869_v5.0_CitratePlasma.hybNorm.medNormInt.plateScale.calibrate.anmlQC.qcCheck.20231215.adat	ftp://ftp.pride.ebi.ac.uk/pride/data/archive/2025/10/PAD000014/SS-2348869_v5.0_CitratePlasma.hybNorm.medNormInt.plateScale.calibrate.anmlQC.qcCheck.20231215.adat	SomaScan Assay	SomaScan 11K	v5.0	RFU	PLT28674	Raw RFU, Hyb Normalization, medNormInt (SampleId), plateScale, Calibration, anmlQC, qcCheck, Filtered	SomaScan 11K	SomaScan Assay v4.1	20%	NT=affinity-proteomics;VV=v1.0.0	NT=human;VV=v1.1.0	NT=somascan;VV=v1.0.0	v1.1.0	NT=sdrf-skills-autoresearch;VV=v0.0.0
PAD000014-A4098356	Homo sapiens	Blood plasma	not available	not available	not available	not available	not available	161	not applicable	blood plasma	PAD000014-r00195-A4098356	protein expression profiling by aptamer array	1	SS-2348869_v5.0_CitratePlasma.hybNorm.medNormInt.plateScale.calibrate.anmlQC.qcCheck.20231215.adat	ftp://ftp.pride.ebi.ac.uk/pride/data/archive/2025/10/PAD000014/SS-2348869_v5.0_CitratePlasma.hybNorm.medNormInt.plateScale.calibrate.anmlQC.qcCheck.20231215.adat	SomaScan Assay	SomaScan 11K	v5.0	RFU	PLT28674	Raw RFU, Hyb Normalization, medNormInt (SampleId), plateScale, Calibration, anmlQC, qcCheck, Filtered	SomaScan 11K	SomaScan Assay v4.1	20%	NT=affinity-proteomics;VV=v1.0.0	NT=human;VV=v1.1.0	NT=somascan;VV=v1.0.0	v1.1.0	NT=sdrf-skills-autoresearch;VV=v0.0.0
PAD000014-A4098365	Homo sapiens	Blood plasma	not available	not available	not available	not available	not available	162	not applicable	blood plasma	PAD000014-r00196-A4098365	protein expression profiling by aptamer array	1	SS-2348869_v5.0_CitratePlasma.hybNorm.medNormInt.plateScale.calibrate.anmlQC.qcCheck.20231215.adat	ftp://ftp.pride.ebi.ac.uk/pride/data/archive/2025/10/PAD000014/SS-2348869_v5.0_CitratePlasma.hybNorm.medNormInt.plateScale.calibrate.anmlQC.qcCheck.20231215.adat	SomaScan Assay	SomaScan 11K	v5.0	RFU	PLT28674	Raw RFU, Hyb Normalization, medNormInt (SampleId), plateScale, Calibration, anmlQC, qcCheck, Filtered	SomaScan 11K	SomaScan Assay v4.1	20%	NT=affinity-proteomics;VV=v1.0.0	NT=human;VV=v1.1.0	NT=somascan;VV=v1.0.0	v1.1.0	NT=sdrf-skills-autoresearch;VV=v0.0.0
PAD000014-0357897490	Homo sapiens	Blood plasma	not available	not available	not available	not available	not available	163	not applicable	blood plasma	PAD000014-r00197-0357897490	protein expression profiling by aptamer array	1	SS-2348869_v5.0_CitratePlasma.hybNorm.medNormInt.plateScale.calibrate.anmlQC.qcCheck.20231215.adat	ftp://ftp.pride.ebi.ac.uk/pride/data/archive/2025/10/PAD000014/SS-2348869_v5.0_CitratePlasma.hybNorm.medNormInt.plateScale.calibrate.anmlQC.qcCheck.20231215.adat	SomaScan Assay	SomaScan 11K	v5.0	RFU	PLT28674	Raw RFU, Hyb Normalization, medNormInt (SampleId), plateScale, Calibration, anmlQC, qcCheck, Filtered	SomaScan 11K	SomaScan Assay v4.1	20%	NT=affinity-proteomics;VV=v1.0.0	NT=human;VV=v1.1.0	NT=somascan;VV=v1.0.0	v1.1.0	NT=sdrf-skills-autoresearch;VV=v0.0.0
PAD000014-A4098173	Homo sapiens	Blood plasma	not available	not available	not available	not available	not available	164	not applicable	blood plasma	PAD000014-r00198-A4098173	protein expression profiling by aptamer array	1	SS-2348869_v5.0_CitratePlasma.hybNorm.medNormInt.plateScale.calibrate.anmlQC.qcCheck.20231215.adat	ftp://ftp.pride.ebi.ac.uk/pride/data/archive/2025/10/PAD000014/SS-2348869_v5.0_CitratePlasma.hybNorm.medNormInt.plateScale.calibrate.anmlQC.qcCheck.20231215.adat	SomaScan Assay	SomaScan 11K	v5.0	RFU	PLT28674	Raw RFU, Hyb Normalization, medNormInt (SampleId), plateScale, Calibration, anmlQC, qcCheck, Filtered	SomaScan 11K	SomaScan Assay v4.1	20%	NT=affinity-proteomics;VV=v1.0.0	NT=human;VV=v1.1.0	NT=somascan;VV=v1.0.0	v1.1.0	NT=sdrf-skills-autoresearch;VV=v0.0.0
PAD000014-230500	Homo sapiens	Blood plasma	not available	not available	not available	not available	not available	96	not applicable	blood plasma	PAD000014-r00199-230500	protein expression profiling by aptamer array	3	SS-2348869_v5.0_CitratePlasma.hybNorm.medNormInt.plateScale.calibrate.anmlQC.qcCheck.20231215.adat	ftp://ftp.pride.ebi.ac.uk/pride/data/archive/2025/10/PAD000014/SS-2348869_v5.0_CitratePlasma.hybNorm.medNormInt.plateScale.calibrate.anmlQC.qcCheck.20231215.adat	SomaScan Assay	SomaScan 11K	v5.0	RFU	PLT28674	Raw RFU, Hyb Normalization, medNormInt (SampleId), plateScale, Calibration, anmlQC, qcCheck, Filtered	SomaScan 11K	SomaScan Assay v4.1	20%	NT=affinity-proteomics;VV=v1.0.0	NT=human;VV=v1.1.0	NT=somascan;VV=v1.0.0	v1.1.0	NT=sdrf-skills-autoresearch;VV=v0.0.0
PAD000014-A4033058	Homo sapiens	Blood plasma	not available	not available	not available	not available	not available	165	not applicable	blood plasma	PAD000014-r00200-A4033058	protein expression profiling by aptamer array	1	SS-2348869_v5.0_CitratePlasma.hybNorm.medNormInt.plateScale.calibrate.anmlQC.qcCheck.20231215.adat	ftp://ftp.pride.ebi.ac.uk/pride/data/archive/2025/10/PAD000014/SS-2348869_v5.0_CitratePlasma.hybNorm.medNormInt.plateScale.calibrate.anmlQC.qcCheck.20231215.adat	SomaScan Assay	SomaScan 11K	v5.0	RFU	PLT28674	Raw RFU, Hyb Normalization, medNormInt (SampleId), plateScale, Calibration, anmlQC, qcCheck, Filtered	SomaScan 11K	SomaScan Assay v4.1	20%	NT=affinity-proteomics;VV=v1.0.0	NT=human;VV=v1.1.0	NT=somascan;VV=v1.0.0	v1.1.0	NT=sdrf-skills-autoresearch;VV=v0.0.0
PAD000014-A4098532	Homo sapiens	Blood plasma	not available	not available	not available	not available	not available	166	not applicable	blood plasma	PAD000014-r00201-A4098532	protein expression profiling by aptamer array	1	SS-2348869_v5.0_CitratePlasma.hybNorm.medNormInt.plateScale.calibrate.anmlQC.qcCheck.20231215.adat	ftp://ftp.pride.ebi.ac.uk/pride/data/archive/2025/10/PAD000014/SS-2348869_v5.0_CitratePlasma.hybNorm.medNormInt.plateScale.calibrate.anmlQC.qcCheck.20231215.adat	SomaScan Assay	SomaScan 11K	v5.0	RFU	PLT28674	Raw RFU, Hyb Normalization, medNormInt (SampleId), plateScale, Calibration, anmlQC, qcCheck, Filtered	SomaScan 11K	SomaScan Assay v4.1	20%	NT=affinity-proteomics;VV=v1.0.0	NT=human;VV=v1.1.0	NT=somascan;VV=v1.0.0	v1.1.0	NT=sdrf-skills-autoresearch;VV=v0.0.0
PAD000014-230420	Homo sapiens	Blood plasma	not available	not available	not available	not available	not available	105	calibrator	blood plasma	PAD000014-r00202-230420	protein expression profiling by aptamer array	5	SS-2348869_v5.0_CitratePlasma.hybNorm.medNormInt.plateScale.calibrate.anmlQC.qcCheck.20231215.adat	ftp://ftp.pride.ebi.ac.uk/pride/data/archive/2025/10/PAD000014/SS-2348869_v5.0_CitratePlasma.hybNorm.medNormInt.plateScale.calibrate.anmlQC.qcCheck.20231215.adat	SomaScan Assay	SomaScan 11K	v5.0	RFU	PLT28674	Raw RFU, Hyb Normalization, medNormInt (SampleId), plateScale, Calibration, anmlQC, qcCheck, Filtered	SomaScan 11K	SomaScan Assay v4.1	20%	NT=affinity-proteomics;VV=v1.0.0	NT=human;VV=v1.1.0	NT=somascan;VV=v1.0.0	v1.1.0	NT=sdrf-skills-autoresearch;VV=v0.0.0
PAD000014-A4028852	Homo sapiens	Blood plasma	not available	not available	not available	not available	not available	167	not applicable	blood plasma	PAD000014-r00203-A4028852	protein expression profiling by aptamer array	1	SS-2348869_v5.0_CitratePlasma.hybNorm.medNormInt.plateScale.calibrate.anmlQC.qcCheck.20231215.adat	ftp://ftp.pride.ebi.ac.uk/pride/data/archive/2025/10/PAD000014/SS-2348869_v5.0_CitratePlasma.hybNorm.medNormInt.plateScale.calibrate.anmlQC.qcCheck.20231215.adat	SomaScan Assay	SomaScan 11K	v5.0	RFU	PLT28674	Raw RFU, Hyb Normalization, medNormInt (SampleId), plateScale, Calibration, anmlQC, qcCheck, Filtered	SomaScan 11K	SomaScan Assay v4.1	20%	NT=affinity-proteomics;VV=v1.0.0	NT=human;VV=v1.1.0	NT=somascan;VV=v1.0.0	v1.1.0	NT=sdrf-skills-autoresearch;VV=v0.0.0
PAD000014-A4098381	Homo sapiens	Blood plasma	not available	not available	not available	not available	not available	168	not applicable	blood plasma	PAD000014-r00204-A4098381	protein expression profiling by aptamer array	1	SS-2348869_v5.0_CitratePlasma.hybNorm.medNormInt.plateScale.calibrate.anmlQC.qcCheck.20231215.adat	ftp://ftp.pride.ebi.ac.uk/pride/data/archive/2025/10/PAD000014/SS-2348869_v5.0_CitratePlasma.hybNorm.medNormInt.plateScale.calibrate.anmlQC.qcCheck.20231215.adat	SomaScan Assay	SomaScan 11K	v5.0	RFU	PLT28674	Raw RFU, Hyb Normalization, medNormInt (SampleId), plateScale, Calibration, anmlQC, qcCheck, Filtered	SomaScan 11K	SomaScan Assay v4.1	20%	NT=affinity-proteomics;VV=v1.0.0	NT=human;VV=v1.1.0	NT=somascan;VV=v1.0.0	v1.1.0	NT=sdrf-skills-autoresearch;VV=v0.0.0
PAD000014-A4098413	Homo sapiens	Blood plasma	not available	not available	not available	not available	not available	169	not applicable	blood plasma	PAD000014-r00205-A4098413	protein expression profiling by aptamer array	1	SS-2348869_v5.0_CitratePlasma.hybNorm.medNormInt.plateScale.calibrate.anmlQC.qcCheck.20231215.adat	ftp://ftp.pride.ebi.ac.uk/pride/data/archive/2025/10/PAD000014/SS-2348869_v5.0_CitratePlasma.hybNorm.medNormInt.plateScale.calibrate.anmlQC.qcCheck.20231215.adat	SomaScan Assay	SomaScan 11K	v5.0	RFU	PLT28674	Raw RFU, Hyb Normalization, medNormInt (SampleId), plateScale, Calibration, anmlQC, qcCheck, Filtered	SomaScan 11K	SomaScan Assay v4.1	20%	NT=affinity-proteomics;VV=v1.0.0	NT=human;VV=v1.1.0	NT=somascan;VV=v1.0.0	v1.1.0	NT=sdrf-skills-autoresearch;VV=v0.0.0
PAD000014-A4028900	Homo sapiens	Blood plasma	not available	not available	not available	not available	not available	170	not applicable	blood plasma	PAD000014-r00206-A4028900	protein expression profiling by aptamer array	1	SS-2348869_v5.0_CitratePlasma.hybNorm.medNormInt.plateScale.calibrate.anmlQC.qcCheck.20231215.adat	ftp://ftp.pride.ebi.ac.uk/pride/data/archive/2025/10/PAD000014/SS-2348869_v5.0_CitratePlasma.hybNorm.medNormInt.plateScale.calibrate.anmlQC.qcCheck.20231215.adat	SomaScan Assay	SomaScan 11K	v5.0	RFU	PLT28674	Raw RFU, Hyb Normalization, medNormInt (SampleId), plateScale, Calibration, anmlQC, qcCheck, Filtered	SomaScan 11K	SomaScan Assay v4.1	20%	NT=affinity-proteomics;VV=v1.0.0	NT=human;VV=v1.1.0	NT=somascan;VV=v1.0.0	v1.1.0	NT=sdrf-skills-autoresearch;VV=v0.0.0
PAD000014-A4098445	Homo sapiens	Blood plasma	not available	not available	not available	not available	not available	171	not applicable	blood plasma	PAD000014-r00207-A4098445	protein expression profiling by aptamer array	1	SS-2348869_v5.0_CitratePlasma.hybNorm.medNormInt.plateScale.calibrate.anmlQC.qcCheck.20231215.adat	ftp://ftp.pride.ebi.ac.uk/pride/data/archive/2025/10/PAD000014/SS-2348869_v5.0_CitratePlasma.hybNorm.medNormInt.plateScale.calibrate.anmlQC.qcCheck.20231215.adat	SomaScan Assay	SomaScan 11K	v5.0	RFU	PLT28674	Raw RFU, Hyb Normalization, medNormInt (SampleId), plateScale, Calibration, anmlQC, qcCheck, Filtered	SomaScan 11K	SomaScan Assay v4.1	20%	NT=affinity-proteomics;VV=v1.0.0	NT=human;VV=v1.1.0	NT=somascan;VV=v1.0.0	v1.1.0	NT=sdrf-skills-autoresearch;VV=v0.0.0
PAD000014-A4098500	Homo sapiens	Blood plasma	not available	not available	not available	not available	not available	172	not applicable	blood plasma	PAD000014-r00208-A4098500	protein expression profiling by aptamer array	1	SS-2348869_v5.0_CitratePlasma.hybNorm.medNormInt.plateScale.calibrate.anmlQC.qcCheck.20231215.adat	ftp://ftp.pride.ebi.ac.uk/pride/data/archive/2025/10/PAD000014/SS-2348869_v5.0_CitratePlasma.hybNorm.medNormInt.plateScale.calibrate.anmlQC.qcCheck.20231215.adat	SomaScan Assay	SomaScan 11K	v5.0	RFU	PLT28674	Raw RFU, Hyb Normalization, medNormInt (SampleId), plateScale, Calibration, anmlQC, qcCheck, Filtered	SomaScan 11K	SomaScan Assay v4.1	20%	NT=affinity-proteomics;VV=v1.0.0	NT=human;VV=v1.1.0	NT=somascan;VV=v1.0.0	v1.1.0	NT=sdrf-skills-autoresearch;VV=v0.0.0
PAD000014-A4090287	Homo sapiens	Blood plasma	not available	not available	not available	not available	not available	173	not applicable	blood plasma	PAD000014-r00209-A4090287	protein expression profiling by aptamer array	1	SS-2348869_v5.0_CitratePlasma.hybNorm.medNormInt.plateScale.calibrate.anmlQC.qcCheck.20231215.adat	ftp://ftp.pride.ebi.ac.uk/pride/data/archive/2025/10/PAD000014/SS-2348869_v5.0_CitratePlasma.hybNorm.medNormInt.plateScale.calibrate.anmlQC.qcCheck.20231215.adat	SomaScan Assay	SomaScan 11K	v5.0	RFU	PLT28674	Raw RFU, Hyb Normalization, medNormInt (SampleId), plateScale, Calibration, anmlQC, qcCheck, Filtered	SomaScan 11K	SomaScan Assay v4.1	20%	NT=affinity-proteomics;VV=v1.0.0	NT=human;VV=v1.1.0	NT=somascan;VV=v1.0.0	v1.1.0	NT=sdrf-skills-autoresearch;VV=v0.0.0
PAD000014-A4028820	Homo sapiens	Blood plasma	not available	not available	not available	not available	not available	174	not applicable	blood plasma	PAD000014-r00210-A4028820	protein expression profiling by aptamer array	1	SS-2348869_v5.0_CitratePlasma.hybNorm.medNormInt.plateScale.calibrate.anmlQC.qcCheck.20231215.adat	ftp://ftp.pride.ebi.ac.uk/pride/data/archive/2025/10/PAD000014/SS-2348869_v5.0_CitratePlasma.hybNorm.medNormInt.plateScale.calibrate.anmlQC.qcCheck.20231215.adat	SomaScan Assay	SomaScan 11K	v5.0	RFU	PLT28674	Raw RFU, Hyb Normalization, medNormInt (SampleId), plateScale, Calibration, anmlQC, qcCheck, Filtered	SomaScan 11K	SomaScan Assay v4.1	20%	NT=affinity-proteomics;VV=v1.0.0	NT=human;VV=v1.1.0	NT=somascan;VV=v1.0.0	v1.1.0	NT=sdrf-skills-autoresearch;VV=v0.0.0
PAD000014-A4030356	Homo sapiens	Blood plasma	not available	not available	not available	not available	not available	175	not applicable	blood plasma	PAD000014-r00211-A4030356	protein expression profiling by aptamer array	1	SS-2348869_v5.0_CitratePlasma.hybNorm.medNormInt.plateScale.calibrate.anmlQC.qcCheck.20231215.adat	ftp://ftp.pride.ebi.ac.uk/pride/data/archive/2025/10/PAD000014/SS-2348869_v5.0_CitratePlasma.hybNorm.medNormInt.plateScale.calibrate.anmlQC.qcCheck.20231215.adat	SomaScan Assay	SomaScan 11K	v5.0	RFU	PLT28674	Raw RFU, Hyb Normalization, medNormInt (SampleId), plateScale, Calibration, anmlQC, qcCheck, Filtered	SomaScan 11K	SomaScan Assay v4.1	20%	NT=affinity-proteomics;VV=v1.0.0	NT=human;VV=v1.1.0	NT=somascan;VV=v1.0.0	v1.1.0	NT=sdrf-skills-autoresearch;VV=v0.0.0
PAD000014-A4030427	Homo sapiens	Blood plasma	not available	not available	not available	not available	not available	176	not applicable	blood plasma	PAD000014-r00212-A4030427	protein expression profiling by aptamer array	1	SS-2348869_v5.0_CitratePlasma.hybNorm.medNormInt.plateScale.calibrate.anmlQC.qcCheck.20231215.adat	ftp://ftp.pride.ebi.ac.uk/pride/data/archive/2025/10/PAD000014/SS-2348869_v5.0_CitratePlasma.hybNorm.medNormInt.plateScale.calibrate.anmlQC.qcCheck.20231215.adat	SomaScan Assay	SomaScan 11K	v5.0	RFU	PLT28674	Raw RFU, Hyb Normalization, medNormInt (SampleId), plateScale, Calibration, anmlQC, qcCheck, Filtered	SomaScan 11K	SomaScan Assay v4.1	20%	NT=affinity-proteomics;VV=v1.0.0	NT=human;VV=v1.1.0	NT=somascan;VV=v1.0.0	v1.1.0	NT=sdrf-skills-autoresearch;VV=v0.0.0
PAD000014-230500	Homo sapiens	Blood plasma	not available	not available	not available	not available	not available	96	not applicable	blood plasma	PAD000014-r00213-230500	protein expression profiling by aptamer array	4	SS-2348869_v5.0_CitratePlasma.hybNorm.medNormInt.plateScale.calibrate.anmlQC.qcCheck.20231215.adat	ftp://ftp.pride.ebi.ac.uk/pride/data/archive/2025/10/PAD000014/SS-2348869_v5.0_CitratePlasma.hybNorm.medNormInt.plateScale.calibrate.anmlQC.qcCheck.20231215.adat	SomaScan Assay	SomaScan 11K	v5.0	RFU	PLT28677	Raw RFU, Hyb Normalization, medNormInt (SampleId), plateScale, Calibration, anmlQC, qcCheck, Filtered	SomaScan 11K	SomaScan Assay v4.1	20%	NT=affinity-proteomics;VV=v1.0.0	NT=human;VV=v1.1.0	NT=somascan;VV=v1.0.0	v1.1.0	NT=sdrf-skills-autoresearch;VV=v0.0.0
PAD000014-230500	Homo sapiens	Blood plasma	not available	not available	not available	not available	not available	96	not applicable	blood plasma	PAD000014-r00214-230500	protein expression profiling by aptamer array	5	SS-2348869_v5.0_CitratePlasma.hybNorm.medNormInt.plateScale.calibrate.anmlQC.qcCheck.20231215.adat	ftp://ftp.pride.ebi.ac.uk/pride/data/archive/2025/10/PAD000014/SS-2348869_v5.0_CitratePlasma.hybNorm.medNormInt.plateScale.calibrate.anmlQC.qcCheck.20231215.adat	SomaScan Assay	SomaScan 11K	v5.0	RFU	PLT28677	Raw RFU, Hyb Normalization, medNormInt (SampleId), plateScale, Calibration, anmlQC, qcCheck, Filtered	SomaScan 11K	SomaScan Assay v4.1	20%	NT=affinity-proteomics;VV=v1.0.0	NT=human;VV=v1.1.0	NT=somascan;VV=v1.0.0	v1.1.0	NT=sdrf-skills-autoresearch;VV=v0.0.0
PAD000014-A4033090	Homo sapiens	Blood plasma	not available	not available	not available	not available	not available	177	not applicable	blood plasma	PAD000014-r00215-A4033090	protein expression profiling by aptamer array	1	SS-2348869_v5.0_CitratePlasma.hybNorm.medNormInt.plateScale.calibrate.anmlQC.qcCheck.20231215.adat	ftp://ftp.pride.ebi.ac.uk/pride/data/archive/2025/10/PAD000014/SS-2348869_v5.0_CitratePlasma.hybNorm.medNormInt.plateScale.calibrate.anmlQC.qcCheck.20231215.adat	SomaScan Assay	SomaScan 11K	v5.0	RFU	PLT28677	Raw RFU, Hyb Normalization, medNormInt (SampleId), plateScale, Calibration, anmlQC, qcCheck, Filtered	SomaScan 11K	SomaScan Assay v4.1	20%	NT=affinity-proteomics;VV=v1.0.0	NT=human;VV=v1.1.0	NT=somascan;VV=v1.0.0	v1.1.0	NT=sdrf-skills-autoresearch;VV=v0.0.0
PAD000014-230500	Homo sapiens	Blood plasma	not available	not available	not available	not available	not available	96	not applicable	blood plasma	PAD000014-r00216-230500	protein expression profiling by aptamer array	6	SS-2348869_v5.0_CitratePlasma.hybNorm.medNormInt.plateScale.calibrate.anmlQC.qcCheck.20231215.adat	ftp://ftp.pride.ebi.ac.uk/pride/data/archive/2025/10/PAD000014/SS-2348869_v5.0_CitratePlasma.hybNorm.medNormInt.plateScale.calibrate.anmlQC.qcCheck.20231215.adat	SomaScan Assay	SomaScan 11K	v5.0	RFU	PLT28677	Raw RFU, Hyb Normalization, medNormInt (SampleId), plateScale, Calibration, anmlQC, qcCheck, Filtered	SomaScan 11K	SomaScan Assay v4.1	20%	NT=affinity-proteomics;VV=v1.0.0	NT=human;VV=v1.1.0	NT=somascan;VV=v1.0.0	v1.1.0	NT=sdrf-skills-autoresearch;VV=v0.0.0
PAD000014-A3975832	Homo sapiens	Blood plasma	not available	not available	not available	not available	not available	178	not applicable	blood plasma	PAD000014-r00217-A3975832	protein expression profiling by aptamer array	1	SS-2348869_v5.0_CitratePlasma.hybNorm.medNormInt.plateScale.calibrate.anmlQC.qcCheck.20231215.adat	ftp://ftp.pride.ebi.ac.uk/pride/data/archive/2025/10/PAD000014/SS-2348869_v5.0_CitratePlasma.hybNorm.medNormInt.plateScale.calibrate.anmlQC.qcCheck.20231215.adat	SomaScan Assay	SomaScan 11K	v5.0	RFU	PLT28677	Raw RFU, Hyb Normalization, medNormInt (SampleId), plateScale, Calibration, anmlQC, qcCheck, Filtered	SomaScan 11K	SomaScan Assay v4.1	20%	NT=affinity-proteomics;VV=v1.0.0	NT=human;VV=v1.1.0	NT=somascan;VV=v1.0.0	v1.1.0	NT=sdrf-skills-autoresearch;VV=v0.0.0
PAD000014-230420	Homo sapiens	Blood plasma	not available	not available	not available	not available	not available	105	calibrator	blood plasma	PAD000014-r00218-230420	protein expression profiling by aptamer array	6	SS-2348869_v5.0_CitratePlasma.hybNorm.medNormInt.plateScale.calibrate.anmlQC.qcCheck.20231215.adat	ftp://ftp.pride.ebi.ac.uk/pride/data/archive/2025/10/PAD000014/SS-2348869_v5.0_CitratePlasma.hybNorm.medNormInt.plateScale.calibrate.anmlQC.qcCheck.20231215.adat	SomaScan Assay	SomaScan 11K	v5.0	RFU	PLT28677	Raw RFU, Hyb Normalization, medNormInt (SampleId), plateScale, Calibration, anmlQC, qcCheck, Filtered	SomaScan 11K	SomaScan Assay v4.1	20%	NT=affinity-proteomics;VV=v1.0.0	NT=human;VV=v1.1.0	NT=somascan;VV=v1.0.0	v1.1.0	NT=sdrf-skills-autoresearch;VV=v0.0.0
PAD000014-230421	Homo sapiens	Blood plasma	not available	not available	not available	not available	not available	112	quality control sample	blood plasma	PAD000014-r00219-230421	protein expression profiling by aptamer array	4	SS-2348869_v5.0_CitratePlasma.hybNorm.medNormInt.plateScale.calibrate.anmlQC.qcCheck.20231215.adat	ftp://ftp.pride.ebi.ac.uk/pride/data/archive/2025/10/PAD000014/SS-2348869_v5.0_CitratePlasma.hybNorm.medNormInt.plateScale.calibrate.anmlQC.qcCheck.20231215.adat	SomaScan Assay	SomaScan 11K	v5.0	RFU	PLT28677	Raw RFU, Hyb Normalization, medNormInt (SampleId), plateScale, Calibration, anmlQC, qcCheck, Filtered	SomaScan 11K	SomaScan Assay v4.1	20%	NT=affinity-proteomics;VV=v1.0.0	NT=human;VV=v1.1.0	NT=somascan;VV=v1.0.0	v1.1.0	NT=sdrf-skills-autoresearch;VV=v0.0.0
PAD000014-A4028868	Homo sapiens	Blood plasma	not available	not available	not available	not available	not available	179	not applicable	blood plasma	PAD000014-r00220-A4028868	protein expression profiling by aptamer array	1	SS-2348869_v5.0_CitratePlasma.hybNorm.medNormInt.plateScale.calibrate.anmlQC.qcCheck.20231215.adat	ftp://ftp.pride.ebi.ac.uk/pride/data/archive/2025/10/PAD000014/SS-2348869_v5.0_CitratePlasma.hybNorm.medNormInt.plateScale.calibrate.anmlQC.qcCheck.20231215.adat	SomaScan Assay	SomaScan 11K	v5.0	RFU	PLT28677	Raw RFU, Hyb Normalization, medNormInt (SampleId), plateScale, Calibration, anmlQC, qcCheck, Filtered	SomaScan 11K	SomaScan Assay v4.1	20%	NT=affinity-proteomics;VV=v1.0.0	NT=human;VV=v1.1.0	NT=somascan;VV=v1.0.0	v1.1.0	NT=sdrf-skills-autoresearch;VV=v0.0.0
PAD000014-230420	Homo sapiens	Blood plasma	not available	not available	not available	not available	not available	105	calibrator	blood plasma	PAD000014-r00221-230420	protein expression profiling by aptamer array	7	SS-2348869_v5.0_CitratePlasma.hybNorm.medNormInt.plateScale.calibrate.anmlQC.qcCheck.20231215.adat	ftp://ftp.pride.ebi.ac.uk/pride/data/archive/2025/10/PAD000014/SS-2348869_v5.0_CitratePlasma.hybNorm.medNormInt.plateScale.calibrate.anmlQC.qcCheck.20231215.adat	SomaScan Assay	SomaScan 11K	v5.0	RFU	PLT28677	Raw RFU, Hyb Normalization, medNormInt (SampleId), plateScale, Calibration, anmlQC, qcCheck, Filtered	SomaScan 11K	SomaScan Assay v4.1	20%	NT=affinity-proteomics;VV=v1.0.0	NT=human;VV=v1.1.0	NT=somascan;VV=v1.0.0	v1.1.0	NT=sdrf-skills-autoresearch;VV=v0.0.0
PAD000014-230420	Homo sapiens	Blood plasma	not available	not available	not available	not available	not available	105	calibrator	blood plasma	PAD000014-r00222-230420	protein expression profiling by aptamer array	8	SS-2348869_v5.0_CitratePlasma.hybNorm.medNormInt.plateScale.calibrate.anmlQC.qcCheck.20231215.adat	ftp://ftp.pride.ebi.ac.uk/pride/data/archive/2025/10/PAD000014/SS-2348869_v5.0_CitratePlasma.hybNorm.medNormInt.plateScale.calibrate.anmlQC.qcCheck.20231215.adat	SomaScan Assay	SomaScan 11K	v5.0	RFU	PLT28677	Raw RFU, Hyb Normalization, medNormInt (SampleId), plateScale, Calibration, anmlQC, qcCheck, Filtered	SomaScan 11K	SomaScan Assay v4.1	20%	NT=affinity-proteomics;VV=v1.0.0	NT=human;VV=v1.1.0	NT=somascan;VV=v1.0.0	v1.1.0	NT=sdrf-skills-autoresearch;VV=v0.0.0
PAD000014-0357895240	Homo sapiens	Blood plasma	not available	not available	not available	not available	not available	180	not applicable	blood plasma	PAD000014-r00223-0357895240	protein expression profiling by aptamer array	1	SS-2348869_v5.0_CitratePlasma.hybNorm.medNormInt.plateScale.calibrate.anmlQC.qcCheck.20231215.adat	ftp://ftp.pride.ebi.ac.uk/pride/data/archive/2025/10/PAD000014/SS-2348869_v5.0_CitratePlasma.hybNorm.medNormInt.plateScale.calibrate.anmlQC.qcCheck.20231215.adat	SomaScan Assay	SomaScan 11K	v5.0	RFU	PLT28677	Raw RFU, Hyb Normalization, medNormInt (SampleId), plateScale, Calibration, anmlQC, qcCheck, Filtered	SomaScan 11K	SomaScan Assay v4.1	20%	NT=affinity-proteomics;VV=v1.0.0	NT=human;VV=v1.1.0	NT=somascan;VV=v1.0.0	v1.1.0	NT=sdrf-skills-autoresearch;VV=v0.0.0
PAD000014-A4030420	Homo sapiens	Blood plasma	not available	not available	not available	not available	not available	181	not applicable	blood plasma	PAD000014-r00224-A4030420	protein expression profiling by aptamer array	1	SS-2348869_v5.0_CitratePlasma.hybNorm.medNormInt.plateScale.calibrate.anmlQC.qcCheck.20231215.adat	ftp://ftp.pride.ebi.ac.uk/pride/data/archive/2025/10/PAD000014/SS-2348869_v5.0_CitratePlasma.hybNorm.medNormInt.plateScale.calibrate.anmlQC.qcCheck.20231215.adat	SomaScan Assay	SomaScan 11K	v5.0	RFU	PLT28677	Raw RFU, Hyb Normalization, medNormInt (SampleId), plateScale, Calibration, anmlQC, qcCheck, Filtered	SomaScan 11K	SomaScan Assay v4.1	20%	NT=affinity-proteomics;VV=v1.0.0	NT=human;VV=v1.1.0	NT=somascan;VV=v1.0.0	v1.1.0	NT=sdrf-skills-autoresearch;VV=v0.0.0
PAD000014-230421	Homo sapiens	Blood plasma	not available	not available	not available	not available	not available	112	quality control sample	blood plasma	PAD000014-r00225-230421	protein expression profiling by aptamer array	5	SS-2348869_v5.0_CitratePlasma.hybNorm.medNormInt.plateScale.calibrate.anmlQC.qcCheck.20231215.adat	ftp://ftp.pride.ebi.ac.uk/pride/data/archive/2025/10/PAD000014/SS-2348869_v5.0_CitratePlasma.hybNorm.medNormInt.plateScale.calibrate.anmlQC.qcCheck.20231215.adat	SomaScan Assay	SomaScan 11K	v5.0	RFU	PLT28677	Raw RFU, Hyb Normalization, medNormInt (SampleId), plateScale, Calibration, anmlQC, qcCheck, Filtered	SomaScan 11K	SomaScan Assay v4.1	20%	NT=affinity-proteomics;VV=v1.0.0	NT=human;VV=v1.1.0	NT=somascan;VV=v1.0.0	v1.1.0	NT=sdrf-skills-autoresearch;VV=v0.0.0
PAD000014-SID4	Homo sapiens	Blood plasma	not available	not available	not available	not available	not available	182	not applicable	blood plasma	PAD000014-r00226-SID4	protein expression profiling by aptamer array	1	SS-2348869_v5.0_CitratePlasma.hybNorm.medNormInt.plateScale.calibrate.anmlQC.qcCheck.20231215.adat	ftp://ftp.pride.ebi.ac.uk/pride/data/archive/2025/10/PAD000014/SS-2348869_v5.0_CitratePlasma.hybNorm.medNormInt.plateScale.calibrate.anmlQC.qcCheck.20231215.adat	SomaScan Assay	SomaScan 11K	v5.0	RFU	PLT28677	Raw RFU, Hyb Normalization, medNormInt (SampleId), plateScale, Calibration, anmlQC, qcCheck, Filtered	SomaScan 11K	SomaScan Assay v4.1	20%	NT=affinity-proteomics;VV=v1.0.0	NT=human;VV=v1.1.0	NT=somascan;VV=v1.0.0	v1.1.0	NT=sdrf-skills-autoresearch;VV=v0.0.0
PAD000014-230500	Homo sapiens	Blood plasma	not available	not available	not available	not available	not available	96	not applicable	blood plasma	PAD000014-r00227-230500	protein expression profiling by aptamer array	7	SS-2348869_v5.0_CitratePlasma.hybNorm.medNormInt.plateScale.calibrate.anmlQC.qcCheck.20231215.adat	ftp://ftp.pride.ebi.ac.uk/pride/data/archive/2025/10/PAD000014/SS-2348869_v5.0_CitratePlasma.hybNorm.medNormInt.plateScale.calibrate.anmlQC.qcCheck.20231215.adat	SomaScan Assay	SomaScan 11K	v5.0	RFU	PLT28677	Raw RFU, Hyb Normalization, medNormInt (SampleId), plateScale, Calibration, anmlQC, qcCheck, Filtered	SomaScan 11K	SomaScan Assay v4.1	20%	NT=affinity-proteomics;VV=v1.0.0	NT=human;VV=v1.1.0	NT=somascan;VV=v1.0.0	v1.1.0	NT=sdrf-skills-autoresearch;VV=v0.0.0
PAD000014-230421	Homo sapiens	Blood plasma	not available	not available	not available	not available	not available	112	quality control sample	blood plasma	PAD000014-r00228-230421	protein expression profiling by aptamer array	6	SS-2348869_v5.0_CitratePlasma.hybNorm.medNormInt.plateScale.calibrate.anmlQC.qcCheck.20231215.adat	ftp://ftp.pride.ebi.ac.uk/pride/data/archive/2025/10/PAD000014/SS-2348869_v5.0_CitratePlasma.hybNorm.medNormInt.plateScale.calibrate.anmlQC.qcCheck.20231215.adat	SomaScan Assay	SomaScan 11K	v5.0	RFU	PLT28677	Raw RFU, Hyb Normalization, medNormInt (SampleId), plateScale, Calibration, anmlQC, qcCheck, Filtered	SomaScan 11K	SomaScan Assay v4.1	20%	NT=affinity-proteomics;VV=v1.0.0	NT=human;VV=v1.1.0	NT=somascan;VV=v1.0.0	v1.1.0	NT=sdrf-skills-autoresearch;VV=v0.0.0
PAD000014-A4030411	Homo sapiens	Blood plasma	not available	not available	not available	not available	not available	183	not applicable	blood plasma	PAD000014-r00229-A4030411	protein expression profiling by aptamer array	1	SS-2348869_v5.0_CitratePlasma.hybNorm.medNormInt.plateScale.calibrate.anmlQC.qcCheck.20231215.adat	ftp://ftp.pride.ebi.ac.uk/pride/data/archive/2025/10/PAD000014/SS-2348869_v5.0_CitratePlasma.hybNorm.medNormInt.plateScale.calibrate.anmlQC.qcCheck.20231215.adat	SomaScan Assay	SomaScan 11K	v5.0	RFU	PLT28677	Raw RFU, Hyb Normalization, medNormInt (SampleId), plateScale, Calibration, anmlQC, qcCheck, Filtered	SomaScan 11K	SomaScan Assay v4.1	20%	NT=affinity-proteomics;VV=v1.0.0	NT=human;VV=v1.1.0	NT=somascan;VV=v1.0.0	v1.1.0	NT=sdrf-skills-autoresearch;VV=v0.0.0
PAD000014-A4030372	Homo sapiens	Blood plasma	not available	not available	not available	not available	not available	184	not applicable	blood plasma	PAD000014-r00230-A4030372	protein expression profiling by aptamer array	1	SS-2348869_v5.0_CitratePlasma.hybNorm.medNormInt.plateScale.calibrate.anmlQC.qcCheck.20231215.adat	ftp://ftp.pride.ebi.ac.uk/pride/data/archive/2025/10/PAD000014/SS-2348869_v5.0_CitratePlasma.hybNorm.medNormInt.plateScale.calibrate.anmlQC.qcCheck.20231215.adat	SomaScan Assay	SomaScan 11K	v5.0	RFU	PLT28677	Raw RFU, Hyb Normalization, medNormInt (SampleId), plateScale, Calibration, anmlQC, qcCheck, Filtered	SomaScan 11K	SomaScan Assay v4.1	20%	NT=affinity-proteomics;VV=v1.0.0	NT=human;VV=v1.1.0	NT=somascan;VV=v1.0.0	v1.1.0	NT=sdrf-skills-autoresearch;VV=v0.0.0
PAD000014-230500	Homo sapiens	Blood plasma	not available	not available	not available	not available	not available	96	not applicable	blood plasma	PAD000014-r00231-230500	protein expression profiling by aptamer array	8	SS-2348869_v5.0_CitratePlasma.hybNorm.medNormInt.plateScale.calibrate.anmlQC.qcCheck.20231215.adat	ftp://ftp.pride.ebi.ac.uk/pride/data/archive/2025/10/PAD000014/SS-2348869_v5.0_CitratePlasma.hybNorm.medNormInt.plateScale.calibrate.anmlQC.qcCheck.20231215.adat	SomaScan Assay	SomaScan 11K	v5.0	RFU	PLT28677	Raw RFU, Hyb Normalization, medNormInt (SampleId), plateScale, Calibration, anmlQC, qcCheck, Filtered	SomaScan 11K	SomaScan Assay v4.1	20%	NT=affinity-proteomics;VV=v1.0.0	NT=human;VV=v1.1.0	NT=somascan;VV=v1.0.0	v1.1.0	NT=sdrf-skills-autoresearch;VV=v0.0.0
PAD000014-0357897822	Homo sapiens	Blood plasma	not available	not available	not available	not available	not available	185	not applicable	blood plasma	PAD000014-r00232-0357897822	protein expression profiling by aptamer array	1	SS-2348869_v5.0_CitratePlasma.hybNorm.medNormInt.plateScale.calibrate.anmlQC.qcCheck.20231215.adat	ftp://ftp.pride.ebi.ac.uk/pride/data/archive/2025/10/PAD000014/SS-2348869_v5.0_CitratePlasma.hybNorm.medNormInt.plateScale.calibrate.anmlQC.qcCheck.20231215.adat	SomaScan Assay	SomaScan 11K	v5.0	RFU	PLT28677	Raw RFU, Hyb Normalization, medNormInt (SampleId), plateScale, Calibration, anmlQC, qcCheck, Filtered	SomaScan 11K	SomaScan Assay v4.1	20%	NT=affinity-proteomics;VV=v1.0.0	NT=human;VV=v1.1.0	NT=somascan;VV=v1.0.0	v1.1.0	NT=sdrf-skills-autoresearch;VV=v0.0.0
PAD000014-230420	Homo sapiens	Blood plasma	not available	not available	not available	not available	not available	105	calibrator	blood plasma	PAD000014-r00233-230420	protein expression profiling by aptamer array	9	SS-2348869_v5.0_CitratePlasma.hybNorm.medNormInt.plateScale.calibrate.anmlQC.qcCheck.20231215.adat	ftp://ftp.pride.ebi.ac.uk/pride/data/archive/2025/10/PAD000014/SS-2348869_v5.0_CitratePlasma.hybNorm.medNormInt.plateScale.calibrate.anmlQC.qcCheck.20231215.adat	SomaScan Assay	SomaScan 11K	v5.0	RFU	PLT28677	Raw RFU, Hyb Normalization, medNormInt (SampleId), plateScale, Calibration, anmlQC, qcCheck, Filtered	SomaScan 11K	SomaScan Assay v4.1	20%	NT=affinity-proteomics;VV=v1.0.0	NT=human;VV=v1.1.0	NT=somascan;VV=v1.0.0	v1.1.0	NT=sdrf-skills-autoresearch;VV=v0.0.0
PAD000014-230420	Homo sapiens	Blood plasma	not available	not available	not available	not available	not available	105	calibrator	blood plasma	PAD000014-r00234-230420	protein expression profiling by aptamer array	10	SS-2348869_v5.0_CitratePlasma.hybNorm.medNormInt.plateScale.calibrate.anmlQC.qcCheck.20231215.adat	ftp://ftp.pride.ebi.ac.uk/pride/data/archive/2025/10/PAD000014/SS-2348869_v5.0_CitratePlasma.hybNorm.medNormInt.plateScale.calibrate.anmlQC.qcCheck.20231215.adat	SomaScan Assay	SomaScan 11K	v5.0	RFU	PLT28677	Raw RFU, Hyb Normalization, medNormInt (SampleId), plateScale, Calibration, anmlQC, qcCheck, Filtered	SomaScan 11K	SomaScan Assay v4.1	20%	NT=affinity-proteomics;VV=v1.0.0	NT=human;VV=v1.1.0	NT=somascan;VV=v1.0.0	v1.1.0	NT=sdrf-skills-autoresearch;VV=v0.0.0
PAD000014-A4030363	Homo sapiens	Blood plasma	not available	not available	not available	not available	not available	186	not applicable	blood plasma	PAD000014-r00235-A4030363	protein expression profiling by aptamer array	1	SS-2348869_v5.0_CitratePlasma.hybNorm.medNormInt.plateScale.calibrate.anmlQC.qcCheck.20231215.adat	ftp://ftp.pride.ebi.ac.uk/pride/data/archive/2025/10/PAD000014/SS-2348869_v5.0_CitratePlasma.hybNorm.medNormInt.plateScale.calibrate.anmlQC.qcCheck.20231215.adat	SomaScan Assay	SomaScan 11K	v5.0	RFU	PLT28677	Raw RFU, Hyb Normalization, medNormInt (SampleId), plateScale, Calibration, anmlQC, qcCheck, Filtered	SomaScan 11K	SomaScan Assay v4.1	20%	NT=affinity-proteomics;VV=v1.0.0	NT=human;VV=v1.1.0	NT=somascan;VV=v1.0.0	v1.1.0	NT=sdrf-skills-autoresearch;VV=v0.0.0
PAD000014-A4028891	Homo sapiens	Blood plasma	not available	not available	not available	not available	not available	187	not applicable	blood plasma	PAD000014-r00236-A4028891	protein expression profiling by aptamer array	1	SS-2348869_v5.0_CitratePlasma.hybNorm.medNormInt.plateScale.calibrate.anmlQC.qcCheck.20231215.adat	ftp://ftp.pride.ebi.ac.uk/pride/data/archive/2025/10/PAD000014/SS-2348869_v5.0_CitratePlasma.hybNorm.medNormInt.plateScale.calibrate.anmlQC.qcCheck.20231215.adat	SomaScan Assay	SomaScan 11K	v5.0	RFU	PLT28677	Raw RFU, Hyb Normalization, medNormInt (SampleId), plateScale, Calibration, anmlQC, qcCheck, Filtered	SomaScan 11K	SomaScan Assay v4.1	20%	NT=affinity-proteomics;VV=v1.0.0	NT=human;VV=v1.1.0	NT=somascan;VV=v1.0.0	v1.1.0	NT=sdrf-skills-autoresearch;VV=v0.0.0
