source name	characteristics[organism]	characteristics[organism part]	characteristics[disease]	characteristics[age]	characteristics[sex]	characteristics[biological replicate]	characteristics[sample type]	characteristics[sample matrix]	assay name	technology type	comment[technical replicate]	comment[data file]	comment[file uri]	comment[platform]	comment[quantification unit]	comment[plate]	comment[normalization method]	comment[olink panel]	comment[olink platform]	comment[npx normalization]	comment[sdrf template]	comment[sdrf template]	comment[sdrf template]	comment[sdrf version]	comment[sdrf annotation tool]
PAD000041-WEAR_7001_V1	Homo sapiens	Blood plasma	Multiple myeloma	not available	not available	1	not applicable	blood plasma	PAD000041-r00001-WEAR_7001_V1	protein expression profiling by antibody array	1	Olink_combined.long.npx.csv	ftp://ftp.pride.ebi.ac.uk/pride/data/archive/2026/04/PAD000041/Olink_combined.long.npx.csv	Olink Target 96	NPX	ADRO04_IO_Plate01_11082023	Intensity Normalized (v.2)	Olink Target 96 Immuno-Oncology(v.3113)	Olink Target 96	intensity normalized	NT=affinity-proteomics;VV=v1.0.0	NT=human;VV=v1.1.0	NT=olink;VV=v1.0.0	v1.1.0	NT=sdrf-skills-autoresearch;VV=v0.0.0
PAD000041-WEAR_7001_CRS	Homo sapiens	Blood plasma	Multiple myeloma	not available	not available	2	not applicable	blood plasma	PAD000041-r00002-WEAR_7001_CRS	protein expression profiling by antibody array	1	Olink_combined.long.npx.csv	ftp://ftp.pride.ebi.ac.uk/pride/data/archive/2026/04/PAD000041/Olink_combined.long.npx.csv	Olink Target 96	NPX	ADRO04_IO_Plate01_11082023	Intensity Normalized (v.2)	Olink Target 96 Immuno-Oncology(v.3113)	Olink Target 96	intensity normalized	NT=affinity-proteomics;VV=v1.0.0	NT=human;VV=v1.1.0	NT=olink;VV=v1.0.0	v1.1.0	NT=sdrf-skills-autoresearch;VV=v0.0.0
PAD000041-WEAR_7001_V6	Homo sapiens	Blood plasma	Multiple myeloma	not available	not available	3	not applicable	blood plasma	PAD000041-r00003-WEAR_7001_V6	protein expression profiling by antibody array	1	Olink_combined.long.npx.csv	ftp://ftp.pride.ebi.ac.uk/pride/data/archive/2026/04/PAD000041/Olink_combined.long.npx.csv	Olink Target 96	NPX	ADRO04_IO_Plate01_11082023	Intensity Normalized (v.2)	Olink Target 96 Immuno-Oncology(v.3113)	Olink Target 96	intensity normalized	NT=affinity-proteomics;VV=v1.0.0	NT=human;VV=v1.1.0	NT=olink;VV=v1.0.0	v1.1.0	NT=sdrf-skills-autoresearch;VV=v0.0.0
PAD000041-WEAR_7001_V7	Homo sapiens	Blood plasma	Multiple myeloma	not available	not available	4	not applicable	blood plasma	PAD000041-r00004-WEAR_7001_V7	protein expression profiling by antibody array	1	Olink_combined.long.npx.csv	ftp://ftp.pride.ebi.ac.uk/pride/data/archive/2026/04/PAD000041/Olink_combined.long.npx.csv	Olink Target 96	NPX	ADRO04_IO_Plate01_11082023	Intensity Normalized (v.2)	Olink Target 96 Immuno-Oncology(v.3113)	Olink Target 96	intensity normalized	NT=affinity-proteomics;VV=v1.0.0	NT=human;VV=v1.1.0	NT=olink;VV=v1.0.0	v1.1.0	NT=sdrf-skills-autoresearch;VV=v0.0.0
PAD000041-WEAR_7001_V8	Homo sapiens	Blood plasma	Multiple myeloma	not available	not available	5	not applicable	blood plasma	PAD000041-r00005-WEAR_7001_V8	protein expression profiling by antibody array	1	Olink_combined.long.npx.csv	ftp://ftp.pride.ebi.ac.uk/pride/data/archive/2026/04/PAD000041/Olink_combined.long.npx.csv	Olink Target 96	NPX	ADRO04_IO_Plate01_11082023	Intensity Normalized (v.2)	Olink Target 96 Immuno-Oncology(v.3113)	Olink Target 96	intensity normalized	NT=affinity-proteomics;VV=v1.0.0	NT=human;VV=v1.1.0	NT=olink;VV=v1.0.0	v1.1.0	NT=sdrf-skills-autoresearch;VV=v0.0.0
PAD000041-WEAR_7001_V9	Homo sapiens	Blood plasma	Multiple myeloma	not available	not available	6	not applicable	blood plasma	PAD000041-r00006-WEAR_7001_V9	protein expression profiling by antibody array	1	Olink_combined.long.npx.csv	ftp://ftp.pride.ebi.ac.uk/pride/data/archive/2026/04/PAD000041/Olink_combined.long.npx.csv	Olink Target 96	NPX	ADRO04_IO_Plate01_11082023	Intensity Normalized (v.2)	Olink Target 96 Immuno-Oncology(v.3113)	Olink Target 96	intensity normalized	NT=affinity-proteomics;VV=v1.0.0	NT=human;VV=v1.1.0	NT=olink;VV=v1.0.0	v1.1.0	NT=sdrf-skills-autoresearch;VV=v0.0.0
PAD000041-WEAR_7001_V10	Homo sapiens	Blood plasma	Multiple myeloma	not available	not available	7	not applicable	blood plasma	PAD000041-r00007-WEAR_7001_V10	protein expression profiling by antibody array	1	Olink_combined.long.npx.csv	ftp://ftp.pride.ebi.ac.uk/pride/data/archive/2026/04/PAD000041/Olink_combined.long.npx.csv	Olink Target 96	NPX	ADRO04_IO_Plate01_11082023	Intensity Normalized (v.2)	Olink Target 96 Immuno-Oncology(v.3113)	Olink Target 96	intensity normalized	NT=affinity-proteomics;VV=v1.0.0	NT=human;VV=v1.1.0	NT=olink;VV=v1.0.0	v1.1.0	NT=sdrf-skills-autoresearch;VV=v0.0.0
PAD000041-WEAR_7001_V11	Homo sapiens	Blood plasma	Multiple myeloma	not available	not available	8	not applicable	blood plasma	PAD000041-r00008-WEAR_7001_V11	protein expression profiling by antibody array	1	Olink_combined.long.npx.csv	ftp://ftp.pride.ebi.ac.uk/pride/data/archive/2026/04/PAD000041/Olink_combined.long.npx.csv	Olink Target 96	NPX	ADRO04_IO_Plate01_11082023	Intensity Normalized (v.2)	Olink Target 96 Immuno-Oncology(v.3113)	Olink Target 96	intensity normalized	NT=affinity-proteomics;VV=v1.0.0	NT=human;VV=v1.1.0	NT=olink;VV=v1.0.0	v1.1.0	NT=sdrf-skills-autoresearch;VV=v0.0.0
PAD000041-WEAR_7001_V12	Homo sapiens	Blood plasma	Multiple myeloma	not available	not available	9	not applicable	blood plasma	PAD000041-r00009-WEAR_7001_V12	protein expression profiling by antibody array	1	Olink_combined.long.npx.csv	ftp://ftp.pride.ebi.ac.uk/pride/data/archive/2026/04/PAD000041/Olink_combined.long.npx.csv	Olink Target 96	NPX	ADRO04_IO_Plate01_11082023	Intensity Normalized (v.2)	Olink Target 96 Immuno-Oncology(v.3113)	Olink Target 96	intensity normalized	NT=affinity-proteomics;VV=v1.0.0	NT=human;VV=v1.1.0	NT=olink;VV=v1.0.0	v1.1.0	NT=sdrf-skills-autoresearch;VV=v0.0.0
PAD000041-WEAR_7001_V13	Homo sapiens	Blood plasma	Multiple myeloma	not available	not available	10	not applicable	blood plasma	PAD000041-r00010-WEAR_7001_V13	protein expression profiling by antibody array	1	Olink_combined.long.npx.csv	ftp://ftp.pride.ebi.ac.uk/pride/data/archive/2026/04/PAD000041/Olink_combined.long.npx.csv	Olink Target 96	NPX	ADRO04_IO_Plate01_11082023	Intensity Normalized (v.2)	Olink Target 96 Immuno-Oncology(v.3113)	Olink Target 96	intensity normalized	NT=affinity-proteomics;VV=v1.0.0	NT=human;VV=v1.1.0	NT=olink;VV=v1.0.0	v1.1.0	NT=sdrf-skills-autoresearch;VV=v0.0.0
PAD000041-WEAR_7001_V14	Homo sapiens	Blood plasma	Multiple myeloma	not available	not available	11	not applicable	blood plasma	PAD000041-r00011-WEAR_7001_V14	protein expression profiling by antibody array	1	Olink_combined.long.npx.csv	ftp://ftp.pride.ebi.ac.uk/pride/data/archive/2026/04/PAD000041/Olink_combined.long.npx.csv	Olink Target 96	NPX	ADRO04_IO_Plate01_11082023	Intensity Normalized (v.2)	Olink Target 96 Immuno-Oncology(v.3113)	Olink Target 96	intensity normalized	NT=affinity-proteomics;VV=v1.0.0	NT=human;VV=v1.1.0	NT=olink;VV=v1.0.0	v1.1.0	NT=sdrf-skills-autoresearch;VV=v0.0.0
PAD000041-WEAR_7001_V15	Homo sapiens	Blood plasma	Multiple myeloma	not available	not available	12	not applicable	blood plasma	PAD000041-r00012-WEAR_7001_V15	protein expression profiling by antibody array	1	Olink_combined.long.npx.csv	ftp://ftp.pride.ebi.ac.uk/pride/data/archive/2026/04/PAD000041/Olink_combined.long.npx.csv	Olink Target 96	NPX	ADRO04_IO_Plate01_11082023	Intensity Normalized (v.2)	Olink Target 96 Immuno-Oncology(v.3113)	Olink Target 96	intensity normalized	NT=affinity-proteomics;VV=v1.0.0	NT=human;VV=v1.1.0	NT=olink;VV=v1.0.0	v1.1.0	NT=sdrf-skills-autoresearch;VV=v0.0.0
PAD000041-WEAR_7006_V1	Homo sapiens	Blood plasma	Multiple myeloma	not available	not available	13	not applicable	blood plasma	PAD000041-r00013-WEAR_7006_V1	protein expression profiling by antibody array	1	Olink_combined.long.npx.csv	ftp://ftp.pride.ebi.ac.uk/pride/data/archive/2026/04/PAD000041/Olink_combined.long.npx.csv	Olink Target 96	NPX	ADRO04_IO_Plate01_11082023	Intensity Normalized (v.2)	Olink Target 96 Immuno-Oncology(v.3113)	Olink Target 96	intensity normalized	NT=affinity-proteomics;VV=v1.0.0	NT=human;VV=v1.1.0	NT=olink;VV=v1.0.0	v1.1.0	NT=sdrf-skills-autoresearch;VV=v0.0.0
PAD000041-WEAR_7006_V2	Homo sapiens	Blood plasma	Multiple myeloma	not available	not available	14	not applicable	blood plasma	PAD000041-r00014-WEAR_7006_V2	protein expression profiling by antibody array	1	Olink_combined.long.npx.csv	ftp://ftp.pride.ebi.ac.uk/pride/data/archive/2026/04/PAD000041/Olink_combined.long.npx.csv	Olink Target 96	NPX	ADRO04_IO_Plate01_11082023	Intensity Normalized (v.2)	Olink Target 96 Immuno-Oncology(v.3113)	Olink Target 96	intensity normalized	NT=affinity-proteomics;VV=v1.0.0	NT=human;VV=v1.1.0	NT=olink;VV=v1.0.0	v1.1.0	NT=sdrf-skills-autoresearch;VV=v0.0.0
PAD000041-WEAR_7006_V3	Homo sapiens	Blood plasma	Multiple myeloma	not available	not available	15	not applicable	blood plasma	PAD000041-r00015-WEAR_7006_V3	protein expression profiling by antibody array	1	Olink_combined.long.npx.csv	ftp://ftp.pride.ebi.ac.uk/pride/data/archive/2026/04/PAD000041/Olink_combined.long.npx.csv	Olink Target 96	NPX	ADRO04_IO_Plate01_11082023	Intensity Normalized (v.2)	Olink Target 96 Immuno-Oncology(v.3113)	Olink Target 96	intensity normalized	NT=affinity-proteomics;VV=v1.0.0	NT=human;VV=v1.1.0	NT=olink;VV=v1.0.0	v1.1.0	NT=sdrf-skills-autoresearch;VV=v0.0.0
PAD000041-WEAR_7006_V4	Homo sapiens	Blood plasma	Multiple myeloma	not available	not available	16	not applicable	blood plasma	PAD000041-r00016-WEAR_7006_V4	protein expression profiling by antibody array	1	Olink_combined.long.npx.csv	ftp://ftp.pride.ebi.ac.uk/pride/data/archive/2026/04/PAD000041/Olink_combined.long.npx.csv	Olink Target 96	NPX	ADRO04_IO_Plate01_11082023	Intensity Normalized (v.2)	Olink Target 96 Immuno-Oncology(v.3113)	Olink Target 96	intensity normalized	NT=affinity-proteomics;VV=v1.0.0	NT=human;VV=v1.1.0	NT=olink;VV=v1.0.0	v1.1.0	NT=sdrf-skills-autoresearch;VV=v0.0.0
PAD000041-WEAR_7006_V5	Homo sapiens	Blood plasma	Multiple myeloma	not available	not available	17	not applicable	blood plasma	PAD000041-r00017-WEAR_7006_V5	protein expression profiling by antibody array	1	Olink_combined.long.npx.csv	ftp://ftp.pride.ebi.ac.uk/pride/data/archive/2026/04/PAD000041/Olink_combined.long.npx.csv	Olink Target 96	NPX	ADRO04_IO_Plate01_11082023	Intensity Normalized (v.2)	Olink Target 96 Immuno-Oncology(v.3113)	Olink Target 96	intensity normalized	NT=affinity-proteomics;VV=v1.0.0	NT=human;VV=v1.1.0	NT=olink;VV=v1.0.0	v1.1.0	NT=sdrf-skills-autoresearch;VV=v0.0.0
PAD000041-WEAR_7006_V6	Homo sapiens	Blood plasma	Multiple myeloma	not available	not available	18	not applicable	blood plasma	PAD000041-r00018-WEAR_7006_V6	protein expression profiling by antibody array	1	Olink_combined.long.npx.csv	ftp://ftp.pride.ebi.ac.uk/pride/data/archive/2026/04/PAD000041/Olink_combined.long.npx.csv	Olink Target 96	NPX	ADRO04_IO_Plate01_11082023	Intensity Normalized (v.2)	Olink Target 96 Immuno-Oncology(v.3113)	Olink Target 96	intensity normalized	NT=affinity-proteomics;VV=v1.0.0	NT=human;VV=v1.1.0	NT=olink;VV=v1.0.0	v1.1.0	NT=sdrf-skills-autoresearch;VV=v0.0.0
PAD000041-WEAR_7006_V7	Homo sapiens	Blood plasma	Multiple myeloma	not available	not available	19	not applicable	blood plasma	PAD000041-r00019-WEAR_7006_V7	protein expression profiling by antibody array	1	Olink_combined.long.npx.csv	ftp://ftp.pride.ebi.ac.uk/pride/data/archive/2026/04/PAD000041/Olink_combined.long.npx.csv	Olink Target 96	NPX	ADRO04_IO_Plate01_11082023	Intensity Normalized (v.2)	Olink Target 96 Immuno-Oncology(v.3113)	Olink Target 96	intensity normalized	NT=affinity-proteomics;VV=v1.0.0	NT=human;VV=v1.1.0	NT=olink;VV=v1.0.0	v1.1.0	NT=sdrf-skills-autoresearch;VV=v0.0.0
PAD000041-WEAR_7006_V8	Homo sapiens	Blood plasma	Multiple myeloma	not available	not available	20	not applicable	blood plasma	PAD000041-r00020-WEAR_7006_V8	protein expression profiling by antibody array	1	Olink_combined.long.npx.csv	ftp://ftp.pride.ebi.ac.uk/pride/data/archive/2026/04/PAD000041/Olink_combined.long.npx.csv	Olink Target 96	NPX	ADRO04_IO_Plate01_11082023	Intensity Normalized (v.2)	Olink Target 96 Immuno-Oncology(v.3113)	Olink Target 96	intensity normalized	NT=affinity-proteomics;VV=v1.0.0	NT=human;VV=v1.1.0	NT=olink;VV=v1.0.0	v1.1.0	NT=sdrf-skills-autoresearch;VV=v0.0.0
PAD000041-WEAR_7006_V9	Homo sapiens	Blood plasma	Multiple myeloma	not available	not available	21	not applicable	blood plasma	PAD000041-r00021-WEAR_7006_V9	protein expression profiling by antibody array	1	Olink_combined.long.npx.csv	ftp://ftp.pride.ebi.ac.uk/pride/data/archive/2026/04/PAD000041/Olink_combined.long.npx.csv	Olink Target 96	NPX	ADRO04_IO_Plate01_11082023	Intensity Normalized (v.2)	Olink Target 96 Immuno-Oncology(v.3113)	Olink Target 96	intensity normalized	NT=affinity-proteomics;VV=v1.0.0	NT=human;VV=v1.1.0	NT=olink;VV=v1.0.0	v1.1.0	NT=sdrf-skills-autoresearch;VV=v0.0.0
PAD000041-WEAR_7006_V10	Homo sapiens	Blood plasma	Multiple myeloma	not available	not available	22	not applicable	blood plasma	PAD000041-r00022-WEAR_7006_V10	protein expression profiling by antibody array	1	Olink_combined.long.npx.csv	ftp://ftp.pride.ebi.ac.uk/pride/data/archive/2026/04/PAD000041/Olink_combined.long.npx.csv	Olink Target 96	NPX	ADRO04_IO_Plate01_11082023	Intensity Normalized (v.2)	Olink Target 96 Immuno-Oncology(v.3113)	Olink Target 96	intensity normalized	NT=affinity-proteomics;VV=v1.0.0	NT=human;VV=v1.1.0	NT=olink;VV=v1.0.0	v1.1.0	NT=sdrf-skills-autoresearch;VV=v0.0.0
PAD000041-WEAR_7006_V11	Homo sapiens	Blood plasma	Multiple myeloma	not available	not available	23	not applicable	blood plasma	PAD000041-r00023-WEAR_7006_V11	protein expression profiling by antibody array	1	Olink_combined.long.npx.csv	ftp://ftp.pride.ebi.ac.uk/pride/data/archive/2026/04/PAD000041/Olink_combined.long.npx.csv	Olink Target 96	NPX	ADRO04_IO_Plate01_11082023	Intensity Normalized (v.2)	Olink Target 96 Immuno-Oncology(v.3113)	Olink Target 96	intensity normalized	NT=affinity-proteomics;VV=v1.0.0	NT=human;VV=v1.1.0	NT=olink;VV=v1.0.0	v1.1.0	NT=sdrf-skills-autoresearch;VV=v0.0.0
PAD000041-WEAR_7006_V12	Homo sapiens	Blood plasma	Multiple myeloma	not available	not available	24	not applicable	blood plasma	PAD000041-r00024-WEAR_7006_V12	protein expression profiling by antibody array	1	Olink_combined.long.npx.csv	ftp://ftp.pride.ebi.ac.uk/pride/data/archive/2026/04/PAD000041/Olink_combined.long.npx.csv	Olink Target 96	NPX	ADRO04_IO_Plate01_11082023	Intensity Normalized (v.2)	Olink Target 96 Immuno-Oncology(v.3113)	Olink Target 96	intensity normalized	NT=affinity-proteomics;VV=v1.0.0	NT=human;VV=v1.1.0	NT=olink;VV=v1.0.0	v1.1.0	NT=sdrf-skills-autoresearch;VV=v0.0.0
PAD000041-WEAR_7006_V13	Homo sapiens	Blood plasma	Multiple myeloma	not available	not available	25	not applicable	blood plasma	PAD000041-r00025-WEAR_7006_V13	protein expression profiling by antibody array	1	Olink_combined.long.npx.csv	ftp://ftp.pride.ebi.ac.uk/pride/data/archive/2026/04/PAD000041/Olink_combined.long.npx.csv	Olink Target 96	NPX	ADRO04_IO_Plate01_11082023	Intensity Normalized (v.2)	Olink Target 96 Immuno-Oncology(v.3113)	Olink Target 96	intensity normalized	NT=affinity-proteomics;VV=v1.0.0	NT=human;VV=v1.1.0	NT=olink;VV=v1.0.0	v1.1.0	NT=sdrf-skills-autoresearch;VV=v0.0.0
PAD000041-WEAR_7006_V14	Homo sapiens	Blood plasma	Multiple myeloma	not available	not available	26	not applicable	blood plasma	PAD000041-r00026-WEAR_7006_V14	protein expression profiling by antibody array	1	Olink_combined.long.npx.csv	ftp://ftp.pride.ebi.ac.uk/pride/data/archive/2026/04/PAD000041/Olink_combined.long.npx.csv	Olink Target 96	NPX	ADRO04_IO_Plate01_11082023	Intensity Normalized (v.2)	Olink Target 96 Immuno-Oncology(v.3113)	Olink Target 96	intensity normalized	NT=affinity-proteomics;VV=v1.0.0	NT=human;VV=v1.1.0	NT=olink;VV=v1.0.0	v1.1.0	NT=sdrf-skills-autoresearch;VV=v0.0.0
PAD000041-WEAR_7009_V1	Homo sapiens	Blood plasma	Multiple myeloma	not available	not available	27	not applicable	blood plasma	PAD000041-r00027-WEAR_7009_V1	protein expression profiling by antibody array	1	Olink_combined.long.npx.csv	ftp://ftp.pride.ebi.ac.uk/pride/data/archive/2026/04/PAD000041/Olink_combined.long.npx.csv	Olink Target 96	NPX	ADRO04_IO_Plate01_11082023	Intensity Normalized (v.2)	Olink Target 96 Immuno-Oncology(v.3113)	Olink Target 96	intensity normalized	NT=affinity-proteomics;VV=v1.0.0	NT=human;VV=v1.1.0	NT=olink;VV=v1.0.0	v1.1.0	NT=sdrf-skills-autoresearch;VV=v0.0.0
PAD000041-WEAR_7009_V2	Homo sapiens	Blood plasma	Multiple myeloma	not available	not available	28	not applicable	blood plasma	PAD000041-r00028-WEAR_7009_V2	protein expression profiling by antibody array	1	Olink_combined.long.npx.csv	ftp://ftp.pride.ebi.ac.uk/pride/data/archive/2026/04/PAD000041/Olink_combined.long.npx.csv	Olink Target 96	NPX	ADRO04_IO_Plate01_11082023	Intensity Normalized (v.2)	Olink Target 96 Immuno-Oncology(v.3113)	Olink Target 96	intensity normalized	NT=affinity-proteomics;VV=v1.0.0	NT=human;VV=v1.1.0	NT=olink;VV=v1.0.0	v1.1.0	NT=sdrf-skills-autoresearch;VV=v0.0.0
PAD000041-WEAR_7009_V3	Homo sapiens	Blood plasma	Multiple myeloma	not available	not available	29	not applicable	blood plasma	PAD000041-r00029-WEAR_7009_V3	protein expression profiling by antibody array	1	Olink_combined.long.npx.csv	ftp://ftp.pride.ebi.ac.uk/pride/data/archive/2026/04/PAD000041/Olink_combined.long.npx.csv	Olink Target 96	NPX	ADRO04_IO_Plate01_11082023	Intensity Normalized (v.2)	Olink Target 96 Immuno-Oncology(v.3113)	Olink Target 96	intensity normalized	NT=affinity-proteomics;VV=v1.0.0	NT=human;VV=v1.1.0	NT=olink;VV=v1.0.0	v1.1.0	NT=sdrf-skills-autoresearch;VV=v0.0.0
PAD000041-WEAR_7009_V4	Homo sapiens	Blood plasma	Multiple myeloma	not available	not available	30	not applicable	blood plasma	PAD000041-r00030-WEAR_7009_V4	protein expression profiling by antibody array	1	Olink_combined.long.npx.csv	ftp://ftp.pride.ebi.ac.uk/pride/data/archive/2026/04/PAD000041/Olink_combined.long.npx.csv	Olink Target 96	NPX	ADRO04_IO_Plate01_11082023	Intensity Normalized (v.2)	Olink Target 96 Immuno-Oncology(v.3113)	Olink Target 96	intensity normalized	NT=affinity-proteomics;VV=v1.0.0	NT=human;VV=v1.1.0	NT=olink;VV=v1.0.0	v1.1.0	NT=sdrf-skills-autoresearch;VV=v0.0.0
PAD000041-WEAR_7009_V5	Homo sapiens	Blood plasma	Multiple myeloma	not available	not available	31	not applicable	blood plasma	PAD000041-r00031-WEAR_7009_V5	protein expression profiling by antibody array	1	Olink_combined.long.npx.csv	ftp://ftp.pride.ebi.ac.uk/pride/data/archive/2026/04/PAD000041/Olink_combined.long.npx.csv	Olink Target 96	NPX	ADRO04_IO_Plate01_11082023	Intensity Normalized (v.2)	Olink Target 96 Immuno-Oncology(v.3113)	Olink Target 96	intensity normalized	NT=affinity-proteomics;VV=v1.0.0	NT=human;VV=v1.1.0	NT=olink;VV=v1.0.0	v1.1.0	NT=sdrf-skills-autoresearch;VV=v0.0.0
PAD000041-WEAR_7009_V6	Homo sapiens	Blood plasma	Multiple myeloma	not available	not available	32	not applicable	blood plasma	PAD000041-r00032-WEAR_7009_V6	protein expression profiling by antibody array	1	Olink_combined.long.npx.csv	ftp://ftp.pride.ebi.ac.uk/pride/data/archive/2026/04/PAD000041/Olink_combined.long.npx.csv	Olink Target 96	NPX	ADRO04_IO_Plate01_11082023	Intensity Normalized (v.2)	Olink Target 96 Immuno-Oncology(v.3113)	Olink Target 96	intensity normalized	NT=affinity-proteomics;VV=v1.0.0	NT=human;VV=v1.1.0	NT=olink;VV=v1.0.0	v1.1.0	NT=sdrf-skills-autoresearch;VV=v0.0.0
PAD000041-WEAR_7009_CRS	Homo sapiens	Blood plasma	Multiple myeloma	not available	not available	33	not applicable	blood plasma	PAD000041-r00033-WEAR_7009_CRS	protein expression profiling by antibody array	1	Olink_combined.long.npx.csv	ftp://ftp.pride.ebi.ac.uk/pride/data/archive/2026/04/PAD000041/Olink_combined.long.npx.csv	Olink Target 96	NPX	ADRO04_IO_Plate01_11082023	Intensity Normalized (v.2)	Olink Target 96 Immuno-Oncology(v.3113)	Olink Target 96	intensity normalized	NT=affinity-proteomics;VV=v1.0.0	NT=human;VV=v1.1.0	NT=olink;VV=v1.0.0	v1.1.0	NT=sdrf-skills-autoresearch;VV=v0.0.0
PAD000041-WEAR_7009_V7	Homo sapiens	Blood plasma	Multiple myeloma	not available	not available	34	not applicable	blood plasma	PAD000041-r00034-WEAR_7009_V7	protein expression profiling by antibody array	1	Olink_combined.long.npx.csv	ftp://ftp.pride.ebi.ac.uk/pride/data/archive/2026/04/PAD000041/Olink_combined.long.npx.csv	Olink Target 96	NPX	ADRO04_IO_Plate01_11082023	Intensity Normalized (v.2)	Olink Target 96 Immuno-Oncology(v.3113)	Olink Target 96	intensity normalized	NT=affinity-proteomics;VV=v1.0.0	NT=human;VV=v1.1.0	NT=olink;VV=v1.0.0	v1.1.0	NT=sdrf-skills-autoresearch;VV=v0.0.0
PAD000041-WEAR_7009_V8	Homo sapiens	Blood plasma	Multiple myeloma	not available	not available	35	not applicable	blood plasma	PAD000041-r00035-WEAR_7009_V8	protein expression profiling by antibody array	1	Olink_combined.long.npx.csv	ftp://ftp.pride.ebi.ac.uk/pride/data/archive/2026/04/PAD000041/Olink_combined.long.npx.csv	Olink Target 96	NPX	ADRO04_IO_Plate01_11082023	Intensity Normalized (v.2)	Olink Target 96 Immuno-Oncology(v.3113)	Olink Target 96	intensity normalized	NT=affinity-proteomics;VV=v1.0.0	NT=human;VV=v1.1.0	NT=olink;VV=v1.0.0	v1.1.0	NT=sdrf-skills-autoresearch;VV=v0.0.0
PAD000041-WEAR_7009_V9	Homo sapiens	Blood plasma	Multiple myeloma	not available	not available	36	not applicable	blood plasma	PAD000041-r00036-WEAR_7009_V9	protein expression profiling by antibody array	1	Olink_combined.long.npx.csv	ftp://ftp.pride.ebi.ac.uk/pride/data/archive/2026/04/PAD000041/Olink_combined.long.npx.csv	Olink Target 96	NPX	ADRO04_IO_Plate01_11082023	Intensity Normalized (v.2)	Olink Target 96 Immuno-Oncology(v.3113)	Olink Target 96	intensity normalized	NT=affinity-proteomics;VV=v1.0.0	NT=human;VV=v1.1.0	NT=olink;VV=v1.0.0	v1.1.0	NT=sdrf-skills-autoresearch;VV=v0.0.0
PAD000041-WEAR_7009_V11	Homo sapiens	Blood plasma	Multiple myeloma	not available	not available	37	not applicable	blood plasma	PAD000041-r00037-WEAR_7009_V11	protein expression profiling by antibody array	1	Olink_combined.long.npx.csv	ftp://ftp.pride.ebi.ac.uk/pride/data/archive/2026/04/PAD000041/Olink_combined.long.npx.csv	Olink Target 96	NPX	ADRO04_IO_Plate01_11082023	Intensity Normalized (v.2)	Olink Target 96 Immuno-Oncology(v.3113)	Olink Target 96	intensity normalized	NT=affinity-proteomics;VV=v1.0.0	NT=human;VV=v1.1.0	NT=olink;VV=v1.0.0	v1.1.0	NT=sdrf-skills-autoresearch;VV=v0.0.0
PAD000041-WEAR_7009_V12	Homo sapiens	Blood plasma	Multiple myeloma	not available	not available	38	not applicable	blood plasma	PAD000041-r00038-WEAR_7009_V12	protein expression profiling by antibody array	1	Olink_combined.long.npx.csv	ftp://ftp.pride.ebi.ac.uk/pride/data/archive/2026/04/PAD000041/Olink_combined.long.npx.csv	Olink Target 96	NPX	ADRO04_IO_Plate01_11082023	Intensity Normalized (v.2)	Olink Target 96 Immuno-Oncology(v.3113)	Olink Target 96	intensity normalized	NT=affinity-proteomics;VV=v1.0.0	NT=human;VV=v1.1.0	NT=olink;VV=v1.0.0	v1.1.0	NT=sdrf-skills-autoresearch;VV=v0.0.0
PAD000041-WEAR_7009_V13	Homo sapiens	Blood plasma	Multiple myeloma	not available	not available	39	not applicable	blood plasma	PAD000041-r00039-WEAR_7009_V13	protein expression profiling by antibody array	1	Olink_combined.long.npx.csv	ftp://ftp.pride.ebi.ac.uk/pride/data/archive/2026/04/PAD000041/Olink_combined.long.npx.csv	Olink Target 96	NPX	ADRO04_IO_Plate01_11082023	Intensity Normalized (v.2)	Olink Target 96 Immuno-Oncology(v.3113)	Olink Target 96	intensity normalized	NT=affinity-proteomics;VV=v1.0.0	NT=human;VV=v1.1.0	NT=olink;VV=v1.0.0	v1.1.0	NT=sdrf-skills-autoresearch;VV=v0.0.0
PAD000041-WEAR_7009_V14	Homo sapiens	Blood plasma	Multiple myeloma	not available	not available	40	not applicable	blood plasma	PAD000041-r00040-WEAR_7009_V14	protein expression profiling by antibody array	1	Olink_combined.long.npx.csv	ftp://ftp.pride.ebi.ac.uk/pride/data/archive/2026/04/PAD000041/Olink_combined.long.npx.csv	Olink Target 96	NPX	ADRO04_IO_Plate01_11082023	Intensity Normalized (v.2)	Olink Target 96 Immuno-Oncology(v.3113)	Olink Target 96	intensity normalized	NT=affinity-proteomics;VV=v1.0.0	NT=human;VV=v1.1.0	NT=olink;VV=v1.0.0	v1.1.0	NT=sdrf-skills-autoresearch;VV=v0.0.0
PAD000041-WEAR_7009_V15	Homo sapiens	Blood plasma	Multiple myeloma	not available	not available	41	not applicable	blood plasma	PAD000041-r00041-WEAR_7009_V15	protein expression profiling by antibody array	1	Olink_combined.long.npx.csv	ftp://ftp.pride.ebi.ac.uk/pride/data/archive/2026/04/PAD000041/Olink_combined.long.npx.csv	Olink Target 96	NPX	ADRO04_IO_Plate01_11082023	Intensity Normalized (v.2)	Olink Target 96 Immuno-Oncology(v.3113)	Olink Target 96	intensity normalized	NT=affinity-proteomics;VV=v1.0.0	NT=human;VV=v1.1.0	NT=olink;VV=v1.0.0	v1.1.0	NT=sdrf-skills-autoresearch;VV=v0.0.0
PAD000041-WEAR_7009_V16	Homo sapiens	Blood plasma	Multiple myeloma	not available	not available	42	not applicable	blood plasma	PAD000041-r00042-WEAR_7009_V16	protein expression profiling by antibody array	1	Olink_combined.long.npx.csv	ftp://ftp.pride.ebi.ac.uk/pride/data/archive/2026/04/PAD000041/Olink_combined.long.npx.csv	Olink Target 96	NPX	ADRO04_IO_Plate01_11082023	Intensity Normalized (v.2)	Olink Target 96 Immuno-Oncology(v.3113)	Olink Target 96	intensity normalized	NT=affinity-proteomics;VV=v1.0.0	NT=human;VV=v1.1.0	NT=olink;VV=v1.0.0	v1.1.0	NT=sdrf-skills-autoresearch;VV=v0.0.0
PAD000041-WEAR_7009_V17	Homo sapiens	Blood plasma	Multiple myeloma	not available	not available	43	not applicable	blood plasma	PAD000041-r00043-WEAR_7009_V17	protein expression profiling by antibody array	1	Olink_combined.long.npx.csv	ftp://ftp.pride.ebi.ac.uk/pride/data/archive/2026/04/PAD000041/Olink_combined.long.npx.csv	Olink Target 96	NPX	ADRO04_IO_Plate01_11082023	Intensity Normalized (v.2)	Olink Target 96 Immuno-Oncology(v.3113)	Olink Target 96	intensity normalized	NT=affinity-proteomics;VV=v1.0.0	NT=human;VV=v1.1.0	NT=olink;VV=v1.0.0	v1.1.0	NT=sdrf-skills-autoresearch;VV=v0.0.0
PAD000041-WEAR_7009_V19	Homo sapiens	Blood plasma	Multiple myeloma	not available	not available	44	not applicable	blood plasma	PAD000041-r00044-WEAR_7009_V19	protein expression profiling by antibody array	1	Olink_combined.long.npx.csv	ftp://ftp.pride.ebi.ac.uk/pride/data/archive/2026/04/PAD000041/Olink_combined.long.npx.csv	Olink Target 96	NPX	ADRO04_IO_Plate01_11082023	Intensity Normalized (v.2)	Olink Target 96 Immuno-Oncology(v.3113)	Olink Target 96	intensity normalized	NT=affinity-proteomics;VV=v1.0.0	NT=human;VV=v1.1.0	NT=olink;VV=v1.0.0	v1.1.0	NT=sdrf-skills-autoresearch;VV=v0.0.0
PAD000041-WEAR_7011_V1	Homo sapiens	Blood plasma	Multiple myeloma	not available	not available	45	not applicable	blood plasma	PAD000041-r00045-WEAR_7011_V1	protein expression profiling by antibody array	1	Olink_combined.long.npx.csv	ftp://ftp.pride.ebi.ac.uk/pride/data/archive/2026/04/PAD000041/Olink_combined.long.npx.csv	Olink Target 96	NPX	ADRO04_IO_Plate01_11082023	Intensity Normalized (v.2)	Olink Target 96 Immuno-Oncology(v.3113)	Olink Target 96	intensity normalized	NT=affinity-proteomics;VV=v1.0.0	NT=human;VV=v1.1.0	NT=olink;VV=v1.0.0	v1.1.0	NT=sdrf-skills-autoresearch;VV=v0.0.0
PAD000041-WEAR_7011_V2	Homo sapiens	Blood plasma	Multiple myeloma	not available	not available	46	not applicable	blood plasma	PAD000041-r00046-WEAR_7011_V2	protein expression profiling by antibody array	1	Olink_combined.long.npx.csv	ftp://ftp.pride.ebi.ac.uk/pride/data/archive/2026/04/PAD000041/Olink_combined.long.npx.csv	Olink Target 96	NPX	ADRO04_IO_Plate01_11082023	Intensity Normalized (v.2)	Olink Target 96 Immuno-Oncology(v.3113)	Olink Target 96	intensity normalized	NT=affinity-proteomics;VV=v1.0.0	NT=human;VV=v1.1.0	NT=olink;VV=v1.0.0	v1.1.0	NT=sdrf-skills-autoresearch;VV=v0.0.0
PAD000041-WEAR_7011_V3	Homo sapiens	Blood plasma	Multiple myeloma	not available	not available	47	not applicable	blood plasma	PAD000041-r00047-WEAR_7011_V3	protein expression profiling by antibody array	1	Olink_combined.long.npx.csv	ftp://ftp.pride.ebi.ac.uk/pride/data/archive/2026/04/PAD000041/Olink_combined.long.npx.csv	Olink Target 96	NPX	ADRO04_IO_Plate01_11082023	Intensity Normalized (v.2)	Olink Target 96 Immuno-Oncology(v.3113)	Olink Target 96	intensity normalized	NT=affinity-proteomics;VV=v1.0.0	NT=human;VV=v1.1.0	NT=olink;VV=v1.0.0	v1.1.0	NT=sdrf-skills-autoresearch;VV=v0.0.0
PAD000041-WEAR_7011_V4	Homo sapiens	Blood plasma	Multiple myeloma	not available	not available	48	not applicable	blood plasma	PAD000041-r00048-WEAR_7011_V4	protein expression profiling by antibody array	1	Olink_combined.long.npx.csv	ftp://ftp.pride.ebi.ac.uk/pride/data/archive/2026/04/PAD000041/Olink_combined.long.npx.csv	Olink Target 96	NPX	ADRO04_IO_Plate01_11082023	Intensity Normalized (v.2)	Olink Target 96 Immuno-Oncology(v.3113)	Olink Target 96	intensity normalized	NT=affinity-proteomics;VV=v1.0.0	NT=human;VV=v1.1.0	NT=olink;VV=v1.0.0	v1.1.0	NT=sdrf-skills-autoresearch;VV=v0.0.0
PAD000041-WEAR_7011_V5	Homo sapiens	Blood plasma	Multiple myeloma	not available	not available	49	not applicable	blood plasma	PAD000041-r00049-WEAR_7011_V5	protein expression profiling by antibody array	1	Olink_combined.long.npx.csv	ftp://ftp.pride.ebi.ac.uk/pride/data/archive/2026/04/PAD000041/Olink_combined.long.npx.csv	Olink Target 96	NPX	ADRO04_IO_Plate01_11082023	Intensity Normalized (v.2)	Olink Target 96 Immuno-Oncology(v.3113)	Olink Target 96	intensity normalized	NT=affinity-proteomics;VV=v1.0.0	NT=human;VV=v1.1.0	NT=olink;VV=v1.0.0	v1.1.0	NT=sdrf-skills-autoresearch;VV=v0.0.0
PAD000041-WEAR_7011_V7	Homo sapiens	Blood plasma	Multiple myeloma	not available	not available	50	not applicable	blood plasma	PAD000041-r00050-WEAR_7011_V7	protein expression profiling by antibody array	1	Olink_combined.long.npx.csv	ftp://ftp.pride.ebi.ac.uk/pride/data/archive/2026/04/PAD000041/Olink_combined.long.npx.csv	Olink Target 96	NPX	ADRO04_IO_Plate01_11082023	Intensity Normalized (v.2)	Olink Target 96 Immuno-Oncology(v.3113)	Olink Target 96	intensity normalized	NT=affinity-proteomics;VV=v1.0.0	NT=human;VV=v1.1.0	NT=olink;VV=v1.0.0	v1.1.0	NT=sdrf-skills-autoresearch;VV=v0.0.0
PAD000041-WEAR_7011_V8	Homo sapiens	Blood plasma	Multiple myeloma	not available	not available	51	not applicable	blood plasma	PAD000041-r00051-WEAR_7011_V8	protein expression profiling by antibody array	1	Olink_combined.long.npx.csv	ftp://ftp.pride.ebi.ac.uk/pride/data/archive/2026/04/PAD000041/Olink_combined.long.npx.csv	Olink Target 96	NPX	ADRO04_IO_Plate01_11082023	Intensity Normalized (v.2)	Olink Target 96 Immuno-Oncology(v.3113)	Olink Target 96	intensity normalized	NT=affinity-proteomics;VV=v1.0.0	NT=human;VV=v1.1.0	NT=olink;VV=v1.0.0	v1.1.0	NT=sdrf-skills-autoresearch;VV=v0.0.0
PAD000041-WEAR_7011_V6	Homo sapiens	Blood plasma	Multiple myeloma	not available	not available	52	not applicable	blood plasma	PAD000041-r00052-WEAR_7011_V6	protein expression profiling by antibody array	1	Olink_combined.long.npx.csv	ftp://ftp.pride.ebi.ac.uk/pride/data/archive/2026/04/PAD000041/Olink_combined.long.npx.csv	Olink Target 96	NPX	ADRO04_IO_Plate01_11082023	Intensity Normalized (v.2)	Olink Target 96 Immuno-Oncology(v.3113)	Olink Target 96	intensity normalized	NT=affinity-proteomics;VV=v1.0.0	NT=human;VV=v1.1.0	NT=olink;VV=v1.0.0	v1.1.0	NT=sdrf-skills-autoresearch;VV=v0.0.0
PAD000041-WEAR_7011_V9	Homo sapiens	Blood plasma	Multiple myeloma	not available	not available	53	not applicable	blood plasma	PAD000041-r00053-WEAR_7011_V9	protein expression profiling by antibody array	1	Olink_combined.long.npx.csv	ftp://ftp.pride.ebi.ac.uk/pride/data/archive/2026/04/PAD000041/Olink_combined.long.npx.csv	Olink Target 96	NPX	ADRO04_IO_Plate01_11082023	Intensity Normalized (v.2)	Olink Target 96 Immuno-Oncology(v.3113)	Olink Target 96	intensity normalized	NT=affinity-proteomics;VV=v1.0.0	NT=human;VV=v1.1.0	NT=olink;VV=v1.0.0	v1.1.0	NT=sdrf-skills-autoresearch;VV=v0.0.0
PAD000041-WEAR_7011_V10	Homo sapiens	Blood plasma	Multiple myeloma	not available	not available	54	not applicable	blood plasma	PAD000041-r00054-WEAR_7011_V10	protein expression profiling by antibody array	1	Olink_combined.long.npx.csv	ftp://ftp.pride.ebi.ac.uk/pride/data/archive/2026/04/PAD000041/Olink_combined.long.npx.csv	Olink Target 96	NPX	ADRO04_IO_Plate01_11082023	Intensity Normalized (v.2)	Olink Target 96 Immuno-Oncology(v.3113)	Olink Target 96	intensity normalized	NT=affinity-proteomics;VV=v1.0.0	NT=human;VV=v1.1.0	NT=olink;VV=v1.0.0	v1.1.0	NT=sdrf-skills-autoresearch;VV=v0.0.0
PAD000041-WEAR_7011_V11	Homo sapiens	Blood plasma	Multiple myeloma	not available	not available	55	not applicable	blood plasma	PAD000041-r00055-WEAR_7011_V11	protein expression profiling by antibody array	1	Olink_combined.long.npx.csv	ftp://ftp.pride.ebi.ac.uk/pride/data/archive/2026/04/PAD000041/Olink_combined.long.npx.csv	Olink Target 96	NPX	ADRO04_IO_Plate01_11082023	Intensity Normalized (v.2)	Olink Target 96 Immuno-Oncology(v.3113)	Olink Target 96	intensity normalized	NT=affinity-proteomics;VV=v1.0.0	NT=human;VV=v1.1.0	NT=olink;VV=v1.0.0	v1.1.0	NT=sdrf-skills-autoresearch;VV=v0.0.0
PAD000041-WEAR_7011_V12	Homo sapiens	Blood plasma	Multiple myeloma	not available	not available	56	not applicable	blood plasma	PAD000041-r00056-WEAR_7011_V12	protein expression profiling by antibody array	1	Olink_combined.long.npx.csv	ftp://ftp.pride.ebi.ac.uk/pride/data/archive/2026/04/PAD000041/Olink_combined.long.npx.csv	Olink Target 96	NPX	ADRO04_IO_Plate01_11082023	Intensity Normalized (v.2)	Olink Target 96 Immuno-Oncology(v.3113)	Olink Target 96	intensity normalized	NT=affinity-proteomics;VV=v1.0.0	NT=human;VV=v1.1.0	NT=olink;VV=v1.0.0	v1.1.0	NT=sdrf-skills-autoresearch;VV=v0.0.0
PAD000041-WEAR_7011_V13	Homo sapiens	Blood plasma	Multiple myeloma	not available	not available	57	not applicable	blood plasma	PAD000041-r00057-WEAR_7011_V13	protein expression profiling by antibody array	1	Olink_combined.long.npx.csv	ftp://ftp.pride.ebi.ac.uk/pride/data/archive/2026/04/PAD000041/Olink_combined.long.npx.csv	Olink Target 96	NPX	ADRO04_IO_Plate01_11082023	Intensity Normalized (v.2)	Olink Target 96 Immuno-Oncology(v.3113)	Olink Target 96	intensity normalized	NT=affinity-proteomics;VV=v1.0.0	NT=human;VV=v1.1.0	NT=olink;VV=v1.0.0	v1.1.0	NT=sdrf-skills-autoresearch;VV=v0.0.0
PAD000041-WEAR_7011_V14	Homo sapiens	Blood plasma	Multiple myeloma	not available	not available	58	not applicable	blood plasma	PAD000041-r00058-WEAR_7011_V14	protein expression profiling by antibody array	1	Olink_combined.long.npx.csv	ftp://ftp.pride.ebi.ac.uk/pride/data/archive/2026/04/PAD000041/Olink_combined.long.npx.csv	Olink Target 96	NPX	ADRO04_IO_Plate01_11082023	Intensity Normalized (v.2)	Olink Target 96 Immuno-Oncology(v.3113)	Olink Target 96	intensity normalized	NT=affinity-proteomics;VV=v1.0.0	NT=human;VV=v1.1.0	NT=olink;VV=v1.0.0	v1.1.0	NT=sdrf-skills-autoresearch;VV=v0.0.0
PAD000041-WEAR_7011_V15	Homo sapiens	Blood plasma	Multiple myeloma	not available	not available	59	not applicable	blood plasma	PAD000041-r00059-WEAR_7011_V15	protein expression profiling by antibody array	1	Olink_combined.long.npx.csv	ftp://ftp.pride.ebi.ac.uk/pride/data/archive/2026/04/PAD000041/Olink_combined.long.npx.csv	Olink Target 96	NPX	ADRO04_IO_Plate01_11082023	Intensity Normalized (v.2)	Olink Target 96 Immuno-Oncology(v.3113)	Olink Target 96	intensity normalized	NT=affinity-proteomics;VV=v1.0.0	NT=human;VV=v1.1.0	NT=olink;VV=v1.0.0	v1.1.0	NT=sdrf-skills-autoresearch;VV=v0.0.0
PAD000041-WEAR_7011_CRS	Homo sapiens	Blood plasma	Multiple myeloma	not available	not available	60	not applicable	blood plasma	PAD000041-r00060-WEAR_7011_CRS	protein expression profiling by antibody array	1	Olink_combined.long.npx.csv	ftp://ftp.pride.ebi.ac.uk/pride/data/archive/2026/04/PAD000041/Olink_combined.long.npx.csv	Olink Target 96	NPX	ADRO04_IO_Plate01_11082023	Intensity Normalized (v.2)	Olink Target 96 Immuno-Oncology(v.3113)	Olink Target 96	intensity normalized	NT=affinity-proteomics;VV=v1.0.0	NT=human;VV=v1.1.0	NT=olink;VV=v1.0.0	v1.1.0	NT=sdrf-skills-autoresearch;VV=v0.0.0
PAD000041-WEAR_7002_V1	Homo sapiens	Blood plasma	Multiple myeloma	not available	not available	61	not applicable	blood plasma	PAD000041-r00061-WEAR_7002_V1	protein expression profiling by antibody array	1	Olink_combined.long.npx.csv	ftp://ftp.pride.ebi.ac.uk/pride/data/archive/2026/04/PAD000041/Olink_combined.long.npx.csv	Olink Target 96	NPX	ADRO04_IO_Plate02_11082023	Intensity Normalized (v.2)	Olink Target 96 Immuno-Oncology(v.3113)	Olink Target 96	intensity normalized	NT=affinity-proteomics;VV=v1.0.0	NT=human;VV=v1.1.0	NT=olink;VV=v1.0.0	v1.1.0	NT=sdrf-skills-autoresearch;VV=v0.0.0
PAD000041-WEAR_7002_V2	Homo sapiens	Blood plasma	Multiple myeloma	not available	not available	62	not applicable	blood plasma	PAD000041-r00062-WEAR_7002_V2	protein expression profiling by antibody array	1	Olink_combined.long.npx.csv	ftp://ftp.pride.ebi.ac.uk/pride/data/archive/2026/04/PAD000041/Olink_combined.long.npx.csv	Olink Target 96	NPX	ADRO04_IO_Plate02_11082023	Intensity Normalized (v.2)	Olink Target 96 Immuno-Oncology(v.3113)	Olink Target 96	intensity normalized	NT=affinity-proteomics;VV=v1.0.0	NT=human;VV=v1.1.0	NT=olink;VV=v1.0.0	v1.1.0	NT=sdrf-skills-autoresearch;VV=v0.0.0
PAD000041-WEAR_7002_V3	Homo sapiens	Blood plasma	Multiple myeloma	not available	not available	63	not applicable	blood plasma	PAD000041-r00063-WEAR_7002_V3	protein expression profiling by antibody array	1	Olink_combined.long.npx.csv	ftp://ftp.pride.ebi.ac.uk/pride/data/archive/2026/04/PAD000041/Olink_combined.long.npx.csv	Olink Target 96	NPX	ADRO04_IO_Plate02_11082023	Intensity Normalized (v.2)	Olink Target 96 Immuno-Oncology(v.3113)	Olink Target 96	intensity normalized	NT=affinity-proteomics;VV=v1.0.0	NT=human;VV=v1.1.0	NT=olink;VV=v1.0.0	v1.1.0	NT=sdrf-skills-autoresearch;VV=v0.0.0
PAD000041-WEAR_7002_V4	Homo sapiens	Blood plasma	Multiple myeloma	not available	not available	64	not applicable	blood plasma	PAD000041-r00064-WEAR_7002_V4	protein expression profiling by antibody array	1	Olink_combined.long.npx.csv	ftp://ftp.pride.ebi.ac.uk/pride/data/archive/2026/04/PAD000041/Olink_combined.long.npx.csv	Olink Target 96	NPX	ADRO04_IO_Plate02_11082023	Intensity Normalized (v.2)	Olink Target 96 Immuno-Oncology(v.3113)	Olink Target 96	intensity normalized	NT=affinity-proteomics;VV=v1.0.0	NT=human;VV=v1.1.0	NT=olink;VV=v1.0.0	v1.1.0	NT=sdrf-skills-autoresearch;VV=v0.0.0
PAD000041-WEAR_7002_V5	Homo sapiens	Blood plasma	Multiple myeloma	not available	not available	65	not applicable	blood plasma	PAD000041-r00065-WEAR_7002_V5	protein expression profiling by antibody array	1	Olink_combined.long.npx.csv	ftp://ftp.pride.ebi.ac.uk/pride/data/archive/2026/04/PAD000041/Olink_combined.long.npx.csv	Olink Target 96	NPX	ADRO04_IO_Plate02_11082023	Intensity Normalized (v.2)	Olink Target 96 Immuno-Oncology(v.3113)	Olink Target 96	intensity normalized	NT=affinity-proteomics;VV=v1.0.0	NT=human;VV=v1.1.0	NT=olink;VV=v1.0.0	v1.1.0	NT=sdrf-skills-autoresearch;VV=v0.0.0
PAD000041-WEAR_7002_V6	Homo sapiens	Blood plasma	Multiple myeloma	not available	not available	66	not applicable	blood plasma	PAD000041-r00066-WEAR_7002_V6	protein expression profiling by antibody array	1	Olink_combined.long.npx.csv	ftp://ftp.pride.ebi.ac.uk/pride/data/archive/2026/04/PAD000041/Olink_combined.long.npx.csv	Olink Target 96	NPX	ADRO04_IO_Plate02_11082023	Intensity Normalized (v.2)	Olink Target 96 Immuno-Oncology(v.3113)	Olink Target 96	intensity normalized	NT=affinity-proteomics;VV=v1.0.0	NT=human;VV=v1.1.0	NT=olink;VV=v1.0.0	v1.1.0	NT=sdrf-skills-autoresearch;VV=v0.0.0
PAD000041-WEAR_7002_V7	Homo sapiens	Blood plasma	Multiple myeloma	not available	not available	67	not applicable	blood plasma	PAD000041-r00067-WEAR_7002_V7	protein expression profiling by antibody array	1	Olink_combined.long.npx.csv	ftp://ftp.pride.ebi.ac.uk/pride/data/archive/2026/04/PAD000041/Olink_combined.long.npx.csv	Olink Target 96	NPX	ADRO04_IO_Plate02_11082023	Intensity Normalized (v.2)	Olink Target 96 Immuno-Oncology(v.3113)	Olink Target 96	intensity normalized	NT=affinity-proteomics;VV=v1.0.0	NT=human;VV=v1.1.0	NT=olink;VV=v1.0.0	v1.1.0	NT=sdrf-skills-autoresearch;VV=v0.0.0
PAD000041-WEAR_7002_V8	Homo sapiens	Blood plasma	Multiple myeloma	not available	not available	68	not applicable	blood plasma	PAD000041-r00068-WEAR_7002_V8	protein expression profiling by antibody array	1	Olink_combined.long.npx.csv	ftp://ftp.pride.ebi.ac.uk/pride/data/archive/2026/04/PAD000041/Olink_combined.long.npx.csv	Olink Target 96	NPX	ADRO04_IO_Plate02_11082023	Intensity Normalized (v.2)	Olink Target 96 Immuno-Oncology(v.3113)	Olink Target 96	intensity normalized	NT=affinity-proteomics;VV=v1.0.0	NT=human;VV=v1.1.0	NT=olink;VV=v1.0.0	v1.1.0	NT=sdrf-skills-autoresearch;VV=v0.0.0
PAD000041-WEAR_7002_V10	Homo sapiens	Blood plasma	Multiple myeloma	not available	not available	69	not applicable	blood plasma	PAD000041-r00069-WEAR_7002_V10	protein expression profiling by antibody array	1	Olink_combined.long.npx.csv	ftp://ftp.pride.ebi.ac.uk/pride/data/archive/2026/04/PAD000041/Olink_combined.long.npx.csv	Olink Target 96	NPX	ADRO04_IO_Plate02_11082023	Intensity Normalized (v.2)	Olink Target 96 Immuno-Oncology(v.3113)	Olink Target 96	intensity normalized	NT=affinity-proteomics;VV=v1.0.0	NT=human;VV=v1.1.0	NT=olink;VV=v1.0.0	v1.1.0	NT=sdrf-skills-autoresearch;VV=v0.0.0
PAD000041-WEAR_7002_V11	Homo sapiens	Blood plasma	Multiple myeloma	not available	not available	70	not applicable	blood plasma	PAD000041-r00070-WEAR_7002_V11	protein expression profiling by antibody array	1	Olink_combined.long.npx.csv	ftp://ftp.pride.ebi.ac.uk/pride/data/archive/2026/04/PAD000041/Olink_combined.long.npx.csv	Olink Target 96	NPX	ADRO04_IO_Plate02_11082023	Intensity Normalized (v.2)	Olink Target 96 Immuno-Oncology(v.3113)	Olink Target 96	intensity normalized	NT=affinity-proteomics;VV=v1.0.0	NT=human;VV=v1.1.0	NT=olink;VV=v1.0.0	v1.1.0	NT=sdrf-skills-autoresearch;VV=v0.0.0
PAD000041-WEAR_7002_V12	Homo sapiens	Blood plasma	Multiple myeloma	not available	not available	71	not applicable	blood plasma	PAD000041-r00071-WEAR_7002_V12	protein expression profiling by antibody array	1	Olink_combined.long.npx.csv	ftp://ftp.pride.ebi.ac.uk/pride/data/archive/2026/04/PAD000041/Olink_combined.long.npx.csv	Olink Target 96	NPX	ADRO04_IO_Plate02_11082023	Intensity Normalized (v.2)	Olink Target 96 Immuno-Oncology(v.3113)	Olink Target 96	intensity normalized	NT=affinity-proteomics;VV=v1.0.0	NT=human;VV=v1.1.0	NT=olink;VV=v1.0.0	v1.1.0	NT=sdrf-skills-autoresearch;VV=v0.0.0
PAD000041-WEAR_7002_2_V12	Homo sapiens	Blood plasma	Multiple myeloma	not available	not available	72	not applicable	blood plasma	PAD000041-r00072-WEAR_7002_2_V12	protein expression profiling by antibody array	1	Olink_combined.long.npx.csv	ftp://ftp.pride.ebi.ac.uk/pride/data/archive/2026/04/PAD000041/Olink_combined.long.npx.csv	Olink Target 96	NPX	ADRO04_IO_Plate02_11082023	Intensity Normalized (v.2)	Olink Target 96 Immuno-Oncology(v.3113)	Olink Target 96	intensity normalized	NT=affinity-proteomics;VV=v1.0.0	NT=human;VV=v1.1.0	NT=olink;VV=v1.0.0	v1.1.0	NT=sdrf-skills-autoresearch;VV=v0.0.0
PAD000041-WEAR_7002_V14	Homo sapiens	Blood plasma	Multiple myeloma	not available	not available	73	not applicable	blood plasma	PAD000041-r00073-WEAR_7002_V14	protein expression profiling by antibody array	1	Olink_combined.long.npx.csv	ftp://ftp.pride.ebi.ac.uk/pride/data/archive/2026/04/PAD000041/Olink_combined.long.npx.csv	Olink Target 96	NPX	ADRO04_IO_Plate02_11082023	Intensity Normalized (v.2)	Olink Target 96 Immuno-Oncology(v.3113)	Olink Target 96	intensity normalized	NT=affinity-proteomics;VV=v1.0.0	NT=human;VV=v1.1.0	NT=olink;VV=v1.0.0	v1.1.0	NT=sdrf-skills-autoresearch;VV=v0.0.0
PAD000041-WEAR_7002_V1_A	Homo sapiens	Blood plasma	Multiple myeloma	not available	not available	74	not applicable	blood plasma	PAD000041-r00074-WEAR_7002_V1_A	protein expression profiling by antibody array	1	Olink_combined.long.npx.csv	ftp://ftp.pride.ebi.ac.uk/pride/data/archive/2026/04/PAD000041/Olink_combined.long.npx.csv	Olink Target 96	NPX	ADRO04_IO_Plate02_11082023	Intensity Normalized (v.2)	Olink Target 96 Immuno-Oncology(v.3113)	Olink Target 96	intensity normalized	NT=affinity-proteomics;VV=v1.0.0	NT=human;VV=v1.1.0	NT=olink;VV=v1.0.0	v1.1.0	NT=sdrf-skills-autoresearch;VV=v0.0.0
PAD000041-WEAR_7002_V16	Homo sapiens	Blood plasma	Multiple myeloma	not available	not available	75	not applicable	blood plasma	PAD000041-r00075-WEAR_7002_V16	protein expression profiling by antibody array	1	Olink_combined.long.npx.csv	ftp://ftp.pride.ebi.ac.uk/pride/data/archive/2026/04/PAD000041/Olink_combined.long.npx.csv	Olink Target 96	NPX	ADRO04_IO_Plate02_11082023	Intensity Normalized (v.2)	Olink Target 96 Immuno-Oncology(v.3113)	Olink Target 96	intensity normalized	NT=affinity-proteomics;VV=v1.0.0	NT=human;VV=v1.1.0	NT=olink;VV=v1.0.0	v1.1.0	NT=sdrf-skills-autoresearch;VV=v0.0.0
PAD000041-WEAR_7002_V17	Homo sapiens	Blood plasma	Multiple myeloma	not available	not available	76	not applicable	blood plasma	PAD000041-r00076-WEAR_7002_V17	protein expression profiling by antibody array	1	Olink_combined.long.npx.csv	ftp://ftp.pride.ebi.ac.uk/pride/data/archive/2026/04/PAD000041/Olink_combined.long.npx.csv	Olink Target 96	NPX	ADRO04_IO_Plate02_11082023	Intensity Normalized (v.2)	Olink Target 96 Immuno-Oncology(v.3113)	Olink Target 96	intensity normalized	NT=affinity-proteomics;VV=v1.0.0	NT=human;VV=v1.1.0	NT=olink;VV=v1.0.0	v1.1.0	NT=sdrf-skills-autoresearch;VV=v0.0.0
PAD000041-WEAR_7002_V18	Homo sapiens	Blood plasma	Multiple myeloma	not available	not available	77	not applicable	blood plasma	PAD000041-r00077-WEAR_7002_V18	protein expression profiling by antibody array	1	Olink_combined.long.npx.csv	ftp://ftp.pride.ebi.ac.uk/pride/data/archive/2026/04/PAD000041/Olink_combined.long.npx.csv	Olink Target 96	NPX	ADRO04_IO_Plate02_11082023	Intensity Normalized (v.2)	Olink Target 96 Immuno-Oncology(v.3113)	Olink Target 96	intensity normalized	NT=affinity-proteomics;VV=v1.0.0	NT=human;VV=v1.1.0	NT=olink;VV=v1.0.0	v1.1.0	NT=sdrf-skills-autoresearch;VV=v0.0.0
PAD000041-WEAR_7003_V2	Homo sapiens	Blood plasma	Multiple myeloma	not available	not available	78	not applicable	blood plasma	PAD000041-r00078-WEAR_7003_V2	protein expression profiling by antibody array	1	Olink_combined.long.npx.csv	ftp://ftp.pride.ebi.ac.uk/pride/data/archive/2026/04/PAD000041/Olink_combined.long.npx.csv	Olink Target 96	NPX	ADRO04_IO_Plate02_11082023	Intensity Normalized (v.2)	Olink Target 96 Immuno-Oncology(v.3113)	Olink Target 96	intensity normalized	NT=affinity-proteomics;VV=v1.0.0	NT=human;VV=v1.1.0	NT=olink;VV=v1.0.0	v1.1.0	NT=sdrf-skills-autoresearch;VV=v0.0.0
PAD000041-WEAR_7003_V5	Homo sapiens	Blood plasma	Multiple myeloma	not available	not available	79	not applicable	blood plasma	PAD000041-r00079-WEAR_7003_V5	protein expression profiling by antibody array	1	Olink_combined.long.npx.csv	ftp://ftp.pride.ebi.ac.uk/pride/data/archive/2026/04/PAD000041/Olink_combined.long.npx.csv	Olink Target 96	NPX	ADRO04_IO_Plate02_11082023	Intensity Normalized (v.2)	Olink Target 96 Immuno-Oncology(v.3113)	Olink Target 96	intensity normalized	NT=affinity-proteomics;VV=v1.0.0	NT=human;VV=v1.1.0	NT=olink;VV=v1.0.0	v1.1.0	NT=sdrf-skills-autoresearch;VV=v0.0.0
PAD000041-WEAR_7003_V6	Homo sapiens	Blood plasma	Multiple myeloma	not available	not available	80	not applicable	blood plasma	PAD000041-r00080-WEAR_7003_V6	protein expression profiling by antibody array	1	Olink_combined.long.npx.csv	ftp://ftp.pride.ebi.ac.uk/pride/data/archive/2026/04/PAD000041/Olink_combined.long.npx.csv	Olink Target 96	NPX	ADRO04_IO_Plate02_11082023	Intensity Normalized (v.2)	Olink Target 96 Immuno-Oncology(v.3113)	Olink Target 96	intensity normalized	NT=affinity-proteomics;VV=v1.0.0	NT=human;VV=v1.1.0	NT=olink;VV=v1.0.0	v1.1.0	NT=sdrf-skills-autoresearch;VV=v0.0.0
PAD000041-WEAR_7003_V7	Homo sapiens	Blood plasma	Multiple myeloma	not available	not available	81	not applicable	blood plasma	PAD000041-r00081-WEAR_7003_V7	protein expression profiling by antibody array	1	Olink_combined.long.npx.csv	ftp://ftp.pride.ebi.ac.uk/pride/data/archive/2026/04/PAD000041/Olink_combined.long.npx.csv	Olink Target 96	NPX	ADRO04_IO_Plate02_11082023	Intensity Normalized (v.2)	Olink Target 96 Immuno-Oncology(v.3113)	Olink Target 96	intensity normalized	NT=affinity-proteomics;VV=v1.0.0	NT=human;VV=v1.1.0	NT=olink;VV=v1.0.0	v1.1.0	NT=sdrf-skills-autoresearch;VV=v0.0.0
PAD000041-WEAR_7003_CRS	Homo sapiens	Blood plasma	Multiple myeloma	not available	not available	82	not applicable	blood plasma	PAD000041-r00082-WEAR_7003_CRS	protein expression profiling by antibody array	1	Olink_combined.long.npx.csv	ftp://ftp.pride.ebi.ac.uk/pride/data/archive/2026/04/PAD000041/Olink_combined.long.npx.csv	Olink Target 96	NPX	ADRO04_IO_Plate02_11082023	Intensity Normalized (v.2)	Olink Target 96 Immuno-Oncology(v.3113)	Olink Target 96	intensity normalized	NT=affinity-proteomics;VV=v1.0.0	NT=human;VV=v1.1.0	NT=olink;VV=v1.0.0	v1.1.0	NT=sdrf-skills-autoresearch;VV=v0.0.0
PAD000041-WEAR_7003_V8	Homo sapiens	Blood plasma	Multiple myeloma	not available	not available	83	not applicable	blood plasma	PAD000041-r00083-WEAR_7003_V8	protein expression profiling by antibody array	1	Olink_combined.long.npx.csv	ftp://ftp.pride.ebi.ac.uk/pride/data/archive/2026/04/PAD000041/Olink_combined.long.npx.csv	Olink Target 96	NPX	ADRO04_IO_Plate02_11082023	Intensity Normalized (v.2)	Olink Target 96 Immuno-Oncology(v.3113)	Olink Target 96	intensity normalized	NT=affinity-proteomics;VV=v1.0.0	NT=human;VV=v1.1.0	NT=olink;VV=v1.0.0	v1.1.0	NT=sdrf-skills-autoresearch;VV=v0.0.0
PAD000041-WEAR_7003_V9	Homo sapiens	Blood plasma	Multiple myeloma	not available	not available	84	not applicable	blood plasma	PAD000041-r00084-WEAR_7003_V9	protein expression profiling by antibody array	1	Olink_combined.long.npx.csv	ftp://ftp.pride.ebi.ac.uk/pride/data/archive/2026/04/PAD000041/Olink_combined.long.npx.csv	Olink Target 96	NPX	ADRO04_IO_Plate02_11082023	Intensity Normalized (v.2)	Olink Target 96 Immuno-Oncology(v.3113)	Olink Target 96	intensity normalized	NT=affinity-proteomics;VV=v1.0.0	NT=human;VV=v1.1.0	NT=olink;VV=v1.0.0	v1.1.0	NT=sdrf-skills-autoresearch;VV=v0.0.0
PAD000041-WEAR_7003_V10	Homo sapiens	Blood plasma	Multiple myeloma	not available	not available	85	not applicable	blood plasma	PAD000041-r00085-WEAR_7003_V10	protein expression profiling by antibody array	1	Olink_combined.long.npx.csv	ftp://ftp.pride.ebi.ac.uk/pride/data/archive/2026/04/PAD000041/Olink_combined.long.npx.csv	Olink Target 96	NPX	ADRO04_IO_Plate02_11082023	Intensity Normalized (v.2)	Olink Target 96 Immuno-Oncology(v.3113)	Olink Target 96	intensity normalized	NT=affinity-proteomics;VV=v1.0.0	NT=human;VV=v1.1.0	NT=olink;VV=v1.0.0	v1.1.0	NT=sdrf-skills-autoresearch;VV=v0.0.0
PAD000041-WEAR_7003_V11	Homo sapiens	Blood plasma	Multiple myeloma	not available	not available	86	not applicable	blood plasma	PAD000041-r00086-WEAR_7003_V11	protein expression profiling by antibody array	1	Olink_combined.long.npx.csv	ftp://ftp.pride.ebi.ac.uk/pride/data/archive/2026/04/PAD000041/Olink_combined.long.npx.csv	Olink Target 96	NPX	ADRO04_IO_Plate02_11082023	Intensity Normalized (v.2)	Olink Target 96 Immuno-Oncology(v.3113)	Olink Target 96	intensity normalized	NT=affinity-proteomics;VV=v1.0.0	NT=human;VV=v1.1.0	NT=olink;VV=v1.0.0	v1.1.0	NT=sdrf-skills-autoresearch;VV=v0.0.0
PAD000041-WEAR_7003_V12	Homo sapiens	Blood plasma	Multiple myeloma	not available	not available	87	not applicable	blood plasma	PAD000041-r00087-WEAR_7003_V12	protein expression profiling by antibody array	1	Olink_combined.long.npx.csv	ftp://ftp.pride.ebi.ac.uk/pride/data/archive/2026/04/PAD000041/Olink_combined.long.npx.csv	Olink Target 96	NPX	ADRO04_IO_Plate02_11082023	Intensity Normalized (v.2)	Olink Target 96 Immuno-Oncology(v.3113)	Olink Target 96	intensity normalized	NT=affinity-proteomics;VV=v1.0.0	NT=human;VV=v1.1.0	NT=olink;VV=v1.0.0	v1.1.0	NT=sdrf-skills-autoresearch;VV=v0.0.0
PAD000041-WEAR_7003_V13	Homo sapiens	Blood plasma	Multiple myeloma	not available	not available	88	not applicable	blood plasma	PAD000041-r00088-WEAR_7003_V13	protein expression profiling by antibody array	1	Olink_combined.long.npx.csv	ftp://ftp.pride.ebi.ac.uk/pride/data/archive/2026/04/PAD000041/Olink_combined.long.npx.csv	Olink Target 96	NPX	ADRO04_IO_Plate02_11082023	Intensity Normalized (v.2)	Olink Target 96 Immuno-Oncology(v.3113)	Olink Target 96	intensity normalized	NT=affinity-proteomics;VV=v1.0.0	NT=human;VV=v1.1.0	NT=olink;VV=v1.0.0	v1.1.0	NT=sdrf-skills-autoresearch;VV=v0.0.0
PAD000041-WEAR_7003_V14	Homo sapiens	Blood plasma	Multiple myeloma	not available	not available	89	not applicable	blood plasma	PAD000041-r00089-WEAR_7003_V14	protein expression profiling by antibody array	1	Olink_combined.long.npx.csv	ftp://ftp.pride.ebi.ac.uk/pride/data/archive/2026/04/PAD000041/Olink_combined.long.npx.csv	Olink Target 96	NPX	ADRO04_IO_Plate02_11082023	Intensity Normalized (v.2)	Olink Target 96 Immuno-Oncology(v.3113)	Olink Target 96	intensity normalized	NT=affinity-proteomics;VV=v1.0.0	NT=human;VV=v1.1.0	NT=olink;VV=v1.0.0	v1.1.0	NT=sdrf-skills-autoresearch;VV=v0.0.0
PAD000041-WEAR_7003_V15	Homo sapiens	Blood plasma	Multiple myeloma	not available	not available	90	not applicable	blood plasma	PAD000041-r00090-WEAR_7003_V15	protein expression profiling by antibody array	1	Olink_combined.long.npx.csv	ftp://ftp.pride.ebi.ac.uk/pride/data/archive/2026/04/PAD000041/Olink_combined.long.npx.csv	Olink Target 96	NPX	ADRO04_IO_Plate02_11082023	Intensity Normalized (v.2)	Olink Target 96 Immuno-Oncology(v.3113)	Olink Target 96	intensity normalized	NT=affinity-proteomics;VV=v1.0.0	NT=human;VV=v1.1.0	NT=olink;VV=v1.0.0	v1.1.0	NT=sdrf-skills-autoresearch;VV=v0.0.0
PAD000041-WEAR_7003_V16	Homo sapiens	Blood plasma	Multiple myeloma	not available	not available	91	not applicable	blood plasma	PAD000041-r00091-WEAR_7003_V16	protein expression profiling by antibody array	1	Olink_combined.long.npx.csv	ftp://ftp.pride.ebi.ac.uk/pride/data/archive/2026/04/PAD000041/Olink_combined.long.npx.csv	Olink Target 96	NPX	ADRO04_IO_Plate02_11082023	Intensity Normalized (v.2)	Olink Target 96 Immuno-Oncology(v.3113)	Olink Target 96	intensity normalized	NT=affinity-proteomics;VV=v1.0.0	NT=human;VV=v1.1.0	NT=olink;VV=v1.0.0	v1.1.0	NT=sdrf-skills-autoresearch;VV=v0.0.0
PAD000041-WEAR_7003_V17	Homo sapiens	Blood plasma	Multiple myeloma	not available	not available	92	not applicable	blood plasma	PAD000041-r00092-WEAR_7003_V17	protein expression profiling by antibody array	1	Olink_combined.long.npx.csv	ftp://ftp.pride.ebi.ac.uk/pride/data/archive/2026/04/PAD000041/Olink_combined.long.npx.csv	Olink Target 96	NPX	ADRO04_IO_Plate02_11082023	Intensity Normalized (v.2)	Olink Target 96 Immuno-Oncology(v.3113)	Olink Target 96	intensity normalized	NT=affinity-proteomics;VV=v1.0.0	NT=human;VV=v1.1.0	NT=olink;VV=v1.0.0	v1.1.0	NT=sdrf-skills-autoresearch;VV=v0.0.0
PAD000041-WEAR_7003_V18	Homo sapiens	Blood plasma	Multiple myeloma	not available	not available	93	not applicable	blood plasma	PAD000041-r00093-WEAR_7003_V18	protein expression profiling by antibody array	1	Olink_combined.long.npx.csv	ftp://ftp.pride.ebi.ac.uk/pride/data/archive/2026/04/PAD000041/Olink_combined.long.npx.csv	Olink Target 96	NPX	ADRO04_IO_Plate02_11082023	Intensity Normalized (v.2)	Olink Target 96 Immuno-Oncology(v.3113)	Olink Target 96	intensity normalized	NT=affinity-proteomics;VV=v1.0.0	NT=human;VV=v1.1.0	NT=olink;VV=v1.0.0	v1.1.0	NT=sdrf-skills-autoresearch;VV=v0.0.0
PAD000041-WEAR_7003_V19	Homo sapiens	Blood plasma	Multiple myeloma	not available	not available	94	not applicable	blood plasma	PAD000041-r00094-WEAR_7003_V19	protein expression profiling by antibody array	1	Olink_combined.long.npx.csv	ftp://ftp.pride.ebi.ac.uk/pride/data/archive/2026/04/PAD000041/Olink_combined.long.npx.csv	Olink Target 96	NPX	ADRO04_IO_Plate02_11082023	Intensity Normalized (v.2)	Olink Target 96 Immuno-Oncology(v.3113)	Olink Target 96	intensity normalized	NT=affinity-proteomics;VV=v1.0.0	NT=human;VV=v1.1.0	NT=olink;VV=v1.0.0	v1.1.0	NT=sdrf-skills-autoresearch;VV=v0.0.0
PAD000041-WEAR_7003_V20	Homo sapiens	Blood plasma	Multiple myeloma	not available	not available	95	not applicable	blood plasma	PAD000041-r00095-WEAR_7003_V20	protein expression profiling by antibody array	1	Olink_combined.long.npx.csv	ftp://ftp.pride.ebi.ac.uk/pride/data/archive/2026/04/PAD000041/Olink_combined.long.npx.csv	Olink Target 96	NPX	ADRO04_IO_Plate02_11082023	Intensity Normalized (v.2)	Olink Target 96 Immuno-Oncology(v.3113)	Olink Target 96	intensity normalized	NT=affinity-proteomics;VV=v1.0.0	NT=human;VV=v1.1.0	NT=olink;VV=v1.0.0	v1.1.0	NT=sdrf-skills-autoresearch;VV=v0.0.0
PAD000041-WEAR_7003_V21	Homo sapiens	Blood plasma	Multiple myeloma	not available	not available	96	not applicable	blood plasma	PAD000041-r00096-WEAR_7003_V21	protein expression profiling by antibody array	1	Olink_combined.long.npx.csv	ftp://ftp.pride.ebi.ac.uk/pride/data/archive/2026/04/PAD000041/Olink_combined.long.npx.csv	Olink Target 96	NPX	ADRO04_IO_Plate02_11082023	Intensity Normalized (v.2)	Olink Target 96 Immuno-Oncology(v.3113)	Olink Target 96	intensity normalized	NT=affinity-proteomics;VV=v1.0.0	NT=human;VV=v1.1.0	NT=olink;VV=v1.0.0	v1.1.0	NT=sdrf-skills-autoresearch;VV=v0.0.0
PAD000041-WEAR_7007_V2	Homo sapiens	Blood plasma	Multiple myeloma	not available	not available	97	not applicable	blood plasma	PAD000041-r00097-WEAR_7007_V2	protein expression profiling by antibody array	1	Olink_combined.long.npx.csv	ftp://ftp.pride.ebi.ac.uk/pride/data/archive/2026/04/PAD000041/Olink_combined.long.npx.csv	Olink Target 96	NPX	ADRO04_IO_Plate02_11082023	Intensity Normalized (v.2)	Olink Target 96 Immuno-Oncology(v.3113)	Olink Target 96	intensity normalized	NT=affinity-proteomics;VV=v1.0.0	NT=human;VV=v1.1.0	NT=olink;VV=v1.0.0	v1.1.0	NT=sdrf-skills-autoresearch;VV=v0.0.0
PAD000041-WEAR_7007_V1	Homo sapiens	Blood plasma	Multiple myeloma	not available	not available	98	not applicable	blood plasma	PAD000041-r00098-WEAR_7007_V1	protein expression profiling by antibody array	1	Olink_combined.long.npx.csv	ftp://ftp.pride.ebi.ac.uk/pride/data/archive/2026/04/PAD000041/Olink_combined.long.npx.csv	Olink Target 96	NPX	ADRO04_IO_Plate02_11082023	Intensity Normalized (v.2)	Olink Target 96 Immuno-Oncology(v.3113)	Olink Target 96	intensity normalized	NT=affinity-proteomics;VV=v1.0.0	NT=human;VV=v1.1.0	NT=olink;VV=v1.0.0	v1.1.0	NT=sdrf-skills-autoresearch;VV=v0.0.0
PAD000041-WEAR_7007_V6	Homo sapiens	Blood plasma	Multiple myeloma	not available	not available	99	not applicable	blood plasma	PAD000041-r00099-WEAR_7007_V6	protein expression profiling by antibody array	1	Olink_combined.long.npx.csv	ftp://ftp.pride.ebi.ac.uk/pride/data/archive/2026/04/PAD000041/Olink_combined.long.npx.csv	Olink Target 96	NPX	ADRO04_IO_Plate02_11082023	Intensity Normalized (v.2)	Olink Target 96 Immuno-Oncology(v.3113)	Olink Target 96	intensity normalized	NT=affinity-proteomics;VV=v1.0.0	NT=human;VV=v1.1.0	NT=olink;VV=v1.0.0	v1.1.0	NT=sdrf-skills-autoresearch;VV=v0.0.0
PAD000041-WEAR_7007_V7	Homo sapiens	Blood plasma	Multiple myeloma	not available	not available	100	not applicable	blood plasma	PAD000041-r00100-WEAR_7007_V7	protein expression profiling by antibody array	1	Olink_combined.long.npx.csv	ftp://ftp.pride.ebi.ac.uk/pride/data/archive/2026/04/PAD000041/Olink_combined.long.npx.csv	Olink Target 96	NPX	ADRO04_IO_Plate02_11082023	Intensity Normalized (v.2)	Olink Target 96 Immuno-Oncology(v.3113)	Olink Target 96	intensity normalized	NT=affinity-proteomics;VV=v1.0.0	NT=human;VV=v1.1.0	NT=olink;VV=v1.0.0	v1.1.0	NT=sdrf-skills-autoresearch;VV=v0.0.0
PAD000041-WEAR_7007_V8	Homo sapiens	Blood plasma	Multiple myeloma	not available	not available	101	not applicable	blood plasma	PAD000041-r00101-WEAR_7007_V8	protein expression profiling by antibody array	1	Olink_combined.long.npx.csv	ftp://ftp.pride.ebi.ac.uk/pride/data/archive/2026/04/PAD000041/Olink_combined.long.npx.csv	Olink Target 96	NPX	ADRO04_IO_Plate02_11082023	Intensity Normalized (v.2)	Olink Target 96 Immuno-Oncology(v.3113)	Olink Target 96	intensity normalized	NT=affinity-proteomics;VV=v1.0.0	NT=human;VV=v1.1.0	NT=olink;VV=v1.0.0	v1.1.0	NT=sdrf-skills-autoresearch;VV=v0.0.0
PAD000041-WEAR_7007_CRS	Homo sapiens	Blood plasma	Multiple myeloma	not available	not available	102	not applicable	blood plasma	PAD000041-r00102-WEAR_7007_CRS	protein expression profiling by antibody array	1	Olink_combined.long.npx.csv	ftp://ftp.pride.ebi.ac.uk/pride/data/archive/2026/04/PAD000041/Olink_combined.long.npx.csv	Olink Target 96	NPX	ADRO04_IO_Plate02_11082023	Intensity Normalized (v.2)	Olink Target 96 Immuno-Oncology(v.3113)	Olink Target 96	intensity normalized	NT=affinity-proteomics;VV=v1.0.0	NT=human;VV=v1.1.0	NT=olink;VV=v1.0.0	v1.1.0	NT=sdrf-skills-autoresearch;VV=v0.0.0
PAD000041-WEAR_7007_V9	Homo sapiens	Blood plasma	Multiple myeloma	not available	not available	103	not applicable	blood plasma	PAD000041-r00103-WEAR_7007_V9	protein expression profiling by antibody array	1	Olink_combined.long.npx.csv	ftp://ftp.pride.ebi.ac.uk/pride/data/archive/2026/04/PAD000041/Olink_combined.long.npx.csv	Olink Target 96	NPX	ADRO04_IO_Plate02_11082023	Intensity Normalized (v.2)	Olink Target 96 Immuno-Oncology(v.3113)	Olink Target 96	intensity normalized	NT=affinity-proteomics;VV=v1.0.0	NT=human;VV=v1.1.0	NT=olink;VV=v1.0.0	v1.1.0	NT=sdrf-skills-autoresearch;VV=v0.0.0
PAD000041-WEAR_7007_V10	Homo sapiens	Blood plasma	Multiple myeloma	not available	not available	104	not applicable	blood plasma	PAD000041-r00104-WEAR_7007_V10	protein expression profiling by antibody array	1	Olink_combined.long.npx.csv	ftp://ftp.pride.ebi.ac.uk/pride/data/archive/2026/04/PAD000041/Olink_combined.long.npx.csv	Olink Target 96	NPX	ADRO04_IO_Plate02_11082023	Intensity Normalized (v.2)	Olink Target 96 Immuno-Oncology(v.3113)	Olink Target 96	intensity normalized	NT=affinity-proteomics;VV=v1.0.0	NT=human;VV=v1.1.0	NT=olink;VV=v1.0.0	v1.1.0	NT=sdrf-skills-autoresearch;VV=v0.0.0
PAD000041-WEAR_7007_V11	Homo sapiens	Blood plasma	Multiple myeloma	not available	not available	105	not applicable	blood plasma	PAD000041-r00105-WEAR_7007_V11	protein expression profiling by antibody array	1	Olink_combined.long.npx.csv	ftp://ftp.pride.ebi.ac.uk/pride/data/archive/2026/04/PAD000041/Olink_combined.long.npx.csv	Olink Target 96	NPX	ADRO04_IO_Plate02_11082023	Intensity Normalized (v.2)	Olink Target 96 Immuno-Oncology(v.3113)	Olink Target 96	intensity normalized	NT=affinity-proteomics;VV=v1.0.0	NT=human;VV=v1.1.0	NT=olink;VV=v1.0.0	v1.1.0	NT=sdrf-skills-autoresearch;VV=v0.0.0
PAD000041-WEAR_7007_V12	Homo sapiens	Blood plasma	Multiple myeloma	not available	not available	106	not applicable	blood plasma	PAD000041-r00106-WEAR_7007_V12	protein expression profiling by antibody array	1	Olink_combined.long.npx.csv	ftp://ftp.pride.ebi.ac.uk/pride/data/archive/2026/04/PAD000041/Olink_combined.long.npx.csv	Olink Target 96	NPX	ADRO04_IO_Plate02_11082023	Intensity Normalized (v.2)	Olink Target 96 Immuno-Oncology(v.3113)	Olink Target 96	intensity normalized	NT=affinity-proteomics;VV=v1.0.0	NT=human;VV=v1.1.0	NT=olink;VV=v1.0.0	v1.1.0	NT=sdrf-skills-autoresearch;VV=v0.0.0
PAD000041-WEAR_7007_V13	Homo sapiens	Blood plasma	Multiple myeloma	not available	not available	107	not applicable	blood plasma	PAD000041-r00107-WEAR_7007_V13	protein expression profiling by antibody array	1	Olink_combined.long.npx.csv	ftp://ftp.pride.ebi.ac.uk/pride/data/archive/2026/04/PAD000041/Olink_combined.long.npx.csv	Olink Target 96	NPX	ADRO04_IO_Plate02_11082023	Intensity Normalized (v.2)	Olink Target 96 Immuno-Oncology(v.3113)	Olink Target 96	intensity normalized	NT=affinity-proteomics;VV=v1.0.0	NT=human;VV=v1.1.0	NT=olink;VV=v1.0.0	v1.1.0	NT=sdrf-skills-autoresearch;VV=v0.0.0
PAD000041-WEAR_7012_V1	Homo sapiens	Blood plasma	Multiple myeloma	not available	not available	108	not applicable	blood plasma	PAD000041-r00108-WEAR_7012_V1	protein expression profiling by antibody array	1	Olink_combined.long.npx.csv	ftp://ftp.pride.ebi.ac.uk/pride/data/archive/2026/04/PAD000041/Olink_combined.long.npx.csv	Olink Target 96	NPX	ADRO04_IO_Plate02_11082023	Intensity Normalized (v.2)	Olink Target 96 Immuno-Oncology(v.3113)	Olink Target 96	intensity normalized	NT=affinity-proteomics;VV=v1.0.0	NT=human;VV=v1.1.0	NT=olink;VV=v1.0.0	v1.1.0	NT=sdrf-skills-autoresearch;VV=v0.0.0
PAD000041-WEAR_7012_V2	Homo sapiens	Blood plasma	Multiple myeloma	not available	not available	109	not applicable	blood plasma	PAD000041-r00109-WEAR_7012_V2	protein expression profiling by antibody array	1	Olink_combined.long.npx.csv	ftp://ftp.pride.ebi.ac.uk/pride/data/archive/2026/04/PAD000041/Olink_combined.long.npx.csv	Olink Target 96	NPX	ADRO04_IO_Plate02_11082023	Intensity Normalized (v.2)	Olink Target 96 Immuno-Oncology(v.3113)	Olink Target 96	intensity normalized	NT=affinity-proteomics;VV=v1.0.0	NT=human;VV=v1.1.0	NT=olink;VV=v1.0.0	v1.1.0	NT=sdrf-skills-autoresearch;VV=v0.0.0
PAD000041-WEAR_7012_V3	Homo sapiens	Blood plasma	Multiple myeloma	not available	not available	110	not applicable	blood plasma	PAD000041-r00110-WEAR_7012_V3	protein expression profiling by antibody array	1	Olink_combined.long.npx.csv	ftp://ftp.pride.ebi.ac.uk/pride/data/archive/2026/04/PAD000041/Olink_combined.long.npx.csv	Olink Target 96	NPX	ADRO04_IO_Plate02_11082023	Intensity Normalized (v.2)	Olink Target 96 Immuno-Oncology(v.3113)	Olink Target 96	intensity normalized	NT=affinity-proteomics;VV=v1.0.0	NT=human;VV=v1.1.0	NT=olink;VV=v1.0.0	v1.1.0	NT=sdrf-skills-autoresearch;VV=v0.0.0
PAD000041-WEAR_7012_V4	Homo sapiens	Blood plasma	Multiple myeloma	not available	not available	111	not applicable	blood plasma	PAD000041-r00111-WEAR_7012_V4	protein expression profiling by antibody array	1	Olink_combined.long.npx.csv	ftp://ftp.pride.ebi.ac.uk/pride/data/archive/2026/04/PAD000041/Olink_combined.long.npx.csv	Olink Target 96	NPX	ADRO04_IO_Plate02_11082023	Intensity Normalized (v.2)	Olink Target 96 Immuno-Oncology(v.3113)	Olink Target 96	intensity normalized	NT=affinity-proteomics;VV=v1.0.0	NT=human;VV=v1.1.0	NT=olink;VV=v1.0.0	v1.1.0	NT=sdrf-skills-autoresearch;VV=v0.0.0
PAD000041-WEAR_7012_V5	Homo sapiens	Blood plasma	Multiple myeloma	not available	not available	112	not applicable	blood plasma	PAD000041-r00112-WEAR_7012_V5	protein expression profiling by antibody array	1	Olink_combined.long.npx.csv	ftp://ftp.pride.ebi.ac.uk/pride/data/archive/2026/04/PAD000041/Olink_combined.long.npx.csv	Olink Target 96	NPX	ADRO04_IO_Plate02_11082023	Intensity Normalized (v.2)	Olink Target 96 Immuno-Oncology(v.3113)	Olink Target 96	intensity normalized	NT=affinity-proteomics;VV=v1.0.0	NT=human;VV=v1.1.0	NT=olink;VV=v1.0.0	v1.1.0	NT=sdrf-skills-autoresearch;VV=v0.0.0
PAD000041-WEAR_7012_V6	Homo sapiens	Blood plasma	Multiple myeloma	not available	not available	113	not applicable	blood plasma	PAD000041-r00113-WEAR_7012_V6	protein expression profiling by antibody array	1	Olink_combined.long.npx.csv	ftp://ftp.pride.ebi.ac.uk/pride/data/archive/2026/04/PAD000041/Olink_combined.long.npx.csv	Olink Target 96	NPX	ADRO04_IO_Plate02_11082023	Intensity Normalized (v.2)	Olink Target 96 Immuno-Oncology(v.3113)	Olink Target 96	intensity normalized	NT=affinity-proteomics;VV=v1.0.0	NT=human;VV=v1.1.0	NT=olink;VV=v1.0.0	v1.1.0	NT=sdrf-skills-autoresearch;VV=v0.0.0
PAD000041-WEAR_7012_V7	Homo sapiens	Blood plasma	Multiple myeloma	not available	not available	114	not applicable	blood plasma	PAD000041-r00114-WEAR_7012_V7	protein expression profiling by antibody array	1	Olink_combined.long.npx.csv	ftp://ftp.pride.ebi.ac.uk/pride/data/archive/2026/04/PAD000041/Olink_combined.long.npx.csv	Olink Target 96	NPX	ADRO04_IO_Plate02_11082023	Intensity Normalized (v.2)	Olink Target 96 Immuno-Oncology(v.3113)	Olink Target 96	intensity normalized	NT=affinity-proteomics;VV=v1.0.0	NT=human;VV=v1.1.0	NT=olink;VV=v1.0.0	v1.1.0	NT=sdrf-skills-autoresearch;VV=v0.0.0
PAD000041-WEAR_7012_V8	Homo sapiens	Blood plasma	Multiple myeloma	not available	not available	115	not applicable	blood plasma	PAD000041-r00115-WEAR_7012_V8	protein expression profiling by antibody array	1	Olink_combined.long.npx.csv	ftp://ftp.pride.ebi.ac.uk/pride/data/archive/2026/04/PAD000041/Olink_combined.long.npx.csv	Olink Target 96	NPX	ADRO04_IO_Plate02_11082023	Intensity Normalized (v.2)	Olink Target 96 Immuno-Oncology(v.3113)	Olink Target 96	intensity normalized	NT=affinity-proteomics;VV=v1.0.0	NT=human;VV=v1.1.0	NT=olink;VV=v1.0.0	v1.1.0	NT=sdrf-skills-autoresearch;VV=v0.0.0
PAD000041-WEAR_7012_V9	Homo sapiens	Blood plasma	Multiple myeloma	not available	not available	116	not applicable	blood plasma	PAD000041-r00116-WEAR_7012_V9	protein expression profiling by antibody array	1	Olink_combined.long.npx.csv	ftp://ftp.pride.ebi.ac.uk/pride/data/archive/2026/04/PAD000041/Olink_combined.long.npx.csv	Olink Target 96	NPX	ADRO04_IO_Plate02_11082023	Intensity Normalized (v.2)	Olink Target 96 Immuno-Oncology(v.3113)	Olink Target 96	intensity normalized	NT=affinity-proteomics;VV=v1.0.0	NT=human;VV=v1.1.0	NT=olink;VV=v1.0.0	v1.1.0	NT=sdrf-skills-autoresearch;VV=v0.0.0
PAD000041-WEAR_7012_V10	Homo sapiens	Blood plasma	Multiple myeloma	not available	not available	117	not applicable	blood plasma	PAD000041-r00117-WEAR_7012_V10	protein expression profiling by antibody array	1	Olink_combined.long.npx.csv	ftp://ftp.pride.ebi.ac.uk/pride/data/archive/2026/04/PAD000041/Olink_combined.long.npx.csv	Olink Target 96	NPX	ADRO04_IO_Plate02_11082023	Intensity Normalized (v.2)	Olink Target 96 Immuno-Oncology(v.3113)	Olink Target 96	intensity normalized	NT=affinity-proteomics;VV=v1.0.0	NT=human;VV=v1.1.0	NT=olink;VV=v1.0.0	v1.1.0	NT=sdrf-skills-autoresearch;VV=v0.0.0
PAD000041-WEAR_7012_V11	Homo sapiens	Blood plasma	Multiple myeloma	not available	not available	118	not applicable	blood plasma	PAD000041-r00118-WEAR_7012_V11	protein expression profiling by antibody array	1	Olink_combined.long.npx.csv	ftp://ftp.pride.ebi.ac.uk/pride/data/archive/2026/04/PAD000041/Olink_combined.long.npx.csv	Olink Target 96	NPX	ADRO04_IO_Plate02_11082023	Intensity Normalized (v.2)	Olink Target 96 Immuno-Oncology(v.3113)	Olink Target 96	intensity normalized	NT=affinity-proteomics;VV=v1.0.0	NT=human;VV=v1.1.0	NT=olink;VV=v1.0.0	v1.1.0	NT=sdrf-skills-autoresearch;VV=v0.0.0
PAD000041-WEAR_7012_V12	Homo sapiens	Blood plasma	Multiple myeloma	not available	not available	119	not applicable	blood plasma	PAD000041-r00119-WEAR_7012_V12	protein expression profiling by antibody array	1	Olink_combined.long.npx.csv	ftp://ftp.pride.ebi.ac.uk/pride/data/archive/2026/04/PAD000041/Olink_combined.long.npx.csv	Olink Target 96	NPX	ADRO04_IO_Plate02_11082023	Intensity Normalized (v.2)	Olink Target 96 Immuno-Oncology(v.3113)	Olink Target 96	intensity normalized	NT=affinity-proteomics;VV=v1.0.0	NT=human;VV=v1.1.0	NT=olink;VV=v1.0.0	v1.1.0	NT=sdrf-skills-autoresearch;VV=v0.0.0
PAD000041-WEAR_7004_V1	Homo sapiens	Blood plasma	Multiple myeloma	not available	not available	120	not applicable	blood plasma	PAD000041-r00120-WEAR_7004_V1	protein expression profiling by antibody array	1	Olink_combined.long.npx.csv	ftp://ftp.pride.ebi.ac.uk/pride/data/archive/2026/04/PAD000041/Olink_combined.long.npx.csv	Olink Target 96	NPX	ADRO04_IO_Plate03_11152023	Intensity Normalized (v.2)	Olink Target 96 Immuno-Oncology(v.3113)	Olink Target 96	intensity normalized	NT=affinity-proteomics;VV=v1.0.0	NT=human;VV=v1.1.0	NT=olink;VV=v1.0.0	v1.1.0	NT=sdrf-skills-autoresearch;VV=v0.0.0
PAD000041-WEAR_7004_V2	Homo sapiens	Blood plasma	Multiple myeloma	not available	not available	121	not applicable	blood plasma	PAD000041-r00121-WEAR_7004_V2	protein expression profiling by antibody array	1	Olink_combined.long.npx.csv	ftp://ftp.pride.ebi.ac.uk/pride/data/archive/2026/04/PAD000041/Olink_combined.long.npx.csv	Olink Target 96	NPX	ADRO04_IO_Plate03_11152023	Intensity Normalized (v.2)	Olink Target 96 Immuno-Oncology(v.3113)	Olink Target 96	intensity normalized	NT=affinity-proteomics;VV=v1.0.0	NT=human;VV=v1.1.0	NT=olink;VV=v1.0.0	v1.1.0	NT=sdrf-skills-autoresearch;VV=v0.0.0
PAD000041-WEAR_7004_V3	Homo sapiens	Blood plasma	Multiple myeloma	not available	not available	122	not applicable	blood plasma	PAD000041-r00122-WEAR_7004_V3	protein expression profiling by antibody array	1	Olink_combined.long.npx.csv	ftp://ftp.pride.ebi.ac.uk/pride/data/archive/2026/04/PAD000041/Olink_combined.long.npx.csv	Olink Target 96	NPX	ADRO04_IO_Plate03_11152023	Intensity Normalized (v.2)	Olink Target 96 Immuno-Oncology(v.3113)	Olink Target 96	intensity normalized	NT=affinity-proteomics;VV=v1.0.0	NT=human;VV=v1.1.0	NT=olink;VV=v1.0.0	v1.1.0	NT=sdrf-skills-autoresearch;VV=v0.0.0
PAD000041-WEAR_7004_V4	Homo sapiens	Blood plasma	Multiple myeloma	not available	not available	123	not applicable	blood plasma	PAD000041-r00123-WEAR_7004_V4	protein expression profiling by antibody array	1	Olink_combined.long.npx.csv	ftp://ftp.pride.ebi.ac.uk/pride/data/archive/2026/04/PAD000041/Olink_combined.long.npx.csv	Olink Target 96	NPX	ADRO04_IO_Plate03_11152023	Intensity Normalized (v.2)	Olink Target 96 Immuno-Oncology(v.3113)	Olink Target 96	intensity normalized	NT=affinity-proteomics;VV=v1.0.0	NT=human;VV=v1.1.0	NT=olink;VV=v1.0.0	v1.1.0	NT=sdrf-skills-autoresearch;VV=v0.0.0
PAD000041-WEAR_7004_V5	Homo sapiens	Blood plasma	Multiple myeloma	not available	not available	124	not applicable	blood plasma	PAD000041-r00124-WEAR_7004_V5	protein expression profiling by antibody array	1	Olink_combined.long.npx.csv	ftp://ftp.pride.ebi.ac.uk/pride/data/archive/2026/04/PAD000041/Olink_combined.long.npx.csv	Olink Target 96	NPX	ADRO04_IO_Plate03_11152023	Intensity Normalized (v.2)	Olink Target 96 Immuno-Oncology(v.3113)	Olink Target 96	intensity normalized	NT=affinity-proteomics;VV=v1.0.0	NT=human;VV=v1.1.0	NT=olink;VV=v1.0.0	v1.1.0	NT=sdrf-skills-autoresearch;VV=v0.0.0
PAD000041-WEAR_7004_V6	Homo sapiens	Blood plasma	Multiple myeloma	not available	not available	125	not applicable	blood plasma	PAD000041-r00125-WEAR_7004_V6	protein expression profiling by antibody array	1	Olink_combined.long.npx.csv	ftp://ftp.pride.ebi.ac.uk/pride/data/archive/2026/04/PAD000041/Olink_combined.long.npx.csv	Olink Target 96	NPX	ADRO04_IO_Plate03_11152023	Intensity Normalized (v.2)	Olink Target 96 Immuno-Oncology(v.3113)	Olink Target 96	intensity normalized	NT=affinity-proteomics;VV=v1.0.0	NT=human;VV=v1.1.0	NT=olink;VV=v1.0.0	v1.1.0	NT=sdrf-skills-autoresearch;VV=v0.0.0
PAD000041-WEAR_7004_V7	Homo sapiens	Blood plasma	Multiple myeloma	not available	not available	126	not applicable	blood plasma	PAD000041-r00126-WEAR_7004_V7	protein expression profiling by antibody array	1	Olink_combined.long.npx.csv	ftp://ftp.pride.ebi.ac.uk/pride/data/archive/2026/04/PAD000041/Olink_combined.long.npx.csv	Olink Target 96	NPX	ADRO04_IO_Plate03_11152023	Intensity Normalized (v.2)	Olink Target 96 Immuno-Oncology(v.3113)	Olink Target 96	intensity normalized	NT=affinity-proteomics;VV=v1.0.0	NT=human;VV=v1.1.0	NT=olink;VV=v1.0.0	v1.1.0	NT=sdrf-skills-autoresearch;VV=v0.0.0
PAD000041-WEAR_7004_V8	Homo sapiens	Blood plasma	Multiple myeloma	not available	not available	127	not applicable	blood plasma	PAD000041-r00127-WEAR_7004_V8	protein expression profiling by antibody array	1	Olink_combined.long.npx.csv	ftp://ftp.pride.ebi.ac.uk/pride/data/archive/2026/04/PAD000041/Olink_combined.long.npx.csv	Olink Target 96	NPX	ADRO04_IO_Plate03_11152023	Intensity Normalized (v.2)	Olink Target 96 Immuno-Oncology(v.3113)	Olink Target 96	intensity normalized	NT=affinity-proteomics;VV=v1.0.0	NT=human;VV=v1.1.0	NT=olink;VV=v1.0.0	v1.1.0	NT=sdrf-skills-autoresearch;VV=v0.0.0
PAD000041-WEAR_7004_V9	Homo sapiens	Blood plasma	Multiple myeloma	not available	not available	128	not applicable	blood plasma	PAD000041-r00128-WEAR_7004_V9	protein expression profiling by antibody array	1	Olink_combined.long.npx.csv	ftp://ftp.pride.ebi.ac.uk/pride/data/archive/2026/04/PAD000041/Olink_combined.long.npx.csv	Olink Target 96	NPX	ADRO04_IO_Plate03_11152023	Intensity Normalized (v.2)	Olink Target 96 Immuno-Oncology(v.3113)	Olink Target 96	intensity normalized	NT=affinity-proteomics;VV=v1.0.0	NT=human;VV=v1.1.0	NT=olink;VV=v1.0.0	v1.1.0	NT=sdrf-skills-autoresearch;VV=v0.0.0
PAD000041-WEAR_7004_V10	Homo sapiens	Blood plasma	Multiple myeloma	not available	not available	129	not applicable	blood plasma	PAD000041-r00129-WEAR_7004_V10	protein expression profiling by antibody array	1	Olink_combined.long.npx.csv	ftp://ftp.pride.ebi.ac.uk/pride/data/archive/2026/04/PAD000041/Olink_combined.long.npx.csv	Olink Target 96	NPX	ADRO04_IO_Plate03_11152023	Intensity Normalized (v.2)	Olink Target 96 Immuno-Oncology(v.3113)	Olink Target 96	intensity normalized	NT=affinity-proteomics;VV=v1.0.0	NT=human;VV=v1.1.0	NT=olink;VV=v1.0.0	v1.1.0	NT=sdrf-skills-autoresearch;VV=v0.0.0
PAD000041-WEAR_7004_V11	Homo sapiens	Blood plasma	Multiple myeloma	not available	not available	130	not applicable	blood plasma	PAD000041-r00130-WEAR_7004_V11	protein expression profiling by antibody array	1	Olink_combined.long.npx.csv	ftp://ftp.pride.ebi.ac.uk/pride/data/archive/2026/04/PAD000041/Olink_combined.long.npx.csv	Olink Target 96	NPX	ADRO04_IO_Plate03_11152023	Intensity Normalized (v.2)	Olink Target 96 Immuno-Oncology(v.3113)	Olink Target 96	intensity normalized	NT=affinity-proteomics;VV=v1.0.0	NT=human;VV=v1.1.0	NT=olink;VV=v1.0.0	v1.1.0	NT=sdrf-skills-autoresearch;VV=v0.0.0
PAD000041-WEAR_7004_V12	Homo sapiens	Blood plasma	Multiple myeloma	not available	not available	131	not applicable	blood plasma	PAD000041-r00131-WEAR_7004_V12	protein expression profiling by antibody array	1	Olink_combined.long.npx.csv	ftp://ftp.pride.ebi.ac.uk/pride/data/archive/2026/04/PAD000041/Olink_combined.long.npx.csv	Olink Target 96	NPX	ADRO04_IO_Plate03_11152023	Intensity Normalized (v.2)	Olink Target 96 Immuno-Oncology(v.3113)	Olink Target 96	intensity normalized	NT=affinity-proteomics;VV=v1.0.0	NT=human;VV=v1.1.0	NT=olink;VV=v1.0.0	v1.1.0	NT=sdrf-skills-autoresearch;VV=v0.0.0
PAD000041-WEAR_7004_V13	Homo sapiens	Blood plasma	Multiple myeloma	not available	not available	132	not applicable	blood plasma	PAD000041-r00132-WEAR_7004_V13	protein expression profiling by antibody array	1	Olink_combined.long.npx.csv	ftp://ftp.pride.ebi.ac.uk/pride/data/archive/2026/04/PAD000041/Olink_combined.long.npx.csv	Olink Target 96	NPX	ADRO04_IO_Plate03_11152023	Intensity Normalized (v.2)	Olink Target 96 Immuno-Oncology(v.3113)	Olink Target 96	intensity normalized	NT=affinity-proteomics;VV=v1.0.0	NT=human;VV=v1.1.0	NT=olink;VV=v1.0.0	v1.1.0	NT=sdrf-skills-autoresearch;VV=v0.0.0
PAD000041-WEAR_7004_V14	Homo sapiens	Blood plasma	Multiple myeloma	not available	not available	133	not applicable	blood plasma	PAD000041-r00133-WEAR_7004_V14	protein expression profiling by antibody array	1	Olink_combined.long.npx.csv	ftp://ftp.pride.ebi.ac.uk/pride/data/archive/2026/04/PAD000041/Olink_combined.long.npx.csv	Olink Target 96	NPX	ADRO04_IO_Plate03_11152023	Intensity Normalized (v.2)	Olink Target 96 Immuno-Oncology(v.3113)	Olink Target 96	intensity normalized	NT=affinity-proteomics;VV=v1.0.0	NT=human;VV=v1.1.0	NT=olink;VV=v1.0.0	v1.1.0	NT=sdrf-skills-autoresearch;VV=v0.0.0
PAD000041-WEAR_7004_V15	Homo sapiens	Blood plasma	Multiple myeloma	not available	not available	134	not applicable	blood plasma	PAD000041-r00134-WEAR_7004_V15	protein expression profiling by antibody array	1	Olink_combined.long.npx.csv	ftp://ftp.pride.ebi.ac.uk/pride/data/archive/2026/04/PAD000041/Olink_combined.long.npx.csv	Olink Target 96	NPX	ADRO04_IO_Plate03_11152023	Intensity Normalized (v.2)	Olink Target 96 Immuno-Oncology(v.3113)	Olink Target 96	intensity normalized	NT=affinity-proteomics;VV=v1.0.0	NT=human;VV=v1.1.0	NT=olink;VV=v1.0.0	v1.1.0	NT=sdrf-skills-autoresearch;VV=v0.0.0
PAD000041-WEAR_7004_V16	Homo sapiens	Blood plasma	Multiple myeloma	not available	not available	135	not applicable	blood plasma	PAD000041-r00135-WEAR_7004_V16	protein expression profiling by antibody array	1	Olink_combined.long.npx.csv	ftp://ftp.pride.ebi.ac.uk/pride/data/archive/2026/04/PAD000041/Olink_combined.long.npx.csv	Olink Target 96	NPX	ADRO04_IO_Plate03_11152023	Intensity Normalized (v.2)	Olink Target 96 Immuno-Oncology(v.3113)	Olink Target 96	intensity normalized	NT=affinity-proteomics;VV=v1.0.0	NT=human;VV=v1.1.0	NT=olink;VV=v1.0.0	v1.1.0	NT=sdrf-skills-autoresearch;VV=v0.0.0
PAD000041-WEAR_7008_V1	Homo sapiens	Blood plasma	Multiple myeloma	not available	not available	136	not applicable	blood plasma	PAD000041-r00136-WEAR_7008_V1	protein expression profiling by antibody array	1	Olink_combined.long.npx.csv	ftp://ftp.pride.ebi.ac.uk/pride/data/archive/2026/04/PAD000041/Olink_combined.long.npx.csv	Olink Target 96	NPX	ADRO04_IO_Plate03_11152023	Intensity Normalized (v.2)	Olink Target 96 Immuno-Oncology(v.3113)	Olink Target 96	intensity normalized	NT=affinity-proteomics;VV=v1.0.0	NT=human;VV=v1.1.0	NT=olink;VV=v1.0.0	v1.1.0	NT=sdrf-skills-autoresearch;VV=v0.0.0
PAD000041-WEAR_7008_V2	Homo sapiens	Blood plasma	Multiple myeloma	not available	not available	137	not applicable	blood plasma	PAD000041-r00137-WEAR_7008_V2	protein expression profiling by antibody array	1	Olink_combined.long.npx.csv	ftp://ftp.pride.ebi.ac.uk/pride/data/archive/2026/04/PAD000041/Olink_combined.long.npx.csv	Olink Target 96	NPX	ADRO04_IO_Plate03_11152023	Intensity Normalized (v.2)	Olink Target 96 Immuno-Oncology(v.3113)	Olink Target 96	intensity normalized	NT=affinity-proteomics;VV=v1.0.0	NT=human;VV=v1.1.0	NT=olink;VV=v1.0.0	v1.1.0	NT=sdrf-skills-autoresearch;VV=v0.0.0
PAD000041-WEAR_7008_V3	Homo sapiens	Blood plasma	Multiple myeloma	not available	not available	138	not applicable	blood plasma	PAD000041-r00138-WEAR_7008_V3	protein expression profiling by antibody array	1	Olink_combined.long.npx.csv	ftp://ftp.pride.ebi.ac.uk/pride/data/archive/2026/04/PAD000041/Olink_combined.long.npx.csv	Olink Target 96	NPX	ADRO04_IO_Plate03_11152023	Intensity Normalized (v.2)	Olink Target 96 Immuno-Oncology(v.3113)	Olink Target 96	intensity normalized	NT=affinity-proteomics;VV=v1.0.0	NT=human;VV=v1.1.0	NT=olink;VV=v1.0.0	v1.1.0	NT=sdrf-skills-autoresearch;VV=v0.0.0
PAD000041-WEAR_7008_V5	Homo sapiens	Blood plasma	Multiple myeloma	not available	not available	139	not applicable	blood plasma	PAD000041-r00139-WEAR_7008_V5	protein expression profiling by antibody array	1	Olink_combined.long.npx.csv	ftp://ftp.pride.ebi.ac.uk/pride/data/archive/2026/04/PAD000041/Olink_combined.long.npx.csv	Olink Target 96	NPX	ADRO04_IO_Plate03_11152023	Intensity Normalized (v.2)	Olink Target 96 Immuno-Oncology(v.3113)	Olink Target 96	intensity normalized	NT=affinity-proteomics;VV=v1.0.0	NT=human;VV=v1.1.0	NT=olink;VV=v1.0.0	v1.1.0	NT=sdrf-skills-autoresearch;VV=v0.0.0
PAD000041-WEAR_7008_V6	Homo sapiens	Blood plasma	Multiple myeloma	not available	not available	140	not applicable	blood plasma	PAD000041-r00140-WEAR_7008_V6	protein expression profiling by antibody array	1	Olink_combined.long.npx.csv	ftp://ftp.pride.ebi.ac.uk/pride/data/archive/2026/04/PAD000041/Olink_combined.long.npx.csv	Olink Target 96	NPX	ADRO04_IO_Plate03_11152023	Intensity Normalized (v.2)	Olink Target 96 Immuno-Oncology(v.3113)	Olink Target 96	intensity normalized	NT=affinity-proteomics;VV=v1.0.0	NT=human;VV=v1.1.0	NT=olink;VV=v1.0.0	v1.1.0	NT=sdrf-skills-autoresearch;VV=v0.0.0
PAD000041-WEAR_7008_CRS	Homo sapiens	Blood plasma	Multiple myeloma	not available	not available	141	not applicable	blood plasma	PAD000041-r00141-WEAR_7008_CRS	protein expression profiling by antibody array	1	Olink_combined.long.npx.csv	ftp://ftp.pride.ebi.ac.uk/pride/data/archive/2026/04/PAD000041/Olink_combined.long.npx.csv	Olink Target 96	NPX	ADRO04_IO_Plate03_11152023	Intensity Normalized (v.2)	Olink Target 96 Immuno-Oncology(v.3113)	Olink Target 96	intensity normalized	NT=affinity-proteomics;VV=v1.0.0	NT=human;VV=v1.1.0	NT=olink;VV=v1.0.0	v1.1.0	NT=sdrf-skills-autoresearch;VV=v0.0.0
PAD000041-WEAR_7008_V7	Homo sapiens	Blood plasma	Multiple myeloma	not available	not available	142	not applicable	blood plasma	PAD000041-r00142-WEAR_7008_V7	protein expression profiling by antibody array	1	Olink_combined.long.npx.csv	ftp://ftp.pride.ebi.ac.uk/pride/data/archive/2026/04/PAD000041/Olink_combined.long.npx.csv	Olink Target 96	NPX	ADRO04_IO_Plate03_11152023	Intensity Normalized (v.2)	Olink Target 96 Immuno-Oncology(v.3113)	Olink Target 96	intensity normalized	NT=affinity-proteomics;VV=v1.0.0	NT=human;VV=v1.1.0	NT=olink;VV=v1.0.0	v1.1.0	NT=sdrf-skills-autoresearch;VV=v0.0.0
PAD000041-WEAR_7008_V9	Homo sapiens	Blood plasma	Multiple myeloma	not available	not available	143	not applicable	blood plasma	PAD000041-r00143-WEAR_7008_V9	protein expression profiling by antibody array	1	Olink_combined.long.npx.csv	ftp://ftp.pride.ebi.ac.uk/pride/data/archive/2026/04/PAD000041/Olink_combined.long.npx.csv	Olink Target 96	NPX	ADRO04_IO_Plate03_11152023	Intensity Normalized (v.2)	Olink Target 96 Immuno-Oncology(v.3113)	Olink Target 96	intensity normalized	NT=affinity-proteomics;VV=v1.0.0	NT=human;VV=v1.1.0	NT=olink;VV=v1.0.0	v1.1.0	NT=sdrf-skills-autoresearch;VV=v0.0.0
PAD000041-WEAR_7008_V10	Homo sapiens	Blood plasma	Multiple myeloma	not available	not available	144	not applicable	blood plasma	PAD000041-r00144-WEAR_7008_V10	protein expression profiling by antibody array	1	Olink_combined.long.npx.csv	ftp://ftp.pride.ebi.ac.uk/pride/data/archive/2026/04/PAD000041/Olink_combined.long.npx.csv	Olink Target 96	NPX	ADRO04_IO_Plate03_11152023	Intensity Normalized (v.2)	Olink Target 96 Immuno-Oncology(v.3113)	Olink Target 96	intensity normalized	NT=affinity-proteomics;VV=v1.0.0	NT=human;VV=v1.1.0	NT=olink;VV=v1.0.0	v1.1.0	NT=sdrf-skills-autoresearch;VV=v0.0.0
PAD000041-WEAR_7008_V11	Homo sapiens	Blood plasma	Multiple myeloma	not available	not available	145	not applicable	blood plasma	PAD000041-r00145-WEAR_7008_V11	protein expression profiling by antibody array	1	Olink_combined.long.npx.csv	ftp://ftp.pride.ebi.ac.uk/pride/data/archive/2026/04/PAD000041/Olink_combined.long.npx.csv	Olink Target 96	NPX	ADRO04_IO_Plate03_11152023	Intensity Normalized (v.2)	Olink Target 96 Immuno-Oncology(v.3113)	Olink Target 96	intensity normalized	NT=affinity-proteomics;VV=v1.0.0	NT=human;VV=v1.1.0	NT=olink;VV=v1.0.0	v1.1.0	NT=sdrf-skills-autoresearch;VV=v0.0.0
PAD000041-WEAR_7008_V12	Homo sapiens	Blood plasma	Multiple myeloma	not available	not available	146	not applicable	blood plasma	PAD000041-r00146-WEAR_7008_V12	protein expression profiling by antibody array	1	Olink_combined.long.npx.csv	ftp://ftp.pride.ebi.ac.uk/pride/data/archive/2026/04/PAD000041/Olink_combined.long.npx.csv	Olink Target 96	NPX	ADRO04_IO_Plate03_11152023	Intensity Normalized (v.2)	Olink Target 96 Immuno-Oncology(v.3113)	Olink Target 96	intensity normalized	NT=affinity-proteomics;VV=v1.0.0	NT=human;VV=v1.1.0	NT=olink;VV=v1.0.0	v1.1.0	NT=sdrf-skills-autoresearch;VV=v0.0.0
PAD000041-WEAR_7008_V13	Homo sapiens	Blood plasma	Multiple myeloma	not available	not available	147	not applicable	blood plasma	PAD000041-r00147-WEAR_7008_V13	protein expression profiling by antibody array	1	Olink_combined.long.npx.csv	ftp://ftp.pride.ebi.ac.uk/pride/data/archive/2026/04/PAD000041/Olink_combined.long.npx.csv	Olink Target 96	NPX	ADRO04_IO_Plate03_11152023	Intensity Normalized (v.2)	Olink Target 96 Immuno-Oncology(v.3113)	Olink Target 96	intensity normalized	NT=affinity-proteomics;VV=v1.0.0	NT=human;VV=v1.1.0	NT=olink;VV=v1.0.0	v1.1.0	NT=sdrf-skills-autoresearch;VV=v0.0.0
PAD000041-WEAR_7008_V14	Homo sapiens	Blood plasma	Multiple myeloma	not available	not available	148	not applicable	blood plasma	PAD000041-r00148-WEAR_7008_V14	protein expression profiling by antibody array	1	Olink_combined.long.npx.csv	ftp://ftp.pride.ebi.ac.uk/pride/data/archive/2026/04/PAD000041/Olink_combined.long.npx.csv	Olink Target 96	NPX	ADRO04_IO_Plate03_11152023	Intensity Normalized (v.2)	Olink Target 96 Immuno-Oncology(v.3113)	Olink Target 96	intensity normalized	NT=affinity-proteomics;VV=v1.0.0	NT=human;VV=v1.1.0	NT=olink;VV=v1.0.0	v1.1.0	NT=sdrf-skills-autoresearch;VV=v0.0.0
PAD000041-WEAR_7008_V15	Homo sapiens	Blood plasma	Multiple myeloma	not available	not available	149	not applicable	blood plasma	PAD000041-r00149-WEAR_7008_V15	protein expression profiling by antibody array	1	Olink_combined.long.npx.csv	ftp://ftp.pride.ebi.ac.uk/pride/data/archive/2026/04/PAD000041/Olink_combined.long.npx.csv	Olink Target 96	NPX	ADRO04_IO_Plate03_11152023	Intensity Normalized (v.2)	Olink Target 96 Immuno-Oncology(v.3113)	Olink Target 96	intensity normalized	NT=affinity-proteomics;VV=v1.0.0	NT=human;VV=v1.1.0	NT=olink;VV=v1.0.0	v1.1.0	NT=sdrf-skills-autoresearch;VV=v0.0.0
PAD000041-WEAR_7008_V16	Homo sapiens	Blood plasma	Multiple myeloma	not available	not available	150	not applicable	blood plasma	PAD000041-r00150-WEAR_7008_V16	protein expression profiling by antibody array	1	Olink_combined.long.npx.csv	ftp://ftp.pride.ebi.ac.uk/pride/data/archive/2026/04/PAD000041/Olink_combined.long.npx.csv	Olink Target 96	NPX	ADRO04_IO_Plate03_11152023	Intensity Normalized (v.2)	Olink Target 96 Immuno-Oncology(v.3113)	Olink Target 96	intensity normalized	NT=affinity-proteomics;VV=v1.0.0	NT=human;VV=v1.1.0	NT=olink;VV=v1.0.0	v1.1.0	NT=sdrf-skills-autoresearch;VV=v0.0.0
PAD000041-WEAR_7008_V16_A	Homo sapiens	Blood plasma	Multiple myeloma	not available	not available	151	not applicable	blood plasma	PAD000041-r00151-WEAR_7008_V16_A	protein expression profiling by antibody array	1	Olink_combined.long.npx.csv	ftp://ftp.pride.ebi.ac.uk/pride/data/archive/2026/04/PAD000041/Olink_combined.long.npx.csv	Olink Target 96	NPX	ADRO04_IO_Plate03_11152023	Intensity Normalized (v.2)	Olink Target 96 Immuno-Oncology(v.3113)	Olink Target 96	intensity normalized	NT=affinity-proteomics;VV=v1.0.0	NT=human;VV=v1.1.0	NT=olink;VV=v1.0.0	v1.1.0	NT=sdrf-skills-autoresearch;VV=v0.0.0
PAD000041-WEAR_7008_V17	Homo sapiens	Blood plasma	Multiple myeloma	not available	not available	152	not applicable	blood plasma	PAD000041-r00152-WEAR_7008_V17	protein expression profiling by antibody array	1	Olink_combined.long.npx.csv	ftp://ftp.pride.ebi.ac.uk/pride/data/archive/2026/04/PAD000041/Olink_combined.long.npx.csv	Olink Target 96	NPX	ADRO04_IO_Plate03_11152023	Intensity Normalized (v.2)	Olink Target 96 Immuno-Oncology(v.3113)	Olink Target 96	intensity normalized	NT=affinity-proteomics;VV=v1.0.0	NT=human;VV=v1.1.0	NT=olink;VV=v1.0.0	v1.1.0	NT=sdrf-skills-autoresearch;VV=v0.0.0
PAD000041-WEAR_7014_V1	Homo sapiens	Blood plasma	Multiple myeloma	not available	not available	153	not applicable	blood plasma	PAD000041-r00153-WEAR_7014_V1	protein expression profiling by antibody array	1	Olink_combined.long.npx.csv	ftp://ftp.pride.ebi.ac.uk/pride/data/archive/2026/04/PAD000041/Olink_combined.long.npx.csv	Olink Target 96	NPX	ADRO04_IO_Plate03_11152023	Intensity Normalized (v.2)	Olink Target 96 Immuno-Oncology(v.3113)	Olink Target 96	intensity normalized	NT=affinity-proteomics;VV=v1.0.0	NT=human;VV=v1.1.0	NT=olink;VV=v1.0.0	v1.1.0	NT=sdrf-skills-autoresearch;VV=v0.0.0
PAD000041-WEAR_7014_V2	Homo sapiens	Blood plasma	Multiple myeloma	not available	not available	154	not applicable	blood plasma	PAD000041-r00154-WEAR_7014_V2	protein expression profiling by antibody array	1	Olink_combined.long.npx.csv	ftp://ftp.pride.ebi.ac.uk/pride/data/archive/2026/04/PAD000041/Olink_combined.long.npx.csv	Olink Target 96	NPX	ADRO04_IO_Plate03_11152023	Intensity Normalized (v.2)	Olink Target 96 Immuno-Oncology(v.3113)	Olink Target 96	intensity normalized	NT=affinity-proteomics;VV=v1.0.0	NT=human;VV=v1.1.0	NT=olink;VV=v1.0.0	v1.1.0	NT=sdrf-skills-autoresearch;VV=v0.0.0
PAD000041-WEAR_7014_V3	Homo sapiens	Blood plasma	Multiple myeloma	not available	not available	155	not applicable	blood plasma	PAD000041-r00155-WEAR_7014_V3	protein expression profiling by antibody array	1	Olink_combined.long.npx.csv	ftp://ftp.pride.ebi.ac.uk/pride/data/archive/2026/04/PAD000041/Olink_combined.long.npx.csv	Olink Target 96	NPX	ADRO04_IO_Plate03_11152023	Intensity Normalized (v.2)	Olink Target 96 Immuno-Oncology(v.3113)	Olink Target 96	intensity normalized	NT=affinity-proteomics;VV=v1.0.0	NT=human;VV=v1.1.0	NT=olink;VV=v1.0.0	v1.1.0	NT=sdrf-skills-autoresearch;VV=v0.0.0
PAD000041-WEAR_7014_V4	Homo sapiens	Blood plasma	Multiple myeloma	not available	not available	156	not applicable	blood plasma	PAD000041-r00156-WEAR_7014_V4	protein expression profiling by antibody array	1	Olink_combined.long.npx.csv	ftp://ftp.pride.ebi.ac.uk/pride/data/archive/2026/04/PAD000041/Olink_combined.long.npx.csv	Olink Target 96	NPX	ADRO04_IO_Plate03_11152023	Intensity Normalized (v.2)	Olink Target 96 Immuno-Oncology(v.3113)	Olink Target 96	intensity normalized	NT=affinity-proteomics;VV=v1.0.0	NT=human;VV=v1.1.0	NT=olink;VV=v1.0.0	v1.1.0	NT=sdrf-skills-autoresearch;VV=v0.0.0
PAD000041-WEAR_7014_V5	Homo sapiens	Blood plasma	Multiple myeloma	not available	not available	157	not applicable	blood plasma	PAD000041-r00157-WEAR_7014_V5	protein expression profiling by antibody array	1	Olink_combined.long.npx.csv	ftp://ftp.pride.ebi.ac.uk/pride/data/archive/2026/04/PAD000041/Olink_combined.long.npx.csv	Olink Target 96	NPX	ADRO04_IO_Plate03_11152023	Intensity Normalized (v.2)	Olink Target 96 Immuno-Oncology(v.3113)	Olink Target 96	intensity normalized	NT=affinity-proteomics;VV=v1.0.0	NT=human;VV=v1.1.0	NT=olink;VV=v1.0.0	v1.1.0	NT=sdrf-skills-autoresearch;VV=v0.0.0
PAD000041-WEAR_7014_V6	Homo sapiens	Blood plasma	Multiple myeloma	not available	not available	158	not applicable	blood plasma	PAD000041-r00158-WEAR_7014_V6	protein expression profiling by antibody array	1	Olink_combined.long.npx.csv	ftp://ftp.pride.ebi.ac.uk/pride/data/archive/2026/04/PAD000041/Olink_combined.long.npx.csv	Olink Target 96	NPX	ADRO04_IO_Plate03_11152023	Intensity Normalized (v.2)	Olink Target 96 Immuno-Oncology(v.3113)	Olink Target 96	intensity normalized	NT=affinity-proteomics;VV=v1.0.0	NT=human;VV=v1.1.0	NT=olink;VV=v1.0.0	v1.1.0	NT=sdrf-skills-autoresearch;VV=v0.0.0
PAD000041-WEAR_7014_CRS	Homo sapiens	Blood plasma	Multiple myeloma	not available	not available	159	not applicable	blood plasma	PAD000041-r00159-WEAR_7014_CRS	protein expression profiling by antibody array	1	Olink_combined.long.npx.csv	ftp://ftp.pride.ebi.ac.uk/pride/data/archive/2026/04/PAD000041/Olink_combined.long.npx.csv	Olink Target 96	NPX	ADRO04_IO_Plate03_11152023	Intensity Normalized (v.2)	Olink Target 96 Immuno-Oncology(v.3113)	Olink Target 96	intensity normalized	NT=affinity-proteomics;VV=v1.0.0	NT=human;VV=v1.1.0	NT=olink;VV=v1.0.0	v1.1.0	NT=sdrf-skills-autoresearch;VV=v0.0.0
PAD000041-WEAR_7014_V7	Homo sapiens	Blood plasma	Multiple myeloma	not available	not available	160	not applicable	blood plasma	PAD000041-r00160-WEAR_7014_V7	protein expression profiling by antibody array	1	Olink_combined.long.npx.csv	ftp://ftp.pride.ebi.ac.uk/pride/data/archive/2026/04/PAD000041/Olink_combined.long.npx.csv	Olink Target 96	NPX	ADRO04_IO_Plate03_11152023	Intensity Normalized (v.2)	Olink Target 96 Immuno-Oncology(v.3113)	Olink Target 96	intensity normalized	NT=affinity-proteomics;VV=v1.0.0	NT=human;VV=v1.1.0	NT=olink;VV=v1.0.0	v1.1.0	NT=sdrf-skills-autoresearch;VV=v0.0.0
PAD000041-WEAR_7014_V8	Homo sapiens	Blood plasma	Multiple myeloma	not available	not available	161	not applicable	blood plasma	PAD000041-r00161-WEAR_7014_V8	protein expression profiling by antibody array	1	Olink_combined.long.npx.csv	ftp://ftp.pride.ebi.ac.uk/pride/data/archive/2026/04/PAD000041/Olink_combined.long.npx.csv	Olink Target 96	NPX	ADRO04_IO_Plate03_11152023	Intensity Normalized (v.2)	Olink Target 96 Immuno-Oncology(v.3113)	Olink Target 96	intensity normalized	NT=affinity-proteomics;VV=v1.0.0	NT=human;VV=v1.1.0	NT=olink;VV=v1.0.0	v1.1.0	NT=sdrf-skills-autoresearch;VV=v0.0.0
PAD000041-WEAR_7014_V9	Homo sapiens	Blood plasma	Multiple myeloma	not available	not available	162	not applicable	blood plasma	PAD000041-r00162-WEAR_7014_V9	protein expression profiling by antibody array	1	Olink_combined.long.npx.csv	ftp://ftp.pride.ebi.ac.uk/pride/data/archive/2026/04/PAD000041/Olink_combined.long.npx.csv	Olink Target 96	NPX	ADRO04_IO_Plate03_11152023	Intensity Normalized (v.2)	Olink Target 96 Immuno-Oncology(v.3113)	Olink Target 96	intensity normalized	NT=affinity-proteomics;VV=v1.0.0	NT=human;VV=v1.1.0	NT=olink;VV=v1.0.0	v1.1.0	NT=sdrf-skills-autoresearch;VV=v0.0.0
PAD000041-WEAR_7014_V10	Homo sapiens	Blood plasma	Multiple myeloma	not available	not available	163	not applicable	blood plasma	PAD000041-r00163-WEAR_7014_V10	protein expression profiling by antibody array	1	Olink_combined.long.npx.csv	ftp://ftp.pride.ebi.ac.uk/pride/data/archive/2026/04/PAD000041/Olink_combined.long.npx.csv	Olink Target 96	NPX	ADRO04_IO_Plate03_11152023	Intensity Normalized (v.2)	Olink Target 96 Immuno-Oncology(v.3113)	Olink Target 96	intensity normalized	NT=affinity-proteomics;VV=v1.0.0	NT=human;VV=v1.1.0	NT=olink;VV=v1.0.0	v1.1.0	NT=sdrf-skills-autoresearch;VV=v0.0.0
PAD000041-WEAR_7014_V11	Homo sapiens	Blood plasma	Multiple myeloma	not available	not available	164	not applicable	blood plasma	PAD000041-r00164-WEAR_7014_V11	protein expression profiling by antibody array	1	Olink_combined.long.npx.csv	ftp://ftp.pride.ebi.ac.uk/pride/data/archive/2026/04/PAD000041/Olink_combined.long.npx.csv	Olink Target 96	NPX	ADRO04_IO_Plate03_11152023	Intensity Normalized (v.2)	Olink Target 96 Immuno-Oncology(v.3113)	Olink Target 96	intensity normalized	NT=affinity-proteomics;VV=v1.0.0	NT=human;VV=v1.1.0	NT=olink;VV=v1.0.0	v1.1.0	NT=sdrf-skills-autoresearch;VV=v0.0.0
PAD000041-WEAR_7014_V12	Homo sapiens	Blood plasma	Multiple myeloma	not available	not available	165	not applicable	blood plasma	PAD000041-r00165-WEAR_7014_V12	protein expression profiling by antibody array	1	Olink_combined.long.npx.csv	ftp://ftp.pride.ebi.ac.uk/pride/data/archive/2026/04/PAD000041/Olink_combined.long.npx.csv	Olink Target 96	NPX	ADRO04_IO_Plate03_11152023	Intensity Normalized (v.2)	Olink Target 96 Immuno-Oncology(v.3113)	Olink Target 96	intensity normalized	NT=affinity-proteomics;VV=v1.0.0	NT=human;VV=v1.1.0	NT=olink;VV=v1.0.0	v1.1.0	NT=sdrf-skills-autoresearch;VV=v0.0.0
PAD000041-WEAR_7014_V13	Homo sapiens	Blood plasma	Multiple myeloma	not available	not available	166	not applicable	blood plasma	PAD000041-r00166-WEAR_7014_V13	protein expression profiling by antibody array	1	Olink_combined.long.npx.csv	ftp://ftp.pride.ebi.ac.uk/pride/data/archive/2026/04/PAD000041/Olink_combined.long.npx.csv	Olink Target 96	NPX	ADRO04_IO_Plate03_11152023	Intensity Normalized (v.2)	Olink Target 96 Immuno-Oncology(v.3113)	Olink Target 96	intensity normalized	NT=affinity-proteomics;VV=v1.0.0	NT=human;VV=v1.1.0	NT=olink;VV=v1.0.0	v1.1.0	NT=sdrf-skills-autoresearch;VV=v0.0.0
PAD000041-WEAR_7014_V14	Homo sapiens	Blood plasma	Multiple myeloma	not available	not available	167	not applicable	blood plasma	PAD000041-r00167-WEAR_7014_V14	protein expression profiling by antibody array	1	Olink_combined.long.npx.csv	ftp://ftp.pride.ebi.ac.uk/pride/data/archive/2026/04/PAD000041/Olink_combined.long.npx.csv	Olink Target 96	NPX	ADRO04_IO_Plate03_11152023	Intensity Normalized (v.2)	Olink Target 96 Immuno-Oncology(v.3113)	Olink Target 96	intensity normalized	NT=affinity-proteomics;VV=v1.0.0	NT=human;VV=v1.1.0	NT=olink;VV=v1.0.0	v1.1.0	NT=sdrf-skills-autoresearch;VV=v0.0.0
PAD000041-WEAR_7014_V15	Homo sapiens	Blood plasma	Multiple myeloma	not available	not available	168	not applicable	blood plasma	PAD000041-r00168-WEAR_7014_V15	protein expression profiling by antibody array	1	Olink_combined.long.npx.csv	ftp://ftp.pride.ebi.ac.uk/pride/data/archive/2026/04/PAD000041/Olink_combined.long.npx.csv	Olink Target 96	NPX	ADRO04_IO_Plate03_11152023	Intensity Normalized (v.2)	Olink Target 96 Immuno-Oncology(v.3113)	Olink Target 96	intensity normalized	NT=affinity-proteomics;VV=v1.0.0	NT=human;VV=v1.1.0	NT=olink;VV=v1.0.0	v1.1.0	NT=sdrf-skills-autoresearch;VV=v0.0.0
PAD000041-WEAR_7014_V16	Homo sapiens	Blood plasma	Multiple myeloma	not available	not available	169	not applicable	blood plasma	PAD000041-r00169-WEAR_7014_V16	protein expression profiling by antibody array	1	Olink_combined.long.npx.csv	ftp://ftp.pride.ebi.ac.uk/pride/data/archive/2026/04/PAD000041/Olink_combined.long.npx.csv	Olink Target 96	NPX	ADRO04_IO_Plate03_11152023	Intensity Normalized (v.2)	Olink Target 96 Immuno-Oncology(v.3113)	Olink Target 96	intensity normalized	NT=affinity-proteomics;VV=v1.0.0	NT=human;VV=v1.1.0	NT=olink;VV=v1.0.0	v1.1.0	NT=sdrf-skills-autoresearch;VV=v0.0.0
PAD000041-WEAR_7014_V17	Homo sapiens	Blood plasma	Multiple myeloma	not available	not available	170	not applicable	blood plasma	PAD000041-r00170-WEAR_7014_V17	protein expression profiling by antibody array	1	Olink_combined.long.npx.csv	ftp://ftp.pride.ebi.ac.uk/pride/data/archive/2026/04/PAD000041/Olink_combined.long.npx.csv	Olink Target 96	NPX	ADRO04_IO_Plate03_11152023	Intensity Normalized (v.2)	Olink Target 96 Immuno-Oncology(v.3113)	Olink Target 96	intensity normalized	NT=affinity-proteomics;VV=v1.0.0	NT=human;VV=v1.1.0	NT=olink;VV=v1.0.0	v1.1.0	NT=sdrf-skills-autoresearch;VV=v0.0.0
PAD000041-WEAR_7014_V18	Homo sapiens	Blood plasma	Multiple myeloma	not available	not available	171	not applicable	blood plasma	PAD000041-r00171-WEAR_7014_V18	protein expression profiling by antibody array	1	Olink_combined.long.npx.csv	ftp://ftp.pride.ebi.ac.uk/pride/data/archive/2026/04/PAD000041/Olink_combined.long.npx.csv	Olink Target 96	NPX	ADRO04_IO_Plate03_11152023	Intensity Normalized (v.2)	Olink Target 96 Immuno-Oncology(v.3113)	Olink Target 96	intensity normalized	NT=affinity-proteomics;VV=v1.0.0	NT=human;VV=v1.1.0	NT=olink;VV=v1.0.0	v1.1.0	NT=sdrf-skills-autoresearch;VV=v0.0.0
PAD000041-WEAR_7014_V19	Homo sapiens	Blood plasma	Multiple myeloma	not available	not available	172	not applicable	blood plasma	PAD000041-r00172-WEAR_7014_V19	protein expression profiling by antibody array	1	Olink_combined.long.npx.csv	ftp://ftp.pride.ebi.ac.uk/pride/data/archive/2026/04/PAD000041/Olink_combined.long.npx.csv	Olink Target 96	NPX	ADRO04_IO_Plate03_11152023	Intensity Normalized (v.2)	Olink Target 96 Immuno-Oncology(v.3113)	Olink Target 96	intensity normalized	NT=affinity-proteomics;VV=v1.0.0	NT=human;VV=v1.1.0	NT=olink;VV=v1.0.0	v1.1.0	NT=sdrf-skills-autoresearch;VV=v0.0.0
PAD000041-WEAR_7005_V1	Homo sapiens	Blood plasma	Multiple myeloma	not available	not available	173	not applicable	blood plasma	PAD000041-r00173-WEAR_7005_V1	protein expression profiling by antibody array	1	Olink_combined.long.npx.csv	ftp://ftp.pride.ebi.ac.uk/pride/data/archive/2026/04/PAD000041/Olink_combined.long.npx.csv	Olink Target 96	NPX	ADRO04_IO_Plate04_11152023	Intensity Normalized (v.2)	Olink Target 96 Immuno-Oncology(v.3113)	Olink Target 96	intensity normalized	NT=affinity-proteomics;VV=v1.0.0	NT=human;VV=v1.1.0	NT=olink;VV=v1.0.0	v1.1.0	NT=sdrf-skills-autoresearch;VV=v0.0.0
PAD000041-WEAR_7005_V2	Homo sapiens	Blood plasma	Multiple myeloma	not available	not available	174	not applicable	blood plasma	PAD000041-r00174-WEAR_7005_V2	protein expression profiling by antibody array	1	Olink_combined.long.npx.csv	ftp://ftp.pride.ebi.ac.uk/pride/data/archive/2026/04/PAD000041/Olink_combined.long.npx.csv	Olink Target 96	NPX	ADRO04_IO_Plate04_11152023	Intensity Normalized (v.2)	Olink Target 96 Immuno-Oncology(v.3113)	Olink Target 96	intensity normalized	NT=affinity-proteomics;VV=v1.0.0	NT=human;VV=v1.1.0	NT=olink;VV=v1.0.0	v1.1.0	NT=sdrf-skills-autoresearch;VV=v0.0.0
PAD000041-WEAR_7005_V3	Homo sapiens	Blood plasma	Multiple myeloma	not available	not available	175	not applicable	blood plasma	PAD000041-r00175-WEAR_7005_V3	protein expression profiling by antibody array	1	Olink_combined.long.npx.csv	ftp://ftp.pride.ebi.ac.uk/pride/data/archive/2026/04/PAD000041/Olink_combined.long.npx.csv	Olink Target 96	NPX	ADRO04_IO_Plate04_11152023	Intensity Normalized (v.2)	Olink Target 96 Immuno-Oncology(v.3113)	Olink Target 96	intensity normalized	NT=affinity-proteomics;VV=v1.0.0	NT=human;VV=v1.1.0	NT=olink;VV=v1.0.0	v1.1.0	NT=sdrf-skills-autoresearch;VV=v0.0.0
PAD000041-WEAR_7005_V4	Homo sapiens	Blood plasma	Multiple myeloma	not available	not available	176	not applicable	blood plasma	PAD000041-r00176-WEAR_7005_V4	protein expression profiling by antibody array	1	Olink_combined.long.npx.csv	ftp://ftp.pride.ebi.ac.uk/pride/data/archive/2026/04/PAD000041/Olink_combined.long.npx.csv	Olink Target 96	NPX	ADRO04_IO_Plate04_11152023	Intensity Normalized (v.2)	Olink Target 96 Immuno-Oncology(v.3113)	Olink Target 96	intensity normalized	NT=affinity-proteomics;VV=v1.0.0	NT=human;VV=v1.1.0	NT=olink;VV=v1.0.0	v1.1.0	NT=sdrf-skills-autoresearch;VV=v0.0.0
PAD000041-WEAR_7005_V5	Homo sapiens	Blood plasma	Multiple myeloma	not available	not available	177	not applicable	blood plasma	PAD000041-r00177-WEAR_7005_V5	protein expression profiling by antibody array	1	Olink_combined.long.npx.csv	ftp://ftp.pride.ebi.ac.uk/pride/data/archive/2026/04/PAD000041/Olink_combined.long.npx.csv	Olink Target 96	NPX	ADRO04_IO_Plate04_11152023	Intensity Normalized (v.2)	Olink Target 96 Immuno-Oncology(v.3113)	Olink Target 96	intensity normalized	NT=affinity-proteomics;VV=v1.0.0	NT=human;VV=v1.1.0	NT=olink;VV=v1.0.0	v1.1.0	NT=sdrf-skills-autoresearch;VV=v0.0.0
PAD000041-WEAR_7005_V6	Homo sapiens	Blood plasma	Multiple myeloma	not available	not available	178	not applicable	blood plasma	PAD000041-r00178-WEAR_7005_V6	protein expression profiling by antibody array	1	Olink_combined.long.npx.csv	ftp://ftp.pride.ebi.ac.uk/pride/data/archive/2026/04/PAD000041/Olink_combined.long.npx.csv	Olink Target 96	NPX	ADRO04_IO_Plate04_11152023	Intensity Normalized (v.2)	Olink Target 96 Immuno-Oncology(v.3113)	Olink Target 96	intensity normalized	NT=affinity-proteomics;VV=v1.0.0	NT=human;VV=v1.1.0	NT=olink;VV=v1.0.0	v1.1.0	NT=sdrf-skills-autoresearch;VV=v0.0.0
PAD000041-WEAR_7005_CRS	Homo sapiens	Blood plasma	Multiple myeloma	not available	not available	179	not applicable	blood plasma	PAD000041-r00179-WEAR_7005_CRS	protein expression profiling by antibody array	1	Olink_combined.long.npx.csv	ftp://ftp.pride.ebi.ac.uk/pride/data/archive/2026/04/PAD000041/Olink_combined.long.npx.csv	Olink Target 96	NPX	not available	Intensity Normalized (v.2)	Olink Target 96 Immuno-Oncology(v.3113)	Olink Target 96	intensity normalized	NT=affinity-proteomics;VV=v1.0.0	NT=human;VV=v1.1.0	NT=olink;VV=v1.0.0	v1.1.0	NT=sdrf-skills-autoresearch;VV=v0.0.0
PAD000041-WEAR_7005_V7	Homo sapiens	Blood plasma	Multiple myeloma	not available	not available	180	not applicable	blood plasma	PAD000041-r00180-WEAR_7005_V7	protein expression profiling by antibody array	1	Olink_combined.long.npx.csv	ftp://ftp.pride.ebi.ac.uk/pride/data/archive/2026/04/PAD000041/Olink_combined.long.npx.csv	Olink Target 96	NPX	ADRO04_IO_Plate04_11152023	Intensity Normalized (v.2)	Olink Target 96 Immuno-Oncology(v.3113)	Olink Target 96	intensity normalized	NT=affinity-proteomics;VV=v1.0.0	NT=human;VV=v1.1.0	NT=olink;VV=v1.0.0	v1.1.0	NT=sdrf-skills-autoresearch;VV=v0.0.0
PAD000041-WEAR_7005_V8	Homo sapiens	Blood plasma	Multiple myeloma	not available	not available	181	not applicable	blood plasma	PAD000041-r00181-WEAR_7005_V8	protein expression profiling by antibody array	1	Olink_combined.long.npx.csv	ftp://ftp.pride.ebi.ac.uk/pride/data/archive/2026/04/PAD000041/Olink_combined.long.npx.csv	Olink Target 96	NPX	ADRO04_IO_Plate04_11152023	Intensity Normalized (v.2)	Olink Target 96 Immuno-Oncology(v.3113)	Olink Target 96	intensity normalized	NT=affinity-proteomics;VV=v1.0.0	NT=human;VV=v1.1.0	NT=olink;VV=v1.0.0	v1.1.0	NT=sdrf-skills-autoresearch;VV=v0.0.0
PAD000041-WEAR_7005_V9	Homo sapiens	Blood plasma	Multiple myeloma	not available	not available	182	not applicable	blood plasma	PAD000041-r00182-WEAR_7005_V9	protein expression profiling by antibody array	1	Olink_combined.long.npx.csv	ftp://ftp.pride.ebi.ac.uk/pride/data/archive/2026/04/PAD000041/Olink_combined.long.npx.csv	Olink Target 96	NPX	ADRO04_IO_Plate04_11152023	Intensity Normalized (v.2)	Olink Target 96 Immuno-Oncology(v.3113)	Olink Target 96	intensity normalized	NT=affinity-proteomics;VV=v1.0.0	NT=human;VV=v1.1.0	NT=olink;VV=v1.0.0	v1.1.0	NT=sdrf-skills-autoresearch;VV=v0.0.0
PAD000041-WEAR_7005_V10	Homo sapiens	Blood plasma	Multiple myeloma	not available	not available	183	not applicable	blood plasma	PAD000041-r00183-WEAR_7005_V10	protein expression profiling by antibody array	1	Olink_combined.long.npx.csv	ftp://ftp.pride.ebi.ac.uk/pride/data/archive/2026/04/PAD000041/Olink_combined.long.npx.csv	Olink Target 96	NPX	ADRO04_IO_Plate04_11152023	Intensity Normalized (v.2)	Olink Target 96 Immuno-Oncology(v.3113)	Olink Target 96	intensity normalized	NT=affinity-proteomics;VV=v1.0.0	NT=human;VV=v1.1.0	NT=olink;VV=v1.0.0	v1.1.0	NT=sdrf-skills-autoresearch;VV=v0.0.0
PAD000041-WEAR_7005_V11	Homo sapiens	Blood plasma	Multiple myeloma	not available	not available	184	not applicable	blood plasma	PAD000041-r00184-WEAR_7005_V11	protein expression profiling by antibody array	1	Olink_combined.long.npx.csv	ftp://ftp.pride.ebi.ac.uk/pride/data/archive/2026/04/PAD000041/Olink_combined.long.npx.csv	Olink Target 96	NPX	ADRO04_IO_Plate04_11152023	Intensity Normalized (v.2)	Olink Target 96 Immuno-Oncology(v.3113)	Olink Target 96	intensity normalized	NT=affinity-proteomics;VV=v1.0.0	NT=human;VV=v1.1.0	NT=olink;VV=v1.0.0	v1.1.0	NT=sdrf-skills-autoresearch;VV=v0.0.0
PAD000041-WEAR_7005_V12	Homo sapiens	Blood plasma	Multiple myeloma	not available	not available	185	not applicable	blood plasma	PAD000041-r00185-WEAR_7005_V12	protein expression profiling by antibody array	1	Olink_combined.long.npx.csv	ftp://ftp.pride.ebi.ac.uk/pride/data/archive/2026/04/PAD000041/Olink_combined.long.npx.csv	Olink Target 96	NPX	ADRO04_IO_Plate04_11152023	Intensity Normalized (v.2)	Olink Target 96 Immuno-Oncology(v.3113)	Olink Target 96	intensity normalized	NT=affinity-proteomics;VV=v1.0.0	NT=human;VV=v1.1.0	NT=olink;VV=v1.0.0	v1.1.0	NT=sdrf-skills-autoresearch;VV=v0.0.0
PAD000041-WEAR_7005_V13	Homo sapiens	Blood plasma	Multiple myeloma	not available	not available	186	not applicable	blood plasma	PAD000041-r00186-WEAR_7005_V13	protein expression profiling by antibody array	1	Olink_combined.long.npx.csv	ftp://ftp.pride.ebi.ac.uk/pride/data/archive/2026/04/PAD000041/Olink_combined.long.npx.csv	Olink Target 96	NPX	ADRO04_IO_Plate04_11152023	Intensity Normalized (v.2)	Olink Target 96 Immuno-Oncology(v.3113)	Olink Target 96	intensity normalized	NT=affinity-proteomics;VV=v1.0.0	NT=human;VV=v1.1.0	NT=olink;VV=v1.0.0	v1.1.0	NT=sdrf-skills-autoresearch;VV=v0.0.0
PAD000041-WEAR_7010_V1	Homo sapiens	Blood plasma	Multiple myeloma	not available	not available	187	not applicable	blood plasma	PAD000041-r00187-WEAR_7010_V1	protein expression profiling by antibody array	1	Olink_combined.long.npx.csv	ftp://ftp.pride.ebi.ac.uk/pride/data/archive/2026/04/PAD000041/Olink_combined.long.npx.csv	Olink Target 96	NPX	ADRO04_IO_Plate07_12012023	Intensity Normalized (v.2)	Olink Target 96 Immuno-Oncology(v.3113)	Olink Target 96	intensity normalized	NT=affinity-proteomics;VV=v1.0.0	NT=human;VV=v1.1.0	NT=olink;VV=v1.0.0	v1.1.0	NT=sdrf-skills-autoresearch;VV=v0.0.0
PAD000041-WEAR_7010_V2	Homo sapiens	Blood plasma	Multiple myeloma	not available	not available	188	not applicable	blood plasma	PAD000041-r00188-WEAR_7010_V2	protein expression profiling by antibody array	1	Olink_combined.long.npx.csv	ftp://ftp.pride.ebi.ac.uk/pride/data/archive/2026/04/PAD000041/Olink_combined.long.npx.csv	Olink Target 96	NPX	ADRO04_IO_Plate04_11152023	Intensity Normalized (v.2)	Olink Target 96 Immuno-Oncology(v.3113)	Olink Target 96	intensity normalized	NT=affinity-proteomics;VV=v1.0.0	NT=human;VV=v1.1.0	NT=olink;VV=v1.0.0	v1.1.0	NT=sdrf-skills-autoresearch;VV=v0.0.0
PAD000041-WEAR_7010_V3	Homo sapiens	Blood plasma	Multiple myeloma	not available	not available	189	not applicable	blood plasma	PAD000041-r00189-WEAR_7010_V3	protein expression profiling by antibody array	1	Olink_combined.long.npx.csv	ftp://ftp.pride.ebi.ac.uk/pride/data/archive/2026/04/PAD000041/Olink_combined.long.npx.csv	Olink Target 96	NPX	ADRO04_IO_Plate04_11152023	Intensity Normalized (v.2)	Olink Target 96 Immuno-Oncology(v.3113)	Olink Target 96	intensity normalized	NT=affinity-proteomics;VV=v1.0.0	NT=human;VV=v1.1.0	NT=olink;VV=v1.0.0	v1.1.0	NT=sdrf-skills-autoresearch;VV=v0.0.0
PAD000041-WEAR_7010_V4	Homo sapiens	Blood plasma	Multiple myeloma	not available	not available	190	not applicable	blood plasma	PAD000041-r00190-WEAR_7010_V4	protein expression profiling by antibody array	1	Olink_combined.long.npx.csv	ftp://ftp.pride.ebi.ac.uk/pride/data/archive/2026/04/PAD000041/Olink_combined.long.npx.csv	Olink Target 96	NPX	ADRO04_IO_Plate04_11152023	Intensity Normalized (v.2)	Olink Target 96 Immuno-Oncology(v.3113)	Olink Target 96	intensity normalized	NT=affinity-proteomics;VV=v1.0.0	NT=human;VV=v1.1.0	NT=olink;VV=v1.0.0	v1.1.0	NT=sdrf-skills-autoresearch;VV=v0.0.0
PAD000041-WEAR_7010_V6	Homo sapiens	Blood plasma	Multiple myeloma	not available	not available	191	not applicable	blood plasma	PAD000041-r00191-WEAR_7010_V6	protein expression profiling by antibody array	1	Olink_combined.long.npx.csv	ftp://ftp.pride.ebi.ac.uk/pride/data/archive/2026/04/PAD000041/Olink_combined.long.npx.csv	Olink Target 96	NPX	ADRO04_IO_Plate04_11152023	Intensity Normalized (v.2)	Olink Target 96 Immuno-Oncology(v.3113)	Olink Target 96	intensity normalized	NT=affinity-proteomics;VV=v1.0.0	NT=human;VV=v1.1.0	NT=olink;VV=v1.0.0	v1.1.0	NT=sdrf-skills-autoresearch;VV=v0.0.0
PAD000041-WEAR_7010_CRS	Homo sapiens	Blood plasma	Multiple myeloma	not available	not available	192	not applicable	blood plasma	PAD000041-r00192-WEAR_7010_CRS	protein expression profiling by antibody array	1	Olink_combined.long.npx.csv	ftp://ftp.pride.ebi.ac.uk/pride/data/archive/2026/04/PAD000041/Olink_combined.long.npx.csv	Olink Target 96	NPX	ADRO04_IO_Plate04_11152023	Intensity Normalized (v.2)	Olink Target 96 Immuno-Oncology(v.3113)	Olink Target 96	intensity normalized	NT=affinity-proteomics;VV=v1.0.0	NT=human;VV=v1.1.0	NT=olink;VV=v1.0.0	v1.1.0	NT=sdrf-skills-autoresearch;VV=v0.0.0
PAD000041-WEAR_7010_V7	Homo sapiens	Blood plasma	Multiple myeloma	not available	not available	193	not applicable	blood plasma	PAD000041-r00193-WEAR_7010_V7	protein expression profiling by antibody array	1	Olink_combined.long.npx.csv	ftp://ftp.pride.ebi.ac.uk/pride/data/archive/2026/04/PAD000041/Olink_combined.long.npx.csv	Olink Target 96	NPX	ADRO04_IO_Plate04_11152023	Intensity Normalized (v.2)	Olink Target 96 Immuno-Oncology(v.3113)	Olink Target 96	intensity normalized	NT=affinity-proteomics;VV=v1.0.0	NT=human;VV=v1.1.0	NT=olink;VV=v1.0.0	v1.1.0	NT=sdrf-skills-autoresearch;VV=v0.0.0
PAD000041-WEAR_7010_V8	Homo sapiens	Blood plasma	Multiple myeloma	not available	not available	194	not applicable	blood plasma	PAD000041-r00194-WEAR_7010_V8	protein expression profiling by antibody array	1	Olink_combined.long.npx.csv	ftp://ftp.pride.ebi.ac.uk/pride/data/archive/2026/04/PAD000041/Olink_combined.long.npx.csv	Olink Target 96	NPX	ADRO04_IO_Plate04_11152023	Intensity Normalized (v.2)	Olink Target 96 Immuno-Oncology(v.3113)	Olink Target 96	intensity normalized	NT=affinity-proteomics;VV=v1.0.0	NT=human;VV=v1.1.0	NT=olink;VV=v1.0.0	v1.1.0	NT=sdrf-skills-autoresearch;VV=v0.0.0
PAD000041-WEAR_7010_V10	Homo sapiens	Blood plasma	Multiple myeloma	not available	not available	195	not applicable	blood plasma	PAD000041-r00195-WEAR_7010_V10	protein expression profiling by antibody array	1	Olink_combined.long.npx.csv	ftp://ftp.pride.ebi.ac.uk/pride/data/archive/2026/04/PAD000041/Olink_combined.long.npx.csv	Olink Target 96	NPX	ADRO04_IO_Plate07_12012023	Intensity Normalized (v.2)	Olink Target 96 Immuno-Oncology(v.3113)	Olink Target 96	intensity normalized	NT=affinity-proteomics;VV=v1.0.0	NT=human;VV=v1.1.0	NT=olink;VV=v1.0.0	v1.1.0	NT=sdrf-skills-autoresearch;VV=v0.0.0
PAD000041-WEAR_7010_V12	Homo sapiens	Blood plasma	Multiple myeloma	not available	not available	196	not applicable	blood plasma	PAD000041-r00196-WEAR_7010_V12	protein expression profiling by antibody array	1	Olink_combined.long.npx.csv	ftp://ftp.pride.ebi.ac.uk/pride/data/archive/2026/04/PAD000041/Olink_combined.long.npx.csv	Olink Target 96	NPX	ADRO04_IO_Plate04_11152023	Intensity Normalized (v.2)	Olink Target 96 Immuno-Oncology(v.3113)	Olink Target 96	intensity normalized	NT=affinity-proteomics;VV=v1.0.0	NT=human;VV=v1.1.0	NT=olink;VV=v1.0.0	v1.1.0	NT=sdrf-skills-autoresearch;VV=v0.0.0
PAD000041-WEAR_7010_V13	Homo sapiens	Blood plasma	Multiple myeloma	not available	not available	197	not applicable	blood plasma	PAD000041-r00197-WEAR_7010_V13	protein expression profiling by antibody array	1	Olink_combined.long.npx.csv	ftp://ftp.pride.ebi.ac.uk/pride/data/archive/2026/04/PAD000041/Olink_combined.long.npx.csv	Olink Target 96	NPX	ADRO04_IO_Plate04_11152023	Intensity Normalized (v.2)	Olink Target 96 Immuno-Oncology(v.3113)	Olink Target 96	intensity normalized	NT=affinity-proteomics;VV=v1.0.0	NT=human;VV=v1.1.0	NT=olink;VV=v1.0.0	v1.1.0	NT=sdrf-skills-autoresearch;VV=v0.0.0
PAD000041-WEAR_7010_V14	Homo sapiens	Blood plasma	Multiple myeloma	not available	not available	198	not applicable	blood plasma	PAD000041-r00198-WEAR_7010_V14	protein expression profiling by antibody array	1	Olink_combined.long.npx.csv	ftp://ftp.pride.ebi.ac.uk/pride/data/archive/2026/04/PAD000041/Olink_combined.long.npx.csv	Olink Target 96	NPX	ADRO04_IO_Plate04_11152023	Intensity Normalized (v.2)	Olink Target 96 Immuno-Oncology(v.3113)	Olink Target 96	intensity normalized	NT=affinity-proteomics;VV=v1.0.0	NT=human;VV=v1.1.0	NT=olink;VV=v1.0.0	v1.1.0	NT=sdrf-skills-autoresearch;VV=v0.0.0
PAD000041-WEAR_7010_V15	Homo sapiens	Blood plasma	Multiple myeloma	not available	not available	199	not applicable	blood plasma	PAD000041-r00199-WEAR_7010_V15	protein expression profiling by antibody array	1	Olink_combined.long.npx.csv	ftp://ftp.pride.ebi.ac.uk/pride/data/archive/2026/04/PAD000041/Olink_combined.long.npx.csv	Olink Target 96	NPX	ADRO04_IO_Plate04_11152023	Intensity Normalized (v.2)	Olink Target 96 Immuno-Oncology(v.3113)	Olink Target 96	intensity normalized	NT=affinity-proteomics;VV=v1.0.0	NT=human;VV=v1.1.0	NT=olink;VV=v1.0.0	v1.1.0	NT=sdrf-skills-autoresearch;VV=v0.0.0
PAD000041-WEAR_7010_V16	Homo sapiens	Blood plasma	Multiple myeloma	not available	not available	200	not applicable	blood plasma	PAD000041-r00200-WEAR_7010_V16	protein expression profiling by antibody array	1	Olink_combined.long.npx.csv	ftp://ftp.pride.ebi.ac.uk/pride/data/archive/2026/04/PAD000041/Olink_combined.long.npx.csv	Olink Target 96	NPX	ADRO04_IO_Plate04_11152023	Intensity Normalized (v.2)	Olink Target 96 Immuno-Oncology(v.3113)	Olink Target 96	intensity normalized	NT=affinity-proteomics;VV=v1.0.0	NT=human;VV=v1.1.0	NT=olink;VV=v1.0.0	v1.1.0	NT=sdrf-skills-autoresearch;VV=v0.0.0
PAD000041-WEAR_7010_V18	Homo sapiens	Blood plasma	Multiple myeloma	not available	not available	201	not applicable	blood plasma	PAD000041-r00201-WEAR_7010_V18	protein expression profiling by antibody array	1	Olink_combined.long.npx.csv	ftp://ftp.pride.ebi.ac.uk/pride/data/archive/2026/04/PAD000041/Olink_combined.long.npx.csv	Olink Target 96	NPX	ADRO04_IO_Plate04_11152023	Intensity Normalized (v.2)	Olink Target 96 Immuno-Oncology(v.3113)	Olink Target 96	intensity normalized	NT=affinity-proteomics;VV=v1.0.0	NT=human;VV=v1.1.0	NT=olink;VV=v1.0.0	v1.1.0	NT=sdrf-skills-autoresearch;VV=v0.0.0
PAD000041-WEAR_7015_V1	Homo sapiens	Blood plasma	Multiple myeloma	not available	not available	202	not applicable	blood plasma	PAD000041-r00202-WEAR_7015_V1	protein expression profiling by antibody array	1	Olink_combined.long.npx.csv	ftp://ftp.pride.ebi.ac.uk/pride/data/archive/2026/04/PAD000041/Olink_combined.long.npx.csv	Olink Target 96	NPX	ADRO04_IO_Plate04_11152023	Intensity Normalized (v.2)	Olink Target 96 Immuno-Oncology(v.3113)	Olink Target 96	intensity normalized	NT=affinity-proteomics;VV=v1.0.0	NT=human;VV=v1.1.0	NT=olink;VV=v1.0.0	v1.1.0	NT=sdrf-skills-autoresearch;VV=v0.0.0
PAD000041-WEAR_7015_V2	Homo sapiens	Blood plasma	Multiple myeloma	not available	not available	203	not applicable	blood plasma	PAD000041-r00203-WEAR_7015_V2	protein expression profiling by antibody array	1	Olink_combined.long.npx.csv	ftp://ftp.pride.ebi.ac.uk/pride/data/archive/2026/04/PAD000041/Olink_combined.long.npx.csv	Olink Target 96	NPX	ADRO04_IO_Plate07_12012023	Intensity Normalized (v.2)	Olink Target 96 Immuno-Oncology(v.3113)	Olink Target 96	intensity normalized	NT=affinity-proteomics;VV=v1.0.0	NT=human;VV=v1.1.0	NT=olink;VV=v1.0.0	v1.1.0	NT=sdrf-skills-autoresearch;VV=v0.0.0
PAD000041-WEAR_7015_V3	Homo sapiens	Blood plasma	Multiple myeloma	not available	not available	204	not applicable	blood plasma	PAD000041-r00204-WEAR_7015_V3	protein expression profiling by antibody array	1	Olink_combined.long.npx.csv	ftp://ftp.pride.ebi.ac.uk/pride/data/archive/2026/04/PAD000041/Olink_combined.long.npx.csv	Olink Target 96	NPX	ADRO04_IO_Plate04_11152023	Intensity Normalized (v.2)	Olink Target 96 Immuno-Oncology(v.3113)	Olink Target 96	intensity normalized	NT=affinity-proteomics;VV=v1.0.0	NT=human;VV=v1.1.0	NT=olink;VV=v1.0.0	v1.1.0	NT=sdrf-skills-autoresearch;VV=v0.0.0
PAD000041-WEAR_7015_V4	Homo sapiens	Blood plasma	Multiple myeloma	not available	not available	205	not applicable	blood plasma	PAD000041-r00205-WEAR_7015_V4	protein expression profiling by antibody array	1	Olink_combined.long.npx.csv	ftp://ftp.pride.ebi.ac.uk/pride/data/archive/2026/04/PAD000041/Olink_combined.long.npx.csv	Olink Target 96	NPX	ADRO04_IO_Plate04_11152023	Intensity Normalized (v.2)	Olink Target 96 Immuno-Oncology(v.3113)	Olink Target 96	intensity normalized	NT=affinity-proteomics;VV=v1.0.0	NT=human;VV=v1.1.0	NT=olink;VV=v1.0.0	v1.1.0	NT=sdrf-skills-autoresearch;VV=v0.0.0
PAD000041-WEAR_7015_V5	Homo sapiens	Blood plasma	Multiple myeloma	not available	not available	206	not applicable	blood plasma	PAD000041-r00206-WEAR_7015_V5	protein expression profiling by antibody array	1	Olink_combined.long.npx.csv	ftp://ftp.pride.ebi.ac.uk/pride/data/archive/2026/04/PAD000041/Olink_combined.long.npx.csv	Olink Target 96	NPX	ADRO04_IO_Plate04_11152023	Intensity Normalized (v.2)	Olink Target 96 Immuno-Oncology(v.3113)	Olink Target 96	intensity normalized	NT=affinity-proteomics;VV=v1.0.0	NT=human;VV=v1.1.0	NT=olink;VV=v1.0.0	v1.1.0	NT=sdrf-skills-autoresearch;VV=v0.0.0
PAD000041-WEAR_7015_V6	Homo sapiens	Blood plasma	Multiple myeloma	not available	not available	207	not applicable	blood plasma	PAD000041-r00207-WEAR_7015_V6	protein expression profiling by antibody array	1	Olink_combined.long.npx.csv	ftp://ftp.pride.ebi.ac.uk/pride/data/archive/2026/04/PAD000041/Olink_combined.long.npx.csv	Olink Target 96	NPX	ADRO04_IO_Plate04_11152023	Intensity Normalized (v.2)	Olink Target 96 Immuno-Oncology(v.3113)	Olink Target 96	intensity normalized	NT=affinity-proteomics;VV=v1.0.0	NT=human;VV=v1.1.0	NT=olink;VV=v1.0.0	v1.1.0	NT=sdrf-skills-autoresearch;VV=v0.0.0
PAD000041-WEAR_7015_V7	Homo sapiens	Blood plasma	Multiple myeloma	not available	not available	208	not applicable	blood plasma	PAD000041-r00208-WEAR_7015_V7	protein expression profiling by antibody array	1	Olink_combined.long.npx.csv	ftp://ftp.pride.ebi.ac.uk/pride/data/archive/2026/04/PAD000041/Olink_combined.long.npx.csv	Olink Target 96	NPX	ADRO04_IO_Plate04_11152023	Intensity Normalized (v.2)	Olink Target 96 Immuno-Oncology(v.3113)	Olink Target 96	intensity normalized	NT=affinity-proteomics;VV=v1.0.0	NT=human;VV=v1.1.0	NT=olink;VV=v1.0.0	v1.1.0	NT=sdrf-skills-autoresearch;VV=v0.0.0
PAD000041-WEAR_7015_V8	Homo sapiens	Blood plasma	Multiple myeloma	not available	not available	209	not applicable	blood plasma	PAD000041-r00209-WEAR_7015_V8	protein expression profiling by antibody array	1	Olink_combined.long.npx.csv	ftp://ftp.pride.ebi.ac.uk/pride/data/archive/2026/04/PAD000041/Olink_combined.long.npx.csv	Olink Target 96	NPX	ADRO04_IO_Plate04_11152023	Intensity Normalized (v.2)	Olink Target 96 Immuno-Oncology(v.3113)	Olink Target 96	intensity normalized	NT=affinity-proteomics;VV=v1.0.0	NT=human;VV=v1.1.0	NT=olink;VV=v1.0.0	v1.1.0	NT=sdrf-skills-autoresearch;VV=v0.0.0
PAD000041-WEAR_7015_V9	Homo sapiens	Blood plasma	Multiple myeloma	not available	not available	210	not applicable	blood plasma	PAD000041-r00210-WEAR_7015_V9	protein expression profiling by antibody array	1	Olink_combined.long.npx.csv	ftp://ftp.pride.ebi.ac.uk/pride/data/archive/2026/04/PAD000041/Olink_combined.long.npx.csv	Olink Target 96	NPX	ADRO04_IO_Plate04_11152023	Intensity Normalized (v.2)	Olink Target 96 Immuno-Oncology(v.3113)	Olink Target 96	intensity normalized	NT=affinity-proteomics;VV=v1.0.0	NT=human;VV=v1.1.0	NT=olink;VV=v1.0.0	v1.1.0	NT=sdrf-skills-autoresearch;VV=v0.0.0
PAD000041-WEAR_7015_V10	Homo sapiens	Blood plasma	Multiple myeloma	not available	not available	211	not applicable	blood plasma	PAD000041-r00211-WEAR_7015_V10	protein expression profiling by antibody array	1	Olink_combined.long.npx.csv	ftp://ftp.pride.ebi.ac.uk/pride/data/archive/2026/04/PAD000041/Olink_combined.long.npx.csv	Olink Target 96	NPX	ADRO04_IO_Plate07_12012023	Intensity Normalized (v.2)	Olink Target 96 Immuno-Oncology(v.3113)	Olink Target 96	intensity normalized	NT=affinity-proteomics;VV=v1.0.0	NT=human;VV=v1.1.0	NT=olink;VV=v1.0.0	v1.1.0	NT=sdrf-skills-autoresearch;VV=v0.0.0
PAD000041-WEAR_7015_V11	Homo sapiens	Blood plasma	Multiple myeloma	not available	not available	212	not applicable	blood plasma	PAD000041-r00212-WEAR_7015_V11	protein expression profiling by antibody array	1	Olink_combined.long.npx.csv	ftp://ftp.pride.ebi.ac.uk/pride/data/archive/2026/04/PAD000041/Olink_combined.long.npx.csv	Olink Target 96	NPX	ADRO04_IO_Plate04_11152023	Intensity Normalized (v.2)	Olink Target 96 Immuno-Oncology(v.3113)	Olink Target 96	intensity normalized	NT=affinity-proteomics;VV=v1.0.0	NT=human;VV=v1.1.0	NT=olink;VV=v1.0.0	v1.1.0	NT=sdrf-skills-autoresearch;VV=v0.0.0
PAD000041-WEAR_7015_V12	Homo sapiens	Blood plasma	Multiple myeloma	not available	not available	213	not applicable	blood plasma	PAD000041-r00213-WEAR_7015_V12	protein expression profiling by antibody array	1	Olink_combined.long.npx.csv	ftp://ftp.pride.ebi.ac.uk/pride/data/archive/2026/04/PAD000041/Olink_combined.long.npx.csv	Olink Target 96	NPX	ADRO04_IO_Plate04_11152023	Intensity Normalized (v.2)	Olink Target 96 Immuno-Oncology(v.3113)	Olink Target 96	intensity normalized	NT=affinity-proteomics;VV=v1.0.0	NT=human;VV=v1.1.0	NT=olink;VV=v1.0.0	v1.1.0	NT=sdrf-skills-autoresearch;VV=v0.0.0
PAD000041-WEAR_7015_V13	Homo sapiens	Blood plasma	Multiple myeloma	not available	not available	214	not applicable	blood plasma	PAD000041-r00214-WEAR_7015_V13	protein expression profiling by antibody array	1	Olink_combined.long.npx.csv	ftp://ftp.pride.ebi.ac.uk/pride/data/archive/2026/04/PAD000041/Olink_combined.long.npx.csv	Olink Target 96	NPX	ADRO04_IO_Plate04_11152023	Intensity Normalized (v.2)	Olink Target 96 Immuno-Oncology(v.3113)	Olink Target 96	intensity normalized	NT=affinity-proteomics;VV=v1.0.0	NT=human;VV=v1.1.0	NT=olink;VV=v1.0.0	v1.1.0	NT=sdrf-skills-autoresearch;VV=v0.0.0
PAD000041-WEAR_7015_V15	Homo sapiens	Blood plasma	Multiple myeloma	not available	not available	215	not applicable	blood plasma	PAD000041-r00215-WEAR_7015_V15	protein expression profiling by antibody array	1	Olink_combined.long.npx.csv	ftp://ftp.pride.ebi.ac.uk/pride/data/archive/2026/04/PAD000041/Olink_combined.long.npx.csv	Olink Target 96	NPX	ADRO04_IO_Plate04_11152023	Intensity Normalized (v.2)	Olink Target 96 Immuno-Oncology(v.3113)	Olink Target 96	intensity normalized	NT=affinity-proteomics;VV=v1.0.0	NT=human;VV=v1.1.0	NT=olink;VV=v1.0.0	v1.1.0	NT=sdrf-skills-autoresearch;VV=v0.0.0
PAD000041-WEAR_7015_V16	Homo sapiens	Blood plasma	Multiple myeloma	not available	not available	216	not applicable	blood plasma	PAD000041-r00216-WEAR_7015_V16	protein expression profiling by antibody array	1	Olink_combined.long.npx.csv	ftp://ftp.pride.ebi.ac.uk/pride/data/archive/2026/04/PAD000041/Olink_combined.long.npx.csv	Olink Target 96	NPX	ADRO04_IO_Plate04_11152023	Intensity Normalized (v.2)	Olink Target 96 Immuno-Oncology(v.3113)	Olink Target 96	intensity normalized	NT=affinity-proteomics;VV=v1.0.0	NT=human;VV=v1.1.0	NT=olink;VV=v1.0.0	v1.1.0	NT=sdrf-skills-autoresearch;VV=v0.0.0
PAD000041-WEAR_7015_V17	Homo sapiens	Blood plasma	Multiple myeloma	not available	not available	217	not applicable	blood plasma	PAD000041-r00217-WEAR_7015_V17	protein expression profiling by antibody array	1	Olink_combined.long.npx.csv	ftp://ftp.pride.ebi.ac.uk/pride/data/archive/2026/04/PAD000041/Olink_combined.long.npx.csv	Olink Target 96	NPX	ADRO04_IO_Plate04_11152023	Intensity Normalized (v.2)	Olink Target 96 Immuno-Oncology(v.3113)	Olink Target 96	intensity normalized	NT=affinity-proteomics;VV=v1.0.0	NT=human;VV=v1.1.0	NT=olink;VV=v1.0.0	v1.1.0	NT=sdrf-skills-autoresearch;VV=v0.0.0
PAD000041-WEAR_7015_V18	Homo sapiens	Blood plasma	Multiple myeloma	not available	not available	218	not applicable	blood plasma	PAD000041-r00218-WEAR_7015_V18	protein expression profiling by antibody array	1	Olink_combined.long.npx.csv	ftp://ftp.pride.ebi.ac.uk/pride/data/archive/2026/04/PAD000041/Olink_combined.long.npx.csv	Olink Target 96	NPX	ADRO04_IO_Plate04_11152023	Intensity Normalized (v.2)	Olink Target 96 Immuno-Oncology(v.3113)	Olink Target 96	intensity normalized	NT=affinity-proteomics;VV=v1.0.0	NT=human;VV=v1.1.0	NT=olink;VV=v1.0.0	v1.1.0	NT=sdrf-skills-autoresearch;VV=v0.0.0
PAD000041-WEAR_7013_V1	Homo sapiens	Blood plasma	Multiple myeloma	not available	not available	219	not applicable	blood plasma	PAD000041-r00219-WEAR_7013_V1	protein expression profiling by antibody array	1	Olink_combined.long.npx.csv	ftp://ftp.pride.ebi.ac.uk/pride/data/archive/2026/04/PAD000041/Olink_combined.long.npx.csv	Olink Target 96	NPX	ADRO04_IO_Plate07_12012023	Intensity Normalized (v.2)	Olink Target 96 Immuno-Oncology(v.3113)	Olink Target 96	intensity normalized	NT=affinity-proteomics;VV=v1.0.0	NT=human;VV=v1.1.0	NT=olink;VV=v1.0.0	v1.1.0	NT=sdrf-skills-autoresearch;VV=v0.0.0
PAD000041-WEAR_7013_V2	Homo sapiens	Blood plasma	Multiple myeloma	not available	not available	220	not applicable	blood plasma	PAD000041-r00220-WEAR_7013_V2	protein expression profiling by antibody array	1	Olink_combined.long.npx.csv	ftp://ftp.pride.ebi.ac.uk/pride/data/archive/2026/04/PAD000041/Olink_combined.long.npx.csv	Olink Target 96	NPX	ADRO04_IO_Plate07_12012023	Intensity Normalized (v.2)	Olink Target 96 Immuno-Oncology(v.3113)	Olink Target 96	intensity normalized	NT=affinity-proteomics;VV=v1.0.0	NT=human;VV=v1.1.0	NT=olink;VV=v1.0.0	v1.1.0	NT=sdrf-skills-autoresearch;VV=v0.0.0
PAD000041-WEAR_7013_V3	Homo sapiens	Blood plasma	Multiple myeloma	not available	not available	221	not applicable	blood plasma	PAD000041-r00221-WEAR_7013_V3	protein expression profiling by antibody array	1	Olink_combined.long.npx.csv	ftp://ftp.pride.ebi.ac.uk/pride/data/archive/2026/04/PAD000041/Olink_combined.long.npx.csv	Olink Target 96	NPX	ADRO04_IO_Plate07_12012023	Intensity Normalized (v.2)	Olink Target 96 Immuno-Oncology(v.3113)	Olink Target 96	intensity normalized	NT=affinity-proteomics;VV=v1.0.0	NT=human;VV=v1.1.0	NT=olink;VV=v1.0.0	v1.1.0	NT=sdrf-skills-autoresearch;VV=v0.0.0
PAD000041-WEAR_7013_V4	Homo sapiens	Blood plasma	Multiple myeloma	not available	not available	222	not applicable	blood plasma	PAD000041-r00222-WEAR_7013_V4	protein expression profiling by antibody array	1	Olink_combined.long.npx.csv	ftp://ftp.pride.ebi.ac.uk/pride/data/archive/2026/04/PAD000041/Olink_combined.long.npx.csv	Olink Target 96	NPX	ADRO04_IO_Plate07_12012023	Intensity Normalized (v.2)	Olink Target 96 Immuno-Oncology(v.3113)	Olink Target 96	intensity normalized	NT=affinity-proteomics;VV=v1.0.0	NT=human;VV=v1.1.0	NT=olink;VV=v1.0.0	v1.1.0	NT=sdrf-skills-autoresearch;VV=v0.0.0
PAD000041-WEAR_7013_CRS	Homo sapiens	Blood plasma	Multiple myeloma	not available	not available	223	not applicable	blood plasma	PAD000041-r00223-WEAR_7013_CRS	protein expression profiling by antibody array	1	Olink_combined.long.npx.csv	ftp://ftp.pride.ebi.ac.uk/pride/data/archive/2026/04/PAD000041/Olink_combined.long.npx.csv	Olink Target 96	NPX	ADRO04_IO_Plate07_12012023	Intensity Normalized (v.2)	Olink Target 96 Immuno-Oncology(v.3113)	Olink Target 96	intensity normalized	NT=affinity-proteomics;VV=v1.0.0	NT=human;VV=v1.1.0	NT=olink;VV=v1.0.0	v1.1.0	NT=sdrf-skills-autoresearch;VV=v0.0.0
PAD000041-WEAR_7013_V5	Homo sapiens	Blood plasma	Multiple myeloma	not available	not available	224	not applicable	blood plasma	PAD000041-r00224-WEAR_7013_V5	protein expression profiling by antibody array	1	Olink_combined.long.npx.csv	ftp://ftp.pride.ebi.ac.uk/pride/data/archive/2026/04/PAD000041/Olink_combined.long.npx.csv	Olink Target 96	NPX	ADRO04_IO_Plate07_12012023	Intensity Normalized (v.2)	Olink Target 96 Immuno-Oncology(v.3113)	Olink Target 96	intensity normalized	NT=affinity-proteomics;VV=v1.0.0	NT=human;VV=v1.1.0	NT=olink;VV=v1.0.0	v1.1.0	NT=sdrf-skills-autoresearch;VV=v0.0.0
PAD000041-WEAR_7016_CRS	Homo sapiens	Blood plasma	Multiple myeloma	not available	not available	225	not applicable	blood plasma	PAD000041-r00225-WEAR_7016_CRS	protein expression profiling by antibody array	1	Olink_combined.long.npx.csv	ftp://ftp.pride.ebi.ac.uk/pride/data/archive/2026/04/PAD000041/Olink_combined.long.npx.csv	Olink Target 96	NPX	ADRO04_IO_Plate04_11152023	Intensity Normalized (v.2)	Olink Target 96 Immuno-Oncology(v.3113)	Olink Target 96	intensity normalized	NT=affinity-proteomics;VV=v1.0.0	NT=human;VV=v1.1.0	NT=olink;VV=v1.0.0	v1.1.0	NT=sdrf-skills-autoresearch;VV=v0.0.0
PAD000041-WEAR_7016_V1	Homo sapiens	Blood plasma	Multiple myeloma	not available	not available	226	not applicable	blood plasma	PAD000041-r00226-WEAR_7016_V1	protein expression profiling by antibody array	1	Olink_combined.long.npx.csv	ftp://ftp.pride.ebi.ac.uk/pride/data/archive/2026/04/PAD000041/Olink_combined.long.npx.csv	Olink Target 96	NPX	ADRO04_IO_Plate04_11152023	Intensity Normalized (v.2)	Olink Target 96 Immuno-Oncology(v.3113)	Olink Target 96	intensity normalized	NT=affinity-proteomics;VV=v1.0.0	NT=human;VV=v1.1.0	NT=olink;VV=v1.0.0	v1.1.0	NT=sdrf-skills-autoresearch;VV=v0.0.0
PAD000041-WEAR_7016_V10	Homo sapiens	Blood plasma	Multiple myeloma	not available	not available	227	not applicable	blood plasma	PAD000041-r00227-WEAR_7016_V10	protein expression profiling by antibody array	1	Olink_combined.long.npx.csv	ftp://ftp.pride.ebi.ac.uk/pride/data/archive/2026/04/PAD000041/Olink_combined.long.npx.csv	Olink Target 96	NPX	ADRO04_IO_Plate04_11152023	Intensity Normalized (v.2)	Olink Target 96 Immuno-Oncology(v.3113)	Olink Target 96	intensity normalized	NT=affinity-proteomics;VV=v1.0.0	NT=human;VV=v1.1.0	NT=olink;VV=v1.0.0	v1.1.0	NT=sdrf-skills-autoresearch;VV=v0.0.0
PAD000041-WEAR_7016_V11	Homo sapiens	Blood plasma	Multiple myeloma	not available	not available	228	not applicable	blood plasma	PAD000041-r00228-WEAR_7016_V11	protein expression profiling by antibody array	1	Olink_combined.long.npx.csv	ftp://ftp.pride.ebi.ac.uk/pride/data/archive/2026/04/PAD000041/Olink_combined.long.npx.csv	Olink Target 96	NPX	ADRO04_IO_Plate04_11152023	Intensity Normalized (v.2)	Olink Target 96 Immuno-Oncology(v.3113)	Olink Target 96	intensity normalized	NT=affinity-proteomics;VV=v1.0.0	NT=human;VV=v1.1.0	NT=olink;VV=v1.0.0	v1.1.0	NT=sdrf-skills-autoresearch;VV=v0.0.0
PAD000041-WEAR_7016_V2	Homo sapiens	Blood plasma	Multiple myeloma	not available	not available	229	not applicable	blood plasma	PAD000041-r00229-WEAR_7016_V2	protein expression profiling by antibody array	1	Olink_combined.long.npx.csv	ftp://ftp.pride.ebi.ac.uk/pride/data/archive/2026/04/PAD000041/Olink_combined.long.npx.csv	Olink Target 96	NPX	ADRO04_IO_Plate04_11152023	Intensity Normalized (v.2)	Olink Target 96 Immuno-Oncology(v.3113)	Olink Target 96	intensity normalized	NT=affinity-proteomics;VV=v1.0.0	NT=human;VV=v1.1.0	NT=olink;VV=v1.0.0	v1.1.0	NT=sdrf-skills-autoresearch;VV=v0.0.0
PAD000041-WEAR_7016_V3	Homo sapiens	Blood plasma	Multiple myeloma	not available	not available	230	not applicable	blood plasma	PAD000041-r00230-WEAR_7016_V3	protein expression profiling by antibody array	1	Olink_combined.long.npx.csv	ftp://ftp.pride.ebi.ac.uk/pride/data/archive/2026/04/PAD000041/Olink_combined.long.npx.csv	Olink Target 96	NPX	ADRO04_IO_Plate04_11152023	Intensity Normalized (v.2)	Olink Target 96 Immuno-Oncology(v.3113)	Olink Target 96	intensity normalized	NT=affinity-proteomics;VV=v1.0.0	NT=human;VV=v1.1.0	NT=olink;VV=v1.0.0	v1.1.0	NT=sdrf-skills-autoresearch;VV=v0.0.0
PAD000041-WEAR_7016_V4	Homo sapiens	Blood plasma	Multiple myeloma	not available	not available	231	not applicable	blood plasma	PAD000041-r00231-WEAR_7016_V4	protein expression profiling by antibody array	1	Olink_combined.long.npx.csv	ftp://ftp.pride.ebi.ac.uk/pride/data/archive/2026/04/PAD000041/Olink_combined.long.npx.csv	Olink Target 96	NPX	ADRO04_IO_Plate04_11152023	Intensity Normalized (v.2)	Olink Target 96 Immuno-Oncology(v.3113)	Olink Target 96	intensity normalized	NT=affinity-proteomics;VV=v1.0.0	NT=human;VV=v1.1.0	NT=olink;VV=v1.0.0	v1.1.0	NT=sdrf-skills-autoresearch;VV=v0.0.0
PAD000041-WEAR_7016_V5	Homo sapiens	Blood plasma	Multiple myeloma	not available	not available	232	not applicable	blood plasma	PAD000041-r00232-WEAR_7016_V5	protein expression profiling by antibody array	1	Olink_combined.long.npx.csv	ftp://ftp.pride.ebi.ac.uk/pride/data/archive/2026/04/PAD000041/Olink_combined.long.npx.csv	Olink Target 96	NPX	ADRO04_IO_Plate04_11152023	Intensity Normalized (v.2)	Olink Target 96 Immuno-Oncology(v.3113)	Olink Target 96	intensity normalized	NT=affinity-proteomics;VV=v1.0.0	NT=human;VV=v1.1.0	NT=olink;VV=v1.0.0	v1.1.0	NT=sdrf-skills-autoresearch;VV=v0.0.0
PAD000041-WEAR_7016_V6	Homo sapiens	Blood plasma	Multiple myeloma	not available	not available	233	not applicable	blood plasma	PAD000041-r00233-WEAR_7016_V6	protein expression profiling by antibody array	1	Olink_combined.long.npx.csv	ftp://ftp.pride.ebi.ac.uk/pride/data/archive/2026/04/PAD000041/Olink_combined.long.npx.csv	Olink Target 96	NPX	ADRO04_IO_Plate04_11152023	Intensity Normalized (v.2)	Olink Target 96 Immuno-Oncology(v.3113)	Olink Target 96	intensity normalized	NT=affinity-proteomics;VV=v1.0.0	NT=human;VV=v1.1.0	NT=olink;VV=v1.0.0	v1.1.0	NT=sdrf-skills-autoresearch;VV=v0.0.0
PAD000041-WEAR_7016_V7	Homo sapiens	Blood plasma	Multiple myeloma	not available	not available	234	not applicable	blood plasma	PAD000041-r00234-WEAR_7016_V7	protein expression profiling by antibody array	1	Olink_combined.long.npx.csv	ftp://ftp.pride.ebi.ac.uk/pride/data/archive/2026/04/PAD000041/Olink_combined.long.npx.csv	Olink Target 96	NPX	ADRO04_IO_Plate04_11152023	Intensity Normalized (v.2)	Olink Target 96 Immuno-Oncology(v.3113)	Olink Target 96	intensity normalized	NT=affinity-proteomics;VV=v1.0.0	NT=human;VV=v1.1.0	NT=olink;VV=v1.0.0	v1.1.0	NT=sdrf-skills-autoresearch;VV=v0.0.0
PAD000041-WEAR_7016_V8	Homo sapiens	Blood plasma	Multiple myeloma	not available	not available	235	not applicable	blood plasma	PAD000041-r00235-WEAR_7016_V8	protein expression profiling by antibody array	1	Olink_combined.long.npx.csv	ftp://ftp.pride.ebi.ac.uk/pride/data/archive/2026/04/PAD000041/Olink_combined.long.npx.csv	Olink Target 96	NPX	ADRO04_IO_Plate04_11152023	Intensity Normalized (v.2)	Olink Target 96 Immuno-Oncology(v.3113)	Olink Target 96	intensity normalized	NT=affinity-proteomics;VV=v1.0.0	NT=human;VV=v1.1.0	NT=olink;VV=v1.0.0	v1.1.0	NT=sdrf-skills-autoresearch;VV=v0.0.0
PAD000041-WEAR_7016_V9	Homo sapiens	Blood plasma	Multiple myeloma	not available	not available	236	not applicable	blood plasma	PAD000041-r00236-WEAR_7016_V9	protein expression profiling by antibody array	1	Olink_combined.long.npx.csv	ftp://ftp.pride.ebi.ac.uk/pride/data/archive/2026/04/PAD000041/Olink_combined.long.npx.csv	Olink Target 96	NPX	ADRO04_IO_Plate04_11152023	Intensity Normalized (v.2)	Olink Target 96 Immuno-Oncology(v.3113)	Olink Target 96	intensity normalized	NT=affinity-proteomics;VV=v1.0.0	NT=human;VV=v1.1.0	NT=olink;VV=v1.0.0	v1.1.0	NT=sdrf-skills-autoresearch;VV=v0.0.0
PAD000041-WEAR_7017_CRS	Homo sapiens	Blood plasma	Multiple myeloma	not available	not available	237	not applicable	blood plasma	PAD000041-r00237-WEAR_7017_CRS	protein expression profiling by antibody array	1	Olink_combined.long.npx.csv	ftp://ftp.pride.ebi.ac.uk/pride/data/archive/2026/04/PAD000041/Olink_combined.long.npx.csv	Olink Target 96	NPX	ADRO04_IO_Plate02_11082023	Intensity Normalized (v.2)	Olink Target 96 Immuno-Oncology(v.3113)	Olink Target 96	intensity normalized	NT=affinity-proteomics;VV=v1.0.0	NT=human;VV=v1.1.0	NT=olink;VV=v1.0.0	v1.1.0	NT=sdrf-skills-autoresearch;VV=v0.0.0
PAD000041-WEAR_7017_V1	Homo sapiens	Blood plasma	Multiple myeloma	not available	not available	238	not applicable	blood plasma	PAD000041-r00238-WEAR_7017_V1	protein expression profiling by antibody array	1	Olink_combined.long.npx.csv	ftp://ftp.pride.ebi.ac.uk/pride/data/archive/2026/04/PAD000041/Olink_combined.long.npx.csv	Olink Target 96	NPX	ADRO04_IO_Plate02_11082023	Intensity Normalized (v.2)	Olink Target 96 Immuno-Oncology(v.3113)	Olink Target 96	intensity normalized	NT=affinity-proteomics;VV=v1.0.0	NT=human;VV=v1.1.0	NT=olink;VV=v1.0.0	v1.1.0	NT=sdrf-skills-autoresearch;VV=v0.0.0
PAD000041-WEAR_7017_V10	Homo sapiens	Blood plasma	Multiple myeloma	not available	not available	239	not applicable	blood plasma	PAD000041-r00239-WEAR_7017_V10	protein expression profiling by antibody array	1	Olink_combined.long.npx.csv	ftp://ftp.pride.ebi.ac.uk/pride/data/archive/2026/04/PAD000041/Olink_combined.long.npx.csv	Olink Target 96	NPX	ADRO04_IO_Plate02_11082023	Intensity Normalized (v.2)	Olink Target 96 Immuno-Oncology(v.3113)	Olink Target 96	intensity normalized	NT=affinity-proteomics;VV=v1.0.0	NT=human;VV=v1.1.0	NT=olink;VV=v1.0.0	v1.1.0	NT=sdrf-skills-autoresearch;VV=v0.0.0
PAD000041-WEAR_7017_V11	Homo sapiens	Blood plasma	Multiple myeloma	not available	not available	240	not applicable	blood plasma	PAD000041-r00240-WEAR_7017_V11	protein expression profiling by antibody array	1	Olink_combined.long.npx.csv	ftp://ftp.pride.ebi.ac.uk/pride/data/archive/2026/04/PAD000041/Olink_combined.long.npx.csv	Olink Target 96	NPX	ADRO04_IO_Plate02_11082023	Intensity Normalized (v.2)	Olink Target 96 Immuno-Oncology(v.3113)	Olink Target 96	intensity normalized	NT=affinity-proteomics;VV=v1.0.0	NT=human;VV=v1.1.0	NT=olink;VV=v1.0.0	v1.1.0	NT=sdrf-skills-autoresearch;VV=v0.0.0
PAD000041-WEAR_7017_V12	Homo sapiens	Blood plasma	Multiple myeloma	not available	not available	241	not applicable	blood plasma	PAD000041-r00241-WEAR_7017_V12	protein expression profiling by antibody array	1	Olink_combined.long.npx.csv	ftp://ftp.pride.ebi.ac.uk/pride/data/archive/2026/04/PAD000041/Olink_combined.long.npx.csv	Olink Target 96	NPX	ADRO04_IO_Plate02_11082023	Intensity Normalized (v.2)	Olink Target 96 Immuno-Oncology(v.3113)	Olink Target 96	intensity normalized	NT=affinity-proteomics;VV=v1.0.0	NT=human;VV=v1.1.0	NT=olink;VV=v1.0.0	v1.1.0	NT=sdrf-skills-autoresearch;VV=v0.0.0
PAD000041-WEAR_7017_V13	Homo sapiens	Blood plasma	Multiple myeloma	not available	not available	242	not applicable	blood plasma	PAD000041-r00242-WEAR_7017_V13	protein expression profiling by antibody array	1	Olink_combined.long.npx.csv	ftp://ftp.pride.ebi.ac.uk/pride/data/archive/2026/04/PAD000041/Olink_combined.long.npx.csv	Olink Target 96	NPX	ADRO04_IO_Plate02_11082023	Intensity Normalized (v.2)	Olink Target 96 Immuno-Oncology(v.3113)	Olink Target 96	intensity normalized	NT=affinity-proteomics;VV=v1.0.0	NT=human;VV=v1.1.0	NT=olink;VV=v1.0.0	v1.1.0	NT=sdrf-skills-autoresearch;VV=v0.0.0
PAD000041-WEAR_7017_V2	Homo sapiens	Blood plasma	Multiple myeloma	not available	not available	243	not applicable	blood plasma	PAD000041-r00243-WEAR_7017_V2	protein expression profiling by antibody array	1	Olink_combined.long.npx.csv	ftp://ftp.pride.ebi.ac.uk/pride/data/archive/2026/04/PAD000041/Olink_combined.long.npx.csv	Olink Target 96	NPX	ADRO04_IO_Plate02_11082023	Intensity Normalized (v.2)	Olink Target 96 Immuno-Oncology(v.3113)	Olink Target 96	intensity normalized	NT=affinity-proteomics;VV=v1.0.0	NT=human;VV=v1.1.0	NT=olink;VV=v1.0.0	v1.1.0	NT=sdrf-skills-autoresearch;VV=v0.0.0
PAD000041-WEAR_7017_V3	Homo sapiens	Blood plasma	Multiple myeloma	not available	not available	244	not applicable	blood plasma	PAD000041-r00244-WEAR_7017_V3	protein expression profiling by antibody array	1	Olink_combined.long.npx.csv	ftp://ftp.pride.ebi.ac.uk/pride/data/archive/2026/04/PAD000041/Olink_combined.long.npx.csv	Olink Target 96	NPX	ADRO04_IO_Plate02_11082023	Intensity Normalized (v.2)	Olink Target 96 Immuno-Oncology(v.3113)	Olink Target 96	intensity normalized	NT=affinity-proteomics;VV=v1.0.0	NT=human;VV=v1.1.0	NT=olink;VV=v1.0.0	v1.1.0	NT=sdrf-skills-autoresearch;VV=v0.0.0
PAD000041-WEAR_7017_V4	Homo sapiens	Blood plasma	Multiple myeloma	not available	not available	245	not applicable	blood plasma	PAD000041-r00245-WEAR_7017_V4	protein expression profiling by antibody array	1	Olink_combined.long.npx.csv	ftp://ftp.pride.ebi.ac.uk/pride/data/archive/2026/04/PAD000041/Olink_combined.long.npx.csv	Olink Target 96	NPX	ADRO04_IO_Plate02_11082023	Intensity Normalized (v.2)	Olink Target 96 Immuno-Oncology(v.3113)	Olink Target 96	intensity normalized	NT=affinity-proteomics;VV=v1.0.0	NT=human;VV=v1.1.0	NT=olink;VV=v1.0.0	v1.1.0	NT=sdrf-skills-autoresearch;VV=v0.0.0
PAD000041-WEAR_7017_V5	Homo sapiens	Blood plasma	Multiple myeloma	not available	not available	246	not applicable	blood plasma	PAD000041-r00246-WEAR_7017_V5	protein expression profiling by antibody array	1	Olink_combined.long.npx.csv	ftp://ftp.pride.ebi.ac.uk/pride/data/archive/2026/04/PAD000041/Olink_combined.long.npx.csv	Olink Target 96	NPX	ADRO04_IO_Plate02_11082023	Intensity Normalized (v.2)	Olink Target 96 Immuno-Oncology(v.3113)	Olink Target 96	intensity normalized	NT=affinity-proteomics;VV=v1.0.0	NT=human;VV=v1.1.0	NT=olink;VV=v1.0.0	v1.1.0	NT=sdrf-skills-autoresearch;VV=v0.0.0
PAD000041-WEAR_7017_V6	Homo sapiens	Blood plasma	Multiple myeloma	not available	not available	247	not applicable	blood plasma	PAD000041-r00247-WEAR_7017_V6	protein expression profiling by antibody array	1	Olink_combined.long.npx.csv	ftp://ftp.pride.ebi.ac.uk/pride/data/archive/2026/04/PAD000041/Olink_combined.long.npx.csv	Olink Target 96	NPX	ADRO04_IO_Plate02_11082023	Intensity Normalized (v.2)	Olink Target 96 Immuno-Oncology(v.3113)	Olink Target 96	intensity normalized	NT=affinity-proteomics;VV=v1.0.0	NT=human;VV=v1.1.0	NT=olink;VV=v1.0.0	v1.1.0	NT=sdrf-skills-autoresearch;VV=v0.0.0
PAD000041-WEAR_7017_V7	Homo sapiens	Blood plasma	Multiple myeloma	not available	not available	248	not applicable	blood plasma	PAD000041-r00248-WEAR_7017_V7	protein expression profiling by antibody array	1	Olink_combined.long.npx.csv	ftp://ftp.pride.ebi.ac.uk/pride/data/archive/2026/04/PAD000041/Olink_combined.long.npx.csv	Olink Target 96	NPX	ADRO04_IO_Plate02_11082023	Intensity Normalized (v.2)	Olink Target 96 Immuno-Oncology(v.3113)	Olink Target 96	intensity normalized	NT=affinity-proteomics;VV=v1.0.0	NT=human;VV=v1.1.0	NT=olink;VV=v1.0.0	v1.1.0	NT=sdrf-skills-autoresearch;VV=v0.0.0
PAD000041-WEAR_7017_V8	Homo sapiens	Blood plasma	Multiple myeloma	not available	not available	249	not applicable	blood plasma	PAD000041-r00249-WEAR_7017_V8	protein expression profiling by antibody array	1	Olink_combined.long.npx.csv	ftp://ftp.pride.ebi.ac.uk/pride/data/archive/2026/04/PAD000041/Olink_combined.long.npx.csv	Olink Target 96	NPX	ADRO04_IO_Plate02_11082023	Intensity Normalized (v.2)	Olink Target 96 Immuno-Oncology(v.3113)	Olink Target 96	intensity normalized	NT=affinity-proteomics;VV=v1.0.0	NT=human;VV=v1.1.0	NT=olink;VV=v1.0.0	v1.1.0	NT=sdrf-skills-autoresearch;VV=v0.0.0
PAD000041-WEAR_7017_V9	Homo sapiens	Blood plasma	Multiple myeloma	not available	not available	250	not applicable	blood plasma	PAD000041-r00250-WEAR_7017_V9	protein expression profiling by antibody array	1	Olink_combined.long.npx.csv	ftp://ftp.pride.ebi.ac.uk/pride/data/archive/2026/04/PAD000041/Olink_combined.long.npx.csv	Olink Target 96	NPX	ADRO04_IO_Plate02_11082023	Intensity Normalized (v.2)	Olink Target 96 Immuno-Oncology(v.3113)	Olink Target 96	intensity normalized	NT=affinity-proteomics;VV=v1.0.0	NT=human;VV=v1.1.0	NT=olink;VV=v1.0.0	v1.1.0	NT=sdrf-skills-autoresearch;VV=v0.0.0
PAD000041-WEAR_7018_CRS	Homo sapiens	Blood plasma	Multiple myeloma	not available	not available	251	not applicable	blood plasma	PAD000041-r00251-WEAR_7018_CRS	protein expression profiling by antibody array	1	Olink_combined.long.npx.csv	ftp://ftp.pride.ebi.ac.uk/pride/data/archive/2026/04/PAD000041/Olink_combined.long.npx.csv	Olink Target 96	NPX	ADRO04_IO_Plate04_11152023	Intensity Normalized (v.2)	Olink Target 96 Immuno-Oncology(v.3113)	Olink Target 96	intensity normalized	NT=affinity-proteomics;VV=v1.0.0	NT=human;VV=v1.1.0	NT=olink;VV=v1.0.0	v1.1.0	NT=sdrf-skills-autoresearch;VV=v0.0.0
PAD000041-WEAR_7018_V1	Homo sapiens	Blood plasma	Multiple myeloma	not available	not available	252	not applicable	blood plasma	PAD000041-r00252-WEAR_7018_V1	protein expression profiling by antibody array	1	Olink_combined.long.npx.csv	ftp://ftp.pride.ebi.ac.uk/pride/data/archive/2026/04/PAD000041/Olink_combined.long.npx.csv	Olink Target 96	NPX	ADRO04_IO_Plate04_11152023	Intensity Normalized (v.2)	Olink Target 96 Immuno-Oncology(v.3113)	Olink Target 96	intensity normalized	NT=affinity-proteomics;VV=v1.0.0	NT=human;VV=v1.1.0	NT=olink;VV=v1.0.0	v1.1.0	NT=sdrf-skills-autoresearch;VV=v0.0.0
PAD000041-WEAR_7018_V10	Homo sapiens	Blood plasma	Multiple myeloma	not available	not available	253	not applicable	blood plasma	PAD000041-r00253-WEAR_7018_V10	protein expression profiling by antibody array	1	Olink_combined.long.npx.csv	ftp://ftp.pride.ebi.ac.uk/pride/data/archive/2026/04/PAD000041/Olink_combined.long.npx.csv	Olink Target 96	NPX	ADRO04_IO_Plate07_12012023	Intensity Normalized (v.2)	Olink Target 96 Immuno-Oncology(v.3113)	Olink Target 96	intensity normalized	NT=affinity-proteomics;VV=v1.0.0	NT=human;VV=v1.1.0	NT=olink;VV=v1.0.0	v1.1.0	NT=sdrf-skills-autoresearch;VV=v0.0.0
PAD000041-WEAR_7018_V11	Homo sapiens	Blood plasma	Multiple myeloma	not available	not available	254	not applicable	blood plasma	PAD000041-r00254-WEAR_7018_V11	protein expression profiling by antibody array	1	Olink_combined.long.npx.csv	ftp://ftp.pride.ebi.ac.uk/pride/data/archive/2026/04/PAD000041/Olink_combined.long.npx.csv	Olink Target 96	NPX	ADRO04_IO_Plate04_11152023	Intensity Normalized (v.2)	Olink Target 96 Immuno-Oncology(v.3113)	Olink Target 96	intensity normalized	NT=affinity-proteomics;VV=v1.0.0	NT=human;VV=v1.1.0	NT=olink;VV=v1.0.0	v1.1.0	NT=sdrf-skills-autoresearch;VV=v0.0.0
PAD000041-WEAR_7018_V12	Homo sapiens	Blood plasma	Multiple myeloma	not available	not available	255	not applicable	blood plasma	PAD000041-r00255-WEAR_7018_V12	protein expression profiling by antibody array	1	Olink_combined.long.npx.csv	ftp://ftp.pride.ebi.ac.uk/pride/data/archive/2026/04/PAD000041/Olink_combined.long.npx.csv	Olink Target 96	NPX	ADRO04_IO_Plate04_11152023	Intensity Normalized (v.2)	Olink Target 96 Immuno-Oncology(v.3113)	Olink Target 96	intensity normalized	NT=affinity-proteomics;VV=v1.0.0	NT=human;VV=v1.1.0	NT=olink;VV=v1.0.0	v1.1.0	NT=sdrf-skills-autoresearch;VV=v0.0.0
PAD000041-WEAR_7018_V13	Homo sapiens	Blood plasma	Multiple myeloma	not available	not available	256	not applicable	blood plasma	PAD000041-r00256-WEAR_7018_V13	protein expression profiling by antibody array	1	Olink_combined.long.npx.csv	ftp://ftp.pride.ebi.ac.uk/pride/data/archive/2026/04/PAD000041/Olink_combined.long.npx.csv	Olink Target 96	NPX	ADRO04_IO_Plate04_11152023	Intensity Normalized (v.2)	Olink Target 96 Immuno-Oncology(v.3113)	Olink Target 96	intensity normalized	NT=affinity-proteomics;VV=v1.0.0	NT=human;VV=v1.1.0	NT=olink;VV=v1.0.0	v1.1.0	NT=sdrf-skills-autoresearch;VV=v0.0.0
PAD000041-WEAR_7018_V14	Homo sapiens	Blood plasma	Multiple myeloma	not available	not available	257	not applicable	blood plasma	PAD000041-r00257-WEAR_7018_V14	protein expression profiling by antibody array	1	Olink_combined.long.npx.csv	ftp://ftp.pride.ebi.ac.uk/pride/data/archive/2026/04/PAD000041/Olink_combined.long.npx.csv	Olink Target 96	NPX	ADRO04_IO_Plate04_11152023	Intensity Normalized (v.2)	Olink Target 96 Immuno-Oncology(v.3113)	Olink Target 96	intensity normalized	NT=affinity-proteomics;VV=v1.0.0	NT=human;VV=v1.1.0	NT=olink;VV=v1.0.0	v1.1.0	NT=sdrf-skills-autoresearch;VV=v0.0.0
PAD000041-WEAR_7018_V15	Homo sapiens	Blood plasma	Multiple myeloma	not available	not available	258	not applicable	blood plasma	PAD000041-r00258-WEAR_7018_V15	protein expression profiling by antibody array	1	Olink_combined.long.npx.csv	ftp://ftp.pride.ebi.ac.uk/pride/data/archive/2026/04/PAD000041/Olink_combined.long.npx.csv	Olink Target 96	NPX	ADRO04_IO_Plate04_11152023	Intensity Normalized (v.2)	Olink Target 96 Immuno-Oncology(v.3113)	Olink Target 96	intensity normalized	NT=affinity-proteomics;VV=v1.0.0	NT=human;VV=v1.1.0	NT=olink;VV=v1.0.0	v1.1.0	NT=sdrf-skills-autoresearch;VV=v0.0.0
PAD000041-WEAR_7018_V2	Homo sapiens	Blood plasma	Multiple myeloma	not available	not available	259	not applicable	blood plasma	PAD000041-r00259-WEAR_7018_V2	protein expression profiling by antibody array	1	Olink_combined.long.npx.csv	ftp://ftp.pride.ebi.ac.uk/pride/data/archive/2026/04/PAD000041/Olink_combined.long.npx.csv	Olink Target 96	NPX	ADRO04_IO_Plate04_11152023	Intensity Normalized (v.2)	Olink Target 96 Immuno-Oncology(v.3113)	Olink Target 96	intensity normalized	NT=affinity-proteomics;VV=v1.0.0	NT=human;VV=v1.1.0	NT=olink;VV=v1.0.0	v1.1.0	NT=sdrf-skills-autoresearch;VV=v0.0.0
PAD000041-WEAR_7018_V3	Homo sapiens	Blood plasma	Multiple myeloma	not available	not available	260	not applicable	blood plasma	PAD000041-r00260-WEAR_7018_V3	protein expression profiling by antibody array	1	Olink_combined.long.npx.csv	ftp://ftp.pride.ebi.ac.uk/pride/data/archive/2026/04/PAD000041/Olink_combined.long.npx.csv	Olink Target 96	NPX	ADRO04_IO_Plate04_11152023	Intensity Normalized (v.2)	Olink Target 96 Immuno-Oncology(v.3113)	Olink Target 96	intensity normalized	NT=affinity-proteomics;VV=v1.0.0	NT=human;VV=v1.1.0	NT=olink;VV=v1.0.0	v1.1.0	NT=sdrf-skills-autoresearch;VV=v0.0.0
PAD000041-WEAR_7018_V4	Homo sapiens	Blood plasma	Multiple myeloma	not available	not available	261	not applicable	blood plasma	PAD000041-r00261-WEAR_7018_V4	protein expression profiling by antibody array	1	Olink_combined.long.npx.csv	ftp://ftp.pride.ebi.ac.uk/pride/data/archive/2026/04/PAD000041/Olink_combined.long.npx.csv	Olink Target 96	NPX	ADRO04_IO_Plate04_11152023	Intensity Normalized (v.2)	Olink Target 96 Immuno-Oncology(v.3113)	Olink Target 96	intensity normalized	NT=affinity-proteomics;VV=v1.0.0	NT=human;VV=v1.1.0	NT=olink;VV=v1.0.0	v1.1.0	NT=sdrf-skills-autoresearch;VV=v0.0.0
PAD000041-WEAR_7018_V5	Homo sapiens	Blood plasma	Multiple myeloma	not available	not available	262	not applicable	blood plasma	PAD000041-r00262-WEAR_7018_V5	protein expression profiling by antibody array	1	Olink_combined.long.npx.csv	ftp://ftp.pride.ebi.ac.uk/pride/data/archive/2026/04/PAD000041/Olink_combined.long.npx.csv	Olink Target 96	NPX	ADRO04_IO_Plate04_11152023	Intensity Normalized (v.2)	Olink Target 96 Immuno-Oncology(v.3113)	Olink Target 96	intensity normalized	NT=affinity-proteomics;VV=v1.0.0	NT=human;VV=v1.1.0	NT=olink;VV=v1.0.0	v1.1.0	NT=sdrf-skills-autoresearch;VV=v0.0.0
PAD000041-WEAR_7018_V6	Homo sapiens	Blood plasma	Multiple myeloma	not available	not available	263	not applicable	blood plasma	PAD000041-r00263-WEAR_7018_V6	protein expression profiling by antibody array	1	Olink_combined.long.npx.csv	ftp://ftp.pride.ebi.ac.uk/pride/data/archive/2026/04/PAD000041/Olink_combined.long.npx.csv	Olink Target 96	NPX	ADRO04_IO_Plate04_11152023	Intensity Normalized (v.2)	Olink Target 96 Immuno-Oncology(v.3113)	Olink Target 96	intensity normalized	NT=affinity-proteomics;VV=v1.0.0	NT=human;VV=v1.1.0	NT=olink;VV=v1.0.0	v1.1.0	NT=sdrf-skills-autoresearch;VV=v0.0.0
PAD000041-WEAR_7018_V7	Homo sapiens	Blood plasma	Multiple myeloma	not available	not available	264	not applicable	blood plasma	PAD000041-r00264-WEAR_7018_V7	protein expression profiling by antibody array	1	Olink_combined.long.npx.csv	ftp://ftp.pride.ebi.ac.uk/pride/data/archive/2026/04/PAD000041/Olink_combined.long.npx.csv	Olink Target 96	NPX	ADRO04_IO_Plate04_11152023	Intensity Normalized (v.2)	Olink Target 96 Immuno-Oncology(v.3113)	Olink Target 96	intensity normalized	NT=affinity-proteomics;VV=v1.0.0	NT=human;VV=v1.1.0	NT=olink;VV=v1.0.0	v1.1.0	NT=sdrf-skills-autoresearch;VV=v0.0.0
PAD000041-WEAR_7018_V8	Homo sapiens	Blood plasma	Multiple myeloma	not available	not available	265	not applicable	blood plasma	PAD000041-r00265-WEAR_7018_V8	protein expression profiling by antibody array	1	Olink_combined.long.npx.csv	ftp://ftp.pride.ebi.ac.uk/pride/data/archive/2026/04/PAD000041/Olink_combined.long.npx.csv	Olink Target 96	NPX	ADRO04_IO_Plate04_11152023	Intensity Normalized (v.2)	Olink Target 96 Immuno-Oncology(v.3113)	Olink Target 96	intensity normalized	NT=affinity-proteomics;VV=v1.0.0	NT=human;VV=v1.1.0	NT=olink;VV=v1.0.0	v1.1.0	NT=sdrf-skills-autoresearch;VV=v0.0.0
PAD000041-WEAR_7018_V9	Homo sapiens	Blood plasma	Multiple myeloma	not available	not available	266	not applicable	blood plasma	PAD000041-r00266-WEAR_7018_V9	protein expression profiling by antibody array	1	Olink_combined.long.npx.csv	ftp://ftp.pride.ebi.ac.uk/pride/data/archive/2026/04/PAD000041/Olink_combined.long.npx.csv	Olink Target 96	NPX	ADRO04_IO_Plate04_11152023	Intensity Normalized (v.2)	Olink Target 96 Immuno-Oncology(v.3113)	Olink Target 96	intensity normalized	NT=affinity-proteomics;VV=v1.0.0	NT=human;VV=v1.1.0	NT=olink;VV=v1.0.0	v1.1.0	NT=sdrf-skills-autoresearch;VV=v0.0.0
PAD000041-WEAR_7019_CRS	Homo sapiens	Blood plasma	Multiple myeloma	not available	not available	267	not applicable	blood plasma	PAD000041-r00267-WEAR_7019_CRS	protein expression profiling by antibody array	1	Olink_combined.long.npx.csv	ftp://ftp.pride.ebi.ac.uk/pride/data/archive/2026/04/PAD000041/Olink_combined.long.npx.csv	Olink Target 96	NPX	ADRO04_IO_Plate01_11082023	Intensity Normalized (v.2)	Olink Target 96 Immuno-Oncology(v.3113)	Olink Target 96	intensity normalized	NT=affinity-proteomics;VV=v1.0.0	NT=human;VV=v1.1.0	NT=olink;VV=v1.0.0	v1.1.0	NT=sdrf-skills-autoresearch;VV=v0.0.0
PAD000041-WEAR_7019_V1	Homo sapiens	Blood plasma	Multiple myeloma	not available	not available	268	not applicable	blood plasma	PAD000041-r00268-WEAR_7019_V1	protein expression profiling by antibody array	1	Olink_combined.long.npx.csv	ftp://ftp.pride.ebi.ac.uk/pride/data/archive/2026/04/PAD000041/Olink_combined.long.npx.csv	Olink Target 96	NPX	ADRO04_IO_Plate01_11082023	Intensity Normalized (v.2)	Olink Target 96 Immuno-Oncology(v.3113)	Olink Target 96	intensity normalized	NT=affinity-proteomics;VV=v1.0.0	NT=human;VV=v1.1.0	NT=olink;VV=v1.0.0	v1.1.0	NT=sdrf-skills-autoresearch;VV=v0.0.0
PAD000041-WEAR_7019_V10	Homo sapiens	Blood plasma	Multiple myeloma	not available	not available	269	not applicable	blood plasma	PAD000041-r00269-WEAR_7019_V10	protein expression profiling by antibody array	1	Olink_combined.long.npx.csv	ftp://ftp.pride.ebi.ac.uk/pride/data/archive/2026/04/PAD000041/Olink_combined.long.npx.csv	Olink Target 96	NPX	ADRO04_IO_Plate01_11082023	Intensity Normalized (v.2)	Olink Target 96 Immuno-Oncology(v.3113)	Olink Target 96	intensity normalized	NT=affinity-proteomics;VV=v1.0.0	NT=human;VV=v1.1.0	NT=olink;VV=v1.0.0	v1.1.0	NT=sdrf-skills-autoresearch;VV=v0.0.0
PAD000041-WEAR_7019_V11	Homo sapiens	Blood plasma	Multiple myeloma	not available	not available	270	not applicable	blood plasma	PAD000041-r00270-WEAR_7019_V11	protein expression profiling by antibody array	1	Olink_combined.long.npx.csv	ftp://ftp.pride.ebi.ac.uk/pride/data/archive/2026/04/PAD000041/Olink_combined.long.npx.csv	Olink Target 96	NPX	ADRO04_IO_Plate01_11082023	Intensity Normalized (v.2)	Olink Target 96 Immuno-Oncology(v.3113)	Olink Target 96	intensity normalized	NT=affinity-proteomics;VV=v1.0.0	NT=human;VV=v1.1.0	NT=olink;VV=v1.0.0	v1.1.0	NT=sdrf-skills-autoresearch;VV=v0.0.0
PAD000041-WEAR_7019_V2	Homo sapiens	Blood plasma	Multiple myeloma	not available	not available	271	not applicable	blood plasma	PAD000041-r00271-WEAR_7019_V2	protein expression profiling by antibody array	1	Olink_combined.long.npx.csv	ftp://ftp.pride.ebi.ac.uk/pride/data/archive/2026/04/PAD000041/Olink_combined.long.npx.csv	Olink Target 96	NPX	ADRO04_IO_Plate01_11082023	Intensity Normalized (v.2)	Olink Target 96 Immuno-Oncology(v.3113)	Olink Target 96	intensity normalized	NT=affinity-proteomics;VV=v1.0.0	NT=human;VV=v1.1.0	NT=olink;VV=v1.0.0	v1.1.0	NT=sdrf-skills-autoresearch;VV=v0.0.0
PAD000041-WEAR_7019_V3	Homo sapiens	Blood plasma	Multiple myeloma	not available	not available	272	not applicable	blood plasma	PAD000041-r00272-WEAR_7019_V3	protein expression profiling by antibody array	1	Olink_combined.long.npx.csv	ftp://ftp.pride.ebi.ac.uk/pride/data/archive/2026/04/PAD000041/Olink_combined.long.npx.csv	Olink Target 96	NPX	ADRO04_IO_Plate01_11082023	Intensity Normalized (v.2)	Olink Target 96 Immuno-Oncology(v.3113)	Olink Target 96	intensity normalized	NT=affinity-proteomics;VV=v1.0.0	NT=human;VV=v1.1.0	NT=olink;VV=v1.0.0	v1.1.0	NT=sdrf-skills-autoresearch;VV=v0.0.0
PAD000041-WEAR_7019_V4	Homo sapiens	Blood plasma	Multiple myeloma	not available	not available	273	not applicable	blood plasma	PAD000041-r00273-WEAR_7019_V4	protein expression profiling by antibody array	1	Olink_combined.long.npx.csv	ftp://ftp.pride.ebi.ac.uk/pride/data/archive/2026/04/PAD000041/Olink_combined.long.npx.csv	Olink Target 96	NPX	ADRO04_IO_Plate01_11082023	Intensity Normalized (v.2)	Olink Target 96 Immuno-Oncology(v.3113)	Olink Target 96	intensity normalized	NT=affinity-proteomics;VV=v1.0.0	NT=human;VV=v1.1.0	NT=olink;VV=v1.0.0	v1.1.0	NT=sdrf-skills-autoresearch;VV=v0.0.0
PAD000041-WEAR_7019_V5	Homo sapiens	Blood plasma	Multiple myeloma	not available	not available	274	not applicable	blood plasma	PAD000041-r00274-WEAR_7019_V5	protein expression profiling by antibody array	1	Olink_combined.long.npx.csv	ftp://ftp.pride.ebi.ac.uk/pride/data/archive/2026/04/PAD000041/Olink_combined.long.npx.csv	Olink Target 96	NPX	ADRO04_IO_Plate01_11082023	Intensity Normalized (v.2)	Olink Target 96 Immuno-Oncology(v.3113)	Olink Target 96	intensity normalized	NT=affinity-proteomics;VV=v1.0.0	NT=human;VV=v1.1.0	NT=olink;VV=v1.0.0	v1.1.0	NT=sdrf-skills-autoresearch;VV=v0.0.0
PAD000041-WEAR_7019_V6	Homo sapiens	Blood plasma	Multiple myeloma	not available	not available	275	not applicable	blood plasma	PAD000041-r00275-WEAR_7019_V6	protein expression profiling by antibody array	1	Olink_combined.long.npx.csv	ftp://ftp.pride.ebi.ac.uk/pride/data/archive/2026/04/PAD000041/Olink_combined.long.npx.csv	Olink Target 96	NPX	ADRO04_IO_Plate01_11082023	Intensity Normalized (v.2)	Olink Target 96 Immuno-Oncology(v.3113)	Olink Target 96	intensity normalized	NT=affinity-proteomics;VV=v1.0.0	NT=human;VV=v1.1.0	NT=olink;VV=v1.0.0	v1.1.0	NT=sdrf-skills-autoresearch;VV=v0.0.0
PAD000041-WEAR_7019_V7	Homo sapiens	Blood plasma	Multiple myeloma	not available	not available	276	not applicable	blood plasma	PAD000041-r00276-WEAR_7019_V7	protein expression profiling by antibody array	1	Olink_combined.long.npx.csv	ftp://ftp.pride.ebi.ac.uk/pride/data/archive/2026/04/PAD000041/Olink_combined.long.npx.csv	Olink Target 96	NPX	ADRO04_IO_Plate01_11082023	Intensity Normalized (v.2)	Olink Target 96 Immuno-Oncology(v.3113)	Olink Target 96	intensity normalized	NT=affinity-proteomics;VV=v1.0.0	NT=human;VV=v1.1.0	NT=olink;VV=v1.0.0	v1.1.0	NT=sdrf-skills-autoresearch;VV=v0.0.0
PAD000041-WEAR_7019_V8	Homo sapiens	Blood plasma	Multiple myeloma	not available	not available	277	not applicable	blood plasma	PAD000041-r00277-WEAR_7019_V8	protein expression profiling by antibody array	1	Olink_combined.long.npx.csv	ftp://ftp.pride.ebi.ac.uk/pride/data/archive/2026/04/PAD000041/Olink_combined.long.npx.csv	Olink Target 96	NPX	ADRO04_IO_Plate01_11082023	Intensity Normalized (v.2)	Olink Target 96 Immuno-Oncology(v.3113)	Olink Target 96	intensity normalized	NT=affinity-proteomics;VV=v1.0.0	NT=human;VV=v1.1.0	NT=olink;VV=v1.0.0	v1.1.0	NT=sdrf-skills-autoresearch;VV=v0.0.0
PAD000041-WEAR_7019_V9	Homo sapiens	Blood plasma	Multiple myeloma	not available	not available	278	not applicable	blood plasma	PAD000041-r00278-WEAR_7019_V9	protein expression profiling by antibody array	1	Olink_combined.long.npx.csv	ftp://ftp.pride.ebi.ac.uk/pride/data/archive/2026/04/PAD000041/Olink_combined.long.npx.csv	Olink Target 96	NPX	ADRO04_IO_Plate01_11082023	Intensity Normalized (v.2)	Olink Target 96 Immuno-Oncology(v.3113)	Olink Target 96	intensity normalized	NT=affinity-proteomics;VV=v1.0.0	NT=human;VV=v1.1.0	NT=olink;VV=v1.0.0	v1.1.0	NT=sdrf-skills-autoresearch;VV=v0.0.0
PAD000041-WEAR_7020_V1	Homo sapiens	Blood plasma	Multiple myeloma	not available	not available	279	not applicable	blood plasma	PAD000041-r00279-WEAR_7020_V1	protein expression profiling by antibody array	1	Olink_combined.long.npx.csv	ftp://ftp.pride.ebi.ac.uk/pride/data/archive/2026/04/PAD000041/Olink_combined.long.npx.csv	Olink Target 96	NPX	ADRO04_IO_Plate07_12012023	Intensity Normalized (v.2)	Olink Target 96 Immuno-Oncology(v.3113)	Olink Target 96	intensity normalized	NT=affinity-proteomics;VV=v1.0.0	NT=human;VV=v1.1.0	NT=olink;VV=v1.0.0	v1.1.0	NT=sdrf-skills-autoresearch;VV=v0.0.0
PAD000041-WEAR_7020_V10	Homo sapiens	Blood plasma	Multiple myeloma	not available	not available	280	not applicable	blood plasma	PAD000041-r00280-WEAR_7020_V10	protein expression profiling by antibody array	1	Olink_combined.long.npx.csv	ftp://ftp.pride.ebi.ac.uk/pride/data/archive/2026/04/PAD000041/Olink_combined.long.npx.csv	Olink Target 96	NPX	ADRO04_IO_Plate04_11152023	Intensity Normalized (v.2)	Olink Target 96 Immuno-Oncology(v.3113)	Olink Target 96	intensity normalized	NT=affinity-proteomics;VV=v1.0.0	NT=human;VV=v1.1.0	NT=olink;VV=v1.0.0	v1.1.0	NT=sdrf-skills-autoresearch;VV=v0.0.0
PAD000041-WEAR_7020_V11	Homo sapiens	Blood plasma	Multiple myeloma	not available	not available	281	not applicable	blood plasma	PAD000041-r00281-WEAR_7020_V11	protein expression profiling by antibody array	1	Olink_combined.long.npx.csv	ftp://ftp.pride.ebi.ac.uk/pride/data/archive/2026/04/PAD000041/Olink_combined.long.npx.csv	Olink Target 96	NPX	ADRO04_IO_Plate04_11152023	Intensity Normalized (v.2)	Olink Target 96 Immuno-Oncology(v.3113)	Olink Target 96	intensity normalized	NT=affinity-proteomics;VV=v1.0.0	NT=human;VV=v1.1.0	NT=olink;VV=v1.0.0	v1.1.0	NT=sdrf-skills-autoresearch;VV=v0.0.0
PAD000041-WEAR_7020_V12	Homo sapiens	Blood plasma	Multiple myeloma	not available	not available	282	not applicable	blood plasma	PAD000041-r00282-WEAR_7020_V12	protein expression profiling by antibody array	1	Olink_combined.long.npx.csv	ftp://ftp.pride.ebi.ac.uk/pride/data/archive/2026/04/PAD000041/Olink_combined.long.npx.csv	Olink Target 96	NPX	ADRO04_IO_Plate04_11152023	Intensity Normalized (v.2)	Olink Target 96 Immuno-Oncology(v.3113)	Olink Target 96	intensity normalized	NT=affinity-proteomics;VV=v1.0.0	NT=human;VV=v1.1.0	NT=olink;VV=v1.0.0	v1.1.0	NT=sdrf-skills-autoresearch;VV=v0.0.0
PAD000041-WEAR_7020_V13	Homo sapiens	Blood plasma	Multiple myeloma	not available	not available	283	not applicable	blood plasma	PAD000041-r00283-WEAR_7020_V13	protein expression profiling by antibody array	1	Olink_combined.long.npx.csv	ftp://ftp.pride.ebi.ac.uk/pride/data/archive/2026/04/PAD000041/Olink_combined.long.npx.csv	Olink Target 96	NPX	ADRO04_IO_Plate04_11152023	Intensity Normalized (v.2)	Olink Target 96 Immuno-Oncology(v.3113)	Olink Target 96	intensity normalized	NT=affinity-proteomics;VV=v1.0.0	NT=human;VV=v1.1.0	NT=olink;VV=v1.0.0	v1.1.0	NT=sdrf-skills-autoresearch;VV=v0.0.0
PAD000041-WEAR_7020_V2	Homo sapiens	Blood plasma	Multiple myeloma	not available	not available	284	not applicable	blood plasma	PAD000041-r00284-WEAR_7020_V2	protein expression profiling by antibody array	1	Olink_combined.long.npx.csv	ftp://ftp.pride.ebi.ac.uk/pride/data/archive/2026/04/PAD000041/Olink_combined.long.npx.csv	Olink Target 96	NPX	ADRO04_IO_Plate07_12012023	Intensity Normalized (v.2)	Olink Target 96 Immuno-Oncology(v.3113)	Olink Target 96	intensity normalized	NT=affinity-proteomics;VV=v1.0.0	NT=human;VV=v1.1.0	NT=olink;VV=v1.0.0	v1.1.0	NT=sdrf-skills-autoresearch;VV=v0.0.0
PAD000041-WEAR_7020_V3	Homo sapiens	Blood plasma	Multiple myeloma	not available	not available	285	not applicable	blood plasma	PAD000041-r00285-WEAR_7020_V3	protein expression profiling by antibody array	1	Olink_combined.long.npx.csv	ftp://ftp.pride.ebi.ac.uk/pride/data/archive/2026/04/PAD000041/Olink_combined.long.npx.csv	Olink Target 96	NPX	ADRO04_IO_Plate07_12012023	Intensity Normalized (v.2)	Olink Target 96 Immuno-Oncology(v.3113)	Olink Target 96	intensity normalized	NT=affinity-proteomics;VV=v1.0.0	NT=human;VV=v1.1.0	NT=olink;VV=v1.0.0	v1.1.0	NT=sdrf-skills-autoresearch;VV=v0.0.0
PAD000041-WEAR_7020_V4	Homo sapiens	Blood plasma	Multiple myeloma	not available	not available	286	not applicable	blood plasma	PAD000041-r00286-WEAR_7020_V4	protein expression profiling by antibody array	1	Olink_combined.long.npx.csv	ftp://ftp.pride.ebi.ac.uk/pride/data/archive/2026/04/PAD000041/Olink_combined.long.npx.csv	Olink Target 96	NPX	ADRO04_IO_Plate07_12012023	Intensity Normalized (v.2)	Olink Target 96 Immuno-Oncology(v.3113)	Olink Target 96	intensity normalized	NT=affinity-proteomics;VV=v1.0.0	NT=human;VV=v1.1.0	NT=olink;VV=v1.0.0	v1.1.0	NT=sdrf-skills-autoresearch;VV=v0.0.0
PAD000041-WEAR_7020_V6	Homo sapiens	Blood plasma	Multiple myeloma	not available	not available	287	not applicable	blood plasma	PAD000041-r00287-WEAR_7020_V6	protein expression profiling by antibody array	1	Olink_combined.long.npx.csv	ftp://ftp.pride.ebi.ac.uk/pride/data/archive/2026/04/PAD000041/Olink_combined.long.npx.csv	Olink Target 96	NPX	ADRO04_IO_Plate04_11152023	Intensity Normalized (v.2)	Olink Target 96 Immuno-Oncology(v.3113)	Olink Target 96	intensity normalized	NT=affinity-proteomics;VV=v1.0.0	NT=human;VV=v1.1.0	NT=olink;VV=v1.0.0	v1.1.0	NT=sdrf-skills-autoresearch;VV=v0.0.0
PAD000041-WEAR_7020_V7	Homo sapiens	Blood plasma	Multiple myeloma	not available	not available	288	not applicable	blood plasma	PAD000041-r00288-WEAR_7020_V7	protein expression profiling by antibody array	1	Olink_combined.long.npx.csv	ftp://ftp.pride.ebi.ac.uk/pride/data/archive/2026/04/PAD000041/Olink_combined.long.npx.csv	Olink Target 96	NPX	ADRO04_IO_Plate04_11152023	Intensity Normalized (v.2)	Olink Target 96 Immuno-Oncology(v.3113)	Olink Target 96	intensity normalized	NT=affinity-proteomics;VV=v1.0.0	NT=human;VV=v1.1.0	NT=olink;VV=v1.0.0	v1.1.0	NT=sdrf-skills-autoresearch;VV=v0.0.0
PAD000041-WEAR_7020_V8	Homo sapiens	Blood plasma	Multiple myeloma	not available	not available	289	not applicable	blood plasma	PAD000041-r00289-WEAR_7020_V8	protein expression profiling by antibody array	1	Olink_combined.long.npx.csv	ftp://ftp.pride.ebi.ac.uk/pride/data/archive/2026/04/PAD000041/Olink_combined.long.npx.csv	Olink Target 96	NPX	ADRO04_IO_Plate04_11152023	Intensity Normalized (v.2)	Olink Target 96 Immuno-Oncology(v.3113)	Olink Target 96	intensity normalized	NT=affinity-proteomics;VV=v1.0.0	NT=human;VV=v1.1.0	NT=olink;VV=v1.0.0	v1.1.0	NT=sdrf-skills-autoresearch;VV=v0.0.0
PAD000041-WEAR_7020_V9	Homo sapiens	Blood plasma	Multiple myeloma	not available	not available	290	not applicable	blood plasma	PAD000041-r00290-WEAR_7020_V9	protein expression profiling by antibody array	1	Olink_combined.long.npx.csv	ftp://ftp.pride.ebi.ac.uk/pride/data/archive/2026/04/PAD000041/Olink_combined.long.npx.csv	Olink Target 96	NPX	ADRO04_IO_Plate04_11152023	Intensity Normalized (v.2)	Olink Target 96 Immuno-Oncology(v.3113)	Olink Target 96	intensity normalized	NT=affinity-proteomics;VV=v1.0.0	NT=human;VV=v1.1.0	NT=olink;VV=v1.0.0	v1.1.0	NT=sdrf-skills-autoresearch;VV=v0.0.0
PAD000041-WEAR_7021_V1	Homo sapiens	Blood plasma	Multiple myeloma	not available	not available	291	not applicable	blood plasma	PAD000041-r00291-WEAR_7021_V1	protein expression profiling by antibody array	1	Olink_combined.long.npx.csv	ftp://ftp.pride.ebi.ac.uk/pride/data/archive/2026/04/PAD000041/Olink_combined.long.npx.csv	Olink Target 96	NPX	ADRO04_IO_Plate01_11082023	Intensity Normalized (v.2)	Olink Target 96 Immuno-Oncology(v.3113)	Olink Target 96	intensity normalized	NT=affinity-proteomics;VV=v1.0.0	NT=human;VV=v1.1.0	NT=olink;VV=v1.0.0	v1.1.0	NT=sdrf-skills-autoresearch;VV=v0.0.0
PAD000041-WEAR_7021_V10	Homo sapiens	Blood plasma	Multiple myeloma	not available	not available	292	not applicable	blood plasma	PAD000041-r00292-WEAR_7021_V10	protein expression profiling by antibody array	1	Olink_combined.long.npx.csv	ftp://ftp.pride.ebi.ac.uk/pride/data/archive/2026/04/PAD000041/Olink_combined.long.npx.csv	Olink Target 96	NPX	ADRO04_IO_Plate01_11082023	Intensity Normalized (v.2)	Olink Target 96 Immuno-Oncology(v.3113)	Olink Target 96	intensity normalized	NT=affinity-proteomics;VV=v1.0.0	NT=human;VV=v1.1.0	NT=olink;VV=v1.0.0	v1.1.0	NT=sdrf-skills-autoresearch;VV=v0.0.0
PAD000041-WEAR_7021_V11	Homo sapiens	Blood plasma	Multiple myeloma	not available	not available	293	not applicable	blood plasma	PAD000041-r00293-WEAR_7021_V11	protein expression profiling by antibody array	1	Olink_combined.long.npx.csv	ftp://ftp.pride.ebi.ac.uk/pride/data/archive/2026/04/PAD000041/Olink_combined.long.npx.csv	Olink Target 96	NPX	ADRO04_IO_Plate01_11082023	Intensity Normalized (v.2)	Olink Target 96 Immuno-Oncology(v.3113)	Olink Target 96	intensity normalized	NT=affinity-proteomics;VV=v1.0.0	NT=human;VV=v1.1.0	NT=olink;VV=v1.0.0	v1.1.0	NT=sdrf-skills-autoresearch;VV=v0.0.0
PAD000041-WEAR_7021_V12	Homo sapiens	Blood plasma	Multiple myeloma	not available	not available	294	not applicable	blood plasma	PAD000041-r00294-WEAR_7021_V12	protein expression profiling by antibody array	1	Olink_combined.long.npx.csv	ftp://ftp.pride.ebi.ac.uk/pride/data/archive/2026/04/PAD000041/Olink_combined.long.npx.csv	Olink Target 96	NPX	ADRO04_IO_Plate01_11082023	Intensity Normalized (v.2)	Olink Target 96 Immuno-Oncology(v.3113)	Olink Target 96	intensity normalized	NT=affinity-proteomics;VV=v1.0.0	NT=human;VV=v1.1.0	NT=olink;VV=v1.0.0	v1.1.0	NT=sdrf-skills-autoresearch;VV=v0.0.0
PAD000041-WEAR_7021_V13	Homo sapiens	Blood plasma	Multiple myeloma	not available	not available	295	not applicable	blood plasma	PAD000041-r00295-WEAR_7021_V13	protein expression profiling by antibody array	1	Olink_combined.long.npx.csv	ftp://ftp.pride.ebi.ac.uk/pride/data/archive/2026/04/PAD000041/Olink_combined.long.npx.csv	Olink Target 96	NPX	ADRO04_IO_Plate01_11082023	Intensity Normalized (v.2)	Olink Target 96 Immuno-Oncology(v.3113)	Olink Target 96	intensity normalized	NT=affinity-proteomics;VV=v1.0.0	NT=human;VV=v1.1.0	NT=olink;VV=v1.0.0	v1.1.0	NT=sdrf-skills-autoresearch;VV=v0.0.0
PAD000041-WEAR_7021_V14	Homo sapiens	Blood plasma	Multiple myeloma	not available	not available	296	not applicable	blood plasma	PAD000041-r00296-WEAR_7021_V14	protein expression profiling by antibody array	1	Olink_combined.long.npx.csv	ftp://ftp.pride.ebi.ac.uk/pride/data/archive/2026/04/PAD000041/Olink_combined.long.npx.csv	Olink Target 96	NPX	ADRO04_IO_Plate01_11082023	Intensity Normalized (v.2)	Olink Target 96 Immuno-Oncology(v.3113)	Olink Target 96	intensity normalized	NT=affinity-proteomics;VV=v1.0.0	NT=human;VV=v1.1.0	NT=olink;VV=v1.0.0	v1.1.0	NT=sdrf-skills-autoresearch;VV=v0.0.0
PAD000041-WEAR_7021_V2	Homo sapiens	Blood plasma	Multiple myeloma	not available	not available	297	not applicable	blood plasma	PAD000041-r00297-WEAR_7021_V2	protein expression profiling by antibody array	1	Olink_combined.long.npx.csv	ftp://ftp.pride.ebi.ac.uk/pride/data/archive/2026/04/PAD000041/Olink_combined.long.npx.csv	Olink Target 96	NPX	ADRO04_IO_Plate01_11082023	Intensity Normalized (v.2)	Olink Target 96 Immuno-Oncology(v.3113)	Olink Target 96	intensity normalized	NT=affinity-proteomics;VV=v1.0.0	NT=human;VV=v1.1.0	NT=olink;VV=v1.0.0	v1.1.0	NT=sdrf-skills-autoresearch;VV=v0.0.0
PAD000041-WEAR_7021_V3	Homo sapiens	Blood plasma	Multiple myeloma	not available	not available	298	not applicable	blood plasma	PAD000041-r00298-WEAR_7021_V3	protein expression profiling by antibody array	1	Olink_combined.long.npx.csv	ftp://ftp.pride.ebi.ac.uk/pride/data/archive/2026/04/PAD000041/Olink_combined.long.npx.csv	Olink Target 96	NPX	ADRO04_IO_Plate01_11082023	Intensity Normalized (v.2)	Olink Target 96 Immuno-Oncology(v.3113)	Olink Target 96	intensity normalized	NT=affinity-proteomics;VV=v1.0.0	NT=human;VV=v1.1.0	NT=olink;VV=v1.0.0	v1.1.0	NT=sdrf-skills-autoresearch;VV=v0.0.0
PAD000041-WEAR_7021_V4	Homo sapiens	Blood plasma	Multiple myeloma	not available	not available	299	not applicable	blood plasma	PAD000041-r00299-WEAR_7021_V4	protein expression profiling by antibody array	1	Olink_combined.long.npx.csv	ftp://ftp.pride.ebi.ac.uk/pride/data/archive/2026/04/PAD000041/Olink_combined.long.npx.csv	Olink Target 96	NPX	ADRO04_IO_Plate01_11082023	Intensity Normalized (v.2)	Olink Target 96 Immuno-Oncology(v.3113)	Olink Target 96	intensity normalized	NT=affinity-proteomics;VV=v1.0.0	NT=human;VV=v1.1.0	NT=olink;VV=v1.0.0	v1.1.0	NT=sdrf-skills-autoresearch;VV=v0.0.0
PAD000041-WEAR_7021_V5	Homo sapiens	Blood plasma	Multiple myeloma	not available	not available	300	not applicable	blood plasma	PAD000041-r00300-WEAR_7021_V5	protein expression profiling by antibody array	1	Olink_combined.long.npx.csv	ftp://ftp.pride.ebi.ac.uk/pride/data/archive/2026/04/PAD000041/Olink_combined.long.npx.csv	Olink Target 96	NPX	ADRO04_IO_Plate01_11082023	Intensity Normalized (v.2)	Olink Target 96 Immuno-Oncology(v.3113)	Olink Target 96	intensity normalized	NT=affinity-proteomics;VV=v1.0.0	NT=human;VV=v1.1.0	NT=olink;VV=v1.0.0	v1.1.0	NT=sdrf-skills-autoresearch;VV=v0.0.0
PAD000041-WEAR_7021_V6	Homo sapiens	Blood plasma	Multiple myeloma	not available	not available	301	not applicable	blood plasma	PAD000041-r00301-WEAR_7021_V6	protein expression profiling by antibody array	1	Olink_combined.long.npx.csv	ftp://ftp.pride.ebi.ac.uk/pride/data/archive/2026/04/PAD000041/Olink_combined.long.npx.csv	Olink Target 96	NPX	ADRO04_IO_Plate01_11082023	Intensity Normalized (v.2)	Olink Target 96 Immuno-Oncology(v.3113)	Olink Target 96	intensity normalized	NT=affinity-proteomics;VV=v1.0.0	NT=human;VV=v1.1.0	NT=olink;VV=v1.0.0	v1.1.0	NT=sdrf-skills-autoresearch;VV=v0.0.0
PAD000041-WEAR_7021_V7	Homo sapiens	Blood plasma	Multiple myeloma	not available	not available	302	not applicable	blood plasma	PAD000041-r00302-WEAR_7021_V7	protein expression profiling by antibody array	1	Olink_combined.long.npx.csv	ftp://ftp.pride.ebi.ac.uk/pride/data/archive/2026/04/PAD000041/Olink_combined.long.npx.csv	Olink Target 96	NPX	ADRO04_IO_Plate01_11082023	Intensity Normalized (v.2)	Olink Target 96 Immuno-Oncology(v.3113)	Olink Target 96	intensity normalized	NT=affinity-proteomics;VV=v1.0.0	NT=human;VV=v1.1.0	NT=olink;VV=v1.0.0	v1.1.0	NT=sdrf-skills-autoresearch;VV=v0.0.0
PAD000041-WEAR_7021_V8	Homo sapiens	Blood plasma	Multiple myeloma	not available	not available	303	not applicable	blood plasma	PAD000041-r00303-WEAR_7021_V8	protein expression profiling by antibody array	1	Olink_combined.long.npx.csv	ftp://ftp.pride.ebi.ac.uk/pride/data/archive/2026/04/PAD000041/Olink_combined.long.npx.csv	Olink Target 96	NPX	ADRO04_IO_Plate01_11082023	Intensity Normalized (v.2)	Olink Target 96 Immuno-Oncology(v.3113)	Olink Target 96	intensity normalized	NT=affinity-proteomics;VV=v1.0.0	NT=human;VV=v1.1.0	NT=olink;VV=v1.0.0	v1.1.0	NT=sdrf-skills-autoresearch;VV=v0.0.0
PAD000041-WEAR_7021_V9	Homo sapiens	Blood plasma	Multiple myeloma	not available	not available	304	not applicable	blood plasma	PAD000041-r00304-WEAR_7021_V9	protein expression profiling by antibody array	1	Olink_combined.long.npx.csv	ftp://ftp.pride.ebi.ac.uk/pride/data/archive/2026/04/PAD000041/Olink_combined.long.npx.csv	Olink Target 96	NPX	ADRO04_IO_Plate01_11082023	Intensity Normalized (v.2)	Olink Target 96 Immuno-Oncology(v.3113)	Olink Target 96	intensity normalized	NT=affinity-proteomics;VV=v1.0.0	NT=human;VV=v1.1.0	NT=olink;VV=v1.0.0	v1.1.0	NT=sdrf-skills-autoresearch;VV=v0.0.0
PAD000041-WEAR_7022_V1	Homo sapiens	Blood plasma	Multiple myeloma	not available	not available	305	not applicable	blood plasma	PAD000041-r00305-WEAR_7022_V1	protein expression profiling by antibody array	1	Olink_combined.long.npx.csv	ftp://ftp.pride.ebi.ac.uk/pride/data/archive/2026/04/PAD000041/Olink_combined.long.npx.csv	Olink Target 96	NPX	ADRO04_IO_Plate02_11082023	Intensity Normalized (v.2)	Olink Target 96 Immuno-Oncology(v.3113)	Olink Target 96	intensity normalized	NT=affinity-proteomics;VV=v1.0.0	NT=human;VV=v1.1.0	NT=olink;VV=v1.0.0	v1.1.0	NT=sdrf-skills-autoresearch;VV=v0.0.0
PAD000041-WEAR_7022_V2	Homo sapiens	Blood plasma	Multiple myeloma	not available	not available	306	not applicable	blood plasma	PAD000041-r00306-WEAR_7022_V2	protein expression profiling by antibody array	1	Olink_combined.long.npx.csv	ftp://ftp.pride.ebi.ac.uk/pride/data/archive/2026/04/PAD000041/Olink_combined.long.npx.csv	Olink Target 96	NPX	ADRO04_IO_Plate02_11082023	Intensity Normalized (v.2)	Olink Target 96 Immuno-Oncology(v.3113)	Olink Target 96	intensity normalized	NT=affinity-proteomics;VV=v1.0.0	NT=human;VV=v1.1.0	NT=olink;VV=v1.0.0	v1.1.0	NT=sdrf-skills-autoresearch;VV=v0.0.0
PAD000041-WEAR_7022_V4	Homo sapiens	Blood plasma	Multiple myeloma	not available	not available	307	not applicable	blood plasma	PAD000041-r00307-WEAR_7022_V4	protein expression profiling by antibody array	1	Olink_combined.long.npx.csv	ftp://ftp.pride.ebi.ac.uk/pride/data/archive/2026/04/PAD000041/Olink_combined.long.npx.csv	Olink Target 96	NPX	ADRO04_IO_Plate02_11082023	Intensity Normalized (v.2)	Olink Target 96 Immuno-Oncology(v.3113)	Olink Target 96	intensity normalized	NT=affinity-proteomics;VV=v1.0.0	NT=human;VV=v1.1.0	NT=olink;VV=v1.0.0	v1.1.0	NT=sdrf-skills-autoresearch;VV=v0.0.0
PAD000041-WEAR_7022_V5	Homo sapiens	Blood plasma	Multiple myeloma	not available	not available	308	not applicable	blood plasma	PAD000041-r00308-WEAR_7022_V5	protein expression profiling by antibody array	1	Olink_combined.long.npx.csv	ftp://ftp.pride.ebi.ac.uk/pride/data/archive/2026/04/PAD000041/Olink_combined.long.npx.csv	Olink Target 96	NPX	ADRO04_IO_Plate02_11082023	Intensity Normalized (v.2)	Olink Target 96 Immuno-Oncology(v.3113)	Olink Target 96	intensity normalized	NT=affinity-proteomics;VV=v1.0.0	NT=human;VV=v1.1.0	NT=olink;VV=v1.0.0	v1.1.0	NT=sdrf-skills-autoresearch;VV=v0.0.0
PAD000041-WEAR_7022_V6	Homo sapiens	Blood plasma	Multiple myeloma	not available	not available	309	not applicable	blood plasma	PAD000041-r00309-WEAR_7022_V6	protein expression profiling by antibody array	1	Olink_combined.long.npx.csv	ftp://ftp.pride.ebi.ac.uk/pride/data/archive/2026/04/PAD000041/Olink_combined.long.npx.csv	Olink Target 96	NPX	ADRO04_IO_Plate02_11082023	Intensity Normalized (v.2)	Olink Target 96 Immuno-Oncology(v.3113)	Olink Target 96	intensity normalized	NT=affinity-proteomics;VV=v1.0.0	NT=human;VV=v1.1.0	NT=olink;VV=v1.0.0	v1.1.0	NT=sdrf-skills-autoresearch;VV=v0.0.0
PAD000041-WEAR_7022_V7	Homo sapiens	Blood plasma	Multiple myeloma	not available	not available	310	not applicable	blood plasma	PAD000041-r00310-WEAR_7022_V7	protein expression profiling by antibody array	1	Olink_combined.long.npx.csv	ftp://ftp.pride.ebi.ac.uk/pride/data/archive/2026/04/PAD000041/Olink_combined.long.npx.csv	Olink Target 96	NPX	ADRO04_IO_Plate02_11082023	Intensity Normalized (v.2)	Olink Target 96 Immuno-Oncology(v.3113)	Olink Target 96	intensity normalized	NT=affinity-proteomics;VV=v1.0.0	NT=human;VV=v1.1.0	NT=olink;VV=v1.0.0	v1.1.0	NT=sdrf-skills-autoresearch;VV=v0.0.0
PAD000041-WEAR_7022_CRS	Homo sapiens	Blood plasma	Multiple myeloma	not available	not available	311	not applicable	blood plasma	PAD000041-r00311-WEAR_7022_CRS	protein expression profiling by antibody array	1	Olink_combined.long.npx.csv	ftp://ftp.pride.ebi.ac.uk/pride/data/archive/2026/04/PAD000041/Olink_combined.long.npx.csv	Olink Target 96	NPX	ADRO04_IO_Plate02_11082023	Intensity Normalized (v.2)	Olink Target 96 Immuno-Oncology(v.3113)	Olink Target 96	intensity normalized	NT=affinity-proteomics;VV=v1.0.0	NT=human;VV=v1.1.0	NT=olink;VV=v1.0.0	v1.1.0	NT=sdrf-skills-autoresearch;VV=v0.0.0
PAD000041-WEAR_7022_V8	Homo sapiens	Blood plasma	Multiple myeloma	not available	not available	312	not applicable	blood plasma	PAD000041-r00312-WEAR_7022_V8	protein expression profiling by antibody array	1	Olink_combined.long.npx.csv	ftp://ftp.pride.ebi.ac.uk/pride/data/archive/2026/04/PAD000041/Olink_combined.long.npx.csv	Olink Target 96	NPX	ADRO04_IO_Plate02_11082023	Intensity Normalized (v.2)	Olink Target 96 Immuno-Oncology(v.3113)	Olink Target 96	intensity normalized	NT=affinity-proteomics;VV=v1.0.0	NT=human;VV=v1.1.0	NT=olink;VV=v1.0.0	v1.1.0	NT=sdrf-skills-autoresearch;VV=v0.0.0
PAD000041-WEAR_7022_V9	Homo sapiens	Blood plasma	Multiple myeloma	not available	not available	313	not applicable	blood plasma	PAD000041-r00313-WEAR_7022_V9	protein expression profiling by antibody array	1	Olink_combined.long.npx.csv	ftp://ftp.pride.ebi.ac.uk/pride/data/archive/2026/04/PAD000041/Olink_combined.long.npx.csv	Olink Target 96	NPX	ADRO04_IO_Plate02_11082023	Intensity Normalized (v.2)	Olink Target 96 Immuno-Oncology(v.3113)	Olink Target 96	intensity normalized	NT=affinity-proteomics;VV=v1.0.0	NT=human;VV=v1.1.0	NT=olink;VV=v1.0.0	v1.1.0	NT=sdrf-skills-autoresearch;VV=v0.0.0
PAD000041-WEAR_7022_V10	Homo sapiens	Blood plasma	Multiple myeloma	not available	not available	314	not applicable	blood plasma	PAD000041-r00314-WEAR_7022_V10	protein expression profiling by antibody array	1	Olink_combined.long.npx.csv	ftp://ftp.pride.ebi.ac.uk/pride/data/archive/2026/04/PAD000041/Olink_combined.long.npx.csv	Olink Target 96	NPX	ADRO04_IO_Plate02_11082023	Intensity Normalized (v.2)	Olink Target 96 Immuno-Oncology(v.3113)	Olink Target 96	intensity normalized	NT=affinity-proteomics;VV=v1.0.0	NT=human;VV=v1.1.0	NT=olink;VV=v1.0.0	v1.1.0	NT=sdrf-skills-autoresearch;VV=v0.0.0
PAD000041-WEAR_7022_V11	Homo sapiens	Blood plasma	Multiple myeloma	not available	not available	315	not applicable	blood plasma	PAD000041-r00315-WEAR_7022_V11	protein expression profiling by antibody array	1	Olink_combined.long.npx.csv	ftp://ftp.pride.ebi.ac.uk/pride/data/archive/2026/04/PAD000041/Olink_combined.long.npx.csv	Olink Target 96	NPX	ADRO04_IO_Plate02_11082023	Intensity Normalized (v.2)	Olink Target 96 Immuno-Oncology(v.3113)	Olink Target 96	intensity normalized	NT=affinity-proteomics;VV=v1.0.0	NT=human;VV=v1.1.0	NT=olink;VV=v1.0.0	v1.1.0	NT=sdrf-skills-autoresearch;VV=v0.0.0
PAD000041-WEAR_7022_V12	Homo sapiens	Blood plasma	Multiple myeloma	not available	not available	316	not applicable	blood plasma	PAD000041-r00316-WEAR_7022_V12	protein expression profiling by antibody array	1	Olink_combined.long.npx.csv	ftp://ftp.pride.ebi.ac.uk/pride/data/archive/2026/04/PAD000041/Olink_combined.long.npx.csv	Olink Target 96	NPX	ADRO04_IO_Plate02_11082023	Intensity Normalized (v.2)	Olink Target 96 Immuno-Oncology(v.3113)	Olink Target 96	intensity normalized	NT=affinity-proteomics;VV=v1.0.0	NT=human;VV=v1.1.0	NT=olink;VV=v1.0.0	v1.1.0	NT=sdrf-skills-autoresearch;VV=v0.0.0
PAD000041-WEAR_7022_V13	Homo sapiens	Blood plasma	Multiple myeloma	not available	not available	317	not applicable	blood plasma	PAD000041-r00317-WEAR_7022_V13	protein expression profiling by antibody array	1	Olink_combined.long.npx.csv	ftp://ftp.pride.ebi.ac.uk/pride/data/archive/2026/04/PAD000041/Olink_combined.long.npx.csv	Olink Target 96	NPX	ADRO04_IO_Plate02_11082023	Intensity Normalized (v.2)	Olink Target 96 Immuno-Oncology(v.3113)	Olink Target 96	intensity normalized	NT=affinity-proteomics;VV=v1.0.0	NT=human;VV=v1.1.0	NT=olink;VV=v1.0.0	v1.1.0	NT=sdrf-skills-autoresearch;VV=v0.0.0
PAD000041-WEAR_7022_V14	Homo sapiens	Blood plasma	Multiple myeloma	not available	not available	318	not applicable	blood plasma	PAD000041-r00318-WEAR_7022_V14	protein expression profiling by antibody array	1	Olink_combined.long.npx.csv	ftp://ftp.pride.ebi.ac.uk/pride/data/archive/2026/04/PAD000041/Olink_combined.long.npx.csv	Olink Target 96	NPX	ADRO04_IO_Plate02_11082023	Intensity Normalized (v.2)	Olink Target 96 Immuno-Oncology(v.3113)	Olink Target 96	intensity normalized	NT=affinity-proteomics;VV=v1.0.0	NT=human;VV=v1.1.0	NT=olink;VV=v1.0.0	v1.1.0	NT=sdrf-skills-autoresearch;VV=v0.0.0
PAD000041-WEAR_7023_V2	Homo sapiens	Blood plasma	Multiple myeloma	not available	not available	319	not applicable	blood plasma	PAD000041-r00319-WEAR_7023_V2	protein expression profiling by antibody array	1	Olink_combined.long.npx.csv	ftp://ftp.pride.ebi.ac.uk/pride/data/archive/2026/04/PAD000041/Olink_combined.long.npx.csv	Olink Target 96	NPX	ADRO04_IO_Plate03_11152023	Intensity Normalized (v.2)	Olink Target 96 Immuno-Oncology(v.3113)	Olink Target 96	intensity normalized	NT=affinity-proteomics;VV=v1.0.0	NT=human;VV=v1.1.0	NT=olink;VV=v1.0.0	v1.1.0	NT=sdrf-skills-autoresearch;VV=v0.0.0
PAD000041-WEAR_7023_V3	Homo sapiens	Blood plasma	Multiple myeloma	not available	not available	320	not applicable	blood plasma	PAD000041-r00320-WEAR_7023_V3	protein expression profiling by antibody array	1	Olink_combined.long.npx.csv	ftp://ftp.pride.ebi.ac.uk/pride/data/archive/2026/04/PAD000041/Olink_combined.long.npx.csv	Olink Target 96	NPX	ADRO04_IO_Plate03_11152023	Intensity Normalized (v.2)	Olink Target 96 Immuno-Oncology(v.3113)	Olink Target 96	intensity normalized	NT=affinity-proteomics;VV=v1.0.0	NT=human;VV=v1.1.0	NT=olink;VV=v1.0.0	v1.1.0	NT=sdrf-skills-autoresearch;VV=v0.0.0
PAD000041-WEAR_7023_V4	Homo sapiens	Blood plasma	Multiple myeloma	not available	not available	321	not applicable	blood plasma	PAD000041-r00321-WEAR_7023_V4	protein expression profiling by antibody array	1	Olink_combined.long.npx.csv	ftp://ftp.pride.ebi.ac.uk/pride/data/archive/2026/04/PAD000041/Olink_combined.long.npx.csv	Olink Target 96	NPX	ADRO04_IO_Plate03_11152023	Intensity Normalized (v.2)	Olink Target 96 Immuno-Oncology(v.3113)	Olink Target 96	intensity normalized	NT=affinity-proteomics;VV=v1.0.0	NT=human;VV=v1.1.0	NT=olink;VV=v1.0.0	v1.1.0	NT=sdrf-skills-autoresearch;VV=v0.0.0
PAD000041-WEAR_7023_V5	Homo sapiens	Blood plasma	Multiple myeloma	not available	not available	322	not applicable	blood plasma	PAD000041-r00322-WEAR_7023_V5	protein expression profiling by antibody array	1	Olink_combined.long.npx.csv	ftp://ftp.pride.ebi.ac.uk/pride/data/archive/2026/04/PAD000041/Olink_combined.long.npx.csv	Olink Target 96	NPX	ADRO04_IO_Plate03_11152023	Intensity Normalized (v.2)	Olink Target 96 Immuno-Oncology(v.3113)	Olink Target 96	intensity normalized	NT=affinity-proteomics;VV=v1.0.0	NT=human;VV=v1.1.0	NT=olink;VV=v1.0.0	v1.1.0	NT=sdrf-skills-autoresearch;VV=v0.0.0
PAD000041-WEAR_7023_V6	Homo sapiens	Blood plasma	Multiple myeloma	not available	not available	323	not applicable	blood plasma	PAD000041-r00323-WEAR_7023_V6	protein expression profiling by antibody array	1	Olink_combined.long.npx.csv	ftp://ftp.pride.ebi.ac.uk/pride/data/archive/2026/04/PAD000041/Olink_combined.long.npx.csv	Olink Target 96	NPX	ADRO04_IO_Plate03_11152023	Intensity Normalized (v.2)	Olink Target 96 Immuno-Oncology(v.3113)	Olink Target 96	intensity normalized	NT=affinity-proteomics;VV=v1.0.0	NT=human;VV=v1.1.0	NT=olink;VV=v1.0.0	v1.1.0	NT=sdrf-skills-autoresearch;VV=v0.0.0
PAD000041-WEAR_7023_V7	Homo sapiens	Blood plasma	Multiple myeloma	not available	not available	324	not applicable	blood plasma	PAD000041-r00324-WEAR_7023_V7	protein expression profiling by antibody array	1	Olink_combined.long.npx.csv	ftp://ftp.pride.ebi.ac.uk/pride/data/archive/2026/04/PAD000041/Olink_combined.long.npx.csv	Olink Target 96	NPX	ADRO04_IO_Plate03_11152023	Intensity Normalized (v.2)	Olink Target 96 Immuno-Oncology(v.3113)	Olink Target 96	intensity normalized	NT=affinity-proteomics;VV=v1.0.0	NT=human;VV=v1.1.0	NT=olink;VV=v1.0.0	v1.1.0	NT=sdrf-skills-autoresearch;VV=v0.0.0
PAD000041-WEAR_7023_V8	Homo sapiens	Blood plasma	Multiple myeloma	not available	not available	325	not applicable	blood plasma	PAD000041-r00325-WEAR_7023_V8	protein expression profiling by antibody array	1	Olink_combined.long.npx.csv	ftp://ftp.pride.ebi.ac.uk/pride/data/archive/2026/04/PAD000041/Olink_combined.long.npx.csv	Olink Target 96	NPX	ADRO04_IO_Plate03_11152023	Intensity Normalized (v.2)	Olink Target 96 Immuno-Oncology(v.3113)	Olink Target 96	intensity normalized	NT=affinity-proteomics;VV=v1.0.0	NT=human;VV=v1.1.0	NT=olink;VV=v1.0.0	v1.1.0	NT=sdrf-skills-autoresearch;VV=v0.0.0
PAD000041-WEAR_7023_CRS	Homo sapiens	Blood plasma	Multiple myeloma	not available	not available	326	not applicable	blood plasma	PAD000041-r00326-WEAR_7023_CRS	protein expression profiling by antibody array	1	Olink_combined.long.npx.csv	ftp://ftp.pride.ebi.ac.uk/pride/data/archive/2026/04/PAD000041/Olink_combined.long.npx.csv	Olink Target 96	NPX	ADRO04_IO_Plate03_11152023	Intensity Normalized (v.2)	Olink Target 96 Immuno-Oncology(v.3113)	Olink Target 96	intensity normalized	NT=affinity-proteomics;VV=v1.0.0	NT=human;VV=v1.1.0	NT=olink;VV=v1.0.0	v1.1.0	NT=sdrf-skills-autoresearch;VV=v0.0.0
PAD000041-WEAR_7023_V9	Homo sapiens	Blood plasma	Multiple myeloma	not available	not available	327	not applicable	blood plasma	PAD000041-r00327-WEAR_7023_V9	protein expression profiling by antibody array	1	Olink_combined.long.npx.csv	ftp://ftp.pride.ebi.ac.uk/pride/data/archive/2026/04/PAD000041/Olink_combined.long.npx.csv	Olink Target 96	NPX	ADRO04_IO_Plate03_11152023	Intensity Normalized (v.2)	Olink Target 96 Immuno-Oncology(v.3113)	Olink Target 96	intensity normalized	NT=affinity-proteomics;VV=v1.0.0	NT=human;VV=v1.1.0	NT=olink;VV=v1.0.0	v1.1.0	NT=sdrf-skills-autoresearch;VV=v0.0.0
PAD000041-WEAR_7023_V10	Homo sapiens	Blood plasma	Multiple myeloma	not available	not available	328	not applicable	blood plasma	PAD000041-r00328-WEAR_7023_V10	protein expression profiling by antibody array	1	Olink_combined.long.npx.csv	ftp://ftp.pride.ebi.ac.uk/pride/data/archive/2026/04/PAD000041/Olink_combined.long.npx.csv	Olink Target 96	NPX	ADRO04_IO_Plate03_11152023	Intensity Normalized (v.2)	Olink Target 96 Immuno-Oncology(v.3113)	Olink Target 96	intensity normalized	NT=affinity-proteomics;VV=v1.0.0	NT=human;VV=v1.1.0	NT=olink;VV=v1.0.0	v1.1.0	NT=sdrf-skills-autoresearch;VV=v0.0.0
PAD000041-WEAR_7023_V11	Homo sapiens	Blood plasma	Multiple myeloma	not available	not available	329	not applicable	blood plasma	PAD000041-r00329-WEAR_7023_V11	protein expression profiling by antibody array	1	Olink_combined.long.npx.csv	ftp://ftp.pride.ebi.ac.uk/pride/data/archive/2026/04/PAD000041/Olink_combined.long.npx.csv	Olink Target 96	NPX	ADRO04_IO_Plate03_11152023	Intensity Normalized (v.2)	Olink Target 96 Immuno-Oncology(v.3113)	Olink Target 96	intensity normalized	NT=affinity-proteomics;VV=v1.0.0	NT=human;VV=v1.1.0	NT=olink;VV=v1.0.0	v1.1.0	NT=sdrf-skills-autoresearch;VV=v0.0.0
PAD000041-WEAR_7023_V12	Homo sapiens	Blood plasma	Multiple myeloma	not available	not available	330	not applicable	blood plasma	PAD000041-r00330-WEAR_7023_V12	protein expression profiling by antibody array	1	Olink_combined.long.npx.csv	ftp://ftp.pride.ebi.ac.uk/pride/data/archive/2026/04/PAD000041/Olink_combined.long.npx.csv	Olink Target 96	NPX	ADRO04_IO_Plate03_11152023	Intensity Normalized (v.2)	Olink Target 96 Immuno-Oncology(v.3113)	Olink Target 96	intensity normalized	NT=affinity-proteomics;VV=v1.0.0	NT=human;VV=v1.1.0	NT=olink;VV=v1.0.0	v1.1.0	NT=sdrf-skills-autoresearch;VV=v0.0.0
PAD000041-WEAR_7023_V13	Homo sapiens	Blood plasma	Multiple myeloma	not available	not available	331	not applicable	blood plasma	PAD000041-r00331-WEAR_7023_V13	protein expression profiling by antibody array	1	Olink_combined.long.npx.csv	ftp://ftp.pride.ebi.ac.uk/pride/data/archive/2026/04/PAD000041/Olink_combined.long.npx.csv	Olink Target 96	NPX	ADRO04_IO_Plate03_11152023	Intensity Normalized (v.2)	Olink Target 96 Immuno-Oncology(v.3113)	Olink Target 96	intensity normalized	NT=affinity-proteomics;VV=v1.0.0	NT=human;VV=v1.1.0	NT=olink;VV=v1.0.0	v1.1.0	NT=sdrf-skills-autoresearch;VV=v0.0.0
PAD000041-WEAR_7023_V14	Homo sapiens	Blood plasma	Multiple myeloma	not available	not available	332	not applicable	blood plasma	PAD000041-r00332-WEAR_7023_V14	protein expression profiling by antibody array	1	Olink_combined.long.npx.csv	ftp://ftp.pride.ebi.ac.uk/pride/data/archive/2026/04/PAD000041/Olink_combined.long.npx.csv	Olink Target 96	NPX	ADRO04_IO_Plate03_11152023	Intensity Normalized (v.2)	Olink Target 96 Immuno-Oncology(v.3113)	Olink Target 96	intensity normalized	NT=affinity-proteomics;VV=v1.0.0	NT=human;VV=v1.1.0	NT=olink;VV=v1.0.0	v1.1.0	NT=sdrf-skills-autoresearch;VV=v0.0.0
PAD000041-WEAR_7023_V15	Homo sapiens	Blood plasma	Multiple myeloma	not available	not available	333	not applicable	blood plasma	PAD000041-r00333-WEAR_7023_V15	protein expression profiling by antibody array	1	Olink_combined.long.npx.csv	ftp://ftp.pride.ebi.ac.uk/pride/data/archive/2026/04/PAD000041/Olink_combined.long.npx.csv	Olink Target 96	NPX	ADRO04_IO_Plate03_11152023	Intensity Normalized (v.2)	Olink Target 96 Immuno-Oncology(v.3113)	Olink Target 96	intensity normalized	NT=affinity-proteomics;VV=v1.0.0	NT=human;VV=v1.1.0	NT=olink;VV=v1.0.0	v1.1.0	NT=sdrf-skills-autoresearch;VV=v0.0.0
PAD000041-WEAR_7024_V2	Homo sapiens	Blood plasma	Multiple myeloma	not available	not available	334	not applicable	blood plasma	PAD000041-r00334-WEAR_7024_V2	protein expression profiling by antibody array	1	Olink_combined.long.npx.csv	ftp://ftp.pride.ebi.ac.uk/pride/data/archive/2026/04/PAD000041/Olink_combined.long.npx.csv	Olink Target 96	NPX	ADRO04_IO_Plate05_11162023	Intensity Normalized (v.2)	Olink Target 96 Immuno-Oncology(v.3113)	Olink Target 96	intensity normalized	NT=affinity-proteomics;VV=v1.0.0	NT=human;VV=v1.1.0	NT=olink;VV=v1.0.0	v1.1.0	NT=sdrf-skills-autoresearch;VV=v0.0.0
PAD000041-WEAR_7024_V3	Homo sapiens	Blood plasma	Multiple myeloma	not available	not available	335	not applicable	blood plasma	PAD000041-r00335-WEAR_7024_V3	protein expression profiling by antibody array	1	Olink_combined.long.npx.csv	ftp://ftp.pride.ebi.ac.uk/pride/data/archive/2026/04/PAD000041/Olink_combined.long.npx.csv	Olink Target 96	NPX	ADRO04_IO_Plate05_11162023	Intensity Normalized (v.2)	Olink Target 96 Immuno-Oncology(v.3113)	Olink Target 96	intensity normalized	NT=affinity-proteomics;VV=v1.0.0	NT=human;VV=v1.1.0	NT=olink;VV=v1.0.0	v1.1.0	NT=sdrf-skills-autoresearch;VV=v0.0.0
PAD000041-WEAR_7024_V4	Homo sapiens	Blood plasma	Multiple myeloma	not available	not available	336	not applicable	blood plasma	PAD000041-r00336-WEAR_7024_V4	protein expression profiling by antibody array	1	Olink_combined.long.npx.csv	ftp://ftp.pride.ebi.ac.uk/pride/data/archive/2026/04/PAD000041/Olink_combined.long.npx.csv	Olink Target 96	NPX	ADRO04_IO_Plate05_11162023	Intensity Normalized (v.2)	Olink Target 96 Immuno-Oncology(v.3113)	Olink Target 96	intensity normalized	NT=affinity-proteomics;VV=v1.0.0	NT=human;VV=v1.1.0	NT=olink;VV=v1.0.0	v1.1.0	NT=sdrf-skills-autoresearch;VV=v0.0.0
PAD000041-WEAR_7024_V5	Homo sapiens	Blood plasma	Multiple myeloma	not available	not available	337	not applicable	blood plasma	PAD000041-r00337-WEAR_7024_V5	protein expression profiling by antibody array	1	Olink_combined.long.npx.csv	ftp://ftp.pride.ebi.ac.uk/pride/data/archive/2026/04/PAD000041/Olink_combined.long.npx.csv	Olink Target 96	NPX	ADRO04_IO_Plate05_11162023	Intensity Normalized (v.2)	Olink Target 96 Immuno-Oncology(v.3113)	Olink Target 96	intensity normalized	NT=affinity-proteomics;VV=v1.0.0	NT=human;VV=v1.1.0	NT=olink;VV=v1.0.0	v1.1.0	NT=sdrf-skills-autoresearch;VV=v0.0.0
PAD000041-WEAR_7024_V6	Homo sapiens	Blood plasma	Multiple myeloma	not available	not available	338	not applicable	blood plasma	PAD000041-r00338-WEAR_7024_V6	protein expression profiling by antibody array	1	Olink_combined.long.npx.csv	ftp://ftp.pride.ebi.ac.uk/pride/data/archive/2026/04/PAD000041/Olink_combined.long.npx.csv	Olink Target 96	NPX	ADRO04_IO_Plate05_11162023	Intensity Normalized (v.2)	Olink Target 96 Immuno-Oncology(v.3113)	Olink Target 96	intensity normalized	NT=affinity-proteomics;VV=v1.0.0	NT=human;VV=v1.1.0	NT=olink;VV=v1.0.0	v1.1.0	NT=sdrf-skills-autoresearch;VV=v0.0.0
PAD000041-WEAR_7024_V7	Homo sapiens	Blood plasma	Multiple myeloma	not available	not available	339	not applicable	blood plasma	PAD000041-r00339-WEAR_7024_V7	protein expression profiling by antibody array	1	Olink_combined.long.npx.csv	ftp://ftp.pride.ebi.ac.uk/pride/data/archive/2026/04/PAD000041/Olink_combined.long.npx.csv	Olink Target 96	NPX	ADRO04_IO_Plate05_11162023	Intensity Normalized (v.2)	Olink Target 96 Immuno-Oncology(v.3113)	Olink Target 96	intensity normalized	NT=affinity-proteomics;VV=v1.0.0	NT=human;VV=v1.1.0	NT=olink;VV=v1.0.0	v1.1.0	NT=sdrf-skills-autoresearch;VV=v0.0.0
PAD000041-WEAR_7024_V8	Homo sapiens	Blood plasma	Multiple myeloma	not available	not available	340	not applicable	blood plasma	PAD000041-r00340-WEAR_7024_V8	protein expression profiling by antibody array	1	Olink_combined.long.npx.csv	ftp://ftp.pride.ebi.ac.uk/pride/data/archive/2026/04/PAD000041/Olink_combined.long.npx.csv	Olink Target 96	NPX	ADRO04_IO_Plate05_11162023	Intensity Normalized (v.2)	Olink Target 96 Immuno-Oncology(v.3113)	Olink Target 96	intensity normalized	NT=affinity-proteomics;VV=v1.0.0	NT=human;VV=v1.1.0	NT=olink;VV=v1.0.0	v1.1.0	NT=sdrf-skills-autoresearch;VV=v0.0.0
PAD000041-WEAR_7024_V9	Homo sapiens	Blood plasma	Multiple myeloma	not available	not available	341	not applicable	blood plasma	PAD000041-r00341-WEAR_7024_V9	protein expression profiling by antibody array	1	Olink_combined.long.npx.csv	ftp://ftp.pride.ebi.ac.uk/pride/data/archive/2026/04/PAD000041/Olink_combined.long.npx.csv	Olink Target 96	NPX	ADRO04_IO_Plate05_11162023	Intensity Normalized (v.2)	Olink Target 96 Immuno-Oncology(v.3113)	Olink Target 96	intensity normalized	NT=affinity-proteomics;VV=v1.0.0	NT=human;VV=v1.1.0	NT=olink;VV=v1.0.0	v1.1.0	NT=sdrf-skills-autoresearch;VV=v0.0.0
PAD000041-WEAR_7024_CRS	Homo sapiens	Blood plasma	Multiple myeloma	not available	not available	342	not applicable	blood plasma	PAD000041-r00342-WEAR_7024_CRS	protein expression profiling by antibody array	1	Olink_combined.long.npx.csv	ftp://ftp.pride.ebi.ac.uk/pride/data/archive/2026/04/PAD000041/Olink_combined.long.npx.csv	Olink Target 96	NPX	ADRO04_IO_Plate05_11162023	Intensity Normalized (v.2)	Olink Target 96 Immuno-Oncology(v.3113)	Olink Target 96	intensity normalized	NT=affinity-proteomics;VV=v1.0.0	NT=human;VV=v1.1.0	NT=olink;VV=v1.0.0	v1.1.0	NT=sdrf-skills-autoresearch;VV=v0.0.0
PAD000041-WEAR_7024_V10	Homo sapiens	Blood plasma	Multiple myeloma	not available	not available	343	not applicable	blood plasma	PAD000041-r00343-WEAR_7024_V10	protein expression profiling by antibody array	1	Olink_combined.long.npx.csv	ftp://ftp.pride.ebi.ac.uk/pride/data/archive/2026/04/PAD000041/Olink_combined.long.npx.csv	Olink Target 96	NPX	ADRO04_IO_Plate05_11162023	Intensity Normalized (v.2)	Olink Target 96 Immuno-Oncology(v.3113)	Olink Target 96	intensity normalized	NT=affinity-proteomics;VV=v1.0.0	NT=human;VV=v1.1.0	NT=olink;VV=v1.0.0	v1.1.0	NT=sdrf-skills-autoresearch;VV=v0.0.0
PAD000041-WEAR_7024_V11	Homo sapiens	Blood plasma	Multiple myeloma	not available	not available	344	not applicable	blood plasma	PAD000041-r00344-WEAR_7024_V11	protein expression profiling by antibody array	1	Olink_combined.long.npx.csv	ftp://ftp.pride.ebi.ac.uk/pride/data/archive/2026/04/PAD000041/Olink_combined.long.npx.csv	Olink Target 96	NPX	ADRO04_IO_Plate05_11162023	Intensity Normalized (v.2)	Olink Target 96 Immuno-Oncology(v.3113)	Olink Target 96	intensity normalized	NT=affinity-proteomics;VV=v1.0.0	NT=human;VV=v1.1.0	NT=olink;VV=v1.0.0	v1.1.0	NT=sdrf-skills-autoresearch;VV=v0.0.0
PAD000041-WEAR_7024_V12	Homo sapiens	Blood plasma	Multiple myeloma	not available	not available	345	not applicable	blood plasma	PAD000041-r00345-WEAR_7024_V12	protein expression profiling by antibody array	1	Olink_combined.long.npx.csv	ftp://ftp.pride.ebi.ac.uk/pride/data/archive/2026/04/PAD000041/Olink_combined.long.npx.csv	Olink Target 96	NPX	ADRO04_IO_Plate05_11162023	Intensity Normalized (v.2)	Olink Target 96 Immuno-Oncology(v.3113)	Olink Target 96	intensity normalized	NT=affinity-proteomics;VV=v1.0.0	NT=human;VV=v1.1.0	NT=olink;VV=v1.0.0	v1.1.0	NT=sdrf-skills-autoresearch;VV=v0.0.0
PAD000041-WEAR_7024_V13	Homo sapiens	Blood plasma	Multiple myeloma	not available	not available	346	not applicable	blood plasma	PAD000041-r00346-WEAR_7024_V13	protein expression profiling by antibody array	1	Olink_combined.long.npx.csv	ftp://ftp.pride.ebi.ac.uk/pride/data/archive/2026/04/PAD000041/Olink_combined.long.npx.csv	Olink Target 96	NPX	ADRO04_IO_Plate05_11162023	Intensity Normalized (v.2)	Olink Target 96 Immuno-Oncology(v.3113)	Olink Target 96	intensity normalized	NT=affinity-proteomics;VV=v1.0.0	NT=human;VV=v1.1.0	NT=olink;VV=v1.0.0	v1.1.0	NT=sdrf-skills-autoresearch;VV=v0.0.0
PAD000041-WEAR_7024_V14	Homo sapiens	Blood plasma	Multiple myeloma	not available	not available	347	not applicable	blood plasma	PAD000041-r00347-WEAR_7024_V14	protein expression profiling by antibody array	1	Olink_combined.long.npx.csv	ftp://ftp.pride.ebi.ac.uk/pride/data/archive/2026/04/PAD000041/Olink_combined.long.npx.csv	Olink Target 96	NPX	ADRO04_IO_Plate05_11162023	Intensity Normalized (v.2)	Olink Target 96 Immuno-Oncology(v.3113)	Olink Target 96	intensity normalized	NT=affinity-proteomics;VV=v1.0.0	NT=human;VV=v1.1.0	NT=olink;VV=v1.0.0	v1.1.0	NT=sdrf-skills-autoresearch;VV=v0.0.0
PAD000041-WEAR_7024_V15	Homo sapiens	Blood plasma	Multiple myeloma	not available	not available	348	not applicable	blood plasma	PAD000041-r00348-WEAR_7024_V15	protein expression profiling by antibody array	1	Olink_combined.long.npx.csv	ftp://ftp.pride.ebi.ac.uk/pride/data/archive/2026/04/PAD000041/Olink_combined.long.npx.csv	Olink Target 96	NPX	ADRO04_IO_Plate05_11162023	Intensity Normalized (v.2)	Olink Target 96 Immuno-Oncology(v.3113)	Olink Target 96	intensity normalized	NT=affinity-proteomics;VV=v1.0.0	NT=human;VV=v1.1.0	NT=olink;VV=v1.0.0	v1.1.0	NT=sdrf-skills-autoresearch;VV=v0.0.0
PAD000041-WEAR_7025_V1	Homo sapiens	Blood plasma	Multiple myeloma	not available	not available	349	not applicable	blood plasma	PAD000041-r00349-WEAR_7025_V1	protein expression profiling by antibody array	1	Olink_combined.long.npx.csv	ftp://ftp.pride.ebi.ac.uk/pride/data/archive/2026/04/PAD000041/Olink_combined.long.npx.csv	Olink Target 96	NPX	ADRO04_IO_Plate03_11152023	Intensity Normalized (v.2)	Olink Target 96 Immuno-Oncology(v.3113)	Olink Target 96	intensity normalized	NT=affinity-proteomics;VV=v1.0.0	NT=human;VV=v1.1.0	NT=olink;VV=v1.0.0	v1.1.0	NT=sdrf-skills-autoresearch;VV=v0.0.0
PAD000041-WEAR_7025_V2	Homo sapiens	Blood plasma	Multiple myeloma	not available	not available	350	not applicable	blood plasma	PAD000041-r00350-WEAR_7025_V2	protein expression profiling by antibody array	1	Olink_combined.long.npx.csv	ftp://ftp.pride.ebi.ac.uk/pride/data/archive/2026/04/PAD000041/Olink_combined.long.npx.csv	Olink Target 96	NPX	ADRO04_IO_Plate03_11152023	Intensity Normalized (v.2)	Olink Target 96 Immuno-Oncology(v.3113)	Olink Target 96	intensity normalized	NT=affinity-proteomics;VV=v1.0.0	NT=human;VV=v1.1.0	NT=olink;VV=v1.0.0	v1.1.0	NT=sdrf-skills-autoresearch;VV=v0.0.0
PAD000041-WEAR_7025_V3	Homo sapiens	Blood plasma	Multiple myeloma	not available	not available	351	not applicable	blood plasma	PAD000041-r00351-WEAR_7025_V3	protein expression profiling by antibody array	1	Olink_combined.long.npx.csv	ftp://ftp.pride.ebi.ac.uk/pride/data/archive/2026/04/PAD000041/Olink_combined.long.npx.csv	Olink Target 96	NPX	ADRO04_IO_Plate03_11152023	Intensity Normalized (v.2)	Olink Target 96 Immuno-Oncology(v.3113)	Olink Target 96	intensity normalized	NT=affinity-proteomics;VV=v1.0.0	NT=human;VV=v1.1.0	NT=olink;VV=v1.0.0	v1.1.0	NT=sdrf-skills-autoresearch;VV=v0.0.0
PAD000041-WEAR_7025_V4	Homo sapiens	Blood plasma	Multiple myeloma	not available	not available	352	not applicable	blood plasma	PAD000041-r00352-WEAR_7025_V4	protein expression profiling by antibody array	1	Olink_combined.long.npx.csv	ftp://ftp.pride.ebi.ac.uk/pride/data/archive/2026/04/PAD000041/Olink_combined.long.npx.csv	Olink Target 96	NPX	ADRO04_IO_Plate03_11152023	Intensity Normalized (v.2)	Olink Target 96 Immuno-Oncology(v.3113)	Olink Target 96	intensity normalized	NT=affinity-proteomics;VV=v1.0.0	NT=human;VV=v1.1.0	NT=olink;VV=v1.0.0	v1.1.0	NT=sdrf-skills-autoresearch;VV=v0.0.0
PAD000041-WEAR_7025_V5	Homo sapiens	Blood plasma	Multiple myeloma	not available	not available	353	not applicable	blood plasma	PAD000041-r00353-WEAR_7025_V5	protein expression profiling by antibody array	1	Olink_combined.long.npx.csv	ftp://ftp.pride.ebi.ac.uk/pride/data/archive/2026/04/PAD000041/Olink_combined.long.npx.csv	Olink Target 96	NPX	ADRO04_IO_Plate03_11152023	Intensity Normalized (v.2)	Olink Target 96 Immuno-Oncology(v.3113)	Olink Target 96	intensity normalized	NT=affinity-proteomics;VV=v1.0.0	NT=human;VV=v1.1.0	NT=olink;VV=v1.0.0	v1.1.0	NT=sdrf-skills-autoresearch;VV=v0.0.0
PAD000041-WEAR_7025_CRS	Homo sapiens	Blood plasma	Multiple myeloma	not available	not available	354	not applicable	blood plasma	PAD000041-r00354-WEAR_7025_CRS	protein expression profiling by antibody array	1	Olink_combined.long.npx.csv	ftp://ftp.pride.ebi.ac.uk/pride/data/archive/2026/04/PAD000041/Olink_combined.long.npx.csv	Olink Target 96	NPX	ADRO04_IO_Plate03_11152023	Intensity Normalized (v.2)	Olink Target 96 Immuno-Oncology(v.3113)	Olink Target 96	intensity normalized	NT=affinity-proteomics;VV=v1.0.0	NT=human;VV=v1.1.0	NT=olink;VV=v1.0.0	v1.1.0	NT=sdrf-skills-autoresearch;VV=v0.0.0
PAD000041-WEAR_7025_V6	Homo sapiens	Blood plasma	Multiple myeloma	not available	not available	355	not applicable	blood plasma	PAD000041-r00355-WEAR_7025_V6	protein expression profiling by antibody array	1	Olink_combined.long.npx.csv	ftp://ftp.pride.ebi.ac.uk/pride/data/archive/2026/04/PAD000041/Olink_combined.long.npx.csv	Olink Target 96	NPX	ADRO04_IO_Plate03_11152023	Intensity Normalized (v.2)	Olink Target 96 Immuno-Oncology(v.3113)	Olink Target 96	intensity normalized	NT=affinity-proteomics;VV=v1.0.0	NT=human;VV=v1.1.0	NT=olink;VV=v1.0.0	v1.1.0	NT=sdrf-skills-autoresearch;VV=v0.0.0
PAD000041-WEAR_7025_V7	Homo sapiens	Blood plasma	Multiple myeloma	not available	not available	356	not applicable	blood plasma	PAD000041-r00356-WEAR_7025_V7	protein expression profiling by antibody array	1	Olink_combined.long.npx.csv	ftp://ftp.pride.ebi.ac.uk/pride/data/archive/2026/04/PAD000041/Olink_combined.long.npx.csv	Olink Target 96	NPX	ADRO04_IO_Plate03_11152023	Intensity Normalized (v.2)	Olink Target 96 Immuno-Oncology(v.3113)	Olink Target 96	intensity normalized	NT=affinity-proteomics;VV=v1.0.0	NT=human;VV=v1.1.0	NT=olink;VV=v1.0.0	v1.1.0	NT=sdrf-skills-autoresearch;VV=v0.0.0
PAD000041-WEAR_7025_V8	Homo sapiens	Blood plasma	Multiple myeloma	not available	not available	357	not applicable	blood plasma	PAD000041-r00357-WEAR_7025_V8	protein expression profiling by antibody array	1	Olink_combined.long.npx.csv	ftp://ftp.pride.ebi.ac.uk/pride/data/archive/2026/04/PAD000041/Olink_combined.long.npx.csv	Olink Target 96	NPX	ADRO04_IO_Plate03_11152023	Intensity Normalized (v.2)	Olink Target 96 Immuno-Oncology(v.3113)	Olink Target 96	intensity normalized	NT=affinity-proteomics;VV=v1.0.0	NT=human;VV=v1.1.0	NT=olink;VV=v1.0.0	v1.1.0	NT=sdrf-skills-autoresearch;VV=v0.0.0
PAD000041-WEAR_7025_V9	Homo sapiens	Blood plasma	Multiple myeloma	not available	not available	358	not applicable	blood plasma	PAD000041-r00358-WEAR_7025_V9	protein expression profiling by antibody array	1	Olink_combined.long.npx.csv	ftp://ftp.pride.ebi.ac.uk/pride/data/archive/2026/04/PAD000041/Olink_combined.long.npx.csv	Olink Target 96	NPX	ADRO04_IO_Plate03_11152023	Intensity Normalized (v.2)	Olink Target 96 Immuno-Oncology(v.3113)	Olink Target 96	intensity normalized	NT=affinity-proteomics;VV=v1.0.0	NT=human;VV=v1.1.0	NT=olink;VV=v1.0.0	v1.1.0	NT=sdrf-skills-autoresearch;VV=v0.0.0
PAD000041-WEAR_7025_V10	Homo sapiens	Blood plasma	Multiple myeloma	not available	not available	359	not applicable	blood plasma	PAD000041-r00359-WEAR_7025_V10	protein expression profiling by antibody array	1	Olink_combined.long.npx.csv	ftp://ftp.pride.ebi.ac.uk/pride/data/archive/2026/04/PAD000041/Olink_combined.long.npx.csv	Olink Target 96	NPX	ADRO04_IO_Plate03_11152023	Intensity Normalized (v.2)	Olink Target 96 Immuno-Oncology(v.3113)	Olink Target 96	intensity normalized	NT=affinity-proteomics;VV=v1.0.0	NT=human;VV=v1.1.0	NT=olink;VV=v1.0.0	v1.1.0	NT=sdrf-skills-autoresearch;VV=v0.0.0
PAD000041-WEAR_7025_V11	Homo sapiens	Blood plasma	Multiple myeloma	not available	not available	360	not applicable	blood plasma	PAD000041-r00360-WEAR_7025_V11	protein expression profiling by antibody array	1	Olink_combined.long.npx.csv	ftp://ftp.pride.ebi.ac.uk/pride/data/archive/2026/04/PAD000041/Olink_combined.long.npx.csv	Olink Target 96	NPX	ADRO04_IO_Plate03_11152023	Intensity Normalized (v.2)	Olink Target 96 Immuno-Oncology(v.3113)	Olink Target 96	intensity normalized	NT=affinity-proteomics;VV=v1.0.0	NT=human;VV=v1.1.0	NT=olink;VV=v1.0.0	v1.1.0	NT=sdrf-skills-autoresearch;VV=v0.0.0
PAD000041-WEAR_7025_V12	Homo sapiens	Blood plasma	Multiple myeloma	not available	not available	361	not applicable	blood plasma	PAD000041-r00361-WEAR_7025_V12	protein expression profiling by antibody array	1	Olink_combined.long.npx.csv	ftp://ftp.pride.ebi.ac.uk/pride/data/archive/2026/04/PAD000041/Olink_combined.long.npx.csv	Olink Target 96	NPX	ADRO04_IO_Plate03_11152023	Intensity Normalized (v.2)	Olink Target 96 Immuno-Oncology(v.3113)	Olink Target 96	intensity normalized	NT=affinity-proteomics;VV=v1.0.0	NT=human;VV=v1.1.0	NT=olink;VV=v1.0.0	v1.1.0	NT=sdrf-skills-autoresearch;VV=v0.0.0
PAD000041-WEAR_7025_V13	Homo sapiens	Blood plasma	Multiple myeloma	not available	not available	362	not applicable	blood plasma	PAD000041-r00362-WEAR_7025_V13	protein expression profiling by antibody array	1	Olink_combined.long.npx.csv	ftp://ftp.pride.ebi.ac.uk/pride/data/archive/2026/04/PAD000041/Olink_combined.long.npx.csv	Olink Target 96	NPX	ADRO04_IO_Plate03_11152023	Intensity Normalized (v.2)	Olink Target 96 Immuno-Oncology(v.3113)	Olink Target 96	intensity normalized	NT=affinity-proteomics;VV=v1.0.0	NT=human;VV=v1.1.0	NT=olink;VV=v1.0.0	v1.1.0	NT=sdrf-skills-autoresearch;VV=v0.0.0
PAD000041-WEAR_7025_V14	Homo sapiens	Blood plasma	Multiple myeloma	not available	not available	363	not applicable	blood plasma	PAD000041-r00363-WEAR_7025_V14	protein expression profiling by antibody array	1	Olink_combined.long.npx.csv	ftp://ftp.pride.ebi.ac.uk/pride/data/archive/2026/04/PAD000041/Olink_combined.long.npx.csv	Olink Target 96	NPX	ADRO04_IO_Plate03_11152023	Intensity Normalized (v.2)	Olink Target 96 Immuno-Oncology(v.3113)	Olink Target 96	intensity normalized	NT=affinity-proteomics;VV=v1.0.0	NT=human;VV=v1.1.0	NT=olink;VV=v1.0.0	v1.1.0	NT=sdrf-skills-autoresearch;VV=v0.0.0
PAD000041-WEAR_7025_V15	Homo sapiens	Blood plasma	Multiple myeloma	not available	not available	364	not applicable	blood plasma	PAD000041-r00364-WEAR_7025_V15	protein expression profiling by antibody array	1	Olink_combined.long.npx.csv	ftp://ftp.pride.ebi.ac.uk/pride/data/archive/2026/04/PAD000041/Olink_combined.long.npx.csv	Olink Target 96	NPX	ADRO04_IO_Plate03_11152023	Intensity Normalized (v.2)	Olink Target 96 Immuno-Oncology(v.3113)	Olink Target 96	intensity normalized	NT=affinity-proteomics;VV=v1.0.0	NT=human;VV=v1.1.0	NT=olink;VV=v1.0.0	v1.1.0	NT=sdrf-skills-autoresearch;VV=v0.0.0
PAD000041-WEAR_7025_V16	Homo sapiens	Blood plasma	Multiple myeloma	not available	not available	365	not applicable	blood plasma	PAD000041-r00365-WEAR_7025_V16	protein expression profiling by antibody array	1	Olink_combined.long.npx.csv	ftp://ftp.pride.ebi.ac.uk/pride/data/archive/2026/04/PAD000041/Olink_combined.long.npx.csv	Olink Target 96	NPX	ADRO04_IO_Plate03_11152023	Intensity Normalized (v.2)	Olink Target 96 Immuno-Oncology(v.3113)	Olink Target 96	intensity normalized	NT=affinity-proteomics;VV=v1.0.0	NT=human;VV=v1.1.0	NT=olink;VV=v1.0.0	v1.1.0	NT=sdrf-skills-autoresearch;VV=v0.0.0
PAD000041-WEAR_7025_V17	Homo sapiens	Blood plasma	Multiple myeloma	not available	not available	366	not applicable	blood plasma	PAD000041-r00366-WEAR_7025_V17	protein expression profiling by antibody array	1	Olink_combined.long.npx.csv	ftp://ftp.pride.ebi.ac.uk/pride/data/archive/2026/04/PAD000041/Olink_combined.long.npx.csv	Olink Target 96	NPX	ADRO04_IO_Plate03_11152023	Intensity Normalized (v.2)	Olink Target 96 Immuno-Oncology(v.3113)	Olink Target 96	intensity normalized	NT=affinity-proteomics;VV=v1.0.0	NT=human;VV=v1.1.0	NT=olink;VV=v1.0.0	v1.1.0	NT=sdrf-skills-autoresearch;VV=v0.0.0
PAD000041-WEAR_7025_V18	Homo sapiens	Blood plasma	Multiple myeloma	not available	not available	367	not applicable	blood plasma	PAD000041-r00367-WEAR_7025_V18	protein expression profiling by antibody array	1	Olink_combined.long.npx.csv	ftp://ftp.pride.ebi.ac.uk/pride/data/archive/2026/04/PAD000041/Olink_combined.long.npx.csv	Olink Target 96	NPX	ADRO04_IO_Plate03_11152023	Intensity Normalized (v.2)	Olink Target 96 Immuno-Oncology(v.3113)	Olink Target 96	intensity normalized	NT=affinity-proteomics;VV=v1.0.0	NT=human;VV=v1.1.0	NT=olink;VV=v1.0.0	v1.1.0	NT=sdrf-skills-autoresearch;VV=v0.0.0
PAD000041-WEAR_7025_V19	Homo sapiens	Blood plasma	Multiple myeloma	not available	not available	368	not applicable	blood plasma	PAD000041-r00368-WEAR_7025_V19	protein expression profiling by antibody array	1	Olink_combined.long.npx.csv	ftp://ftp.pride.ebi.ac.uk/pride/data/archive/2026/04/PAD000041/Olink_combined.long.npx.csv	Olink Target 96	NPX	ADRO04_IO_Plate03_11152023	Intensity Normalized (v.2)	Olink Target 96 Immuno-Oncology(v.3113)	Olink Target 96	intensity normalized	NT=affinity-proteomics;VV=v1.0.0	NT=human;VV=v1.1.0	NT=olink;VV=v1.0.0	v1.1.0	NT=sdrf-skills-autoresearch;VV=v0.0.0
PAD000041-WEAR_7026_V1	Homo sapiens	Blood plasma	Multiple myeloma	not available	not available	369	not applicable	blood plasma	PAD000041-r00369-WEAR_7026_V1	protein expression profiling by antibody array	1	Olink_combined.long.npx.csv	ftp://ftp.pride.ebi.ac.uk/pride/data/archive/2026/04/PAD000041/Olink_combined.long.npx.csv	Olink Target 96	NPX	ADRO04_IO_Plate06_11072023	Intensity Normalized (v.2)	Olink Target 96 Immuno-Oncology(v.3113)	Olink Target 96	intensity normalized	NT=affinity-proteomics;VV=v1.0.0	NT=human;VV=v1.1.0	NT=olink;VV=v1.0.0	v1.1.0	NT=sdrf-skills-autoresearch;VV=v0.0.0
PAD000041-WEAR_7026_V2	Homo sapiens	Blood plasma	Multiple myeloma	not available	not available	370	not applicable	blood plasma	PAD000041-r00370-WEAR_7026_V2	protein expression profiling by antibody array	1	Olink_combined.long.npx.csv	ftp://ftp.pride.ebi.ac.uk/pride/data/archive/2026/04/PAD000041/Olink_combined.long.npx.csv	Olink Target 96	NPX	ADRO04_IO_Plate06_11072023	Intensity Normalized (v.2)	Olink Target 96 Immuno-Oncology(v.3113)	Olink Target 96	intensity normalized	NT=affinity-proteomics;VV=v1.0.0	NT=human;VV=v1.1.0	NT=olink;VV=v1.0.0	v1.1.0	NT=sdrf-skills-autoresearch;VV=v0.0.0
PAD000041-WEAR_7026_V3	Homo sapiens	Blood plasma	Multiple myeloma	not available	not available	371	not applicable	blood plasma	PAD000041-r00371-WEAR_7026_V3	protein expression profiling by antibody array	1	Olink_combined.long.npx.csv	ftp://ftp.pride.ebi.ac.uk/pride/data/archive/2026/04/PAD000041/Olink_combined.long.npx.csv	Olink Target 96	NPX	ADRO04_IO_Plate06_11072023	Intensity Normalized (v.2)	Olink Target 96 Immuno-Oncology(v.3113)	Olink Target 96	intensity normalized	NT=affinity-proteomics;VV=v1.0.0	NT=human;VV=v1.1.0	NT=olink;VV=v1.0.0	v1.1.0	NT=sdrf-skills-autoresearch;VV=v0.0.0
PAD000041-WEAR_7026_V4	Homo sapiens	Blood plasma	Multiple myeloma	not available	not available	372	not applicable	blood plasma	PAD000041-r00372-WEAR_7026_V4	protein expression profiling by antibody array	1	Olink_combined.long.npx.csv	ftp://ftp.pride.ebi.ac.uk/pride/data/archive/2026/04/PAD000041/Olink_combined.long.npx.csv	Olink Target 96	NPX	ADRO04_IO_Plate06_11072023	Intensity Normalized (v.2)	Olink Target 96 Immuno-Oncology(v.3113)	Olink Target 96	intensity normalized	NT=affinity-proteomics;VV=v1.0.0	NT=human;VV=v1.1.0	NT=olink;VV=v1.0.0	v1.1.0	NT=sdrf-skills-autoresearch;VV=v0.0.0
PAD000041-WEAR_7027_V1	Homo sapiens	Blood plasma	Multiple myeloma	not available	not available	373	not applicable	blood plasma	PAD000041-r00373-WEAR_7027_V1	protein expression profiling by antibody array	1	Olink_combined.long.npx.csv	ftp://ftp.pride.ebi.ac.uk/pride/data/archive/2026/04/PAD000041/Olink_combined.long.npx.csv	Olink Target 96	NPX	ADRO04_IO_Plate06_11072023	Intensity Normalized (v.2)	Olink Target 96 Immuno-Oncology(v.3113)	Olink Target 96	intensity normalized	NT=affinity-proteomics;VV=v1.0.0	NT=human;VV=v1.1.0	NT=olink;VV=v1.0.0	v1.1.0	NT=sdrf-skills-autoresearch;VV=v0.0.0
PAD000041-WEAR_7027_V2	Homo sapiens	Blood plasma	Multiple myeloma	not available	not available	374	not applicable	blood plasma	PAD000041-r00374-WEAR_7027_V2	protein expression profiling by antibody array	1	Olink_combined.long.npx.csv	ftp://ftp.pride.ebi.ac.uk/pride/data/archive/2026/04/PAD000041/Olink_combined.long.npx.csv	Olink Target 96	NPX	ADRO04_IO_Plate06_11072023	Intensity Normalized (v.2)	Olink Target 96 Immuno-Oncology(v.3113)	Olink Target 96	intensity normalized	NT=affinity-proteomics;VV=v1.0.0	NT=human;VV=v1.1.0	NT=olink;VV=v1.0.0	v1.1.0	NT=sdrf-skills-autoresearch;VV=v0.0.0
PAD000041-WEAR_7027_V4	Homo sapiens	Blood plasma	Multiple myeloma	not available	not available	375	not applicable	blood plasma	PAD000041-r00375-WEAR_7027_V4	protein expression profiling by antibody array	1	Olink_combined.long.npx.csv	ftp://ftp.pride.ebi.ac.uk/pride/data/archive/2026/04/PAD000041/Olink_combined.long.npx.csv	Olink Target 96	NPX	ADRO04_IO_Plate06_11072023	Intensity Normalized (v.2)	Olink Target 96 Immuno-Oncology(v.3113)	Olink Target 96	intensity normalized	NT=affinity-proteomics;VV=v1.0.0	NT=human;VV=v1.1.0	NT=olink;VV=v1.0.0	v1.1.0	NT=sdrf-skills-autoresearch;VV=v0.0.0
PAD000041-WEAR_7027_V6	Homo sapiens	Blood plasma	Multiple myeloma	not available	not available	376	not applicable	blood plasma	PAD000041-r00376-WEAR_7027_V6	protein expression profiling by antibody array	1	Olink_combined.long.npx.csv	ftp://ftp.pride.ebi.ac.uk/pride/data/archive/2026/04/PAD000041/Olink_combined.long.npx.csv	Olink Target 96	NPX	ADRO04_IO_Plate06_11072023	Intensity Normalized (v.2)	Olink Target 96 Immuno-Oncology(v.3113)	Olink Target 96	intensity normalized	NT=affinity-proteomics;VV=v1.0.0	NT=human;VV=v1.1.0	NT=olink;VV=v1.0.0	v1.1.0	NT=sdrf-skills-autoresearch;VV=v0.0.0
PAD000041-WEAR_7027_V7	Homo sapiens	Blood plasma	Multiple myeloma	not available	not available	377	not applicable	blood plasma	PAD000041-r00377-WEAR_7027_V7	protein expression profiling by antibody array	1	Olink_combined.long.npx.csv	ftp://ftp.pride.ebi.ac.uk/pride/data/archive/2026/04/PAD000041/Olink_combined.long.npx.csv	Olink Target 96	NPX	ADRO04_IO_Plate06_11072023	Intensity Normalized (v.2)	Olink Target 96 Immuno-Oncology(v.3113)	Olink Target 96	intensity normalized	NT=affinity-proteomics;VV=v1.0.0	NT=human;VV=v1.1.0	NT=olink;VV=v1.0.0	v1.1.0	NT=sdrf-skills-autoresearch;VV=v0.0.0
PAD000041-WEAR_7027_V8	Homo sapiens	Blood plasma	Multiple myeloma	not available	not available	378	not applicable	blood plasma	PAD000041-r00378-WEAR_7027_V8	protein expression profiling by antibody array	1	Olink_combined.long.npx.csv	ftp://ftp.pride.ebi.ac.uk/pride/data/archive/2026/04/PAD000041/Olink_combined.long.npx.csv	Olink Target 96	NPX	ADRO04_IO_Plate06_11072023	Intensity Normalized (v.2)	Olink Target 96 Immuno-Oncology(v.3113)	Olink Target 96	intensity normalized	NT=affinity-proteomics;VV=v1.0.0	NT=human;VV=v1.1.0	NT=olink;VV=v1.0.0	v1.1.0	NT=sdrf-skills-autoresearch;VV=v0.0.0
PAD000041-WEAR_7027_V9	Homo sapiens	Blood plasma	Multiple myeloma	not available	not available	379	not applicable	blood plasma	PAD000041-r00379-WEAR_7027_V9	protein expression profiling by antibody array	1	Olink_combined.long.npx.csv	ftp://ftp.pride.ebi.ac.uk/pride/data/archive/2026/04/PAD000041/Olink_combined.long.npx.csv	Olink Target 96	NPX	ADRO04_IO_Plate06_11072023	Intensity Normalized (v.2)	Olink Target 96 Immuno-Oncology(v.3113)	Olink Target 96	intensity normalized	NT=affinity-proteomics;VV=v1.0.0	NT=human;VV=v1.1.0	NT=olink;VV=v1.0.0	v1.1.0	NT=sdrf-skills-autoresearch;VV=v0.0.0
PAD000041-WEAR_7027_V10	Homo sapiens	Blood plasma	Multiple myeloma	not available	not available	380	not applicable	blood plasma	PAD000041-r00380-WEAR_7027_V10	protein expression profiling by antibody array	1	Olink_combined.long.npx.csv	ftp://ftp.pride.ebi.ac.uk/pride/data/archive/2026/04/PAD000041/Olink_combined.long.npx.csv	Olink Target 96	NPX	ADRO04_IO_Plate06_11072023	Intensity Normalized (v.2)	Olink Target 96 Immuno-Oncology(v.3113)	Olink Target 96	intensity normalized	NT=affinity-proteomics;VV=v1.0.0	NT=human;VV=v1.1.0	NT=olink;VV=v1.0.0	v1.1.0	NT=sdrf-skills-autoresearch;VV=v0.0.0
PAD000041-WEAR_7027_V11	Homo sapiens	Blood plasma	Multiple myeloma	not available	not available	381	not applicable	blood plasma	PAD000041-r00381-WEAR_7027_V11	protein expression profiling by antibody array	1	Olink_combined.long.npx.csv	ftp://ftp.pride.ebi.ac.uk/pride/data/archive/2026/04/PAD000041/Olink_combined.long.npx.csv	Olink Target 96	NPX	ADRO04_IO_Plate06_11072023	Intensity Normalized (v.2)	Olink Target 96 Immuno-Oncology(v.3113)	Olink Target 96	intensity normalized	NT=affinity-proteomics;VV=v1.0.0	NT=human;VV=v1.1.0	NT=olink;VV=v1.0.0	v1.1.0	NT=sdrf-skills-autoresearch;VV=v0.0.0
PAD000041-WEAR_7027_V12	Homo sapiens	Blood plasma	Multiple myeloma	not available	not available	382	not applicable	blood plasma	PAD000041-r00382-WEAR_7027_V12	protein expression profiling by antibody array	1	Olink_combined.long.npx.csv	ftp://ftp.pride.ebi.ac.uk/pride/data/archive/2026/04/PAD000041/Olink_combined.long.npx.csv	Olink Target 96	NPX	ADRO04_IO_Plate06_11072023	Intensity Normalized (v.2)	Olink Target 96 Immuno-Oncology(v.3113)	Olink Target 96	intensity normalized	NT=affinity-proteomics;VV=v1.0.0	NT=human;VV=v1.1.0	NT=olink;VV=v1.0.0	v1.1.0	NT=sdrf-skills-autoresearch;VV=v0.0.0
PAD000041-WEAR_7027_V13	Homo sapiens	Blood plasma	Multiple myeloma	not available	not available	383	not applicable	blood plasma	PAD000041-r00383-WEAR_7027_V13	protein expression profiling by antibody array	1	Olink_combined.long.npx.csv	ftp://ftp.pride.ebi.ac.uk/pride/data/archive/2026/04/PAD000041/Olink_combined.long.npx.csv	Olink Target 96	NPX	ADRO04_IO_Plate06_11072023	Intensity Normalized (v.2)	Olink Target 96 Immuno-Oncology(v.3113)	Olink Target 96	intensity normalized	NT=affinity-proteomics;VV=v1.0.0	NT=human;VV=v1.1.0	NT=olink;VV=v1.0.0	v1.1.0	NT=sdrf-skills-autoresearch;VV=v0.0.0
PAD000041-WEAR_7027_V14	Homo sapiens	Blood plasma	Multiple myeloma	not available	not available	384	not applicable	blood plasma	PAD000041-r00384-WEAR_7027_V14	protein expression profiling by antibody array	1	Olink_combined.long.npx.csv	ftp://ftp.pride.ebi.ac.uk/pride/data/archive/2026/04/PAD000041/Olink_combined.long.npx.csv	Olink Target 96	NPX	ADRO04_IO_Plate06_11072023	Intensity Normalized (v.2)	Olink Target 96 Immuno-Oncology(v.3113)	Olink Target 96	intensity normalized	NT=affinity-proteomics;VV=v1.0.0	NT=human;VV=v1.1.0	NT=olink;VV=v1.0.0	v1.1.0	NT=sdrf-skills-autoresearch;VV=v0.0.0
PAD000041-WEAR_7027_V15	Homo sapiens	Blood plasma	Multiple myeloma	not available	not available	385	not applicable	blood plasma	PAD000041-r00385-WEAR_7027_V15	protein expression profiling by antibody array	1	Olink_combined.long.npx.csv	ftp://ftp.pride.ebi.ac.uk/pride/data/archive/2026/04/PAD000041/Olink_combined.long.npx.csv	Olink Target 96	NPX	ADRO04_IO_Plate06_11072023	Intensity Normalized (v.2)	Olink Target 96 Immuno-Oncology(v.3113)	Olink Target 96	intensity normalized	NT=affinity-proteomics;VV=v1.0.0	NT=human;VV=v1.1.0	NT=olink;VV=v1.0.0	v1.1.0	NT=sdrf-skills-autoresearch;VV=v0.0.0
PAD000041-WEAR_7028_V1	Homo sapiens	Blood plasma	Multiple myeloma	not available	not available	386	not applicable	blood plasma	PAD000041-r00386-WEAR_7028_V1	protein expression profiling by antibody array	1	Olink_combined.long.npx.csv	ftp://ftp.pride.ebi.ac.uk/pride/data/archive/2026/04/PAD000041/Olink_combined.long.npx.csv	Olink Target 96	NPX	ADRO04_IO_Plate05_11162023	Intensity Normalized (v.2)	Olink Target 96 Immuno-Oncology(v.3113)	Olink Target 96	intensity normalized	NT=affinity-proteomics;VV=v1.0.0	NT=human;VV=v1.1.0	NT=olink;VV=v1.0.0	v1.1.0	NT=sdrf-skills-autoresearch;VV=v0.0.0
PAD000041-WEAR_7028_V2	Homo sapiens	Blood plasma	Multiple myeloma	not available	not available	387	not applicable	blood plasma	PAD000041-r00387-WEAR_7028_V2	protein expression profiling by antibody array	1	Olink_combined.long.npx.csv	ftp://ftp.pride.ebi.ac.uk/pride/data/archive/2026/04/PAD000041/Olink_combined.long.npx.csv	Olink Target 96	NPX	ADRO04_IO_Plate05_11162023	Intensity Normalized (v.2)	Olink Target 96 Immuno-Oncology(v.3113)	Olink Target 96	intensity normalized	NT=affinity-proteomics;VV=v1.0.0	NT=human;VV=v1.1.0	NT=olink;VV=v1.0.0	v1.1.0	NT=sdrf-skills-autoresearch;VV=v0.0.0
PAD000041-WEAR_7028_V3	Homo sapiens	Blood plasma	Multiple myeloma	not available	not available	388	not applicable	blood plasma	PAD000041-r00388-WEAR_7028_V3	protein expression profiling by antibody array	1	Olink_combined.long.npx.csv	ftp://ftp.pride.ebi.ac.uk/pride/data/archive/2026/04/PAD000041/Olink_combined.long.npx.csv	Olink Target 96	NPX	ADRO04_IO_Plate05_11162023	Intensity Normalized (v.2)	Olink Target 96 Immuno-Oncology(v.3113)	Olink Target 96	intensity normalized	NT=affinity-proteomics;VV=v1.0.0	NT=human;VV=v1.1.0	NT=olink;VV=v1.0.0	v1.1.0	NT=sdrf-skills-autoresearch;VV=v0.0.0
PAD000041-WEAR_7028_V4	Homo sapiens	Blood plasma	Multiple myeloma	not available	not available	389	not applicable	blood plasma	PAD000041-r00389-WEAR_7028_V4	protein expression profiling by antibody array	1	Olink_combined.long.npx.csv	ftp://ftp.pride.ebi.ac.uk/pride/data/archive/2026/04/PAD000041/Olink_combined.long.npx.csv	Olink Target 96	NPX	ADRO04_IO_Plate05_11162023	Intensity Normalized (v.2)	Olink Target 96 Immuno-Oncology(v.3113)	Olink Target 96	intensity normalized	NT=affinity-proteomics;VV=v1.0.0	NT=human;VV=v1.1.0	NT=olink;VV=v1.0.0	v1.1.0	NT=sdrf-skills-autoresearch;VV=v0.0.0
PAD000041-WEAR_7028_V5	Homo sapiens	Blood plasma	Multiple myeloma	not available	not available	390	not applicable	blood plasma	PAD000041-r00390-WEAR_7028_V5	protein expression profiling by antibody array	1	Olink_combined.long.npx.csv	ftp://ftp.pride.ebi.ac.uk/pride/data/archive/2026/04/PAD000041/Olink_combined.long.npx.csv	Olink Target 96	NPX	ADRO04_IO_Plate05_11162023	Intensity Normalized (v.2)	Olink Target 96 Immuno-Oncology(v.3113)	Olink Target 96	intensity normalized	NT=affinity-proteomics;VV=v1.0.0	NT=human;VV=v1.1.0	NT=olink;VV=v1.0.0	v1.1.0	NT=sdrf-skills-autoresearch;VV=v0.0.0
PAD000041-WEAR_7028_V6	Homo sapiens	Blood plasma	Multiple myeloma	not available	not available	391	not applicable	blood plasma	PAD000041-r00391-WEAR_7028_V6	protein expression profiling by antibody array	1	Olink_combined.long.npx.csv	ftp://ftp.pride.ebi.ac.uk/pride/data/archive/2026/04/PAD000041/Olink_combined.long.npx.csv	Olink Target 96	NPX	ADRO04_IO_Plate05_11162023	Intensity Normalized (v.2)	Olink Target 96 Immuno-Oncology(v.3113)	Olink Target 96	intensity normalized	NT=affinity-proteomics;VV=v1.0.0	NT=human;VV=v1.1.0	NT=olink;VV=v1.0.0	v1.1.0	NT=sdrf-skills-autoresearch;VV=v0.0.0
PAD000041-WEAR_7028_V7	Homo sapiens	Blood plasma	Multiple myeloma	not available	not available	392	not applicable	blood plasma	PAD000041-r00392-WEAR_7028_V7	protein expression profiling by antibody array	1	Olink_combined.long.npx.csv	ftp://ftp.pride.ebi.ac.uk/pride/data/archive/2026/04/PAD000041/Olink_combined.long.npx.csv	Olink Target 96	NPX	ADRO04_IO_Plate05_11162023	Intensity Normalized (v.2)	Olink Target 96 Immuno-Oncology(v.3113)	Olink Target 96	intensity normalized	NT=affinity-proteomics;VV=v1.0.0	NT=human;VV=v1.1.0	NT=olink;VV=v1.0.0	v1.1.0	NT=sdrf-skills-autoresearch;VV=v0.0.0
PAD000041-WEAR_7028_CRS	Homo sapiens	Blood plasma	Multiple myeloma	not available	not available	393	not applicable	blood plasma	PAD000041-r00393-WEAR_7028_CRS	protein expression profiling by antibody array	1	Olink_combined.long.npx.csv	ftp://ftp.pride.ebi.ac.uk/pride/data/archive/2026/04/PAD000041/Olink_combined.long.npx.csv	Olink Target 96	NPX	ADRO04_IO_Plate05_11162023	Intensity Normalized (v.2)	Olink Target 96 Immuno-Oncology(v.3113)	Olink Target 96	intensity normalized	NT=affinity-proteomics;VV=v1.0.0	NT=human;VV=v1.1.0	NT=olink;VV=v1.0.0	v1.1.0	NT=sdrf-skills-autoresearch;VV=v0.0.0
PAD000041-WEAR_7028_V8	Homo sapiens	Blood plasma	Multiple myeloma	not available	not available	394	not applicable	blood plasma	PAD000041-r00394-WEAR_7028_V8	protein expression profiling by antibody array	1	Olink_combined.long.npx.csv	ftp://ftp.pride.ebi.ac.uk/pride/data/archive/2026/04/PAD000041/Olink_combined.long.npx.csv	Olink Target 96	NPX	ADRO04_IO_Plate05_11162023	Intensity Normalized (v.2)	Olink Target 96 Immuno-Oncology(v.3113)	Olink Target 96	intensity normalized	NT=affinity-proteomics;VV=v1.0.0	NT=human;VV=v1.1.0	NT=olink;VV=v1.0.0	v1.1.0	NT=sdrf-skills-autoresearch;VV=v0.0.0
PAD000041-WEAR_7028_V9	Homo sapiens	Blood plasma	Multiple myeloma	not available	not available	395	not applicable	blood plasma	PAD000041-r00395-WEAR_7028_V9	protein expression profiling by antibody array	1	Olink_combined.long.npx.csv	ftp://ftp.pride.ebi.ac.uk/pride/data/archive/2026/04/PAD000041/Olink_combined.long.npx.csv	Olink Target 96	NPX	ADRO04_IO_Plate05_11162023	Intensity Normalized (v.2)	Olink Target 96 Immuno-Oncology(v.3113)	Olink Target 96	intensity normalized	NT=affinity-proteomics;VV=v1.0.0	NT=human;VV=v1.1.0	NT=olink;VV=v1.0.0	v1.1.0	NT=sdrf-skills-autoresearch;VV=v0.0.0
PAD000041-WEAR_7028_V10	Homo sapiens	Blood plasma	Multiple myeloma	not available	not available	396	not applicable	blood plasma	PAD000041-r00396-WEAR_7028_V10	protein expression profiling by antibody array	1	Olink_combined.long.npx.csv	ftp://ftp.pride.ebi.ac.uk/pride/data/archive/2026/04/PAD000041/Olink_combined.long.npx.csv	Olink Target 96	NPX	ADRO04_IO_Plate05_11162023	Intensity Normalized (v.2)	Olink Target 96 Immuno-Oncology(v.3113)	Olink Target 96	intensity normalized	NT=affinity-proteomics;VV=v1.0.0	NT=human;VV=v1.1.0	NT=olink;VV=v1.0.0	v1.1.0	NT=sdrf-skills-autoresearch;VV=v0.0.0
PAD000041-WEAR_7028_V11	Homo sapiens	Blood plasma	Multiple myeloma	not available	not available	397	not applicable	blood plasma	PAD000041-r00397-WEAR_7028_V11	protein expression profiling by antibody array	1	Olink_combined.long.npx.csv	ftp://ftp.pride.ebi.ac.uk/pride/data/archive/2026/04/PAD000041/Olink_combined.long.npx.csv	Olink Target 96	NPX	ADRO04_IO_Plate05_11162023	Intensity Normalized (v.2)	Olink Target 96 Immuno-Oncology(v.3113)	Olink Target 96	intensity normalized	NT=affinity-proteomics;VV=v1.0.0	NT=human;VV=v1.1.0	NT=olink;VV=v1.0.0	v1.1.0	NT=sdrf-skills-autoresearch;VV=v0.0.0
PAD000041-WEAR_7028_V13	Homo sapiens	Blood plasma	Multiple myeloma	not available	not available	398	not applicable	blood plasma	PAD000041-r00398-WEAR_7028_V13	protein expression profiling by antibody array	1	Olink_combined.long.npx.csv	ftp://ftp.pride.ebi.ac.uk/pride/data/archive/2026/04/PAD000041/Olink_combined.long.npx.csv	Olink Target 96	NPX	ADRO04_IO_Plate05_11162023	Intensity Normalized (v.2)	Olink Target 96 Immuno-Oncology(v.3113)	Olink Target 96	intensity normalized	NT=affinity-proteomics;VV=v1.0.0	NT=human;VV=v1.1.0	NT=olink;VV=v1.0.0	v1.1.0	NT=sdrf-skills-autoresearch;VV=v0.0.0
PAD000041-WEAR_7028_V14	Homo sapiens	Blood plasma	Multiple myeloma	not available	not available	399	not applicable	blood plasma	PAD000041-r00399-WEAR_7028_V14	protein expression profiling by antibody array	1	Olink_combined.long.npx.csv	ftp://ftp.pride.ebi.ac.uk/pride/data/archive/2026/04/PAD000041/Olink_combined.long.npx.csv	Olink Target 96	NPX	ADRO04_IO_Plate05_11162023	Intensity Normalized (v.2)	Olink Target 96 Immuno-Oncology(v.3113)	Olink Target 96	intensity normalized	NT=affinity-proteomics;VV=v1.0.0	NT=human;VV=v1.1.0	NT=olink;VV=v1.0.0	v1.1.0	NT=sdrf-skills-autoresearch;VV=v0.0.0
PAD000041-WEAR_7029_V1	Homo sapiens	Blood plasma	Multiple myeloma	not available	not available	400	not applicable	blood plasma	PAD000041-r00400-WEAR_7029_V1	protein expression profiling by antibody array	1	Olink_combined.long.npx.csv	ftp://ftp.pride.ebi.ac.uk/pride/data/archive/2026/04/PAD000041/Olink_combined.long.npx.csv	Olink Target 96	NPX	ADRO04_IO_Plate05_11162023	Intensity Normalized (v.2)	Olink Target 96 Immuno-Oncology(v.3113)	Olink Target 96	intensity normalized	NT=affinity-proteomics;VV=v1.0.0	NT=human;VV=v1.1.0	NT=olink;VV=v1.0.0	v1.1.0	NT=sdrf-skills-autoresearch;VV=v0.0.0
PAD000041-WEAR_7029_V2	Homo sapiens	Blood plasma	Multiple myeloma	not available	not available	401	not applicable	blood plasma	PAD000041-r00401-WEAR_7029_V2	protein expression profiling by antibody array	1	Olink_combined.long.npx.csv	ftp://ftp.pride.ebi.ac.uk/pride/data/archive/2026/04/PAD000041/Olink_combined.long.npx.csv	Olink Target 96	NPX	ADRO04_IO_Plate05_11162023	Intensity Normalized (v.2)	Olink Target 96 Immuno-Oncology(v.3113)	Olink Target 96	intensity normalized	NT=affinity-proteomics;VV=v1.0.0	NT=human;VV=v1.1.0	NT=olink;VV=v1.0.0	v1.1.0	NT=sdrf-skills-autoresearch;VV=v0.0.0
PAD000041-WEAR_7029_V3	Homo sapiens	Blood plasma	Multiple myeloma	not available	not available	402	not applicable	blood plasma	PAD000041-r00402-WEAR_7029_V3	protein expression profiling by antibody array	1	Olink_combined.long.npx.csv	ftp://ftp.pride.ebi.ac.uk/pride/data/archive/2026/04/PAD000041/Olink_combined.long.npx.csv	Olink Target 96	NPX	ADRO04_IO_Plate05_11162023	Intensity Normalized (v.2)	Olink Target 96 Immuno-Oncology(v.3113)	Olink Target 96	intensity normalized	NT=affinity-proteomics;VV=v1.0.0	NT=human;VV=v1.1.0	NT=olink;VV=v1.0.0	v1.1.0	NT=sdrf-skills-autoresearch;VV=v0.0.0
PAD000041-WEAR_7029_V4	Homo sapiens	Blood plasma	Multiple myeloma	not available	not available	403	not applicable	blood plasma	PAD000041-r00403-WEAR_7029_V4	protein expression profiling by antibody array	1	Olink_combined.long.npx.csv	ftp://ftp.pride.ebi.ac.uk/pride/data/archive/2026/04/PAD000041/Olink_combined.long.npx.csv	Olink Target 96	NPX	ADRO04_IO_Plate05_11162023	Intensity Normalized (v.2)	Olink Target 96 Immuno-Oncology(v.3113)	Olink Target 96	intensity normalized	NT=affinity-proteomics;VV=v1.0.0	NT=human;VV=v1.1.0	NT=olink;VV=v1.0.0	v1.1.0	NT=sdrf-skills-autoresearch;VV=v0.0.0
PAD000041-WEAR_7029_V5	Homo sapiens	Blood plasma	Multiple myeloma	not available	not available	404	not applicable	blood plasma	PAD000041-r00404-WEAR_7029_V5	protein expression profiling by antibody array	1	Olink_combined.long.npx.csv	ftp://ftp.pride.ebi.ac.uk/pride/data/archive/2026/04/PAD000041/Olink_combined.long.npx.csv	Olink Target 96	NPX	ADRO04_IO_Plate05_11162023	Intensity Normalized (v.2)	Olink Target 96 Immuno-Oncology(v.3113)	Olink Target 96	intensity normalized	NT=affinity-proteomics;VV=v1.0.0	NT=human;VV=v1.1.0	NT=olink;VV=v1.0.0	v1.1.0	NT=sdrf-skills-autoresearch;VV=v0.0.0
PAD000041-WEAR_7029_CRS	Homo sapiens	Blood plasma	Multiple myeloma	not available	not available	405	not applicable	blood plasma	PAD000041-r00405-WEAR_7029_CRS	protein expression profiling by antibody array	1	Olink_combined.long.npx.csv	ftp://ftp.pride.ebi.ac.uk/pride/data/archive/2026/04/PAD000041/Olink_combined.long.npx.csv	Olink Target 96	NPX	ADRO04_IO_Plate05_11162023	Intensity Normalized (v.2)	Olink Target 96 Immuno-Oncology(v.3113)	Olink Target 96	intensity normalized	NT=affinity-proteomics;VV=v1.0.0	NT=human;VV=v1.1.0	NT=olink;VV=v1.0.0	v1.1.0	NT=sdrf-skills-autoresearch;VV=v0.0.0
PAD000041-WEAR_7029_V6	Homo sapiens	Blood plasma	Multiple myeloma	not available	not available	406	not applicable	blood plasma	PAD000041-r00406-WEAR_7029_V6	protein expression profiling by antibody array	1	Olink_combined.long.npx.csv	ftp://ftp.pride.ebi.ac.uk/pride/data/archive/2026/04/PAD000041/Olink_combined.long.npx.csv	Olink Target 96	NPX	ADRO04_IO_Plate05_11162023	Intensity Normalized (v.2)	Olink Target 96 Immuno-Oncology(v.3113)	Olink Target 96	intensity normalized	NT=affinity-proteomics;VV=v1.0.0	NT=human;VV=v1.1.0	NT=olink;VV=v1.0.0	v1.1.0	NT=sdrf-skills-autoresearch;VV=v0.0.0
PAD000041-WEAR_7029_V7	Homo sapiens	Blood plasma	Multiple myeloma	not available	not available	407	not applicable	blood plasma	PAD000041-r00407-WEAR_7029_V7	protein expression profiling by antibody array	1	Olink_combined.long.npx.csv	ftp://ftp.pride.ebi.ac.uk/pride/data/archive/2026/04/PAD000041/Olink_combined.long.npx.csv	Olink Target 96	NPX	ADRO04_IO_Plate05_11162023	Intensity Normalized (v.2)	Olink Target 96 Immuno-Oncology(v.3113)	Olink Target 96	intensity normalized	NT=affinity-proteomics;VV=v1.0.0	NT=human;VV=v1.1.0	NT=olink;VV=v1.0.0	v1.1.0	NT=sdrf-skills-autoresearch;VV=v0.0.0
PAD000041-WEAR_7029_V8	Homo sapiens	Blood plasma	Multiple myeloma	not available	not available	408	not applicable	blood plasma	PAD000041-r00408-WEAR_7029_V8	protein expression profiling by antibody array	1	Olink_combined.long.npx.csv	ftp://ftp.pride.ebi.ac.uk/pride/data/archive/2026/04/PAD000041/Olink_combined.long.npx.csv	Olink Target 96	NPX	ADRO04_IO_Plate05_11162023	Intensity Normalized (v.2)	Olink Target 96 Immuno-Oncology(v.3113)	Olink Target 96	intensity normalized	NT=affinity-proteomics;VV=v1.0.0	NT=human;VV=v1.1.0	NT=olink;VV=v1.0.0	v1.1.0	NT=sdrf-skills-autoresearch;VV=v0.0.0
PAD000041-WEAR_7029_V9	Homo sapiens	Blood plasma	Multiple myeloma	not available	not available	409	not applicable	blood plasma	PAD000041-r00409-WEAR_7029_V9	protein expression profiling by antibody array	1	Olink_combined.long.npx.csv	ftp://ftp.pride.ebi.ac.uk/pride/data/archive/2026/04/PAD000041/Olink_combined.long.npx.csv	Olink Target 96	NPX	ADRO04_IO_Plate05_11162023	Intensity Normalized (v.2)	Olink Target 96 Immuno-Oncology(v.3113)	Olink Target 96	intensity normalized	NT=affinity-proteomics;VV=v1.0.0	NT=human;VV=v1.1.0	NT=olink;VV=v1.0.0	v1.1.0	NT=sdrf-skills-autoresearch;VV=v0.0.0
PAD000041-WEAR_7029_V10	Homo sapiens	Blood plasma	Multiple myeloma	not available	not available	410	not applicable	blood plasma	PAD000041-r00410-WEAR_7029_V10	protein expression profiling by antibody array	1	Olink_combined.long.npx.csv	ftp://ftp.pride.ebi.ac.uk/pride/data/archive/2026/04/PAD000041/Olink_combined.long.npx.csv	Olink Target 96	NPX	ADRO04_IO_Plate05_11162023	Intensity Normalized (v.2)	Olink Target 96 Immuno-Oncology(v.3113)	Olink Target 96	intensity normalized	NT=affinity-proteomics;VV=v1.0.0	NT=human;VV=v1.1.0	NT=olink;VV=v1.0.0	v1.1.0	NT=sdrf-skills-autoresearch;VV=v0.0.0
PAD000041-WEAR_7029_V11	Homo sapiens	Blood plasma	Multiple myeloma	not available	not available	411	not applicable	blood plasma	PAD000041-r00411-WEAR_7029_V11	protein expression profiling by antibody array	1	Olink_combined.long.npx.csv	ftp://ftp.pride.ebi.ac.uk/pride/data/archive/2026/04/PAD000041/Olink_combined.long.npx.csv	Olink Target 96	NPX	ADRO04_IO_Plate05_11162023	Intensity Normalized (v.2)	Olink Target 96 Immuno-Oncology(v.3113)	Olink Target 96	intensity normalized	NT=affinity-proteomics;VV=v1.0.0	NT=human;VV=v1.1.0	NT=olink;VV=v1.0.0	v1.1.0	NT=sdrf-skills-autoresearch;VV=v0.0.0
PAD000041-WEAR_7029_V12	Homo sapiens	Blood plasma	Multiple myeloma	not available	not available	412	not applicable	blood plasma	PAD000041-r00412-WEAR_7029_V12	protein expression profiling by antibody array	1	Olink_combined.long.npx.csv	ftp://ftp.pride.ebi.ac.uk/pride/data/archive/2026/04/PAD000041/Olink_combined.long.npx.csv	Olink Target 96	NPX	ADRO04_IO_Plate05_11162023	Intensity Normalized (v.2)	Olink Target 96 Immuno-Oncology(v.3113)	Olink Target 96	intensity normalized	NT=affinity-proteomics;VV=v1.0.0	NT=human;VV=v1.1.0	NT=olink;VV=v1.0.0	v1.1.0	NT=sdrf-skills-autoresearch;VV=v0.0.0
PAD000041-WEAR_7029_V13	Homo sapiens	Blood plasma	Multiple myeloma	not available	not available	413	not applicable	blood plasma	PAD000041-r00413-WEAR_7029_V13	protein expression profiling by antibody array	1	Olink_combined.long.npx.csv	ftp://ftp.pride.ebi.ac.uk/pride/data/archive/2026/04/PAD000041/Olink_combined.long.npx.csv	Olink Target 96	NPX	ADRO04_IO_Plate05_11162023	Intensity Normalized (v.2)	Olink Target 96 Immuno-Oncology(v.3113)	Olink Target 96	intensity normalized	NT=affinity-proteomics;VV=v1.0.0	NT=human;VV=v1.1.0	NT=olink;VV=v1.0.0	v1.1.0	NT=sdrf-skills-autoresearch;VV=v0.0.0
PAD000041-WEAR_7029_V14	Homo sapiens	Blood plasma	Multiple myeloma	not available	not available	414	not applicable	blood plasma	PAD000041-r00414-WEAR_7029_V14	protein expression profiling by antibody array	1	Olink_combined.long.npx.csv	ftp://ftp.pride.ebi.ac.uk/pride/data/archive/2026/04/PAD000041/Olink_combined.long.npx.csv	Olink Target 96	NPX	ADRO04_IO_Plate05_11162023	Intensity Normalized (v.2)	Olink Target 96 Immuno-Oncology(v.3113)	Olink Target 96	intensity normalized	NT=affinity-proteomics;VV=v1.0.0	NT=human;VV=v1.1.0	NT=olink;VV=v1.0.0	v1.1.0	NT=sdrf-skills-autoresearch;VV=v0.0.0
PAD000041-WEAR_7029_V15	Homo sapiens	Blood plasma	Multiple myeloma	not available	not available	415	not applicable	blood plasma	PAD000041-r00415-WEAR_7029_V15	protein expression profiling by antibody array	1	Olink_combined.long.npx.csv	ftp://ftp.pride.ebi.ac.uk/pride/data/archive/2026/04/PAD000041/Olink_combined.long.npx.csv	Olink Target 96	NPX	ADRO04_IO_Plate05_11162023	Intensity Normalized (v.2)	Olink Target 96 Immuno-Oncology(v.3113)	Olink Target 96	intensity normalized	NT=affinity-proteomics;VV=v1.0.0	NT=human;VV=v1.1.0	NT=olink;VV=v1.0.0	v1.1.0	NT=sdrf-skills-autoresearch;VV=v0.0.0
PAD000041-WEAR_7029_V16	Homo sapiens	Blood plasma	Multiple myeloma	not available	not available	416	not applicable	blood plasma	PAD000041-r00416-WEAR_7029_V16	protein expression profiling by antibody array	1	Olink_combined.long.npx.csv	ftp://ftp.pride.ebi.ac.uk/pride/data/archive/2026/04/PAD000041/Olink_combined.long.npx.csv	Olink Target 96	NPX	ADRO04_IO_Plate05_11162023	Intensity Normalized (v.2)	Olink Target 96 Immuno-Oncology(v.3113)	Olink Target 96	intensity normalized	NT=affinity-proteomics;VV=v1.0.0	NT=human;VV=v1.1.0	NT=olink;VV=v1.0.0	v1.1.0	NT=sdrf-skills-autoresearch;VV=v0.0.0
PAD000041-WEAR_7029_V17	Homo sapiens	Blood plasma	Multiple myeloma	not available	not available	417	not applicable	blood plasma	PAD000041-r00417-WEAR_7029_V17	protein expression profiling by antibody array	1	Olink_combined.long.npx.csv	ftp://ftp.pride.ebi.ac.uk/pride/data/archive/2026/04/PAD000041/Olink_combined.long.npx.csv	Olink Target 96	NPX	ADRO04_IO_Plate05_11162023	Intensity Normalized (v.2)	Olink Target 96 Immuno-Oncology(v.3113)	Olink Target 96	intensity normalized	NT=affinity-proteomics;VV=v1.0.0	NT=human;VV=v1.1.0	NT=olink;VV=v1.0.0	v1.1.0	NT=sdrf-skills-autoresearch;VV=v0.0.0
PAD000041-WEAR_7029_V18	Homo sapiens	Blood plasma	Multiple myeloma	not available	not available	418	not applicable	blood plasma	PAD000041-r00418-WEAR_7029_V18	protein expression profiling by antibody array	1	Olink_combined.long.npx.csv	ftp://ftp.pride.ebi.ac.uk/pride/data/archive/2026/04/PAD000041/Olink_combined.long.npx.csv	Olink Target 96	NPX	ADRO04_IO_Plate05_11162023	Intensity Normalized (v.2)	Olink Target 96 Immuno-Oncology(v.3113)	Olink Target 96	intensity normalized	NT=affinity-proteomics;VV=v1.0.0	NT=human;VV=v1.1.0	NT=olink;VV=v1.0.0	v1.1.0	NT=sdrf-skills-autoresearch;VV=v0.0.0
PAD000041-WEAR_7030_V1	Homo sapiens	Blood plasma	Multiple myeloma	not available	not available	419	not applicable	blood plasma	PAD000041-r00419-WEAR_7030_V1	protein expression profiling by antibody array	1	Olink_combined.long.npx.csv	ftp://ftp.pride.ebi.ac.uk/pride/data/archive/2026/04/PAD000041/Olink_combined.long.npx.csv	Olink Target 96	NPX	ADRO04_IO_Plate08_01032024	Intensity Normalized (v.2)	Olink Target 96 Immuno-Oncology(v.3113)	Olink Target 96	intensity normalized	NT=affinity-proteomics;VV=v1.0.0	NT=human;VV=v1.1.0	NT=olink;VV=v1.0.0	v1.1.0	NT=sdrf-skills-autoresearch;VV=v0.0.0
PAD000041-WEAR_7030_V2	Homo sapiens	Blood plasma	Multiple myeloma	not available	not available	420	not applicable	blood plasma	PAD000041-r00420-WEAR_7030_V2	protein expression profiling by antibody array	1	Olink_combined.long.npx.csv	ftp://ftp.pride.ebi.ac.uk/pride/data/archive/2026/04/PAD000041/Olink_combined.long.npx.csv	Olink Target 96	NPX	ADRO04_IO_Plate08_01032024	Intensity Normalized (v.2)	Olink Target 96 Immuno-Oncology(v.3113)	Olink Target 96	intensity normalized	NT=affinity-proteomics;VV=v1.0.0	NT=human;VV=v1.1.0	NT=olink;VV=v1.0.0	v1.1.0	NT=sdrf-skills-autoresearch;VV=v0.0.0
PAD000041-WEAR_7030_V3	Homo sapiens	Blood plasma	Multiple myeloma	not available	not available	421	not applicable	blood plasma	PAD000041-r00421-WEAR_7030_V3	protein expression profiling by antibody array	1	Olink_combined.long.npx.csv	ftp://ftp.pride.ebi.ac.uk/pride/data/archive/2026/04/PAD000041/Olink_combined.long.npx.csv	Olink Target 96	NPX	ADRO04_IO_Plate08_01032024	Intensity Normalized (v.2)	Olink Target 96 Immuno-Oncology(v.3113)	Olink Target 96	intensity normalized	NT=affinity-proteomics;VV=v1.0.0	NT=human;VV=v1.1.0	NT=olink;VV=v1.0.0	v1.1.0	NT=sdrf-skills-autoresearch;VV=v0.0.0
PAD000041-WEAR_7030_V4	Homo sapiens	Blood plasma	Multiple myeloma	not available	not available	422	not applicable	blood plasma	PAD000041-r00422-WEAR_7030_V4	protein expression profiling by antibody array	1	Olink_combined.long.npx.csv	ftp://ftp.pride.ebi.ac.uk/pride/data/archive/2026/04/PAD000041/Olink_combined.long.npx.csv	Olink Target 96	NPX	ADRO04_IO_Plate08_01032024	Intensity Normalized (v.2)	Olink Target 96 Immuno-Oncology(v.3113)	Olink Target 96	intensity normalized	NT=affinity-proteomics;VV=v1.0.0	NT=human;VV=v1.1.0	NT=olink;VV=v1.0.0	v1.1.0	NT=sdrf-skills-autoresearch;VV=v0.0.0
PAD000041-WEAR_7030_V5	Homo sapiens	Blood plasma	Multiple myeloma	not available	not available	423	not applicable	blood plasma	PAD000041-r00423-WEAR_7030_V5	protein expression profiling by antibody array	1	Olink_combined.long.npx.csv	ftp://ftp.pride.ebi.ac.uk/pride/data/archive/2026/04/PAD000041/Olink_combined.long.npx.csv	Olink Target 96	NPX	ADRO04_IO_Plate08_01032024	Intensity Normalized (v.2)	Olink Target 96 Immuno-Oncology(v.3113)	Olink Target 96	intensity normalized	NT=affinity-proteomics;VV=v1.0.0	NT=human;VV=v1.1.0	NT=olink;VV=v1.0.0	v1.1.0	NT=sdrf-skills-autoresearch;VV=v0.0.0
PAD000041-WEAR_7030_V6	Homo sapiens	Blood plasma	Multiple myeloma	not available	not available	424	not applicable	blood plasma	PAD000041-r00424-WEAR_7030_V6	protein expression profiling by antibody array	1	Olink_combined.long.npx.csv	ftp://ftp.pride.ebi.ac.uk/pride/data/archive/2026/04/PAD000041/Olink_combined.long.npx.csv	Olink Target 96	NPX	ADRO04_IO_Plate08_01032024	Intensity Normalized (v.2)	Olink Target 96 Immuno-Oncology(v.3113)	Olink Target 96	intensity normalized	NT=affinity-proteomics;VV=v1.0.0	NT=human;VV=v1.1.0	NT=olink;VV=v1.0.0	v1.1.0	NT=sdrf-skills-autoresearch;VV=v0.0.0
PAD000041-WEAR_7030_V7	Homo sapiens	Blood plasma	Multiple myeloma	not available	not available	425	not applicable	blood plasma	PAD000041-r00425-WEAR_7030_V7	protein expression profiling by antibody array	1	Olink_combined.long.npx.csv	ftp://ftp.pride.ebi.ac.uk/pride/data/archive/2026/04/PAD000041/Olink_combined.long.npx.csv	Olink Target 96	NPX	ADRO04_IO_Plate08_01032024	Intensity Normalized (v.2)	Olink Target 96 Immuno-Oncology(v.3113)	Olink Target 96	intensity normalized	NT=affinity-proteomics;VV=v1.0.0	NT=human;VV=v1.1.0	NT=olink;VV=v1.0.0	v1.1.0	NT=sdrf-skills-autoresearch;VV=v0.0.0
PAD000041-WEAR_7030_CRS	Homo sapiens	Blood plasma	Multiple myeloma	not available	not available	426	not applicable	blood plasma	PAD000041-r00426-WEAR_7030_CRS	protein expression profiling by antibody array	1	Olink_combined.long.npx.csv	ftp://ftp.pride.ebi.ac.uk/pride/data/archive/2026/04/PAD000041/Olink_combined.long.npx.csv	Olink Target 96	NPX	ADRO04_IO_Plate08_01032024	Intensity Normalized (v.2)	Olink Target 96 Immuno-Oncology(v.3113)	Olink Target 96	intensity normalized	NT=affinity-proteomics;VV=v1.0.0	NT=human;VV=v1.1.0	NT=olink;VV=v1.0.0	v1.1.0	NT=sdrf-skills-autoresearch;VV=v0.0.0
PAD000041-WEAR_7030_V8	Homo sapiens	Blood plasma	Multiple myeloma	not available	not available	427	not applicable	blood plasma	PAD000041-r00427-WEAR_7030_V8	protein expression profiling by antibody array	1	Olink_combined.long.npx.csv	ftp://ftp.pride.ebi.ac.uk/pride/data/archive/2026/04/PAD000041/Olink_combined.long.npx.csv	Olink Target 96	NPX	ADRO04_IO_Plate08_01032024	Intensity Normalized (v.2)	Olink Target 96 Immuno-Oncology(v.3113)	Olink Target 96	intensity normalized	NT=affinity-proteomics;VV=v1.0.0	NT=human;VV=v1.1.0	NT=olink;VV=v1.0.0	v1.1.0	NT=sdrf-skills-autoresearch;VV=v0.0.0
PAD000041-WEAR_7030_V9	Homo sapiens	Blood plasma	Multiple myeloma	not available	not available	428	not applicable	blood plasma	PAD000041-r00428-WEAR_7030_V9	protein expression profiling by antibody array	1	Olink_combined.long.npx.csv	ftp://ftp.pride.ebi.ac.uk/pride/data/archive/2026/04/PAD000041/Olink_combined.long.npx.csv	Olink Target 96	NPX	ADRO04_IO_Plate08_01032024	Intensity Normalized (v.2)	Olink Target 96 Immuno-Oncology(v.3113)	Olink Target 96	intensity normalized	NT=affinity-proteomics;VV=v1.0.0	NT=human;VV=v1.1.0	NT=olink;VV=v1.0.0	v1.1.0	NT=sdrf-skills-autoresearch;VV=v0.0.0
PAD000041-WEAR_7030_V10	Homo sapiens	Blood plasma	Multiple myeloma	not available	not available	429	not applicable	blood plasma	PAD000041-r00429-WEAR_7030_V10	protein expression profiling by antibody array	1	Olink_combined.long.npx.csv	ftp://ftp.pride.ebi.ac.uk/pride/data/archive/2026/04/PAD000041/Olink_combined.long.npx.csv	Olink Target 96	NPX	ADRO04_IO_Plate08_01032024	Intensity Normalized (v.2)	Olink Target 96 Immuno-Oncology(v.3113)	Olink Target 96	intensity normalized	NT=affinity-proteomics;VV=v1.0.0	NT=human;VV=v1.1.0	NT=olink;VV=v1.0.0	v1.1.0	NT=sdrf-skills-autoresearch;VV=v0.0.0
PAD000041-WEAR_7030_V11	Homo sapiens	Blood plasma	Multiple myeloma	not available	not available	430	not applicable	blood plasma	PAD000041-r00430-WEAR_7030_V11	protein expression profiling by antibody array	1	Olink_combined.long.npx.csv	ftp://ftp.pride.ebi.ac.uk/pride/data/archive/2026/04/PAD000041/Olink_combined.long.npx.csv	Olink Target 96	NPX	ADRO04_IO_Plate08_01032024	Intensity Normalized (v.2)	Olink Target 96 Immuno-Oncology(v.3113)	Olink Target 96	intensity normalized	NT=affinity-proteomics;VV=v1.0.0	NT=human;VV=v1.1.0	NT=olink;VV=v1.0.0	v1.1.0	NT=sdrf-skills-autoresearch;VV=v0.0.0
PAD000041-WEAR_7030_V12	Homo sapiens	Blood plasma	Multiple myeloma	not available	not available	431	not applicable	blood plasma	PAD000041-r00431-WEAR_7030_V12	protein expression profiling by antibody array	1	Olink_combined.long.npx.csv	ftp://ftp.pride.ebi.ac.uk/pride/data/archive/2026/04/PAD000041/Olink_combined.long.npx.csv	Olink Target 96	NPX	ADRO04_IO_Plate08_01032024	Intensity Normalized (v.2)	Olink Target 96 Immuno-Oncology(v.3113)	Olink Target 96	intensity normalized	NT=affinity-proteomics;VV=v1.0.0	NT=human;VV=v1.1.0	NT=olink;VV=v1.0.0	v1.1.0	NT=sdrf-skills-autoresearch;VV=v0.0.0
PAD000041-WEAR_7030_V13	Homo sapiens	Blood plasma	Multiple myeloma	not available	not available	432	not applicable	blood plasma	PAD000041-r00432-WEAR_7030_V13	protein expression profiling by antibody array	1	Olink_combined.long.npx.csv	ftp://ftp.pride.ebi.ac.uk/pride/data/archive/2026/04/PAD000041/Olink_combined.long.npx.csv	Olink Target 96	NPX	ADRO04_IO_Plate08_01032024	Intensity Normalized (v.2)	Olink Target 96 Immuno-Oncology(v.3113)	Olink Target 96	intensity normalized	NT=affinity-proteomics;VV=v1.0.0	NT=human;VV=v1.1.0	NT=olink;VV=v1.0.0	v1.1.0	NT=sdrf-skills-autoresearch;VV=v0.0.0
PAD000041-WEAR_7030_V14	Homo sapiens	Blood plasma	Multiple myeloma	not available	not available	433	not applicable	blood plasma	PAD000041-r00433-WEAR_7030_V14	protein expression profiling by antibody array	1	Olink_combined.long.npx.csv	ftp://ftp.pride.ebi.ac.uk/pride/data/archive/2026/04/PAD000041/Olink_combined.long.npx.csv	Olink Target 96	NPX	ADRO04_IO_Plate08_01032024	Intensity Normalized (v.2)	Olink Target 96 Immuno-Oncology(v.3113)	Olink Target 96	intensity normalized	NT=affinity-proteomics;VV=v1.0.0	NT=human;VV=v1.1.0	NT=olink;VV=v1.0.0	v1.1.0	NT=sdrf-skills-autoresearch;VV=v0.0.0
PAD000041-WEAR_7030_V15	Homo sapiens	Blood plasma	Multiple myeloma	not available	not available	434	not applicable	blood plasma	PAD000041-r00434-WEAR_7030_V15	protein expression profiling by antibody array	1	Olink_combined.long.npx.csv	ftp://ftp.pride.ebi.ac.uk/pride/data/archive/2026/04/PAD000041/Olink_combined.long.npx.csv	Olink Target 96	NPX	ADRO04_IO_Plate08_01032024	Intensity Normalized (v.2)	Olink Target 96 Immuno-Oncology(v.3113)	Olink Target 96	intensity normalized	NT=affinity-proteomics;VV=v1.0.0	NT=human;VV=v1.1.0	NT=olink;VV=v1.0.0	v1.1.0	NT=sdrf-skills-autoresearch;VV=v0.0.0
