source name	characteristics[organism]	characteristics[organism part]	characteristics[disease]	characteristics[age]	characteristics[sex]	characteristics[individual]	characteristics[ancestry category]	characteristics[biological replicate]	characteristics[sample type]	characteristics[sample matrix]	assay name	technology type	comment[technical replicate]	comment[data file]	comment[file uri]	comment[platform]	comment[panel name]	comment[quantification unit]	comment[plate]	comment[normalization method]	comment[olink panel]	comment[olink platform]	comment[npx normalization]	comment[sdrf template]	comment[sdrf template]	comment[sdrf template]	comment[sdrf version]	comment[sdrf annotation tool]
PAD000016-NB177_T3	Homo sapiens	Blood plasma	not available	not available	not available	not available	not available	1	not applicable	blood plasma	PAD000016-r00001-NB177_T3	protein expression profiling by antibody array	1	X201SC23110522-Z01-F004_NPX.parquet	ftp://ftp.pride.ebi.ac.uk/pride/data/archive/2025/09/PAD000016/X201SC23110522-Z01-F004_NPX.parquet	Olink Explore HT	Olink Explore HT	NPX	plate1	Plate control	Olink Explore HT	Olink Explore HT	plate control normalized	NT=affinity-proteomics;VV=v1.0.0	NT=human;VV=v1.1.0	NT=olink;VV=v1.0.0	v1.1.0	NT=sdrf-skills-autoresearch;VV=v0.0.0
PAD000016-AA17_0m	Homo sapiens	Blood plasma	not available	not available	not available	not available	not available	2	not applicable	blood plasma	PAD000016-r00002-AA17_0m	protein expression profiling by antibody array	1	X201SC23110522-Z01-F004_NPX.parquet	ftp://ftp.pride.ebi.ac.uk/pride/data/archive/2025/09/PAD000016/X201SC23110522-Z01-F004_NPX.parquet	Olink Explore HT	Olink Explore HT	NPX	plate1	Plate control	Olink Explore HT	Olink Explore HT	plate control normalized	NT=affinity-proteomics;VV=v1.0.0	NT=human;VV=v1.1.0	NT=olink;VV=v1.0.0	v1.1.0	NT=sdrf-skills-autoresearch;VV=v0.0.0
PAD000016-AA32_6m	Homo sapiens	Blood plasma	not available	not available	not available	not available	not available	3	not applicable	blood plasma	PAD000016-r00003-AA32_6m	protein expression profiling by antibody array	1	X201SC23110522-Z01-F004_NPX.parquet	ftp://ftp.pride.ebi.ac.uk/pride/data/archive/2025/09/PAD000016/X201SC23110522-Z01-F004_NPX.parquet	Olink Explore HT	Olink Explore HT	NPX	plate1	Plate control	Olink Explore HT	Olink Explore HT	plate control normalized	NT=affinity-proteomics;VV=v1.0.0	NT=human;VV=v1.1.0	NT=olink;VV=v1.0.0	v1.1.0	NT=sdrf-skills-autoresearch;VV=v0.0.0
PAD000016-AA38_6m	Homo sapiens	Blood plasma	not available	not available	not available	not available	not available	4	not applicable	blood plasma	PAD000016-r00004-AA38_6m	protein expression profiling by antibody array	1	X201SC23110522-Z01-F004_NPX.parquet	ftp://ftp.pride.ebi.ac.uk/pride/data/archive/2025/09/PAD000016/X201SC23110522-Z01-F004_NPX.parquet	Olink Explore HT	Olink Explore HT	NPX	plate1	Plate control	Olink Explore HT	Olink Explore HT	plate control normalized	NT=affinity-proteomics;VV=v1.0.0	NT=human;VV=v1.1.0	NT=olink;VV=v1.0.0	v1.1.0	NT=sdrf-skills-autoresearch;VV=v0.0.0
PAD000016-NB207_T3	Homo sapiens	Blood plasma	not available	not available	not available	not available	not available	5	not applicable	blood plasma	PAD000016-r00005-NB207_T3	protein expression profiling by antibody array	1	X201SC23110522-Z01-F004_NPX.parquet	ftp://ftp.pride.ebi.ac.uk/pride/data/archive/2025/09/PAD000016/X201SC23110522-Z01-F004_NPX.parquet	Olink Explore HT	Olink Explore HT	NPX	plate1	Plate control	Olink Explore HT	Olink Explore HT	plate control normalized	NT=affinity-proteomics;VV=v1.0.0	NT=human;VV=v1.1.0	NT=olink;VV=v1.0.0	v1.1.0	NT=sdrf-skills-autoresearch;VV=v0.0.0
PAD000016-AA61_6m	Homo sapiens	Blood plasma	not available	not available	not available	not available	not available	6	not applicable	blood plasma	PAD000016-r00006-AA61_6m	protein expression profiling by antibody array	1	X201SC23110522-Z01-F004_NPX.parquet	ftp://ftp.pride.ebi.ac.uk/pride/data/archive/2025/09/PAD000016/X201SC23110522-Z01-F004_NPX.parquet	Olink Explore HT	Olink Explore HT	NPX	plate1	Plate control	Olink Explore HT	Olink Explore HT	plate control normalized	NT=affinity-proteomics;VV=v1.0.0	NT=human;VV=v1.1.0	NT=olink;VV=v1.0.0	v1.1.0	NT=sdrf-skills-autoresearch;VV=v0.0.0
PAD000016-AA59_0m	Homo sapiens	Blood plasma	not available	not available	not available	not available	not available	7	not applicable	blood plasma	PAD000016-r00007-AA59_0m	protein expression profiling by antibody array	1	X201SC23110522-Z01-F004_NPX.parquet	ftp://ftp.pride.ebi.ac.uk/pride/data/archive/2025/09/PAD000016/X201SC23110522-Z01-F004_NPX.parquet	Olink Explore HT	Olink Explore HT	NPX	plate1	Plate control	Olink Explore HT	Olink Explore HT	plate control normalized	NT=affinity-proteomics;VV=v1.0.0	NT=human;VV=v1.1.0	NT=olink;VV=v1.0.0	v1.1.0	NT=sdrf-skills-autoresearch;VV=v0.0.0
PAD000016-AA33_0m	Homo sapiens	Blood plasma	not available	not available	not available	not available	not available	8	not applicable	blood plasma	PAD000016-r00008-AA33_0m	protein expression profiling by antibody array	1	X201SC23110522-Z01-F004_NPX.parquet	ftp://ftp.pride.ebi.ac.uk/pride/data/archive/2025/09/PAD000016/X201SC23110522-Z01-F004_NPX.parquet	Olink Explore HT	Olink Explore HT	NPX	plate1	Plate control	Olink Explore HT	Olink Explore HT	plate control normalized	NT=affinity-proteomics;VV=v1.0.0	NT=human;VV=v1.1.0	NT=olink;VV=v1.0.0	v1.1.0	NT=sdrf-skills-autoresearch;VV=v0.0.0
PAD000016-SC3	Homo sapiens	Blood plasma	not available	not available	not available	not available	not available	9	quality control sample	blood plasma	PAD000016-r00009-SC3	protein expression profiling by antibody array	1	X201SC23110522-Z01-F004_NPX.parquet	ftp://ftp.pride.ebi.ac.uk/pride/data/archive/2025/09/PAD000016/X201SC23110522-Z01-F004_NPX.parquet	Olink Explore HT	Olink Explore HT	NPX	plate1	Plate control	Olink Explore HT	Olink Explore HT	plate control normalized	NT=affinity-proteomics;VV=v1.0.0	NT=human;VV=v1.1.0	NT=olink;VV=v1.0.0	v1.1.0	NT=sdrf-skills-autoresearch;VV=v0.0.0
PAD000016-NB209_T3	Homo sapiens	Blood plasma	not available	not available	not available	not available	not available	10	not applicable	blood plasma	PAD000016-r00010-NB209_T3	protein expression profiling by antibody array	1	X201SC23110522-Z01-F004_NPX.parquet	ftp://ftp.pride.ebi.ac.uk/pride/data/archive/2025/09/PAD000016/X201SC23110522-Z01-F004_NPX.parquet	Olink Explore HT	Olink Explore HT	NPX	plate1	Plate control	Olink Explore HT	Olink Explore HT	plate control normalized	NT=affinity-proteomics;VV=v1.0.0	NT=human;VV=v1.1.0	NT=olink;VV=v1.0.0	v1.1.0	NT=sdrf-skills-autoresearch;VV=v0.0.0
PAD000016-AA33_6m	Homo sapiens	Blood plasma	not available	not available	not available	not available	not available	11	not applicable	blood plasma	PAD000016-r00011-AA33_6m	protein expression profiling by antibody array	1	X201SC23110522-Z01-F004_NPX.parquet	ftp://ftp.pride.ebi.ac.uk/pride/data/archive/2025/09/PAD000016/X201SC23110522-Z01-F004_NPX.parquet	Olink Explore HT	Olink Explore HT	NPX	plate1	Plate control	Olink Explore HT	Olink Explore HT	plate control normalized	NT=affinity-proteomics;VV=v1.0.0	NT=human;VV=v1.1.0	NT=olink;VV=v1.0.0	v1.1.0	NT=sdrf-skills-autoresearch;VV=v0.0.0
PAD000016-AA09_0m	Homo sapiens	Blood plasma	not available	not available	not available	not available	not available	12	not applicable	blood plasma	PAD000016-r00012-AA09_0m	protein expression profiling by antibody array	1	X201SC23110522-Z01-F004_NPX.parquet	ftp://ftp.pride.ebi.ac.uk/pride/data/archive/2025/09/PAD000016/X201SC23110522-Z01-F004_NPX.parquet	Olink Explore HT	Olink Explore HT	NPX	plate1	Plate control	Olink Explore HT	Olink Explore HT	plate control normalized	NT=affinity-proteomics;VV=v1.0.0	NT=human;VV=v1.1.0	NT=olink;VV=v1.0.0	v1.1.0	NT=sdrf-skills-autoresearch;VV=v0.0.0
PAD000016-AA26_0m	Homo sapiens	Blood plasma	not available	not available	not available	not available	not available	13	not applicable	blood plasma	PAD000016-r00013-AA26_0m	protein expression profiling by antibody array	1	X201SC23110522-Z01-F004_NPX.parquet	ftp://ftp.pride.ebi.ac.uk/pride/data/archive/2025/09/PAD000016/X201SC23110522-Z01-F004_NPX.parquet	Olink Explore HT	Olink Explore HT	NPX	plate1	Plate control	Olink Explore HT	Olink Explore HT	plate control normalized	NT=affinity-proteomics;VV=v1.0.0	NT=human;VV=v1.1.0	NT=olink;VV=v1.0.0	v1.1.0	NT=sdrf-skills-autoresearch;VV=v0.0.0
PAD000016-AA05_0m	Homo sapiens	Blood plasma	not available	not available	not available	not available	not available	14	not applicable	blood plasma	PAD000016-r00014-AA05_0m	protein expression profiling by antibody array	1	X201SC23110522-Z01-F004_NPX.parquet	ftp://ftp.pride.ebi.ac.uk/pride/data/archive/2025/09/PAD000016/X201SC23110522-Z01-F004_NPX.parquet	Olink Explore HT	Olink Explore HT	NPX	plate1	Plate control	Olink Explore HT	Olink Explore HT	plate control normalized	NT=affinity-proteomics;VV=v1.0.0	NT=human;VV=v1.1.0	NT=olink;VV=v1.0.0	v1.1.0	NT=sdrf-skills-autoresearch;VV=v0.0.0
PAD000016-NB191_T3	Homo sapiens	Blood plasma	not available	not available	not available	not available	not available	15	not applicable	blood plasma	PAD000016-r00015-NB191_T3	protein expression profiling by antibody array	1	X201SC23110522-Z01-F004_NPX.parquet	ftp://ftp.pride.ebi.ac.uk/pride/data/archive/2025/09/PAD000016/X201SC23110522-Z01-F004_NPX.parquet	Olink Explore HT	Olink Explore HT	NPX	plate1	Plate control	Olink Explore HT	Olink Explore HT	plate control normalized	NT=affinity-proteomics;VV=v1.0.0	NT=human;VV=v1.1.0	NT=olink;VV=v1.0.0	v1.1.0	NT=sdrf-skills-autoresearch;VV=v0.0.0
PAD000016-AA61_0m	Homo sapiens	Blood plasma	not available	not available	not available	not available	not available	16	not applicable	blood plasma	PAD000016-r00016-AA61_0m	protein expression profiling by antibody array	1	X201SC23110522-Z01-F004_NPX.parquet	ftp://ftp.pride.ebi.ac.uk/pride/data/archive/2025/09/PAD000016/X201SC23110522-Z01-F004_NPX.parquet	Olink Explore HT	Olink Explore HT	NPX	plate1	Plate control	Olink Explore HT	Olink Explore HT	plate control normalized	NT=affinity-proteomics;VV=v1.0.0	NT=human;VV=v1.1.0	NT=olink;VV=v1.0.0	v1.1.0	NT=sdrf-skills-autoresearch;VV=v0.0.0
PAD000016-AA59_6m	Homo sapiens	Blood plasma	not available	not available	not available	not available	not available	17	not applicable	blood plasma	PAD000016-r00017-AA59_6m	protein expression profiling by antibody array	1	X201SC23110522-Z01-F004_NPX.parquet	ftp://ftp.pride.ebi.ac.uk/pride/data/archive/2025/09/PAD000016/X201SC23110522-Z01-F004_NPX.parquet	Olink Explore HT	Olink Explore HT	NPX	plate1	Plate control	Olink Explore HT	Olink Explore HT	plate control normalized	NT=affinity-proteomics;VV=v1.0.0	NT=human;VV=v1.1.0	NT=olink;VV=v1.0.0	v1.1.0	NT=sdrf-skills-autoresearch;VV=v0.0.0
PAD000016-IPC1	Homo sapiens	Blood plasma	not available	not available	not available	not available	not available	18	plate control	blood plasma	PAD000016-r00018-IPC1	protein expression profiling by antibody array	1	X201SC23110522-Z01-F004_NPX.parquet	ftp://ftp.pride.ebi.ac.uk/pride/data/archive/2025/09/PAD000016/X201SC23110522-Z01-F004_NPX.parquet	Olink Explore HT	Olink Explore HT	NPX	plate1	Plate control	Olink Explore HT	Olink Explore HT	plate control normalized	NT=affinity-proteomics;VV=v1.0.0	NT=human;VV=v1.1.0	NT=olink;VV=v1.0.0	v1.1.0	NT=sdrf-skills-autoresearch;VV=v0.0.0
PAD000016-NB202_T3	Homo sapiens	Blood plasma	not available	not available	not available	not available	not available	19	not applicable	blood plasma	PAD000016-r00019-NB202_T3	protein expression profiling by antibody array	1	X201SC23110522-Z01-F004_NPX.parquet	ftp://ftp.pride.ebi.ac.uk/pride/data/archive/2025/09/PAD000016/X201SC23110522-Z01-F004_NPX.parquet	Olink Explore HT	Olink Explore HT	NPX	plate1	Plate control	Olink Explore HT	Olink Explore HT	plate control normalized	NT=affinity-proteomics;VV=v1.0.0	NT=human;VV=v1.1.0	NT=olink;VV=v1.0.0	v1.1.0	NT=sdrf-skills-autoresearch;VV=v0.0.0
PAD000016-NB219_T3	Homo sapiens	Blood plasma	not available	not available	not available	not available	not available	20	not applicable	blood plasma	PAD000016-r00020-NB219_T3	protein expression profiling by antibody array	1	X201SC23110522-Z01-F004_NPX.parquet	ftp://ftp.pride.ebi.ac.uk/pride/data/archive/2025/09/PAD000016/X201SC23110522-Z01-F004_NPX.parquet	Olink Explore HT	Olink Explore HT	NPX	plate1	Plate control	Olink Explore HT	Olink Explore HT	plate control normalized	NT=affinity-proteomics;VV=v1.0.0	NT=human;VV=v1.1.0	NT=olink;VV=v1.0.0	v1.1.0	NT=sdrf-skills-autoresearch;VV=v0.0.0
PAD000016-AA27_0m	Homo sapiens	Blood plasma	not available	not available	not available	not available	not available	21	not applicable	blood plasma	PAD000016-r00021-AA27_0m	protein expression profiling by antibody array	1	X201SC23110522-Z01-F004_NPX.parquet	ftp://ftp.pride.ebi.ac.uk/pride/data/archive/2025/09/PAD000016/X201SC23110522-Z01-F004_NPX.parquet	Olink Explore HT	Olink Explore HT	NPX	plate1	Plate control	Olink Explore HT	Olink Explore HT	plate control normalized	NT=affinity-proteomics;VV=v1.0.0	NT=human;VV=v1.1.0	NT=olink;VV=v1.0.0	v1.1.0	NT=sdrf-skills-autoresearch;VV=v0.0.0
PAD000016-AA09_6m	Homo sapiens	Blood plasma	not available	not available	not available	not available	not available	22	not applicable	blood plasma	PAD000016-r00022-AA09_6m	protein expression profiling by antibody array	1	X201SC23110522-Z01-F004_NPX.parquet	ftp://ftp.pride.ebi.ac.uk/pride/data/archive/2025/09/PAD000016/X201SC23110522-Z01-F004_NPX.parquet	Olink Explore HT	Olink Explore HT	NPX	plate1	Plate control	Olink Explore HT	Olink Explore HT	plate control normalized	NT=affinity-proteomics;VV=v1.0.0	NT=human;VV=v1.1.0	NT=olink;VV=v1.0.0	v1.1.0	NT=sdrf-skills-autoresearch;VV=v0.0.0
PAD000016-AA27_6m	Homo sapiens	Blood plasma	not available	not available	not available	not available	not available	23	not applicable	blood plasma	PAD000016-r00023-AA27_6m	protein expression profiling by antibody array	1	X201SC23110522-Z01-F004_NPX.parquet	ftp://ftp.pride.ebi.ac.uk/pride/data/archive/2025/09/PAD000016/X201SC23110522-Z01-F004_NPX.parquet	Olink Explore HT	Olink Explore HT	NPX	plate1	Plate control	Olink Explore HT	Olink Explore HT	plate control normalized	NT=affinity-proteomics;VV=v1.0.0	NT=human;VV=v1.1.0	NT=olink;VV=v1.0.0	v1.1.0	NT=sdrf-skills-autoresearch;VV=v0.0.0
PAD000016-NB199_T3	Homo sapiens	Blood plasma	not available	not available	not available	not available	not available	24	not applicable	blood plasma	PAD000016-r00024-NB199_T3	protein expression profiling by antibody array	1	X201SC23110522-Z01-F004_NPX.parquet	ftp://ftp.pride.ebi.ac.uk/pride/data/archive/2025/09/PAD000016/X201SC23110522-Z01-F004_NPX.parquet	Olink Explore HT	Olink Explore HT	NPX	plate1	Plate control	Olink Explore HT	Olink Explore HT	plate control normalized	NT=affinity-proteomics;VV=v1.0.0	NT=human;VV=v1.1.0	NT=olink;VV=v1.0.0	v1.1.0	NT=sdrf-skills-autoresearch;VV=v0.0.0
PAD000016-AA32_0m	Homo sapiens	Blood plasma	not available	not available	not available	not available	not available	25	not applicable	blood plasma	PAD000016-r00025-AA32_0m	protein expression profiling by antibody array	1	X201SC23110522-Z01-F004_NPX.parquet	ftp://ftp.pride.ebi.ac.uk/pride/data/archive/2025/09/PAD000016/X201SC23110522-Z01-F004_NPX.parquet	Olink Explore HT	Olink Explore HT	NPX	plate1	Plate control	Olink Explore HT	Olink Explore HT	plate control normalized	NT=affinity-proteomics;VV=v1.0.0	NT=human;VV=v1.1.0	NT=olink;VV=v1.0.0	v1.1.0	NT=sdrf-skills-autoresearch;VV=v0.0.0
PAD000016-AA55_0m	Homo sapiens	Blood plasma	not available	not available	not available	not available	not available	26	not applicable	blood plasma	PAD000016-r00026-AA55_0m	protein expression profiling by antibody array	1	X201SC23110522-Z01-F004_NPX.parquet	ftp://ftp.pride.ebi.ac.uk/pride/data/archive/2025/09/PAD000016/X201SC23110522-Z01-F004_NPX.parquet	Olink Explore HT	Olink Explore HT	NPX	plate1	Plate control	Olink Explore HT	Olink Explore HT	plate control normalized	NT=affinity-proteomics;VV=v1.0.0	NT=human;VV=v1.1.0	NT=olink;VV=v1.0.0	v1.1.0	NT=sdrf-skills-autoresearch;VV=v0.0.0
PAD000016-IPC2	Homo sapiens	Blood plasma	not available	not available	not available	not available	not available	27	plate control	blood plasma	PAD000016-r00027-IPC2	protein expression profiling by antibody array	1	X201SC23110522-Z01-F004_NPX.parquet	ftp://ftp.pride.ebi.ac.uk/pride/data/archive/2025/09/PAD000016/X201SC23110522-Z01-F004_NPX.parquet	Olink Explore HT	Olink Explore HT	NPX	plate1	Plate control	Olink Explore HT	Olink Explore HT	plate control normalized	NT=affinity-proteomics;VV=v1.0.0	NT=human;VV=v1.1.0	NT=olink;VV=v1.0.0	v1.1.0	NT=sdrf-skills-autoresearch;VV=v0.0.0
PAD000016-AA26_6m	Homo sapiens	Blood plasma	not available	not available	not available	not available	not available	28	not applicable	blood plasma	PAD000016-r00028-AA26_6m	protein expression profiling by antibody array	1	X201SC23110522-Z01-F004_NPX.parquet	ftp://ftp.pride.ebi.ac.uk/pride/data/archive/2025/09/PAD000016/X201SC23110522-Z01-F004_NPX.parquet	Olink Explore HT	Olink Explore HT	NPX	plate1	Plate control	Olink Explore HT	Olink Explore HT	plate control normalized	NT=affinity-proteomics;VV=v1.0.0	NT=human;VV=v1.1.0	NT=olink;VV=v1.0.0	v1.1.0	NT=sdrf-skills-autoresearch;VV=v0.0.0
PAD000016-CIS_M_0m	Homo sapiens	Blood plasma	not available	not available	not available	not available	not available	29	not applicable	blood plasma	PAD000016-r00029-CIS_M_0m	protein expression profiling by antibody array	1	X201SC23110522-Z01-F004_NPX.parquet	ftp://ftp.pride.ebi.ac.uk/pride/data/archive/2025/09/PAD000016/X201SC23110522-Z01-F004_NPX.parquet	Olink Explore HT	Olink Explore HT	NPX	plate1	Plate control	Olink Explore HT	Olink Explore HT	plate control normalized	NT=affinity-proteomics;VV=v1.0.0	NT=human;VV=v1.1.0	NT=olink;VV=v1.0.0	v1.1.0	NT=sdrf-skills-autoresearch;VV=v0.0.0
PAD000016-CIS_F_15m	Homo sapiens	Blood plasma	not available	not available	not available	not available	not available	30	not applicable	blood plasma	PAD000016-r00030-CIS_F_15m	protein expression profiling by antibody array	1	X201SC23110522-Z01-F004_NPX.parquet	ftp://ftp.pride.ebi.ac.uk/pride/data/archive/2025/09/PAD000016/X201SC23110522-Z01-F004_NPX.parquet	Olink Explore HT	Olink Explore HT	NPX	plate1	Plate control	Olink Explore HT	Olink Explore HT	plate control normalized	NT=affinity-proteomics;VV=v1.0.0	NT=human;VV=v1.1.0	NT=olink;VV=v1.0.0	v1.1.0	NT=sdrf-skills-autoresearch;VV=v0.0.0
PAD000016-AA41_6m	Homo sapiens	Blood plasma	not available	not available	not available	not available	not available	31	not applicable	blood plasma	PAD000016-r00031-AA41_6m	protein expression profiling by antibody array	1	X201SC23110522-Z01-F004_NPX.parquet	ftp://ftp.pride.ebi.ac.uk/pride/data/archive/2025/09/PAD000016/X201SC23110522-Z01-F004_NPX.parquet	Olink Explore HT	Olink Explore HT	NPX	plate1	Plate control	Olink Explore HT	Olink Explore HT	plate control normalized	NT=affinity-proteomics;VV=v1.0.0	NT=human;VV=v1.1.0	NT=olink;VV=v1.0.0	v1.1.0	NT=sdrf-skills-autoresearch;VV=v0.0.0
PAD000016-AA03_6m	Homo sapiens	Blood plasma	not available	not available	not available	not available	not available	32	not applicable	blood plasma	PAD000016-r00032-AA03_6m	protein expression profiling by antibody array	1	X201SC23110522-Z01-F004_NPX.parquet	ftp://ftp.pride.ebi.ac.uk/pride/data/archive/2025/09/PAD000016/X201SC23110522-Z01-F004_NPX.parquet	Olink Explore HT	Olink Explore HT	NPX	plate1	Plate control	Olink Explore HT	Olink Explore HT	plate control normalized	NT=affinity-proteomics;VV=v1.0.0	NT=human;VV=v1.1.0	NT=olink;VV=v1.0.0	v1.1.0	NT=sdrf-skills-autoresearch;VV=v0.0.0
PAD000016-NB182_T1	Homo sapiens	Blood plasma	not available	not available	not available	not available	not available	33	not applicable	blood plasma	PAD000016-r00033-NB182_T1	protein expression profiling by antibody array	1	X201SC23110522-Z01-F004_NPX.parquet	ftp://ftp.pride.ebi.ac.uk/pride/data/archive/2025/09/PAD000016/X201SC23110522-Z01-F004_NPX.parquet	Olink Explore HT	Olink Explore HT	NPX	plate1	Plate control	Olink Explore HT	Olink Explore HT	plate control normalized	NT=affinity-proteomics;VV=v1.0.0	NT=human;VV=v1.1.0	NT=olink;VV=v1.0.0	v1.1.0	NT=sdrf-skills-autoresearch;VV=v0.0.0
PAD000016-AA05_6m	Homo sapiens	Blood plasma	not available	not available	not available	not available	not available	34	not applicable	blood plasma	PAD000016-r00034-AA05_6m	protein expression profiling by antibody array	1	X201SC23110522-Z01-F004_NPX.parquet	ftp://ftp.pride.ebi.ac.uk/pride/data/archive/2025/09/PAD000016/X201SC23110522-Z01-F004_NPX.parquet	Olink Explore HT	Olink Explore HT	NPX	plate1	Plate control	Olink Explore HT	Olink Explore HT	plate control normalized	NT=affinity-proteomics;VV=v1.0.0	NT=human;VV=v1.1.0	NT=olink;VV=v1.0.0	v1.1.0	NT=sdrf-skills-autoresearch;VV=v0.0.0
PAD000016-NB211_T3	Homo sapiens	Blood plasma	not available	not available	not available	not available	not available	35	not applicable	blood plasma	PAD000016-r00035-NB211_T3	protein expression profiling by antibody array	1	X201SC23110522-Z01-F004_NPX.parquet	ftp://ftp.pride.ebi.ac.uk/pride/data/archive/2025/09/PAD000016/X201SC23110522-Z01-F004_NPX.parquet	Olink Explore HT	Olink Explore HT	NPX	plate1	Plate control	Olink Explore HT	Olink Explore HT	plate control normalized	NT=affinity-proteomics;VV=v1.0.0	NT=human;VV=v1.1.0	NT=olink;VV=v1.0.0	v1.1.0	NT=sdrf-skills-autoresearch;VV=v0.0.0
PAD000016-IPC3	Homo sapiens	Blood plasma	not available	not available	not available	not available	not available	36	plate control	blood plasma	PAD000016-r00036-IPC3	protein expression profiling by antibody array	1	X201SC23110522-Z01-F004_NPX.parquet	ftp://ftp.pride.ebi.ac.uk/pride/data/archive/2025/09/PAD000016/X201SC23110522-Z01-F004_NPX.parquet	Olink Explore HT	Olink Explore HT	NPX	plate1	Plate control	Olink Explore HT	Olink Explore HT	plate control normalized	NT=affinity-proteomics;VV=v1.0.0	NT=human;VV=v1.1.0	NT=olink;VV=v1.0.0	v1.1.0	NT=sdrf-skills-autoresearch;VV=v0.0.0
PAD000016-AA38_0m	Homo sapiens	Blood plasma	not available	not available	not available	not available	not available	37	not applicable	blood plasma	PAD000016-r00037-AA38_0m	protein expression profiling by antibody array	1	X201SC23110522-Z01-F004_NPX.parquet	ftp://ftp.pride.ebi.ac.uk/pride/data/archive/2025/09/PAD000016/X201SC23110522-Z01-F004_NPX.parquet	Olink Explore HT	Olink Explore HT	NPX	plate1	Plate control	Olink Explore HT	Olink Explore HT	plate control normalized	NT=affinity-proteomics;VV=v1.0.0	NT=human;VV=v1.1.0	NT=olink;VV=v1.0.0	v1.1.0	NT=sdrf-skills-autoresearch;VV=v0.0.0
PAD000016-AA65_6m	Homo sapiens	Blood plasma	not available	not available	not available	not available	not available	38	not applicable	blood plasma	PAD000016-r00038-AA65_6m	protein expression profiling by antibody array	1	X201SC23110522-Z01-F004_NPX.parquet	ftp://ftp.pride.ebi.ac.uk/pride/data/archive/2025/09/PAD000016/X201SC23110522-Z01-F004_NPX.parquet	Olink Explore HT	Olink Explore HT	NPX	plate1	Plate control	Olink Explore HT	Olink Explore HT	plate control normalized	NT=affinity-proteomics;VV=v1.0.0	NT=human;VV=v1.1.0	NT=olink;VV=v1.0.0	v1.1.0	NT=sdrf-skills-autoresearch;VV=v0.0.0
PAD000016-NB172_T1	Homo sapiens	Blood plasma	not available	not available	not available	not available	not available	39	not applicable	blood plasma	PAD000016-r00039-NB172_T1	protein expression profiling by antibody array	1	X201SC23110522-Z01-F004_NPX.parquet	ftp://ftp.pride.ebi.ac.uk/pride/data/archive/2025/09/PAD000016/X201SC23110522-Z01-F004_NPX.parquet	Olink Explore HT	Olink Explore HT	NPX	plate1	Plate control	Olink Explore HT	Olink Explore HT	plate control normalized	NT=affinity-proteomics;VV=v1.0.0	NT=human;VV=v1.1.0	NT=olink;VV=v1.0.0	v1.1.0	NT=sdrf-skills-autoresearch;VV=v0.0.0
PAD000016-NB184_T3	Homo sapiens	Blood plasma	not available	not available	not available	not available	not available	40	not applicable	blood plasma	PAD000016-r00040-NB184_T3	protein expression profiling by antibody array	1	X201SC23110522-Z01-F004_NPX.parquet	ftp://ftp.pride.ebi.ac.uk/pride/data/archive/2025/09/PAD000016/X201SC23110522-Z01-F004_NPX.parquet	Olink Explore HT	Olink Explore HT	NPX	plate1	Plate control	Olink Explore HT	Olink Explore HT	plate control normalized	NT=affinity-proteomics;VV=v1.0.0	NT=human;VV=v1.1.0	NT=olink;VV=v1.0.0	v1.1.0	NT=sdrf-skills-autoresearch;VV=v0.0.0
PAD000016-AA13_0m	Homo sapiens	Blood plasma	not available	not available	not available	not available	not available	41	not applicable	blood plasma	PAD000016-r00041-AA13_0m	protein expression profiling by antibody array	1	X201SC23110522-Z01-F004_NPX.parquet	ftp://ftp.pride.ebi.ac.uk/pride/data/archive/2025/09/PAD000016/X201SC23110522-Z01-F004_NPX.parquet	Olink Explore HT	Olink Explore HT	NPX	plate1	Plate control	Olink Explore HT	Olink Explore HT	plate control normalized	NT=affinity-proteomics;VV=v1.0.0	NT=human;VV=v1.1.0	NT=olink;VV=v1.0.0	v1.1.0	NT=sdrf-skills-autoresearch;VV=v0.0.0
PAD000016-NB178_T3	Homo sapiens	Blood plasma	not available	not available	not available	not available	not available	42	not applicable	blood plasma	PAD000016-r00042-NB178_T3	protein expression profiling by antibody array	1	X201SC23110522-Z01-F004_NPX.parquet	ftp://ftp.pride.ebi.ac.uk/pride/data/archive/2025/09/PAD000016/X201SC23110522-Z01-F004_NPX.parquet	Olink Explore HT	Olink Explore HT	NPX	plate1	Plate control	Olink Explore HT	Olink Explore HT	plate control normalized	NT=affinity-proteomics;VV=v1.0.0	NT=human;VV=v1.1.0	NT=olink;VV=v1.0.0	v1.1.0	NT=sdrf-skills-autoresearch;VV=v0.0.0
PAD000016-AA62_0m	Homo sapiens	Blood plasma	not available	not available	not available	not available	not available	43	not applicable	blood plasma	PAD000016-r00043-AA62_0m	protein expression profiling by antibody array	1	X201SC23110522-Z01-F004_NPX.parquet	ftp://ftp.pride.ebi.ac.uk/pride/data/archive/2025/09/PAD000016/X201SC23110522-Z01-F004_NPX.parquet	Olink Explore HT	Olink Explore HT	NPX	plate1	Plate control	Olink Explore HT	Olink Explore HT	plate control normalized	NT=affinity-proteomics;VV=v1.0.0	NT=human;VV=v1.1.0	NT=olink;VV=v1.0.0	v1.1.0	NT=sdrf-skills-autoresearch;VV=v0.0.0
PAD000016-NB193_T3	Homo sapiens	Blood plasma	not available	not available	not available	not available	not available	44	not applicable	blood plasma	PAD000016-r00044-NB193_T3	protein expression profiling by antibody array	1	X201SC23110522-Z01-F004_NPX.parquet	ftp://ftp.pride.ebi.ac.uk/pride/data/archive/2025/09/PAD000016/X201SC23110522-Z01-F004_NPX.parquet	Olink Explore HT	Olink Explore HT	NPX	plate1	Plate control	Olink Explore HT	Olink Explore HT	plate control normalized	NT=affinity-proteomics;VV=v1.0.0	NT=human;VV=v1.1.0	NT=olink;VV=v1.0.0	v1.1.0	NT=sdrf-skills-autoresearch;VV=v0.0.0
PAD000016-IPC4	Homo sapiens	Blood plasma	not available	not available	not available	not available	not available	45	plate control	blood plasma	PAD000016-r00045-IPC4	protein expression profiling by antibody array	1	X201SC23110522-Z01-F004_NPX.parquet	ftp://ftp.pride.ebi.ac.uk/pride/data/archive/2025/09/PAD000016/X201SC23110522-Z01-F004_NPX.parquet	Olink Explore HT	Olink Explore HT	NPX	plate1	Plate control	Olink Explore HT	Olink Explore HT	plate control normalized	NT=affinity-proteomics;VV=v1.0.0	NT=human;VV=v1.1.0	NT=olink;VV=v1.0.0	v1.1.0	NT=sdrf-skills-autoresearch;VV=v0.0.0
PAD000016-AA62_6m	Homo sapiens	Blood plasma	not available	not available	not available	not available	not available	46	not applicable	blood plasma	PAD000016-r00046-AA62_6m	protein expression profiling by antibody array	1	X201SC23110522-Z01-F004_NPX.parquet	ftp://ftp.pride.ebi.ac.uk/pride/data/archive/2025/09/PAD000016/X201SC23110522-Z01-F004_NPX.parquet	Olink Explore HT	Olink Explore HT	NPX	plate1	Plate control	Olink Explore HT	Olink Explore HT	plate control normalized	NT=affinity-proteomics;VV=v1.0.0	NT=human;VV=v1.1.0	NT=olink;VV=v1.0.0	v1.1.0	NT=sdrf-skills-autoresearch;VV=v0.0.0
PAD000016-AA23_6m	Homo sapiens	Blood plasma	not available	not available	not available	not available	not available	47	not applicable	blood plasma	PAD000016-r00047-AA23_6m	protein expression profiling by antibody array	1	X201SC23110522-Z01-F004_NPX.parquet	ftp://ftp.pride.ebi.ac.uk/pride/data/archive/2025/09/PAD000016/X201SC23110522-Z01-F004_NPX.parquet	Olink Explore HT	Olink Explore HT	NPX	plate1	Plate control	Olink Explore HT	Olink Explore HT	plate control normalized	NT=affinity-proteomics;VV=v1.0.0	NT=human;VV=v1.1.0	NT=olink;VV=v1.0.0	v1.1.0	NT=sdrf-skills-autoresearch;VV=v0.0.0
PAD000016-AA20_6m	Homo sapiens	Blood plasma	not available	not available	not available	not available	not available	48	not applicable	blood plasma	PAD000016-r00048-AA20_6m	protein expression profiling by antibody array	1	X201SC23110522-Z01-F004_NPX.parquet	ftp://ftp.pride.ebi.ac.uk/pride/data/archive/2025/09/PAD000016/X201SC23110522-Z01-F004_NPX.parquet	Olink Explore HT	Olink Explore HT	NPX	plate1	Plate control	Olink Explore HT	Olink Explore HT	plate control normalized	NT=affinity-proteomics;VV=v1.0.0	NT=human;VV=v1.1.0	NT=olink;VV=v1.0.0	v1.1.0	NT=sdrf-skills-autoresearch;VV=v0.0.0
PAD000016-AA53_0m	Homo sapiens	Blood plasma	not available	not available	not available	not available	not available	49	not applicable	blood plasma	PAD000016-r00049-AA53_0m	protein expression profiling by antibody array	1	X201SC23110522-Z01-F004_NPX.parquet	ftp://ftp.pride.ebi.ac.uk/pride/data/archive/2025/09/PAD000016/X201SC23110522-Z01-F004_NPX.parquet	Olink Explore HT	Olink Explore HT	NPX	plate1	Plate control	Olink Explore HT	Olink Explore HT	plate control normalized	NT=affinity-proteomics;VV=v1.0.0	NT=human;VV=v1.1.0	NT=olink;VV=v1.0.0	v1.1.0	NT=sdrf-skills-autoresearch;VV=v0.0.0
PAD000016-CIS_F_0m	Homo sapiens	Blood plasma	not available	not available	not available	not available	not available	50	not applicable	blood plasma	PAD000016-r00050-CIS_F_0m	protein expression profiling by antibody array	1	X201SC23110522-Z01-F004_NPX.parquet	ftp://ftp.pride.ebi.ac.uk/pride/data/archive/2025/09/PAD000016/X201SC23110522-Z01-F004_NPX.parquet	Olink Explore HT	Olink Explore HT	NPX	plate1	Plate control	Olink Explore HT	Olink Explore HT	plate control normalized	NT=affinity-proteomics;VV=v1.0.0	NT=human;VV=v1.1.0	NT=olink;VV=v1.0.0	v1.1.0	NT=sdrf-skills-autoresearch;VV=v0.0.0
PAD000016-AA17_6m	Homo sapiens	Blood plasma	not available	not available	not available	not available	not available	51	not applicable	blood plasma	PAD000016-r00051-AA17_6m	protein expression profiling by antibody array	1	X201SC23110522-Z01-F004_NPX.parquet	ftp://ftp.pride.ebi.ac.uk/pride/data/archive/2025/09/PAD000016/X201SC23110522-Z01-F004_NPX.parquet	Olink Explore HT	Olink Explore HT	NPX	plate1	Plate control	Olink Explore HT	Olink Explore HT	plate control normalized	NT=affinity-proteomics;VV=v1.0.0	NT=human;VV=v1.1.0	NT=olink;VV=v1.0.0	v1.1.0	NT=sdrf-skills-autoresearch;VV=v0.0.0
PAD000016-NB221_T3	Homo sapiens	Blood plasma	not available	not available	not available	not available	not available	52	not applicable	blood plasma	PAD000016-r00052-NB221_T3	protein expression profiling by antibody array	1	X201SC23110522-Z01-F004_NPX.parquet	ftp://ftp.pride.ebi.ac.uk/pride/data/archive/2025/09/PAD000016/X201SC23110522-Z01-F004_NPX.parquet	Olink Explore HT	Olink Explore HT	NPX	plate1	Plate control	Olink Explore HT	Olink Explore HT	plate control normalized	NT=affinity-proteomics;VV=v1.0.0	NT=human;VV=v1.1.0	NT=olink;VV=v1.0.0	v1.1.0	NT=sdrf-skills-autoresearch;VV=v0.0.0
PAD000016-IPC5	Homo sapiens	Blood plasma	not available	not available	not available	not available	not available	53	plate control	blood plasma	PAD000016-r00053-IPC5	protein expression profiling by antibody array	1	X201SC23110522-Z01-F004_NPX.parquet	ftp://ftp.pride.ebi.ac.uk/pride/data/archive/2025/09/PAD000016/X201SC23110522-Z01-F004_NPX.parquet	Olink Explore HT	Olink Explore HT	NPX	plate1	Plate control	Olink Explore HT	Olink Explore HT	plate control normalized	NT=affinity-proteomics;VV=v1.0.0	NT=human;VV=v1.1.0	NT=olink;VV=v1.0.0	v1.1.0	NT=sdrf-skills-autoresearch;VV=v0.0.0
PAD000016-AA53_6m	Homo sapiens	Blood plasma	not available	not available	not available	not available	not available	54	not applicable	blood plasma	PAD000016-r00054-AA53_6m	protein expression profiling by antibody array	1	X201SC23110522-Z01-F004_NPX.parquet	ftp://ftp.pride.ebi.ac.uk/pride/data/archive/2025/09/PAD000016/X201SC23110522-Z01-F004_NPX.parquet	Olink Explore HT	Olink Explore HT	NPX	plate1	Plate control	Olink Explore HT	Olink Explore HT	plate control normalized	NT=affinity-proteomics;VV=v1.0.0	NT=human;VV=v1.1.0	NT=olink;VV=v1.0.0	v1.1.0	NT=sdrf-skills-autoresearch;VV=v0.0.0
PAD000016-CIS_M_6m	Homo sapiens	Blood plasma	not available	not available	not available	not available	not available	55	not applicable	blood plasma	PAD000016-r00055-CIS_M_6m	protein expression profiling by antibody array	1	X201SC23110522-Z01-F004_NPX.parquet	ftp://ftp.pride.ebi.ac.uk/pride/data/archive/2025/09/PAD000016/X201SC23110522-Z01-F004_NPX.parquet	Olink Explore HT	Olink Explore HT	NPX	plate1	Plate control	Olink Explore HT	Olink Explore HT	plate control normalized	NT=affinity-proteomics;VV=v1.0.0	NT=human;VV=v1.1.0	NT=olink;VV=v1.0.0	v1.1.0	NT=sdrf-skills-autoresearch;VV=v0.0.0
PAD000016-NB212_T3	Homo sapiens	Blood plasma	not available	not available	not available	not available	not available	56	not applicable	blood plasma	PAD000016-r00056-NB212_T3	protein expression profiling by antibody array	1	X201SC23110522-Z01-F004_NPX.parquet	ftp://ftp.pride.ebi.ac.uk/pride/data/archive/2025/09/PAD000016/X201SC23110522-Z01-F004_NPX.parquet	Olink Explore HT	Olink Explore HT	NPX	plate1	Plate control	Olink Explore HT	Olink Explore HT	plate control normalized	NT=affinity-proteomics;VV=v1.0.0	NT=human;VV=v1.1.0	NT=olink;VV=v1.0.0	v1.1.0	NT=sdrf-skills-autoresearch;VV=v0.0.0
PAD000016-NB206_T1	Homo sapiens	Blood plasma	not available	not available	not available	not available	not available	57	not applicable	blood plasma	PAD000016-r00057-NB206_T1	protein expression profiling by antibody array	1	X201SC23110522-Z01-F004_NPX.parquet	ftp://ftp.pride.ebi.ac.uk/pride/data/archive/2025/09/PAD000016/X201SC23110522-Z01-F004_NPX.parquet	Olink Explore HT	Olink Explore HT	NPX	plate1	Plate control	Olink Explore HT	Olink Explore HT	plate control normalized	NT=affinity-proteomics;VV=v1.0.0	NT=human;VV=v1.1.0	NT=olink;VV=v1.0.0	v1.1.0	NT=sdrf-skills-autoresearch;VV=v0.0.0
PAD000016-AA51_0m	Homo sapiens	Blood plasma	not available	not available	not available	not available	not available	58	not applicable	blood plasma	PAD000016-r00058-AA51_0m	protein expression profiling by antibody array	1	X201SC23110522-Z01-F004_NPX.parquet	ftp://ftp.pride.ebi.ac.uk/pride/data/archive/2025/09/PAD000016/X201SC23110522-Z01-F004_NPX.parquet	Olink Explore HT	Olink Explore HT	NPX	plate1	Plate control	Olink Explore HT	Olink Explore HT	plate control normalized	NT=affinity-proteomics;VV=v1.0.0	NT=human;VV=v1.1.0	NT=olink;VV=v1.0.0	v1.1.0	NT=sdrf-skills-autoresearch;VV=v0.0.0
PAD000016-AA20_0m	Homo sapiens	Blood plasma	not available	not available	not available	not available	not available	59	not applicable	blood plasma	PAD000016-r00059-AA20_0m	protein expression profiling by antibody array	1	X201SC23110522-Z01-F004_NPX.parquet	ftp://ftp.pride.ebi.ac.uk/pride/data/archive/2025/09/PAD000016/X201SC23110522-Z01-F004_NPX.parquet	Olink Explore HT	Olink Explore HT	NPX	plate1	Plate control	Olink Explore HT	Olink Explore HT	plate control normalized	NT=affinity-proteomics;VV=v1.0.0	NT=human;VV=v1.1.0	NT=olink;VV=v1.0.0	v1.1.0	NT=sdrf-skills-autoresearch;VV=v0.0.0
PAD000016-AA65_0m	Homo sapiens	Blood plasma	not available	not available	not available	not available	not available	60	not applicable	blood plasma	PAD000016-r00060-AA65_0m	protein expression profiling by antibody array	1	X201SC23110522-Z01-F004_NPX.parquet	ftp://ftp.pride.ebi.ac.uk/pride/data/archive/2025/09/PAD000016/X201SC23110522-Z01-F004_NPX.parquet	Olink Explore HT	Olink Explore HT	NPX	plate1	Plate control	Olink Explore HT	Olink Explore HT	plate control normalized	NT=affinity-proteomics;VV=v1.0.0	NT=human;VV=v1.1.0	NT=olink;VV=v1.0.0	v1.1.0	NT=sdrf-skills-autoresearch;VV=v0.0.0
PAD000016-SC1	Homo sapiens	Blood plasma	not available	not available	not available	not available	not available	61	quality control sample	blood plasma	PAD000016-r00061-SC1	protein expression profiling by antibody array	1	X201SC23110522-Z01-F004_NPX.parquet	ftp://ftp.pride.ebi.ac.uk/pride/data/archive/2025/09/PAD000016/X201SC23110522-Z01-F004_NPX.parquet	Olink Explore HT	Olink Explore HT	NPX	plate1	Plate control	Olink Explore HT	Olink Explore HT	plate control normalized	NT=affinity-proteomics;VV=v1.0.0	NT=human;VV=v1.1.0	NT=olink;VV=v1.0.0	v1.1.0	NT=sdrf-skills-autoresearch;VV=v0.0.0
PAD000016-NC1	Homo sapiens	Blood plasma	not available	not available	not available	not available	not available	62	negative control	blood plasma	PAD000016-r00062-NC1	protein expression profiling by antibody array	1	X201SC23110522-Z01-F004_NPX.parquet	ftp://ftp.pride.ebi.ac.uk/pride/data/archive/2025/09/PAD000016/X201SC23110522-Z01-F004_NPX.parquet	Olink Explore HT	Olink Explore HT	NPX	plate1	Plate control	Olink Explore HT	Olink Explore HT	plate control normalized	NT=affinity-proteomics;VV=v1.0.0	NT=human;VV=v1.1.0	NT=olink;VV=v1.0.0	v1.1.0	NT=sdrf-skills-autoresearch;VV=v0.0.0
PAD000016-AA13_6m	Homo sapiens	Blood plasma	not available	not available	not available	not available	not available	63	not applicable	blood plasma	PAD000016-r00063-AA13_6m	protein expression profiling by antibody array	1	X201SC23110522-Z01-F004_NPX.parquet	ftp://ftp.pride.ebi.ac.uk/pride/data/archive/2025/09/PAD000016/X201SC23110522-Z01-F004_NPX.parquet	Olink Explore HT	Olink Explore HT	NPX	plate1	Plate control	Olink Explore HT	Olink Explore HT	plate control normalized	NT=affinity-proteomics;VV=v1.0.0	NT=human;VV=v1.1.0	NT=olink;VV=v1.0.0	v1.1.0	NT=sdrf-skills-autoresearch;VV=v0.0.0
PAD000016-AA23_0m	Homo sapiens	Blood plasma	not available	not available	not available	not available	not available	64	not applicable	blood plasma	PAD000016-r00064-AA23_0m	protein expression profiling by antibody array	1	X201SC23110522-Z01-F004_NPX.parquet	ftp://ftp.pride.ebi.ac.uk/pride/data/archive/2025/09/PAD000016/X201SC23110522-Z01-F004_NPX.parquet	Olink Explore HT	Olink Explore HT	NPX	plate1	Plate control	Olink Explore HT	Olink Explore HT	plate control normalized	NT=affinity-proteomics;VV=v1.0.0	NT=human;VV=v1.1.0	NT=olink;VV=v1.0.0	v1.1.0	NT=sdrf-skills-autoresearch;VV=v0.0.0
PAD000016-AA51_6m	Homo sapiens	Blood plasma	not available	not available	not available	not available	not available	65	not applicable	blood plasma	PAD000016-r00065-AA51_6m	protein expression profiling by antibody array	1	X201SC23110522-Z01-F004_NPX.parquet	ftp://ftp.pride.ebi.ac.uk/pride/data/archive/2025/09/PAD000016/X201SC23110522-Z01-F004_NPX.parquet	Olink Explore HT	Olink Explore HT	NPX	plate1	Plate control	Olink Explore HT	Olink Explore HT	plate control normalized	NT=affinity-proteomics;VV=v1.0.0	NT=human;VV=v1.1.0	NT=olink;VV=v1.0.0	v1.1.0	NT=sdrf-skills-autoresearch;VV=v0.0.0
PAD000016-AA03_0m	Homo sapiens	Blood plasma	not available	not available	not available	not available	not available	66	not applicable	blood plasma	PAD000016-r00066-AA03_0m	protein expression profiling by antibody array	1	X201SC23110522-Z01-F004_NPX.parquet	ftp://ftp.pride.ebi.ac.uk/pride/data/archive/2025/09/PAD000016/X201SC23110522-Z01-F004_NPX.parquet	Olink Explore HT	Olink Explore HT	NPX	plate1	Plate control	Olink Explore HT	Olink Explore HT	plate control normalized	NT=affinity-proteomics;VV=v1.0.0	NT=human;VV=v1.1.0	NT=olink;VV=v1.0.0	v1.1.0	NT=sdrf-skills-autoresearch;VV=v0.0.0
PAD000016-NB218_T3	Homo sapiens	Blood plasma	not available	not available	not available	not available	not available	67	not applicable	blood plasma	PAD000016-r00067-NB218_T3	protein expression profiling by antibody array	1	X201SC23110522-Z01-F004_NPX.parquet	ftp://ftp.pride.ebi.ac.uk/pride/data/archive/2025/09/PAD000016/X201SC23110522-Z01-F004_NPX.parquet	Olink Explore HT	Olink Explore HT	NPX	plate1	Plate control	Olink Explore HT	Olink Explore HT	plate control normalized	NT=affinity-proteomics;VV=v1.0.0	NT=human;VV=v1.1.0	NT=olink;VV=v1.0.0	v1.1.0	NT=sdrf-skills-autoresearch;VV=v0.0.0
PAD000016-AA41_0m	Homo sapiens	Blood plasma	not available	not available	not available	not available	not available	68	not applicable	blood plasma	PAD000016-r00068-AA41_0m	protein expression profiling by antibody array	1	X201SC23110522-Z01-F004_NPX.parquet	ftp://ftp.pride.ebi.ac.uk/pride/data/archive/2025/09/PAD000016/X201SC23110522-Z01-F004_NPX.parquet	Olink Explore HT	Olink Explore HT	NPX	plate1	Plate control	Olink Explore HT	Olink Explore HT	plate control normalized	NT=affinity-proteomics;VV=v1.0.0	NT=human;VV=v1.1.0	NT=olink;VV=v1.0.0	v1.1.0	NT=sdrf-skills-autoresearch;VV=v0.0.0
PAD000016-AA55_6m	Homo sapiens	Blood plasma	not available	not available	not available	not available	not available	69	not applicable	blood plasma	PAD000016-r00069-AA55_6m	protein expression profiling by antibody array	1	X201SC23110522-Z01-F004_NPX.parquet	ftp://ftp.pride.ebi.ac.uk/pride/data/archive/2025/09/PAD000016/X201SC23110522-Z01-F004_NPX.parquet	Olink Explore HT	Olink Explore HT	NPX	plate1	Plate control	Olink Explore HT	Olink Explore HT	plate control normalized	NT=affinity-proteomics;VV=v1.0.0	NT=human;VV=v1.1.0	NT=olink;VV=v1.0.0	v1.1.0	NT=sdrf-skills-autoresearch;VV=v0.0.0
PAD000016-SC2	Homo sapiens	Blood plasma	not available	not available	not available	not available	not available	70	quality control sample	blood plasma	PAD000016-r00070-SC2	protein expression profiling by antibody array	1	X201SC23110522-Z01-F004_NPX.parquet	ftp://ftp.pride.ebi.ac.uk/pride/data/archive/2025/09/PAD000016/X201SC23110522-Z01-F004_NPX.parquet	Olink Explore HT	Olink Explore HT	NPX	plate1	Plate control	Olink Explore HT	Olink Explore HT	plate control normalized	NT=affinity-proteomics;VV=v1.0.0	NT=human;VV=v1.1.0	NT=olink;VV=v1.0.0	v1.1.0	NT=sdrf-skills-autoresearch;VV=v0.0.0
PAD000016-NC2	Homo sapiens	Blood plasma	not available	not available	not available	not available	not available	71	negative control	blood plasma	PAD000016-r00071-NC2	protein expression profiling by antibody array	1	X201SC23110522-Z01-F004_NPX.parquet	ftp://ftp.pride.ebi.ac.uk/pride/data/archive/2025/09/PAD000016/X201SC23110522-Z01-F004_NPX.parquet	Olink Explore HT	Olink Explore HT	NPX	plate1	Plate control	Olink Explore HT	Olink Explore HT	plate control normalized	NT=affinity-proteomics;VV=v1.0.0	NT=human;VV=v1.1.0	NT=olink;VV=v1.0.0	v1.1.0	NT=sdrf-skills-autoresearch;VV=v0.0.0
PAD000016-AA22_0m	Homo sapiens	Blood plasma	not available	not available	not available	not available	not available	72	not applicable	blood plasma	PAD000016-r00072-AA22_0m	protein expression profiling by antibody array	1	X201SC25020748-Z01-F001.parquet	ftp://ftp.pride.ebi.ac.uk/pride/data/archive/2025/09/PAD000016/X201SC25020748-Z01-F001.parquet	Olink Explore HT	Olink Explore HT	NPX	plate1	Plate control	Olink Explore HT	Olink Explore HT	plate control normalized	NT=affinity-proteomics;VV=v1.0.0	NT=human;VV=v1.1.0	NT=olink;VV=v1.0.0	v1.1.0	NT=sdrf-skills-autoresearch;VV=v0.0.0
PAD000016-AA07_0m	Homo sapiens	Blood plasma	not available	not available	not available	not available	not available	73	not applicable	blood plasma	PAD000016-r00073-AA07_0m	protein expression profiling by antibody array	1	X201SC25020748-Z01-F001.parquet	ftp://ftp.pride.ebi.ac.uk/pride/data/archive/2025/09/PAD000016/X201SC25020748-Z01-F001.parquet	Olink Explore HT	Olink Explore HT	NPX	plate1	Plate control	Olink Explore HT	Olink Explore HT	plate control normalized	NT=affinity-proteomics;VV=v1.0.0	NT=human;VV=v1.1.0	NT=olink;VV=v1.0.0	v1.1.0	NT=sdrf-skills-autoresearch;VV=v0.0.0
PAD000016-AA24_6m	Homo sapiens	Blood plasma	not available	not available	not available	not available	not available	74	not applicable	blood plasma	PAD000016-r00074-AA24_6m	protein expression profiling by antibody array	1	X201SC25020748-Z01-F001.parquet	ftp://ftp.pride.ebi.ac.uk/pride/data/archive/2025/09/PAD000016/X201SC25020748-Z01-F001.parquet	Olink Explore HT	Olink Explore HT	NPX	plate1	Plate control	Olink Explore HT	Olink Explore HT	plate control normalized	NT=affinity-proteomics;VV=v1.0.0	NT=human;VV=v1.1.0	NT=olink;VV=v1.0.0	v1.1.0	NT=sdrf-skills-autoresearch;VV=v0.0.0
PAD000016-AA39_0m	Homo sapiens	Blood plasma	not available	not available	not available	not available	not available	75	not applicable	blood plasma	PAD000016-r00075-AA39_0m	protein expression profiling by antibody array	1	X201SC25020748-Z01-F001.parquet	ftp://ftp.pride.ebi.ac.uk/pride/data/archive/2025/09/PAD000016/X201SC25020748-Z01-F001.parquet	Olink Explore HT	Olink Explore HT	NPX	plate1	Plate control	Olink Explore HT	Olink Explore HT	plate control normalized	NT=affinity-proteomics;VV=v1.0.0	NT=human;VV=v1.1.0	NT=olink;VV=v1.0.0	v1.1.0	NT=sdrf-skills-autoresearch;VV=v0.0.0
PAD000016-AA36_6m	Homo sapiens	Blood plasma	not available	not available	not available	not available	not available	76	not applicable	blood plasma	PAD000016-r00076-AA36_6m	protein expression profiling by antibody array	1	X201SC25020748-Z01-F001.parquet	ftp://ftp.pride.ebi.ac.uk/pride/data/archive/2025/09/PAD000016/X201SC25020748-Z01-F001.parquet	Olink Explore HT	Olink Explore HT	NPX	plate1	Plate control	Olink Explore HT	Olink Explore HT	plate control normalized	NT=affinity-proteomics;VV=v1.0.0	NT=human;VV=v1.1.0	NT=olink;VV=v1.0.0	v1.1.0	NT=sdrf-skills-autoresearch;VV=v0.0.0
PAD000016-AA31_0m	Homo sapiens	Blood plasma	not available	not available	not available	not available	not available	77	not applicable	blood plasma	PAD000016-r00077-AA31_0m	protein expression profiling by antibody array	1	X201SC25020748-Z01-F001.parquet	ftp://ftp.pride.ebi.ac.uk/pride/data/archive/2025/09/PAD000016/X201SC25020748-Z01-F001.parquet	Olink Explore HT	Olink Explore HT	NPX	plate1	Plate control	Olink Explore HT	Olink Explore HT	plate control normalized	NT=affinity-proteomics;VV=v1.0.0	NT=human;VV=v1.1.0	NT=olink;VV=v1.0.0	v1.1.0	NT=sdrf-skills-autoresearch;VV=v0.0.0
PAD000016-SC3	Homo sapiens	Blood plasma	not available	not available	not available	not available	not available	9	quality control sample	blood plasma	PAD000016-r00078-SC3	protein expression profiling by antibody array	1	X201SC25020748-Z01-F001.parquet	ftp://ftp.pride.ebi.ac.uk/pride/data/archive/2025/09/PAD000016/X201SC25020748-Z01-F001.parquet	Olink Explore HT	Olink Explore HT	NPX	plate1	Plate control	Olink Explore HT	Olink Explore HT	plate control normalized	NT=affinity-proteomics;VV=v1.0.0	NT=human;VV=v1.1.0	NT=olink;VV=v1.0.0	v1.1.0	NT=sdrf-skills-autoresearch;VV=v0.0.0
PAD000016-AA54_6m	Homo sapiens	Blood plasma	not available	not available	not available	not available	not available	78	not applicable	blood plasma	PAD000016-r00079-AA54_6m	protein expression profiling by antibody array	1	X201SC25020748-Z01-F001.parquet	ftp://ftp.pride.ebi.ac.uk/pride/data/archive/2025/09/PAD000016/X201SC25020748-Z01-F001.parquet	Olink Explore HT	Olink Explore HT	NPX	plate1	Plate control	Olink Explore HT	Olink Explore HT	plate control normalized	NT=affinity-proteomics;VV=v1.0.0	NT=human;VV=v1.1.0	NT=olink;VV=v1.0.0	v1.1.0	NT=sdrf-skills-autoresearch;VV=v0.0.0
PAD000016-AA44_0m	Homo sapiens	Blood plasma	not available	not available	not available	not available	not available	79	not applicable	blood plasma	PAD000016-r00080-AA44_0m	protein expression profiling by antibody array	1	X201SC25020748-Z01-F001.parquet	ftp://ftp.pride.ebi.ac.uk/pride/data/archive/2025/09/PAD000016/X201SC25020748-Z01-F001.parquet	Olink Explore HT	Olink Explore HT	NPX	plate1	Plate control	Olink Explore HT	Olink Explore HT	plate control normalized	NT=affinity-proteomics;VV=v1.0.0	NT=human;VV=v1.1.0	NT=olink;VV=v1.0.0	v1.1.0	NT=sdrf-skills-autoresearch;VV=v0.0.0
PAD000016-AA57_0m	Homo sapiens	Blood plasma	not available	not available	not available	not available	not available	80	not applicable	blood plasma	PAD000016-r00081-AA57_0m	protein expression profiling by antibody array	1	X201SC25020748-Z01-F001.parquet	ftp://ftp.pride.ebi.ac.uk/pride/data/archive/2025/09/PAD000016/X201SC25020748-Z01-F001.parquet	Olink Explore HT	Olink Explore HT	NPX	plate1	Plate control	Olink Explore HT	Olink Explore HT	plate control normalized	NT=affinity-proteomics;VV=v1.0.0	NT=human;VV=v1.1.0	NT=olink;VV=v1.0.0	v1.1.0	NT=sdrf-skills-autoresearch;VV=v0.0.0
PAD000016-AA17_6m_rep	Homo sapiens	Blood plasma	not available	not available	not available	not available	not available	81	not applicable	blood plasma	PAD000016-r00082-AA17_6m_rep	protein expression profiling by antibody array	1	X201SC25020748-Z01-F001.parquet	ftp://ftp.pride.ebi.ac.uk/pride/data/archive/2025/09/PAD000016/X201SC25020748-Z01-F001.parquet	Olink Explore HT	Olink Explore HT	NPX	plate1	Plate control	Olink Explore HT	Olink Explore HT	plate control normalized	NT=affinity-proteomics;VV=v1.0.0	NT=human;VV=v1.1.0	NT=olink;VV=v1.0.0	v1.1.0	NT=sdrf-skills-autoresearch;VV=v0.0.0
PAD000016-AA58_0m	Homo sapiens	Blood plasma	not available	not available	not available	not available	not available	82	not applicable	blood plasma	PAD000016-r00083-AA58_0m	protein expression profiling by antibody array	1	X201SC25020748-Z01-F001.parquet	ftp://ftp.pride.ebi.ac.uk/pride/data/archive/2025/09/PAD000016/X201SC25020748-Z01-F001.parquet	Olink Explore HT	Olink Explore HT	NPX	plate1	Plate control	Olink Explore HT	Olink Explore HT	plate control normalized	NT=affinity-proteomics;VV=v1.0.0	NT=human;VV=v1.1.0	NT=olink;VV=v1.0.0	v1.1.0	NT=sdrf-skills-autoresearch;VV=v0.0.0
PAD000016-AA16_6m	Homo sapiens	Blood plasma	not available	not available	not available	not available	not available	83	not applicable	blood plasma	PAD000016-r00084-AA16_6m	protein expression profiling by antibody array	1	X201SC25020748-Z01-F001.parquet	ftp://ftp.pride.ebi.ac.uk/pride/data/archive/2025/09/PAD000016/X201SC25020748-Z01-F001.parquet	Olink Explore HT	Olink Explore HT	NPX	plate1	Plate control	Olink Explore HT	Olink Explore HT	plate control normalized	NT=affinity-proteomics;VV=v1.0.0	NT=human;VV=v1.1.0	NT=olink;VV=v1.0.0	v1.1.0	NT=sdrf-skills-autoresearch;VV=v0.0.0
PAD000016-IPC1	Homo sapiens	Blood plasma	not available	not available	not available	not available	not available	18	plate control	blood plasma	PAD000016-r00085-IPC1	protein expression profiling by antibody array	1	X201SC25020748-Z01-F001.parquet	ftp://ftp.pride.ebi.ac.uk/pride/data/archive/2025/09/PAD000016/X201SC25020748-Z01-F001.parquet	Olink Explore HT	Olink Explore HT	NPX	plate1	Plate control	Olink Explore HT	Olink Explore HT	plate control normalized	NT=affinity-proteomics;VV=v1.0.0	NT=human;VV=v1.1.0	NT=olink;VV=v1.0.0	v1.1.0	NT=sdrf-skills-autoresearch;VV=v0.0.0
PAD000016-AA28_6m	Homo sapiens	Blood plasma	not available	not available	not available	not available	not available	84	not applicable	blood plasma	PAD000016-r00086-AA28_6m	protein expression profiling by antibody array	1	X201SC25020748-Z01-F001.parquet	ftp://ftp.pride.ebi.ac.uk/pride/data/archive/2025/09/PAD000016/X201SC25020748-Z01-F001.parquet	Olink Explore HT	Olink Explore HT	NPX	plate1	Plate control	Olink Explore HT	Olink Explore HT	plate control normalized	NT=affinity-proteomics;VV=v1.0.0	NT=human;VV=v1.1.0	NT=olink;VV=v1.0.0	v1.1.0	NT=sdrf-skills-autoresearch;VV=v0.0.0
PAD000016-AA24_0m	Homo sapiens	Blood plasma	not available	not available	not available	not available	not available	85	not applicable	blood plasma	PAD000016-r00087-AA24_0m	protein expression profiling by antibody array	1	X201SC25020748-Z01-F001.parquet	ftp://ftp.pride.ebi.ac.uk/pride/data/archive/2025/09/PAD000016/X201SC25020748-Z01-F001.parquet	Olink Explore HT	Olink Explore HT	NPX	plate1	Plate control	Olink Explore HT	Olink Explore HT	plate control normalized	NT=affinity-proteomics;VV=v1.0.0	NT=human;VV=v1.1.0	NT=olink;VV=v1.0.0	v1.1.0	NT=sdrf-skills-autoresearch;VV=v0.0.0
PAD000016-AA58_6m	Homo sapiens	Blood plasma	not available	not available	not available	not available	not available	86	not applicable	blood plasma	PAD000016-r00088-AA58_6m	protein expression profiling by antibody array	1	X201SC25020748-Z01-F001.parquet	ftp://ftp.pride.ebi.ac.uk/pride/data/archive/2025/09/PAD000016/X201SC25020748-Z01-F001.parquet	Olink Explore HT	Olink Explore HT	NPX	plate1	Plate control	Olink Explore HT	Olink Explore HT	plate control normalized	NT=affinity-proteomics;VV=v1.0.0	NT=human;VV=v1.1.0	NT=olink;VV=v1.0.0	v1.1.0	NT=sdrf-skills-autoresearch;VV=v0.0.0
PAD000016-AA56_0m	Homo sapiens	Blood plasma	not available	not available	not available	not available	not available	87	not applicable	blood plasma	PAD000016-r00089-AA56_0m	protein expression profiling by antibody array	1	X201SC25020748-Z01-F001.parquet	ftp://ftp.pride.ebi.ac.uk/pride/data/archive/2025/09/PAD000016/X201SC25020748-Z01-F001.parquet	Olink Explore HT	Olink Explore HT	NPX	plate1	Plate control	Olink Explore HT	Olink Explore HT	plate control normalized	NT=affinity-proteomics;VV=v1.0.0	NT=human;VV=v1.1.0	NT=olink;VV=v1.0.0	v1.1.0	NT=sdrf-skills-autoresearch;VV=v0.0.0
PAD000016-AA48_0m	Homo sapiens	Blood plasma	not available	not available	not available	not available	not available	88	not applicable	blood plasma	PAD000016-r00090-AA48_0m	protein expression profiling by antibody array	1	X201SC25020748-Z01-F001.parquet	ftp://ftp.pride.ebi.ac.uk/pride/data/archive/2025/09/PAD000016/X201SC25020748-Z01-F001.parquet	Olink Explore HT	Olink Explore HT	NPX	plate1	Plate control	Olink Explore HT	Olink Explore HT	plate control normalized	NT=affinity-proteomics;VV=v1.0.0	NT=human;VV=v1.1.0	NT=olink;VV=v1.0.0	v1.1.0	NT=sdrf-skills-autoresearch;VV=v0.0.0
PAD000016-IPC2	Homo sapiens	Blood plasma	not available	not available	not available	not available	not available	27	plate control	blood plasma	PAD000016-r00091-IPC2	protein expression profiling by antibody array	1	X201SC25020748-Z01-F001.parquet	ftp://ftp.pride.ebi.ac.uk/pride/data/archive/2025/09/PAD000016/X201SC25020748-Z01-F001.parquet	Olink Explore HT	Olink Explore HT	NPX	plate1	Plate control	Olink Explore HT	Olink Explore HT	plate control normalized	NT=affinity-proteomics;VV=v1.0.0	NT=human;VV=v1.1.0	NT=olink;VV=v1.0.0	v1.1.0	NT=sdrf-skills-autoresearch;VV=v0.0.0
PAD000016-AA25_0m	Homo sapiens	Blood plasma	not available	not available	not available	not available	not available	89	not applicable	blood plasma	PAD000016-r00092-AA25_0m	protein expression profiling by antibody array	1	X201SC25020748-Z01-F001.parquet	ftp://ftp.pride.ebi.ac.uk/pride/data/archive/2025/09/PAD000016/X201SC25020748-Z01-F001.parquet	Olink Explore HT	Olink Explore HT	NPX	plate1	Plate control	Olink Explore HT	Olink Explore HT	plate control normalized	NT=affinity-proteomics;VV=v1.0.0	NT=human;VV=v1.1.0	NT=olink;VV=v1.0.0	v1.1.0	NT=sdrf-skills-autoresearch;VV=v0.0.0
PAD000016-AA48_6m	Homo sapiens	Blood plasma	not available	not available	not available	not available	not available	90	not applicable	blood plasma	PAD000016-r00093-AA48_6m	protein expression profiling by antibody array	1	X201SC25020748-Z01-F001.parquet	ftp://ftp.pride.ebi.ac.uk/pride/data/archive/2025/09/PAD000016/X201SC25020748-Z01-F001.parquet	Olink Explore HT	Olink Explore HT	NPX	plate1	Plate control	Olink Explore HT	Olink Explore HT	plate control normalized	NT=affinity-proteomics;VV=v1.0.0	NT=human;VV=v1.1.0	NT=olink;VV=v1.0.0	v1.1.0	NT=sdrf-skills-autoresearch;VV=v0.0.0
PAD000016-AA21_0m	Homo sapiens	Blood plasma	not available	not available	not available	not available	not available	91	not applicable	blood plasma	PAD000016-r00094-AA21_0m	protein expression profiling by antibody array	1	X201SC25020748-Z01-F001.parquet	ftp://ftp.pride.ebi.ac.uk/pride/data/archive/2025/09/PAD000016/X201SC25020748-Z01-F001.parquet	Olink Explore HT	Olink Explore HT	NPX	plate1	Plate control	Olink Explore HT	Olink Explore HT	plate control normalized	NT=affinity-proteomics;VV=v1.0.0	NT=human;VV=v1.1.0	NT=olink;VV=v1.0.0	v1.1.0	NT=sdrf-skills-autoresearch;VV=v0.0.0
PAD000016-AA34_6m	Homo sapiens	Blood plasma	not available	not available	not available	not available	not available	92	not applicable	blood plasma	PAD000016-r00095-AA34_6m	protein expression profiling by antibody array	1	X201SC25020748-Z01-F001.parquet	ftp://ftp.pride.ebi.ac.uk/pride/data/archive/2025/09/PAD000016/X201SC25020748-Z01-F001.parquet	Olink Explore HT	Olink Explore HT	NPX	plate1	Plate control	Olink Explore HT	Olink Explore HT	plate control normalized	NT=affinity-proteomics;VV=v1.0.0	NT=human;VV=v1.1.0	NT=olink;VV=v1.0.0	v1.1.0	NT=sdrf-skills-autoresearch;VV=v0.0.0
PAD000016-AA22_6m	Homo sapiens	Blood plasma	not available	not available	not available	not available	not available	93	not applicable	blood plasma	PAD000016-r00096-AA22_6m	protein expression profiling by antibody array	1	X201SC25020748-Z01-F001.parquet	ftp://ftp.pride.ebi.ac.uk/pride/data/archive/2025/09/PAD000016/X201SC25020748-Z01-F001.parquet	Olink Explore HT	Olink Explore HT	NPX	plate1	Plate control	Olink Explore HT	Olink Explore HT	plate control normalized	NT=affinity-proteomics;VV=v1.0.0	NT=human;VV=v1.1.0	NT=olink;VV=v1.0.0	v1.1.0	NT=sdrf-skills-autoresearch;VV=v0.0.0
PAD000016-IPC3	Homo sapiens	Blood plasma	not available	not available	not available	not available	not available	36	plate control	blood plasma	PAD000016-r00097-IPC3	protein expression profiling by antibody array	1	X201SC25020748-Z01-F001.parquet	ftp://ftp.pride.ebi.ac.uk/pride/data/archive/2025/09/PAD000016/X201SC25020748-Z01-F001.parquet	Olink Explore HT	Olink Explore HT	NPX	plate1	Plate control	Olink Explore HT	Olink Explore HT	plate control normalized	NT=affinity-proteomics;VV=v1.0.0	NT=human;VV=v1.1.0	NT=olink;VV=v1.0.0	v1.1.0	NT=sdrf-skills-autoresearch;VV=v0.0.0
PAD000016-AA63_6m	Homo sapiens	Blood plasma	not available	not available	not available	not available	not available	94	not applicable	blood plasma	PAD000016-r00098-AA63_6m	protein expression profiling by antibody array	1	X201SC25020748-Z01-F001.parquet	ftp://ftp.pride.ebi.ac.uk/pride/data/archive/2025/09/PAD000016/X201SC25020748-Z01-F001.parquet	Olink Explore HT	Olink Explore HT	NPX	plate1	Plate control	Olink Explore HT	Olink Explore HT	plate control normalized	NT=affinity-proteomics;VV=v1.0.0	NT=human;VV=v1.1.0	NT=olink;VV=v1.0.0	v1.1.0	NT=sdrf-skills-autoresearch;VV=v0.0.0
PAD000016-AA02_0m	Homo sapiens	Blood plasma	not available	not available	not available	not available	not available	95	not applicable	blood plasma	PAD000016-r00099-AA02_0m	protein expression profiling by antibody array	1	X201SC25020748-Z01-F001.parquet	ftp://ftp.pride.ebi.ac.uk/pride/data/archive/2025/09/PAD000016/X201SC25020748-Z01-F001.parquet	Olink Explore HT	Olink Explore HT	NPX	plate1	Plate control	Olink Explore HT	Olink Explore HT	plate control normalized	NT=affinity-proteomics;VV=v1.0.0	NT=human;VV=v1.1.0	NT=olink;VV=v1.0.0	v1.1.0	NT=sdrf-skills-autoresearch;VV=v0.0.0
PAD000016-AA29_6m	Homo sapiens	Blood plasma	not available	not available	not available	not available	not available	96	not applicable	blood plasma	PAD000016-r00100-AA29_6m	protein expression profiling by antibody array	1	X201SC25020748-Z01-F001.parquet	ftp://ftp.pride.ebi.ac.uk/pride/data/archive/2025/09/PAD000016/X201SC25020748-Z01-F001.parquet	Olink Explore HT	Olink Explore HT	NPX	plate1	Plate control	Olink Explore HT	Olink Explore HT	plate control normalized	NT=affinity-proteomics;VV=v1.0.0	NT=human;VV=v1.1.0	NT=olink;VV=v1.0.0	v1.1.0	NT=sdrf-skills-autoresearch;VV=v0.0.0
PAD000016-AA31_6m	Homo sapiens	Blood plasma	not available	not available	not available	not available	not available	97	not applicable	blood plasma	PAD000016-r00101-AA31_6m	protein expression profiling by antibody array	1	X201SC25020748-Z01-F001.parquet	ftp://ftp.pride.ebi.ac.uk/pride/data/archive/2025/09/PAD000016/X201SC25020748-Z01-F001.parquet	Olink Explore HT	Olink Explore HT	NPX	plate1	Plate control	Olink Explore HT	Olink Explore HT	plate control normalized	NT=affinity-proteomics;VV=v1.0.0	NT=human;VV=v1.1.0	NT=olink;VV=v1.0.0	v1.1.0	NT=sdrf-skills-autoresearch;VV=v0.0.0
PAD000016-AA34_0m	Homo sapiens	Blood plasma	not available	not available	not available	not available	not available	98	not applicable	blood plasma	PAD000016-r00102-AA34_0m	protein expression profiling by antibody array	1	X201SC25020748-Z01-F001.parquet	ftp://ftp.pride.ebi.ac.uk/pride/data/archive/2025/09/PAD000016/X201SC25020748-Z01-F001.parquet	Olink Explore HT	Olink Explore HT	NPX	plate1	Plate control	Olink Explore HT	Olink Explore HT	plate control normalized	NT=affinity-proteomics;VV=v1.0.0	NT=human;VV=v1.1.0	NT=olink;VV=v1.0.0	v1.1.0	NT=sdrf-skills-autoresearch;VV=v0.0.0
PAD000016-IPC4	Homo sapiens	Blood plasma	not available	not available	not available	not available	not available	45	plate control	blood plasma	PAD000016-r00103-IPC4	protein expression profiling by antibody array	1	X201SC25020748-Z01-F001.parquet	ftp://ftp.pride.ebi.ac.uk/pride/data/archive/2025/09/PAD000016/X201SC25020748-Z01-F001.parquet	Olink Explore HT	Olink Explore HT	NPX	plate1	Plate control	Olink Explore HT	Olink Explore HT	plate control normalized	NT=affinity-proteomics;VV=v1.0.0	NT=human;VV=v1.1.0	NT=olink;VV=v1.0.0	v1.1.0	NT=sdrf-skills-autoresearch;VV=v0.0.0
PAD000016-AA57_6m	Homo sapiens	Blood plasma	not available	not available	not available	not available	not available	99	not applicable	blood plasma	PAD000016-r00104-AA57_6m	protein expression profiling by antibody array	1	X201SC25020748-Z01-F001.parquet	ftp://ftp.pride.ebi.ac.uk/pride/data/archive/2025/09/PAD000016/X201SC25020748-Z01-F001.parquet	Olink Explore HT	Olink Explore HT	NPX	plate1	Plate control	Olink Explore HT	Olink Explore HT	plate control normalized	NT=affinity-proteomics;VV=v1.0.0	NT=human;VV=v1.1.0	NT=olink;VV=v1.0.0	v1.1.0	NT=sdrf-skills-autoresearch;VV=v0.0.0
PAD000016-AA25_6m	Homo sapiens	Blood plasma	not available	not available	not available	not available	not available	100	not applicable	blood plasma	PAD000016-r00105-AA25_6m	protein expression profiling by antibody array	1	X201SC25020748-Z01-F001.parquet	ftp://ftp.pride.ebi.ac.uk/pride/data/archive/2025/09/PAD000016/X201SC25020748-Z01-F001.parquet	Olink Explore HT	Olink Explore HT	NPX	plate1	Plate control	Olink Explore HT	Olink Explore HT	plate control normalized	NT=affinity-proteomics;VV=v1.0.0	NT=human;VV=v1.1.0	NT=olink;VV=v1.0.0	v1.1.0	NT=sdrf-skills-autoresearch;VV=v0.0.0
PAD000016-AA54_0m	Homo sapiens	Blood plasma	not available	not available	not available	not available	not available	101	not applicable	blood plasma	PAD000016-r00106-AA54_0m	protein expression profiling by antibody array	1	X201SC25020748-Z01-F001.parquet	ftp://ftp.pride.ebi.ac.uk/pride/data/archive/2025/09/PAD000016/X201SC25020748-Z01-F001.parquet	Olink Explore HT	Olink Explore HT	NPX	plate1	Plate control	Olink Explore HT	Olink Explore HT	plate control normalized	NT=affinity-proteomics;VV=v1.0.0	NT=human;VV=v1.1.0	NT=olink;VV=v1.0.0	v1.1.0	NT=sdrf-skills-autoresearch;VV=v0.0.0
PAD000016-AA63_0m	Homo sapiens	Blood plasma	not available	not available	not available	not available	not available	102	not applicable	blood plasma	PAD000016-r00107-AA63_0m	protein expression profiling by antibody array	1	X201SC25020748-Z01-F001.parquet	ftp://ftp.pride.ebi.ac.uk/pride/data/archive/2025/09/PAD000016/X201SC25020748-Z01-F001.parquet	Olink Explore HT	Olink Explore HT	NPX	plate1	Plate control	Olink Explore HT	Olink Explore HT	plate control normalized	NT=affinity-proteomics;VV=v1.0.0	NT=human;VV=v1.1.0	NT=olink;VV=v1.0.0	v1.1.0	NT=sdrf-skills-autoresearch;VV=v0.0.0
PAD000016-AA02_6m	Homo sapiens	Blood plasma	not available	not available	not available	not available	not available	103	not applicable	blood plasma	PAD000016-r00108-AA02_6m	protein expression profiling by antibody array	1	X201SC25020748-Z01-F001.parquet	ftp://ftp.pride.ebi.ac.uk/pride/data/archive/2025/09/PAD000016/X201SC25020748-Z01-F001.parquet	Olink Explore HT	Olink Explore HT	NPX	plate1	Plate control	Olink Explore HT	Olink Explore HT	plate control normalized	NT=affinity-proteomics;VV=v1.0.0	NT=human;VV=v1.1.0	NT=olink;VV=v1.0.0	v1.1.0	NT=sdrf-skills-autoresearch;VV=v0.0.0
PAD000016-IPC5	Homo sapiens	Blood plasma	not available	not available	not available	not available	not available	53	plate control	blood plasma	PAD000016-r00109-IPC5	protein expression profiling by antibody array	1	X201SC25020748-Z01-F001.parquet	ftp://ftp.pride.ebi.ac.uk/pride/data/archive/2025/09/PAD000016/X201SC25020748-Z01-F001.parquet	Olink Explore HT	Olink Explore HT	NPX	plate1	Plate control	Olink Explore HT	Olink Explore HT	plate control normalized	NT=affinity-proteomics;VV=v1.0.0	NT=human;VV=v1.1.0	NT=olink;VV=v1.0.0	v1.1.0	NT=sdrf-skills-autoresearch;VV=v0.0.0
PAD000016-AA56_6m	Homo sapiens	Blood plasma	not available	not available	not available	not available	not available	104	not applicable	blood plasma	PAD000016-r00110-AA56_6m	protein expression profiling by antibody array	1	X201SC25020748-Z01-F001.parquet	ftp://ftp.pride.ebi.ac.uk/pride/data/archive/2025/09/PAD000016/X201SC25020748-Z01-F001.parquet	Olink Explore HT	Olink Explore HT	NPX	plate1	Plate control	Olink Explore HT	Olink Explore HT	plate control normalized	NT=affinity-proteomics;VV=v1.0.0	NT=human;VV=v1.1.0	NT=olink;VV=v1.0.0	v1.1.0	NT=sdrf-skills-autoresearch;VV=v0.0.0
PAD000016-AA44_6m	Homo sapiens	Blood plasma	not available	not available	not available	not available	not available	105	not applicable	blood plasma	PAD000016-r00111-AA44_6m	protein expression profiling by antibody array	1	X201SC25020748-Z01-F001.parquet	ftp://ftp.pride.ebi.ac.uk/pride/data/archive/2025/09/PAD000016/X201SC25020748-Z01-F001.parquet	Olink Explore HT	Olink Explore HT	NPX	plate1	Plate control	Olink Explore HT	Olink Explore HT	plate control normalized	NT=affinity-proteomics;VV=v1.0.0	NT=human;VV=v1.1.0	NT=olink;VV=v1.0.0	v1.1.0	NT=sdrf-skills-autoresearch;VV=v0.0.0
PAD000016-AA17_0m_rep	Homo sapiens	Blood plasma	not available	not available	not available	not available	not available	106	not applicable	blood plasma	PAD000016-r00112-AA17_0m_rep	protein expression profiling by antibody array	1	X201SC25020748-Z01-F001.parquet	ftp://ftp.pride.ebi.ac.uk/pride/data/archive/2025/09/PAD000016/X201SC25020748-Z01-F001.parquet	Olink Explore HT	Olink Explore HT	NPX	plate1	Plate control	Olink Explore HT	Olink Explore HT	plate control normalized	NT=affinity-proteomics;VV=v1.0.0	NT=human;VV=v1.1.0	NT=olink;VV=v1.0.0	v1.1.0	NT=sdrf-skills-autoresearch;VV=v0.0.0
PAD000016-AA07_6m	Homo sapiens	Blood plasma	not available	not available	not available	not available	not available	107	not applicable	blood plasma	PAD000016-r00113-AA07_6m	protein expression profiling by antibody array	1	X201SC25020748-Z01-F001.parquet	ftp://ftp.pride.ebi.ac.uk/pride/data/archive/2025/09/PAD000016/X201SC25020748-Z01-F001.parquet	Olink Explore HT	Olink Explore HT	NPX	plate1	Plate control	Olink Explore HT	Olink Explore HT	plate control normalized	NT=affinity-proteomics;VV=v1.0.0	NT=human;VV=v1.1.0	NT=olink;VV=v1.0.0	v1.1.0	NT=sdrf-skills-autoresearch;VV=v0.0.0
PAD000016-AA29_0m	Homo sapiens	Blood plasma	not available	not available	not available	not available	not available	108	not applicable	blood plasma	PAD000016-r00114-AA29_0m	protein expression profiling by antibody array	1	X201SC25020748-Z01-F001.parquet	ftp://ftp.pride.ebi.ac.uk/pride/data/archive/2025/09/PAD000016/X201SC25020748-Z01-F001.parquet	Olink Explore HT	Olink Explore HT	NPX	plate1	Plate control	Olink Explore HT	Olink Explore HT	plate control normalized	NT=affinity-proteomics;VV=v1.0.0	NT=human;VV=v1.1.0	NT=olink;VV=v1.0.0	v1.1.0	NT=sdrf-skills-autoresearch;VV=v0.0.0
PAD000016-SC1	Homo sapiens	Blood plasma	not available	not available	not available	not available	not available	61	negative control	blood plasma	PAD000016-r00115-SC1	protein expression profiling by antibody array	1	X201SC25020748-Z01-F001.parquet	ftp://ftp.pride.ebi.ac.uk/pride/data/archive/2025/09/PAD000016/X201SC25020748-Z01-F001.parquet	Olink Explore HT	Olink Explore HT	NPX	plate1	Plate control	Olink Explore HT	Olink Explore HT	plate control normalized	NT=affinity-proteomics;VV=v1.0.0	NT=human;VV=v1.1.0	NT=olink;VV=v1.0.0	v1.1.0	NT=sdrf-skills-autoresearch;VV=v0.0.0
PAD000016-NC1	Homo sapiens	Blood plasma	not available	not available	not available	not available	not available	62	not applicable	blood plasma	PAD000016-r00116-NC1	protein expression profiling by antibody array	1	X201SC25020748-Z01-F001.parquet	ftp://ftp.pride.ebi.ac.uk/pride/data/archive/2025/09/PAD000016/X201SC25020748-Z01-F001.parquet	Olink Explore HT	Olink Explore HT	NPX	plate1	Plate control	Olink Explore HT	Olink Explore HT	plate control normalized	NT=affinity-proteomics;VV=v1.0.0	NT=human;VV=v1.1.0	NT=olink;VV=v1.0.0	v1.1.0	NT=sdrf-skills-autoresearch;VV=v0.0.0
PAD000016-AA36_0m	Homo sapiens	Blood plasma	not available	not available	not available	not available	not available	109	not applicable	blood plasma	PAD000016-r00117-AA36_0m	protein expression profiling by antibody array	1	X201SC25020748-Z01-F001.parquet	ftp://ftp.pride.ebi.ac.uk/pride/data/archive/2025/09/PAD000016/X201SC25020748-Z01-F001.parquet	Olink Explore HT	Olink Explore HT	NPX	plate1	Plate control	Olink Explore HT	Olink Explore HT	plate control normalized	NT=affinity-proteomics;VV=v1.0.0	NT=human;VV=v1.1.0	NT=olink;VV=v1.0.0	v1.1.0	NT=sdrf-skills-autoresearch;VV=v0.0.0
PAD000016-AA16_0m	Homo sapiens	Blood plasma	not available	not available	not available	not available	not available	110	not applicable	blood plasma	PAD000016-r00118-AA16_0m	protein expression profiling by antibody array	1	X201SC25020748-Z01-F001.parquet	ftp://ftp.pride.ebi.ac.uk/pride/data/archive/2025/09/PAD000016/X201SC25020748-Z01-F001.parquet	Olink Explore HT	Olink Explore HT	NPX	plate1	Plate control	Olink Explore HT	Olink Explore HT	plate control normalized	NT=affinity-proteomics;VV=v1.0.0	NT=human;VV=v1.1.0	NT=olink;VV=v1.0.0	v1.1.0	NT=sdrf-skills-autoresearch;VV=v0.0.0
PAD000016-AA21_6m	Homo sapiens	Blood plasma	not available	not available	not available	not available	not available	111	not applicable	blood plasma	PAD000016-r00119-AA21_6m	protein expression profiling by antibody array	1	X201SC25020748-Z01-F001.parquet	ftp://ftp.pride.ebi.ac.uk/pride/data/archive/2025/09/PAD000016/X201SC25020748-Z01-F001.parquet	Olink Explore HT	Olink Explore HT	NPX	plate1	Plate control	Olink Explore HT	Olink Explore HT	plate control normalized	NT=affinity-proteomics;VV=v1.0.0	NT=human;VV=v1.1.0	NT=olink;VV=v1.0.0	v1.1.0	NT=sdrf-skills-autoresearch;VV=v0.0.0
PAD000016-AA39_6m	Homo sapiens	Blood plasma	not available	not available	not available	not available	not available	112	not applicable	blood plasma	PAD000016-r00120-AA39_6m	protein expression profiling by antibody array	1	X201SC25020748-Z01-F001.parquet	ftp://ftp.pride.ebi.ac.uk/pride/data/archive/2025/09/PAD000016/X201SC25020748-Z01-F001.parquet	Olink Explore HT	Olink Explore HT	NPX	plate1	Plate control	Olink Explore HT	Olink Explore HT	plate control normalized	NT=affinity-proteomics;VV=v1.0.0	NT=human;VV=v1.1.0	NT=olink;VV=v1.0.0	v1.1.0	NT=sdrf-skills-autoresearch;VV=v0.0.0
PAD000016-AA28_0m	Homo sapiens	Blood plasma	not available	not available	not available	not available	not available	113	not applicable	blood plasma	PAD000016-r00121-AA28_0m	protein expression profiling by antibody array	1	X201SC25020748-Z01-F001.parquet	ftp://ftp.pride.ebi.ac.uk/pride/data/archive/2025/09/PAD000016/X201SC25020748-Z01-F001.parquet	Olink Explore HT	Olink Explore HT	NPX	plate1	Plate control	Olink Explore HT	Olink Explore HT	plate control normalized	NT=affinity-proteomics;VV=v1.0.0	NT=human;VV=v1.1.0	NT=olink;VV=v1.0.0	v1.1.0	NT=sdrf-skills-autoresearch;VV=v0.0.0
PAD000016-SC2	Homo sapiens	Blood plasma	not available	not available	not available	not available	not available	70	negative control	blood plasma	PAD000016-r00122-SC2	protein expression profiling by antibody array	1	X201SC25020748-Z01-F001.parquet	ftp://ftp.pride.ebi.ac.uk/pride/data/archive/2025/09/PAD000016/X201SC25020748-Z01-F001.parquet	Olink Explore HT	Olink Explore HT	NPX	plate1	Plate control	Olink Explore HT	Olink Explore HT	plate control normalized	NT=affinity-proteomics;VV=v1.0.0	NT=human;VV=v1.1.0	NT=olink;VV=v1.0.0	v1.1.0	NT=sdrf-skills-autoresearch;VV=v0.0.0
PAD000016-NC2	Homo sapiens	Blood plasma	not available	not available	not available	not available	not available	71	not applicable	blood plasma	PAD000016-r00123-NC2	protein expression profiling by antibody array	1	X201SC25020748-Z01-F001.parquet	ftp://ftp.pride.ebi.ac.uk/pride/data/archive/2025/09/PAD000016/X201SC25020748-Z01-F001.parquet	Olink Explore HT	Olink Explore HT	NPX	plate1	Plate control	Olink Explore HT	Olink Explore HT	plate control normalized	NT=affinity-proteomics;VV=v1.0.0	NT=human;VV=v1.1.0	NT=olink;VV=v1.0.0	v1.1.0	NT=sdrf-skills-autoresearch;VV=v0.0.0
PAD000016-NB177_T3	Homo sapiens	Blood plasma	not available	not available	not available	not available	not available	1	not applicable	blood plasma	PAD000016-r00124-NB177_T3	protein expression profiling by antibody array	1	Olink_CPA_SPIRO_GAHT_and_pregnancy.npx.csv	ftp://ftp.pride.ebi.ac.uk/pride/data/archive/2025/09/PAD000016/Olink_CPA_SPIRO_GAHT_and_pregnancy.npx.csv	Olink Explore HT	Olink Explore HT	NPX	plate1	Plate control	Olink Explore HT	Olink Explore HT	plate control normalized	NT=affinity-proteomics;VV=v1.0.0	NT=human;VV=v1.1.0	NT=olink;VV=v1.0.0	v1.1.0	NT=sdrf-skills-autoresearch;VV=v0.0.0
PAD000016-AA17_0m	Homo sapiens	Blood plasma	not available	not available	not available	not available	not available	2	not applicable	blood plasma	PAD000016-r00125-AA17_0m	protein expression profiling by antibody array	1	Olink_CPA_SPIRO_GAHT_and_pregnancy.npx.csv	ftp://ftp.pride.ebi.ac.uk/pride/data/archive/2025/09/PAD000016/Olink_CPA_SPIRO_GAHT_and_pregnancy.npx.csv	Olink Explore HT	Olink Explore HT	NPX	plate1	Plate control	Olink Explore HT	Olink Explore HT	plate control normalized	NT=affinity-proteomics;VV=v1.0.0	NT=human;VV=v1.1.0	NT=olink;VV=v1.0.0	v1.1.0	NT=sdrf-skills-autoresearch;VV=v0.0.0
PAD000016-AA32_6m	Homo sapiens	Blood plasma	not available	not available	not available	not available	not available	3	not applicable	blood plasma	PAD000016-r00126-AA32_6m	protein expression profiling by antibody array	1	Olink_CPA_SPIRO_GAHT_and_pregnancy.npx.csv	ftp://ftp.pride.ebi.ac.uk/pride/data/archive/2025/09/PAD000016/Olink_CPA_SPIRO_GAHT_and_pregnancy.npx.csv	Olink Explore HT	Olink Explore HT	NPX	plate1	Plate control	Olink Explore HT	Olink Explore HT	plate control normalized	NT=affinity-proteomics;VV=v1.0.0	NT=human;VV=v1.1.0	NT=olink;VV=v1.0.0	v1.1.0	NT=sdrf-skills-autoresearch;VV=v0.0.0
PAD000016-AA38_6m	Homo sapiens	Blood plasma	not available	not available	not available	not available	not available	4	not applicable	blood plasma	PAD000016-r00127-AA38_6m	protein expression profiling by antibody array	1	Olink_CPA_SPIRO_GAHT_and_pregnancy.npx.csv	ftp://ftp.pride.ebi.ac.uk/pride/data/archive/2025/09/PAD000016/Olink_CPA_SPIRO_GAHT_and_pregnancy.npx.csv	Olink Explore HT	Olink Explore HT	NPX	plate1	Plate control	Olink Explore HT	Olink Explore HT	plate control normalized	NT=affinity-proteomics;VV=v1.0.0	NT=human;VV=v1.1.0	NT=olink;VV=v1.0.0	v1.1.0	NT=sdrf-skills-autoresearch;VV=v0.0.0
PAD000016-NB207_T3	Homo sapiens	Blood plasma	not available	not available	not available	not available	not available	5	not applicable	blood plasma	PAD000016-r00128-NB207_T3	protein expression profiling by antibody array	1	Olink_CPA_SPIRO_GAHT_and_pregnancy.npx.csv	ftp://ftp.pride.ebi.ac.uk/pride/data/archive/2025/09/PAD000016/Olink_CPA_SPIRO_GAHT_and_pregnancy.npx.csv	Olink Explore HT	Olink Explore HT	NPX	plate1	Plate control	Olink Explore HT	Olink Explore HT	plate control normalized	NT=affinity-proteomics;VV=v1.0.0	NT=human;VV=v1.1.0	NT=olink;VV=v1.0.0	v1.1.0	NT=sdrf-skills-autoresearch;VV=v0.0.0
PAD000016-AA61_6m	Homo sapiens	Blood plasma	not available	not available	not available	not available	not available	6	not applicable	blood plasma	PAD000016-r00129-AA61_6m	protein expression profiling by antibody array	1	Olink_CPA_SPIRO_GAHT_and_pregnancy.npx.csv	ftp://ftp.pride.ebi.ac.uk/pride/data/archive/2025/09/PAD000016/Olink_CPA_SPIRO_GAHT_and_pregnancy.npx.csv	Olink Explore HT	Olink Explore HT	NPX	plate1	Plate control	Olink Explore HT	Olink Explore HT	plate control normalized	NT=affinity-proteomics;VV=v1.0.0	NT=human;VV=v1.1.0	NT=olink;VV=v1.0.0	v1.1.0	NT=sdrf-skills-autoresearch;VV=v0.0.0
PAD000016-AA59_0m	Homo sapiens	Blood plasma	not available	not available	not available	not available	not available	7	not applicable	blood plasma	PAD000016-r00130-AA59_0m	protein expression profiling by antibody array	1	Olink_CPA_SPIRO_GAHT_and_pregnancy.npx.csv	ftp://ftp.pride.ebi.ac.uk/pride/data/archive/2025/09/PAD000016/Olink_CPA_SPIRO_GAHT_and_pregnancy.npx.csv	Olink Explore HT	Olink Explore HT	NPX	plate1	Plate control	Olink Explore HT	Olink Explore HT	plate control normalized	NT=affinity-proteomics;VV=v1.0.0	NT=human;VV=v1.1.0	NT=olink;VV=v1.0.0	v1.1.0	NT=sdrf-skills-autoresearch;VV=v0.0.0
PAD000016-AA33_0m	Homo sapiens	Blood plasma	not available	not available	not available	not available	not available	8	not applicable	blood plasma	PAD000016-r00131-AA33_0m	protein expression profiling by antibody array	1	Olink_CPA_SPIRO_GAHT_and_pregnancy.npx.csv	ftp://ftp.pride.ebi.ac.uk/pride/data/archive/2025/09/PAD000016/Olink_CPA_SPIRO_GAHT_and_pregnancy.npx.csv	Olink Explore HT	Olink Explore HT	NPX	plate1	Plate control	Olink Explore HT	Olink Explore HT	plate control normalized	NT=affinity-proteomics;VV=v1.0.0	NT=human;VV=v1.1.0	NT=olink;VV=v1.0.0	v1.1.0	NT=sdrf-skills-autoresearch;VV=v0.0.0
PAD000016-SC3_p1_1	Homo sapiens	Blood plasma	not available	not available	not available	not available	not available	114	quality control sample	blood plasma	PAD000016-r00132-SC3_p1_1	protein expression profiling by antibody array	1	Olink_CPA_SPIRO_GAHT_and_pregnancy.npx.csv	ftp://ftp.pride.ebi.ac.uk/pride/data/archive/2025/09/PAD000016/Olink_CPA_SPIRO_GAHT_and_pregnancy.npx.csv	Olink Explore HT	Olink Explore HT	NPX	plate1	Plate control	Olink Explore HT	Olink Explore HT	plate control normalized	NT=affinity-proteomics;VV=v1.0.0	NT=human;VV=v1.1.0	NT=olink;VV=v1.0.0	v1.1.0	NT=sdrf-skills-autoresearch;VV=v0.0.0
PAD000016-NB209_T3	Homo sapiens	Blood plasma	not available	not available	not available	not available	not available	10	not applicable	blood plasma	PAD000016-r00133-NB209_T3	protein expression profiling by antibody array	1	Olink_CPA_SPIRO_GAHT_and_pregnancy.npx.csv	ftp://ftp.pride.ebi.ac.uk/pride/data/archive/2025/09/PAD000016/Olink_CPA_SPIRO_GAHT_and_pregnancy.npx.csv	Olink Explore HT	Olink Explore HT	NPX	plate1	Plate control	Olink Explore HT	Olink Explore HT	plate control normalized	NT=affinity-proteomics;VV=v1.0.0	NT=human;VV=v1.1.0	NT=olink;VV=v1.0.0	v1.1.0	NT=sdrf-skills-autoresearch;VV=v0.0.0
PAD000016-AA33_6m	Homo sapiens	Blood plasma	not available	not available	not available	not available	not available	11	not applicable	blood plasma	PAD000016-r00134-AA33_6m	protein expression profiling by antibody array	1	Olink_CPA_SPIRO_GAHT_and_pregnancy.npx.csv	ftp://ftp.pride.ebi.ac.uk/pride/data/archive/2025/09/PAD000016/Olink_CPA_SPIRO_GAHT_and_pregnancy.npx.csv	Olink Explore HT	Olink Explore HT	NPX	plate1	Plate control	Olink Explore HT	Olink Explore HT	plate control normalized	NT=affinity-proteomics;VV=v1.0.0	NT=human;VV=v1.1.0	NT=olink;VV=v1.0.0	v1.1.0	NT=sdrf-skills-autoresearch;VV=v0.0.0
PAD000016-AA09_0m	Homo sapiens	Blood plasma	not available	not available	not available	not available	not available	12	not applicable	blood plasma	PAD000016-r00135-AA09_0m	protein expression profiling by antibody array	1	Olink_CPA_SPIRO_GAHT_and_pregnancy.npx.csv	ftp://ftp.pride.ebi.ac.uk/pride/data/archive/2025/09/PAD000016/Olink_CPA_SPIRO_GAHT_and_pregnancy.npx.csv	Olink Explore HT	Olink Explore HT	NPX	plate1	Plate control	Olink Explore HT	Olink Explore HT	plate control normalized	NT=affinity-proteomics;VV=v1.0.0	NT=human;VV=v1.1.0	NT=olink;VV=v1.0.0	v1.1.0	NT=sdrf-skills-autoresearch;VV=v0.0.0
PAD000016-AA26_0m	Homo sapiens	Blood plasma	not available	not available	not available	not available	not available	13	not applicable	blood plasma	PAD000016-r00136-AA26_0m	protein expression profiling by antibody array	1	Olink_CPA_SPIRO_GAHT_and_pregnancy.npx.csv	ftp://ftp.pride.ebi.ac.uk/pride/data/archive/2025/09/PAD000016/Olink_CPA_SPIRO_GAHT_and_pregnancy.npx.csv	Olink Explore HT	Olink Explore HT	NPX	plate1	Plate control	Olink Explore HT	Olink Explore HT	plate control normalized	NT=affinity-proteomics;VV=v1.0.0	NT=human;VV=v1.1.0	NT=olink;VV=v1.0.0	v1.1.0	NT=sdrf-skills-autoresearch;VV=v0.0.0
PAD000016-AA05_0m	Homo sapiens	Blood plasma	not available	not available	not available	not available	not available	14	not applicable	blood plasma	PAD000016-r00137-AA05_0m	protein expression profiling by antibody array	1	Olink_CPA_SPIRO_GAHT_and_pregnancy.npx.csv	ftp://ftp.pride.ebi.ac.uk/pride/data/archive/2025/09/PAD000016/Olink_CPA_SPIRO_GAHT_and_pregnancy.npx.csv	Olink Explore HT	Olink Explore HT	NPX	plate1	Plate control	Olink Explore HT	Olink Explore HT	plate control normalized	NT=affinity-proteomics;VV=v1.0.0	NT=human;VV=v1.1.0	NT=olink;VV=v1.0.0	v1.1.0	NT=sdrf-skills-autoresearch;VV=v0.0.0
PAD000016-NB191_T3	Homo sapiens	Blood plasma	not available	not available	not available	not available	not available	15	not applicable	blood plasma	PAD000016-r00138-NB191_T3	protein expression profiling by antibody array	1	Olink_CPA_SPIRO_GAHT_and_pregnancy.npx.csv	ftp://ftp.pride.ebi.ac.uk/pride/data/archive/2025/09/PAD000016/Olink_CPA_SPIRO_GAHT_and_pregnancy.npx.csv	Olink Explore HT	Olink Explore HT	NPX	plate1	Plate control	Olink Explore HT	Olink Explore HT	plate control normalized	NT=affinity-proteomics;VV=v1.0.0	NT=human;VV=v1.1.0	NT=olink;VV=v1.0.0	v1.1.0	NT=sdrf-skills-autoresearch;VV=v0.0.0
PAD000016-AA61_0m	Homo sapiens	Blood plasma	not available	not available	not available	not available	not available	16	not applicable	blood plasma	PAD000016-r00139-AA61_0m	protein expression profiling by antibody array	1	Olink_CPA_SPIRO_GAHT_and_pregnancy.npx.csv	ftp://ftp.pride.ebi.ac.uk/pride/data/archive/2025/09/PAD000016/Olink_CPA_SPIRO_GAHT_and_pregnancy.npx.csv	Olink Explore HT	Olink Explore HT	NPX	plate1	Plate control	Olink Explore HT	Olink Explore HT	plate control normalized	NT=affinity-proteomics;VV=v1.0.0	NT=human;VV=v1.1.0	NT=olink;VV=v1.0.0	v1.1.0	NT=sdrf-skills-autoresearch;VV=v0.0.0
PAD000016-AA59_6m	Homo sapiens	Blood plasma	not available	not available	not available	not available	not available	17	not applicable	blood plasma	PAD000016-r00140-AA59_6m	protein expression profiling by antibody array	1	Olink_CPA_SPIRO_GAHT_and_pregnancy.npx.csv	ftp://ftp.pride.ebi.ac.uk/pride/data/archive/2025/09/PAD000016/Olink_CPA_SPIRO_GAHT_and_pregnancy.npx.csv	Olink Explore HT	Olink Explore HT	NPX	plate1	Plate control	Olink Explore HT	Olink Explore HT	plate control normalized	NT=affinity-proteomics;VV=v1.0.0	NT=human;VV=v1.1.0	NT=olink;VV=v1.0.0	v1.1.0	NT=sdrf-skills-autoresearch;VV=v0.0.0
PAD000016-IPC1_p1_1	Homo sapiens	Blood plasma	not available	not available	not available	not available	not available	115	plate control	blood plasma	PAD000016-r00141-IPC1_p1_1	protein expression profiling by antibody array	1	Olink_CPA_SPIRO_GAHT_and_pregnancy.npx.csv	ftp://ftp.pride.ebi.ac.uk/pride/data/archive/2025/09/PAD000016/Olink_CPA_SPIRO_GAHT_and_pregnancy.npx.csv	Olink Explore HT	Olink Explore HT	NPX	plate1	Plate control	Olink Explore HT	Olink Explore HT	plate control normalized	NT=affinity-proteomics;VV=v1.0.0	NT=human;VV=v1.1.0	NT=olink;VV=v1.0.0	v1.1.0	NT=sdrf-skills-autoresearch;VV=v0.0.0
PAD000016-NB202_T3	Homo sapiens	Blood plasma	not available	not available	not available	not available	not available	19	not applicable	blood plasma	PAD000016-r00142-NB202_T3	protein expression profiling by antibody array	1	Olink_CPA_SPIRO_GAHT_and_pregnancy.npx.csv	ftp://ftp.pride.ebi.ac.uk/pride/data/archive/2025/09/PAD000016/Olink_CPA_SPIRO_GAHT_and_pregnancy.npx.csv	Olink Explore HT	Olink Explore HT	NPX	plate1	Plate control	Olink Explore HT	Olink Explore HT	plate control normalized	NT=affinity-proteomics;VV=v1.0.0	NT=human;VV=v1.1.0	NT=olink;VV=v1.0.0	v1.1.0	NT=sdrf-skills-autoresearch;VV=v0.0.0
PAD000016-NB219_T3	Homo sapiens	Blood plasma	not available	not available	not available	not available	not available	20	not applicable	blood plasma	PAD000016-r00143-NB219_T3	protein expression profiling by antibody array	1	Olink_CPA_SPIRO_GAHT_and_pregnancy.npx.csv	ftp://ftp.pride.ebi.ac.uk/pride/data/archive/2025/09/PAD000016/Olink_CPA_SPIRO_GAHT_and_pregnancy.npx.csv	Olink Explore HT	Olink Explore HT	NPX	plate1	Plate control	Olink Explore HT	Olink Explore HT	plate control normalized	NT=affinity-proteomics;VV=v1.0.0	NT=human;VV=v1.1.0	NT=olink;VV=v1.0.0	v1.1.0	NT=sdrf-skills-autoresearch;VV=v0.0.0
PAD000016-AA27_0m	Homo sapiens	Blood plasma	not available	not available	not available	not available	not available	21	not applicable	blood plasma	PAD000016-r00144-AA27_0m	protein expression profiling by antibody array	1	Olink_CPA_SPIRO_GAHT_and_pregnancy.npx.csv	ftp://ftp.pride.ebi.ac.uk/pride/data/archive/2025/09/PAD000016/Olink_CPA_SPIRO_GAHT_and_pregnancy.npx.csv	Olink Explore HT	Olink Explore HT	NPX	plate1	Plate control	Olink Explore HT	Olink Explore HT	plate control normalized	NT=affinity-proteomics;VV=v1.0.0	NT=human;VV=v1.1.0	NT=olink;VV=v1.0.0	v1.1.0	NT=sdrf-skills-autoresearch;VV=v0.0.0
PAD000016-AA09_6m	Homo sapiens	Blood plasma	not available	not available	not available	not available	not available	22	not applicable	blood plasma	PAD000016-r00145-AA09_6m	protein expression profiling by antibody array	1	Olink_CPA_SPIRO_GAHT_and_pregnancy.npx.csv	ftp://ftp.pride.ebi.ac.uk/pride/data/archive/2025/09/PAD000016/Olink_CPA_SPIRO_GAHT_and_pregnancy.npx.csv	Olink Explore HT	Olink Explore HT	NPX	plate1	Plate control	Olink Explore HT	Olink Explore HT	plate control normalized	NT=affinity-proteomics;VV=v1.0.0	NT=human;VV=v1.1.0	NT=olink;VV=v1.0.0	v1.1.0	NT=sdrf-skills-autoresearch;VV=v0.0.0
PAD000016-AA27_6m	Homo sapiens	Blood plasma	not available	not available	not available	not available	not available	23	not applicable	blood plasma	PAD000016-r00146-AA27_6m	protein expression profiling by antibody array	1	Olink_CPA_SPIRO_GAHT_and_pregnancy.npx.csv	ftp://ftp.pride.ebi.ac.uk/pride/data/archive/2025/09/PAD000016/Olink_CPA_SPIRO_GAHT_and_pregnancy.npx.csv	Olink Explore HT	Olink Explore HT	NPX	plate1	Plate control	Olink Explore HT	Olink Explore HT	plate control normalized	NT=affinity-proteomics;VV=v1.0.0	NT=human;VV=v1.1.0	NT=olink;VV=v1.0.0	v1.1.0	NT=sdrf-skills-autoresearch;VV=v0.0.0
PAD000016-NB199_T3	Homo sapiens	Blood plasma	not available	not available	not available	not available	not available	24	not applicable	blood plasma	PAD000016-r00147-NB199_T3	protein expression profiling by antibody array	1	Olink_CPA_SPIRO_GAHT_and_pregnancy.npx.csv	ftp://ftp.pride.ebi.ac.uk/pride/data/archive/2025/09/PAD000016/Olink_CPA_SPIRO_GAHT_and_pregnancy.npx.csv	Olink Explore HT	Olink Explore HT	NPX	plate1	Plate control	Olink Explore HT	Olink Explore HT	plate control normalized	NT=affinity-proteomics;VV=v1.0.0	NT=human;VV=v1.1.0	NT=olink;VV=v1.0.0	v1.1.0	NT=sdrf-skills-autoresearch;VV=v0.0.0
PAD000016-AA32_0m	Homo sapiens	Blood plasma	not available	not available	not available	not available	not available	25	not applicable	blood plasma	PAD000016-r00148-AA32_0m	protein expression profiling by antibody array	1	Olink_CPA_SPIRO_GAHT_and_pregnancy.npx.csv	ftp://ftp.pride.ebi.ac.uk/pride/data/archive/2025/09/PAD000016/Olink_CPA_SPIRO_GAHT_and_pregnancy.npx.csv	Olink Explore HT	Olink Explore HT	NPX	plate1	Plate control	Olink Explore HT	Olink Explore HT	plate control normalized	NT=affinity-proteomics;VV=v1.0.0	NT=human;VV=v1.1.0	NT=olink;VV=v1.0.0	v1.1.0	NT=sdrf-skills-autoresearch;VV=v0.0.0
PAD000016-AA55_0m	Homo sapiens	Blood plasma	not available	not available	not available	not available	not available	26	not applicable	blood plasma	PAD000016-r00149-AA55_0m	protein expression profiling by antibody array	1	Olink_CPA_SPIRO_GAHT_and_pregnancy.npx.csv	ftp://ftp.pride.ebi.ac.uk/pride/data/archive/2025/09/PAD000016/Olink_CPA_SPIRO_GAHT_and_pregnancy.npx.csv	Olink Explore HT	Olink Explore HT	NPX	plate1	Plate control	Olink Explore HT	Olink Explore HT	plate control normalized	NT=affinity-proteomics;VV=v1.0.0	NT=human;VV=v1.1.0	NT=olink;VV=v1.0.0	v1.1.0	NT=sdrf-skills-autoresearch;VV=v0.0.0
PAD000016-IPC2_p1_1	Homo sapiens	Blood plasma	not available	not available	not available	not available	not available	116	plate control	blood plasma	PAD000016-r00150-IPC2_p1_1	protein expression profiling by antibody array	1	Olink_CPA_SPIRO_GAHT_and_pregnancy.npx.csv	ftp://ftp.pride.ebi.ac.uk/pride/data/archive/2025/09/PAD000016/Olink_CPA_SPIRO_GAHT_and_pregnancy.npx.csv	Olink Explore HT	Olink Explore HT	NPX	plate1	Plate control	Olink Explore HT	Olink Explore HT	plate control normalized	NT=affinity-proteomics;VV=v1.0.0	NT=human;VV=v1.1.0	NT=olink;VV=v1.0.0	v1.1.0	NT=sdrf-skills-autoresearch;VV=v0.0.0
PAD000016-AA26_6m	Homo sapiens	Blood plasma	not available	not available	not available	not available	not available	28	not applicable	blood plasma	PAD000016-r00151-AA26_6m	protein expression profiling by antibody array	1	Olink_CPA_SPIRO_GAHT_and_pregnancy.npx.csv	ftp://ftp.pride.ebi.ac.uk/pride/data/archive/2025/09/PAD000016/Olink_CPA_SPIRO_GAHT_and_pregnancy.npx.csv	Olink Explore HT	Olink Explore HT	NPX	plate1	Plate control	Olink Explore HT	Olink Explore HT	plate control normalized	NT=affinity-proteomics;VV=v1.0.0	NT=human;VV=v1.1.0	NT=olink;VV=v1.0.0	v1.1.0	NT=sdrf-skills-autoresearch;VV=v0.0.0
PAD000016-CIS_M_0m	Homo sapiens	Blood plasma	not available	not available	not available	not available	not available	29	not applicable	blood plasma	PAD000016-r00152-CIS_M_0m	protein expression profiling by antibody array	1	Olink_CPA_SPIRO_GAHT_and_pregnancy.npx.csv	ftp://ftp.pride.ebi.ac.uk/pride/data/archive/2025/09/PAD000016/Olink_CPA_SPIRO_GAHT_and_pregnancy.npx.csv	Olink Explore HT	Olink Explore HT	NPX	plate1	Plate control	Olink Explore HT	Olink Explore HT	plate control normalized	NT=affinity-proteomics;VV=v1.0.0	NT=human;VV=v1.1.0	NT=olink;VV=v1.0.0	v1.1.0	NT=sdrf-skills-autoresearch;VV=v0.0.0
PAD000016-CIS_F_15m	Homo sapiens	Blood plasma	not available	not available	not available	not available	not available	30	not applicable	blood plasma	PAD000016-r00153-CIS_F_15m	protein expression profiling by antibody array	1	Olink_CPA_SPIRO_GAHT_and_pregnancy.npx.csv	ftp://ftp.pride.ebi.ac.uk/pride/data/archive/2025/09/PAD000016/Olink_CPA_SPIRO_GAHT_and_pregnancy.npx.csv	Olink Explore HT	Olink Explore HT	NPX	plate1	Plate control	Olink Explore HT	Olink Explore HT	plate control normalized	NT=affinity-proteomics;VV=v1.0.0	NT=human;VV=v1.1.0	NT=olink;VV=v1.0.0	v1.1.0	NT=sdrf-skills-autoresearch;VV=v0.0.0
PAD000016-AA41_6m	Homo sapiens	Blood plasma	not available	not available	not available	not available	not available	31	not applicable	blood plasma	PAD000016-r00154-AA41_6m	protein expression profiling by antibody array	1	Olink_CPA_SPIRO_GAHT_and_pregnancy.npx.csv	ftp://ftp.pride.ebi.ac.uk/pride/data/archive/2025/09/PAD000016/Olink_CPA_SPIRO_GAHT_and_pregnancy.npx.csv	Olink Explore HT	Olink Explore HT	NPX	plate1	Plate control	Olink Explore HT	Olink Explore HT	plate control normalized	NT=affinity-proteomics;VV=v1.0.0	NT=human;VV=v1.1.0	NT=olink;VV=v1.0.0	v1.1.0	NT=sdrf-skills-autoresearch;VV=v0.0.0
PAD000016-AA03_6m	Homo sapiens	Blood plasma	not available	not available	not available	not available	not available	32	not applicable	blood plasma	PAD000016-r00155-AA03_6m	protein expression profiling by antibody array	1	Olink_CPA_SPIRO_GAHT_and_pregnancy.npx.csv	ftp://ftp.pride.ebi.ac.uk/pride/data/archive/2025/09/PAD000016/Olink_CPA_SPIRO_GAHT_and_pregnancy.npx.csv	Olink Explore HT	Olink Explore HT	NPX	plate1	Plate control	Olink Explore HT	Olink Explore HT	plate control normalized	NT=affinity-proteomics;VV=v1.0.0	NT=human;VV=v1.1.0	NT=olink;VV=v1.0.0	v1.1.0	NT=sdrf-skills-autoresearch;VV=v0.0.0
PAD000016-NB182_T1	Homo sapiens	Blood plasma	not available	not available	not available	not available	not available	33	not applicable	blood plasma	PAD000016-r00156-NB182_T1	protein expression profiling by antibody array	1	Olink_CPA_SPIRO_GAHT_and_pregnancy.npx.csv	ftp://ftp.pride.ebi.ac.uk/pride/data/archive/2025/09/PAD000016/Olink_CPA_SPIRO_GAHT_and_pregnancy.npx.csv	Olink Explore HT	Olink Explore HT	NPX	plate1	Plate control	Olink Explore HT	Olink Explore HT	plate control normalized	NT=affinity-proteomics;VV=v1.0.0	NT=human;VV=v1.1.0	NT=olink;VV=v1.0.0	v1.1.0	NT=sdrf-skills-autoresearch;VV=v0.0.0
PAD000016-AA05_6m	Homo sapiens	Blood plasma	not available	not available	not available	not available	not available	34	not applicable	blood plasma	PAD000016-r00157-AA05_6m	protein expression profiling by antibody array	1	Olink_CPA_SPIRO_GAHT_and_pregnancy.npx.csv	ftp://ftp.pride.ebi.ac.uk/pride/data/archive/2025/09/PAD000016/Olink_CPA_SPIRO_GAHT_and_pregnancy.npx.csv	Olink Explore HT	Olink Explore HT	NPX	plate1	Plate control	Olink Explore HT	Olink Explore HT	plate control normalized	NT=affinity-proteomics;VV=v1.0.0	NT=human;VV=v1.1.0	NT=olink;VV=v1.0.0	v1.1.0	NT=sdrf-skills-autoresearch;VV=v0.0.0
PAD000016-NB211_T3	Homo sapiens	Blood plasma	not available	not available	not available	not available	not available	35	not applicable	blood plasma	PAD000016-r00158-NB211_T3	protein expression profiling by antibody array	1	Olink_CPA_SPIRO_GAHT_and_pregnancy.npx.csv	ftp://ftp.pride.ebi.ac.uk/pride/data/archive/2025/09/PAD000016/Olink_CPA_SPIRO_GAHT_and_pregnancy.npx.csv	Olink Explore HT	Olink Explore HT	NPX	plate1	Plate control	Olink Explore HT	Olink Explore HT	plate control normalized	NT=affinity-proteomics;VV=v1.0.0	NT=human;VV=v1.1.0	NT=olink;VV=v1.0.0	v1.1.0	NT=sdrf-skills-autoresearch;VV=v0.0.0
PAD000016-IPC3_p1_1	Homo sapiens	Blood plasma	not available	not available	not available	not available	not available	117	plate control	blood plasma	PAD000016-r00159-IPC3_p1_1	protein expression profiling by antibody array	1	Olink_CPA_SPIRO_GAHT_and_pregnancy.npx.csv	ftp://ftp.pride.ebi.ac.uk/pride/data/archive/2025/09/PAD000016/Olink_CPA_SPIRO_GAHT_and_pregnancy.npx.csv	Olink Explore HT	Olink Explore HT	NPX	plate1	Plate control	Olink Explore HT	Olink Explore HT	plate control normalized	NT=affinity-proteomics;VV=v1.0.0	NT=human;VV=v1.1.0	NT=olink;VV=v1.0.0	v1.1.0	NT=sdrf-skills-autoresearch;VV=v0.0.0
PAD000016-AA38_0m	Homo sapiens	Blood plasma	not available	not available	not available	not available	not available	37	not applicable	blood plasma	PAD000016-r00160-AA38_0m	protein expression profiling by antibody array	1	Olink_CPA_SPIRO_GAHT_and_pregnancy.npx.csv	ftp://ftp.pride.ebi.ac.uk/pride/data/archive/2025/09/PAD000016/Olink_CPA_SPIRO_GAHT_and_pregnancy.npx.csv	Olink Explore HT	Olink Explore HT	NPX	plate1	Plate control	Olink Explore HT	Olink Explore HT	plate control normalized	NT=affinity-proteomics;VV=v1.0.0	NT=human;VV=v1.1.0	NT=olink;VV=v1.0.0	v1.1.0	NT=sdrf-skills-autoresearch;VV=v0.0.0
PAD000016-AA65_6m	Homo sapiens	Blood plasma	not available	not available	not available	not available	not available	38	not applicable	blood plasma	PAD000016-r00161-AA65_6m	protein expression profiling by antibody array	1	Olink_CPA_SPIRO_GAHT_and_pregnancy.npx.csv	ftp://ftp.pride.ebi.ac.uk/pride/data/archive/2025/09/PAD000016/Olink_CPA_SPIRO_GAHT_and_pregnancy.npx.csv	Olink Explore HT	Olink Explore HT	NPX	plate1	Plate control	Olink Explore HT	Olink Explore HT	plate control normalized	NT=affinity-proteomics;VV=v1.0.0	NT=human;VV=v1.1.0	NT=olink;VV=v1.0.0	v1.1.0	NT=sdrf-skills-autoresearch;VV=v0.0.0
PAD000016-NB172_T1	Homo sapiens	Blood plasma	not available	not available	not available	not available	not available	39	not applicable	blood plasma	PAD000016-r00162-NB172_T1	protein expression profiling by antibody array	1	Olink_CPA_SPIRO_GAHT_and_pregnancy.npx.csv	ftp://ftp.pride.ebi.ac.uk/pride/data/archive/2025/09/PAD000016/Olink_CPA_SPIRO_GAHT_and_pregnancy.npx.csv	Olink Explore HT	Olink Explore HT	NPX	plate1	Plate control	Olink Explore HT	Olink Explore HT	plate control normalized	NT=affinity-proteomics;VV=v1.0.0	NT=human;VV=v1.1.0	NT=olink;VV=v1.0.0	v1.1.0	NT=sdrf-skills-autoresearch;VV=v0.0.0
PAD000016-NB184_T3	Homo sapiens	Blood plasma	not available	not available	not available	not available	not available	40	not applicable	blood plasma	PAD000016-r00163-NB184_T3	protein expression profiling by antibody array	1	Olink_CPA_SPIRO_GAHT_and_pregnancy.npx.csv	ftp://ftp.pride.ebi.ac.uk/pride/data/archive/2025/09/PAD000016/Olink_CPA_SPIRO_GAHT_and_pregnancy.npx.csv	Olink Explore HT	Olink Explore HT	NPX	plate1	Plate control	Olink Explore HT	Olink Explore HT	plate control normalized	NT=affinity-proteomics;VV=v1.0.0	NT=human;VV=v1.1.0	NT=olink;VV=v1.0.0	v1.1.0	NT=sdrf-skills-autoresearch;VV=v0.0.0
PAD000016-AA13_0m	Homo sapiens	Blood plasma	not available	not available	not available	not available	not available	41	not applicable	blood plasma	PAD000016-r00164-AA13_0m	protein expression profiling by antibody array	1	Olink_CPA_SPIRO_GAHT_and_pregnancy.npx.csv	ftp://ftp.pride.ebi.ac.uk/pride/data/archive/2025/09/PAD000016/Olink_CPA_SPIRO_GAHT_and_pregnancy.npx.csv	Olink Explore HT	Olink Explore HT	NPX	plate1	Plate control	Olink Explore HT	Olink Explore HT	plate control normalized	NT=affinity-proteomics;VV=v1.0.0	NT=human;VV=v1.1.0	NT=olink;VV=v1.0.0	v1.1.0	NT=sdrf-skills-autoresearch;VV=v0.0.0
PAD000016-NB178_T3	Homo sapiens	Blood plasma	not available	not available	not available	not available	not available	42	not applicable	blood plasma	PAD000016-r00165-NB178_T3	protein expression profiling by antibody array	1	Olink_CPA_SPIRO_GAHT_and_pregnancy.npx.csv	ftp://ftp.pride.ebi.ac.uk/pride/data/archive/2025/09/PAD000016/Olink_CPA_SPIRO_GAHT_and_pregnancy.npx.csv	Olink Explore HT	Olink Explore HT	NPX	plate1	Plate control	Olink Explore HT	Olink Explore HT	plate control normalized	NT=affinity-proteomics;VV=v1.0.0	NT=human;VV=v1.1.0	NT=olink;VV=v1.0.0	v1.1.0	NT=sdrf-skills-autoresearch;VV=v0.0.0
PAD000016-AA62_0m	Homo sapiens	Blood plasma	not available	not available	not available	not available	not available	43	not applicable	blood plasma	PAD000016-r00166-AA62_0m	protein expression profiling by antibody array	1	Olink_CPA_SPIRO_GAHT_and_pregnancy.npx.csv	ftp://ftp.pride.ebi.ac.uk/pride/data/archive/2025/09/PAD000016/Olink_CPA_SPIRO_GAHT_and_pregnancy.npx.csv	Olink Explore HT	Olink Explore HT	NPX	plate1	Plate control	Olink Explore HT	Olink Explore HT	plate control normalized	NT=affinity-proteomics;VV=v1.0.0	NT=human;VV=v1.1.0	NT=olink;VV=v1.0.0	v1.1.0	NT=sdrf-skills-autoresearch;VV=v0.0.0
PAD000016-NB193_T3	Homo sapiens	Blood plasma	not available	not available	not available	not available	not available	44	not applicable	blood plasma	PAD000016-r00167-NB193_T3	protein expression profiling by antibody array	1	Olink_CPA_SPIRO_GAHT_and_pregnancy.npx.csv	ftp://ftp.pride.ebi.ac.uk/pride/data/archive/2025/09/PAD000016/Olink_CPA_SPIRO_GAHT_and_pregnancy.npx.csv	Olink Explore HT	Olink Explore HT	NPX	plate1	Plate control	Olink Explore HT	Olink Explore HT	plate control normalized	NT=affinity-proteomics;VV=v1.0.0	NT=human;VV=v1.1.0	NT=olink;VV=v1.0.0	v1.1.0	NT=sdrf-skills-autoresearch;VV=v0.0.0
PAD000016-IPC4_p1_1	Homo sapiens	Blood plasma	not available	not available	not available	not available	not available	118	plate control	blood plasma	PAD000016-r00168-IPC4_p1_1	protein expression profiling by antibody array	1	Olink_CPA_SPIRO_GAHT_and_pregnancy.npx.csv	ftp://ftp.pride.ebi.ac.uk/pride/data/archive/2025/09/PAD000016/Olink_CPA_SPIRO_GAHT_and_pregnancy.npx.csv	Olink Explore HT	Olink Explore HT	NPX	plate1	Plate control	Olink Explore HT	Olink Explore HT	plate control normalized	NT=affinity-proteomics;VV=v1.0.0	NT=human;VV=v1.1.0	NT=olink;VV=v1.0.0	v1.1.0	NT=sdrf-skills-autoresearch;VV=v0.0.0
PAD000016-AA62_6m	Homo sapiens	Blood plasma	not available	not available	not available	not available	not available	46	not applicable	blood plasma	PAD000016-r00169-AA62_6m	protein expression profiling by antibody array	1	Olink_CPA_SPIRO_GAHT_and_pregnancy.npx.csv	ftp://ftp.pride.ebi.ac.uk/pride/data/archive/2025/09/PAD000016/Olink_CPA_SPIRO_GAHT_and_pregnancy.npx.csv	Olink Explore HT	Olink Explore HT	NPX	plate1	Plate control	Olink Explore HT	Olink Explore HT	plate control normalized	NT=affinity-proteomics;VV=v1.0.0	NT=human;VV=v1.1.0	NT=olink;VV=v1.0.0	v1.1.0	NT=sdrf-skills-autoresearch;VV=v0.0.0
PAD000016-AA23_6m	Homo sapiens	Blood plasma	not available	not available	not available	not available	not available	47	not applicable	blood plasma	PAD000016-r00170-AA23_6m	protein expression profiling by antibody array	1	Olink_CPA_SPIRO_GAHT_and_pregnancy.npx.csv	ftp://ftp.pride.ebi.ac.uk/pride/data/archive/2025/09/PAD000016/Olink_CPA_SPIRO_GAHT_and_pregnancy.npx.csv	Olink Explore HT	Olink Explore HT	NPX	plate1	Plate control	Olink Explore HT	Olink Explore HT	plate control normalized	NT=affinity-proteomics;VV=v1.0.0	NT=human;VV=v1.1.0	NT=olink;VV=v1.0.0	v1.1.0	NT=sdrf-skills-autoresearch;VV=v0.0.0
PAD000016-AA20_6m	Homo sapiens	Blood plasma	not available	not available	not available	not available	not available	48	not applicable	blood plasma	PAD000016-r00171-AA20_6m	protein expression profiling by antibody array	1	Olink_CPA_SPIRO_GAHT_and_pregnancy.npx.csv	ftp://ftp.pride.ebi.ac.uk/pride/data/archive/2025/09/PAD000016/Olink_CPA_SPIRO_GAHT_and_pregnancy.npx.csv	Olink Explore HT	Olink Explore HT	NPX	plate1	Plate control	Olink Explore HT	Olink Explore HT	plate control normalized	NT=affinity-proteomics;VV=v1.0.0	NT=human;VV=v1.1.0	NT=olink;VV=v1.0.0	v1.1.0	NT=sdrf-skills-autoresearch;VV=v0.0.0
PAD000016-AA53_0m	Homo sapiens	Blood plasma	not available	not available	not available	not available	not available	49	not applicable	blood plasma	PAD000016-r00172-AA53_0m	protein expression profiling by antibody array	1	Olink_CPA_SPIRO_GAHT_and_pregnancy.npx.csv	ftp://ftp.pride.ebi.ac.uk/pride/data/archive/2025/09/PAD000016/Olink_CPA_SPIRO_GAHT_and_pregnancy.npx.csv	Olink Explore HT	Olink Explore HT	NPX	plate1	Plate control	Olink Explore HT	Olink Explore HT	plate control normalized	NT=affinity-proteomics;VV=v1.0.0	NT=human;VV=v1.1.0	NT=olink;VV=v1.0.0	v1.1.0	NT=sdrf-skills-autoresearch;VV=v0.0.0
PAD000016-CIS_F_0m	Homo sapiens	Blood plasma	not available	not available	not available	not available	not available	50	not applicable	blood plasma	PAD000016-r00173-CIS_F_0m	protein expression profiling by antibody array	1	Olink_CPA_SPIRO_GAHT_and_pregnancy.npx.csv	ftp://ftp.pride.ebi.ac.uk/pride/data/archive/2025/09/PAD000016/Olink_CPA_SPIRO_GAHT_and_pregnancy.npx.csv	Olink Explore HT	Olink Explore HT	NPX	plate1	Plate control	Olink Explore HT	Olink Explore HT	plate control normalized	NT=affinity-proteomics;VV=v1.0.0	NT=human;VV=v1.1.0	NT=olink;VV=v1.0.0	v1.1.0	NT=sdrf-skills-autoresearch;VV=v0.0.0
PAD000016-AA17_6m	Homo sapiens	Blood plasma	not available	not available	not available	not available	not available	51	not applicable	blood plasma	PAD000016-r00174-AA17_6m	protein expression profiling by antibody array	1	Olink_CPA_SPIRO_GAHT_and_pregnancy.npx.csv	ftp://ftp.pride.ebi.ac.uk/pride/data/archive/2025/09/PAD000016/Olink_CPA_SPIRO_GAHT_and_pregnancy.npx.csv	Olink Explore HT	Olink Explore HT	NPX	plate1	Plate control	Olink Explore HT	Olink Explore HT	plate control normalized	NT=affinity-proteomics;VV=v1.0.0	NT=human;VV=v1.1.0	NT=olink;VV=v1.0.0	v1.1.0	NT=sdrf-skills-autoresearch;VV=v0.0.0
PAD000016-NB221_T3	Homo sapiens	Blood plasma	not available	not available	not available	not available	not available	52	not applicable	blood plasma	PAD000016-r00175-NB221_T3	protein expression profiling by antibody array	1	Olink_CPA_SPIRO_GAHT_and_pregnancy.npx.csv	ftp://ftp.pride.ebi.ac.uk/pride/data/archive/2025/09/PAD000016/Olink_CPA_SPIRO_GAHT_and_pregnancy.npx.csv	Olink Explore HT	Olink Explore HT	NPX	plate1	Plate control	Olink Explore HT	Olink Explore HT	plate control normalized	NT=affinity-proteomics;VV=v1.0.0	NT=human;VV=v1.1.0	NT=olink;VV=v1.0.0	v1.1.0	NT=sdrf-skills-autoresearch;VV=v0.0.0
PAD000016-IPC5_p1_1	Homo sapiens	Blood plasma	not available	not available	not available	not available	not available	119	plate control	blood plasma	PAD000016-r00176-IPC5_p1_1	protein expression profiling by antibody array	1	Olink_CPA_SPIRO_GAHT_and_pregnancy.npx.csv	ftp://ftp.pride.ebi.ac.uk/pride/data/archive/2025/09/PAD000016/Olink_CPA_SPIRO_GAHT_and_pregnancy.npx.csv	Olink Explore HT	Olink Explore HT	NPX	plate1	Plate control	Olink Explore HT	Olink Explore HT	plate control normalized	NT=affinity-proteomics;VV=v1.0.0	NT=human;VV=v1.1.0	NT=olink;VV=v1.0.0	v1.1.0	NT=sdrf-skills-autoresearch;VV=v0.0.0
PAD000016-AA53_6m	Homo sapiens	Blood plasma	not available	not available	not available	not available	not available	54	not applicable	blood plasma	PAD000016-r00177-AA53_6m	protein expression profiling by antibody array	1	Olink_CPA_SPIRO_GAHT_and_pregnancy.npx.csv	ftp://ftp.pride.ebi.ac.uk/pride/data/archive/2025/09/PAD000016/Olink_CPA_SPIRO_GAHT_and_pregnancy.npx.csv	Olink Explore HT	Olink Explore HT	NPX	plate1	Plate control	Olink Explore HT	Olink Explore HT	plate control normalized	NT=affinity-proteomics;VV=v1.0.0	NT=human;VV=v1.1.0	NT=olink;VV=v1.0.0	v1.1.0	NT=sdrf-skills-autoresearch;VV=v0.0.0
PAD000016-CIS_M_6m	Homo sapiens	Blood plasma	not available	not available	not available	not available	not available	55	not applicable	blood plasma	PAD000016-r00178-CIS_M_6m	protein expression profiling by antibody array	1	Olink_CPA_SPIRO_GAHT_and_pregnancy.npx.csv	ftp://ftp.pride.ebi.ac.uk/pride/data/archive/2025/09/PAD000016/Olink_CPA_SPIRO_GAHT_and_pregnancy.npx.csv	Olink Explore HT	Olink Explore HT	NPX	plate1	Plate control	Olink Explore HT	Olink Explore HT	plate control normalized	NT=affinity-proteomics;VV=v1.0.0	NT=human;VV=v1.1.0	NT=olink;VV=v1.0.0	v1.1.0	NT=sdrf-skills-autoresearch;VV=v0.0.0
PAD000016-NB212_T3	Homo sapiens	Blood plasma	not available	not available	not available	not available	not available	56	not applicable	blood plasma	PAD000016-r00179-NB212_T3	protein expression profiling by antibody array	1	Olink_CPA_SPIRO_GAHT_and_pregnancy.npx.csv	ftp://ftp.pride.ebi.ac.uk/pride/data/archive/2025/09/PAD000016/Olink_CPA_SPIRO_GAHT_and_pregnancy.npx.csv	Olink Explore HT	Olink Explore HT	NPX	plate1	Plate control	Olink Explore HT	Olink Explore HT	plate control normalized	NT=affinity-proteomics;VV=v1.0.0	NT=human;VV=v1.1.0	NT=olink;VV=v1.0.0	v1.1.0	NT=sdrf-skills-autoresearch;VV=v0.0.0
PAD000016-NB206_T1	Homo sapiens	Blood plasma	not available	not available	not available	not available	not available	57	not applicable	blood plasma	PAD000016-r00180-NB206_T1	protein expression profiling by antibody array	1	Olink_CPA_SPIRO_GAHT_and_pregnancy.npx.csv	ftp://ftp.pride.ebi.ac.uk/pride/data/archive/2025/09/PAD000016/Olink_CPA_SPIRO_GAHT_and_pregnancy.npx.csv	Olink Explore HT	Olink Explore HT	NPX	plate1	Plate control	Olink Explore HT	Olink Explore HT	plate control normalized	NT=affinity-proteomics;VV=v1.0.0	NT=human;VV=v1.1.0	NT=olink;VV=v1.0.0	v1.1.0	NT=sdrf-skills-autoresearch;VV=v0.0.0
PAD000016-AA51_0m	Homo sapiens	Blood plasma	not available	not available	not available	not available	not available	58	not applicable	blood plasma	PAD000016-r00181-AA51_0m	protein expression profiling by antibody array	1	Olink_CPA_SPIRO_GAHT_and_pregnancy.npx.csv	ftp://ftp.pride.ebi.ac.uk/pride/data/archive/2025/09/PAD000016/Olink_CPA_SPIRO_GAHT_and_pregnancy.npx.csv	Olink Explore HT	Olink Explore HT	NPX	plate1	Plate control	Olink Explore HT	Olink Explore HT	plate control normalized	NT=affinity-proteomics;VV=v1.0.0	NT=human;VV=v1.1.0	NT=olink;VV=v1.0.0	v1.1.0	NT=sdrf-skills-autoresearch;VV=v0.0.0
PAD000016-AA20_0m	Homo sapiens	Blood plasma	not available	not available	not available	not available	not available	59	not applicable	blood plasma	PAD000016-r00182-AA20_0m	protein expression profiling by antibody array	1	Olink_CPA_SPIRO_GAHT_and_pregnancy.npx.csv	ftp://ftp.pride.ebi.ac.uk/pride/data/archive/2025/09/PAD000016/Olink_CPA_SPIRO_GAHT_and_pregnancy.npx.csv	Olink Explore HT	Olink Explore HT	NPX	plate1	Plate control	Olink Explore HT	Olink Explore HT	plate control normalized	NT=affinity-proteomics;VV=v1.0.0	NT=human;VV=v1.1.0	NT=olink;VV=v1.0.0	v1.1.0	NT=sdrf-skills-autoresearch;VV=v0.0.0
PAD000016-AA65_0m	Homo sapiens	Blood plasma	not available	not available	not available	not available	not available	60	not applicable	blood plasma	PAD000016-r00183-AA65_0m	protein expression profiling by antibody array	1	Olink_CPA_SPIRO_GAHT_and_pregnancy.npx.csv	ftp://ftp.pride.ebi.ac.uk/pride/data/archive/2025/09/PAD000016/Olink_CPA_SPIRO_GAHT_and_pregnancy.npx.csv	Olink Explore HT	Olink Explore HT	NPX	plate1	Plate control	Olink Explore HT	Olink Explore HT	plate control normalized	NT=affinity-proteomics;VV=v1.0.0	NT=human;VV=v1.1.0	NT=olink;VV=v1.0.0	v1.1.0	NT=sdrf-skills-autoresearch;VV=v0.0.0
PAD000016-SC1_p1_1	Homo sapiens	Blood plasma	not available	not available	not available	not available	not available	120	quality control sample	blood plasma	PAD000016-r00184-SC1_p1_1	protein expression profiling by antibody array	1	Olink_CPA_SPIRO_GAHT_and_pregnancy.npx.csv	ftp://ftp.pride.ebi.ac.uk/pride/data/archive/2025/09/PAD000016/Olink_CPA_SPIRO_GAHT_and_pregnancy.npx.csv	Olink Explore HT	Olink Explore HT	NPX	plate1	Plate control	Olink Explore HT	Olink Explore HT	plate control normalized	NT=affinity-proteomics;VV=v1.0.0	NT=human;VV=v1.1.0	NT=olink;VV=v1.0.0	v1.1.0	NT=sdrf-skills-autoresearch;VV=v0.0.0
PAD000016-NC1_p1_1	Homo sapiens	Blood plasma	not available	not available	not available	not available	not available	121	negative control	blood plasma	PAD000016-r00185-NC1_p1_1	protein expression profiling by antibody array	1	Olink_CPA_SPIRO_GAHT_and_pregnancy.npx.csv	ftp://ftp.pride.ebi.ac.uk/pride/data/archive/2025/09/PAD000016/Olink_CPA_SPIRO_GAHT_and_pregnancy.npx.csv	Olink Explore HT	Olink Explore HT	NPX	plate1	Plate control	Olink Explore HT	Olink Explore HT	plate control normalized	NT=affinity-proteomics;VV=v1.0.0	NT=human;VV=v1.1.0	NT=olink;VV=v1.0.0	v1.1.0	NT=sdrf-skills-autoresearch;VV=v0.0.0
PAD000016-AA13_6m	Homo sapiens	Blood plasma	not available	not available	not available	not available	not available	63	not applicable	blood plasma	PAD000016-r00186-AA13_6m	protein expression profiling by antibody array	1	Olink_CPA_SPIRO_GAHT_and_pregnancy.npx.csv	ftp://ftp.pride.ebi.ac.uk/pride/data/archive/2025/09/PAD000016/Olink_CPA_SPIRO_GAHT_and_pregnancy.npx.csv	Olink Explore HT	Olink Explore HT	NPX	plate1	Plate control	Olink Explore HT	Olink Explore HT	plate control normalized	NT=affinity-proteomics;VV=v1.0.0	NT=human;VV=v1.1.0	NT=olink;VV=v1.0.0	v1.1.0	NT=sdrf-skills-autoresearch;VV=v0.0.0
PAD000016-AA23_0m	Homo sapiens	Blood plasma	not available	not available	not available	not available	not available	64	not applicable	blood plasma	PAD000016-r00187-AA23_0m	protein expression profiling by antibody array	1	Olink_CPA_SPIRO_GAHT_and_pregnancy.npx.csv	ftp://ftp.pride.ebi.ac.uk/pride/data/archive/2025/09/PAD000016/Olink_CPA_SPIRO_GAHT_and_pregnancy.npx.csv	Olink Explore HT	Olink Explore HT	NPX	plate1	Plate control	Olink Explore HT	Olink Explore HT	plate control normalized	NT=affinity-proteomics;VV=v1.0.0	NT=human;VV=v1.1.0	NT=olink;VV=v1.0.0	v1.1.0	NT=sdrf-skills-autoresearch;VV=v0.0.0
PAD000016-AA51_6m	Homo sapiens	Blood plasma	not available	not available	not available	not available	not available	65	not applicable	blood plasma	PAD000016-r00188-AA51_6m	protein expression profiling by antibody array	1	Olink_CPA_SPIRO_GAHT_and_pregnancy.npx.csv	ftp://ftp.pride.ebi.ac.uk/pride/data/archive/2025/09/PAD000016/Olink_CPA_SPIRO_GAHT_and_pregnancy.npx.csv	Olink Explore HT	Olink Explore HT	NPX	plate1	Plate control	Olink Explore HT	Olink Explore HT	plate control normalized	NT=affinity-proteomics;VV=v1.0.0	NT=human;VV=v1.1.0	NT=olink;VV=v1.0.0	v1.1.0	NT=sdrf-skills-autoresearch;VV=v0.0.0
PAD000016-AA03_0m	Homo sapiens	Blood plasma	not available	not available	not available	not available	not available	66	not applicable	blood plasma	PAD000016-r00189-AA03_0m	protein expression profiling by antibody array	1	Olink_CPA_SPIRO_GAHT_and_pregnancy.npx.csv	ftp://ftp.pride.ebi.ac.uk/pride/data/archive/2025/09/PAD000016/Olink_CPA_SPIRO_GAHT_and_pregnancy.npx.csv	Olink Explore HT	Olink Explore HT	NPX	plate1	Plate control	Olink Explore HT	Olink Explore HT	plate control normalized	NT=affinity-proteomics;VV=v1.0.0	NT=human;VV=v1.1.0	NT=olink;VV=v1.0.0	v1.1.0	NT=sdrf-skills-autoresearch;VV=v0.0.0
PAD000016-NB218_T3	Homo sapiens	Blood plasma	not available	not available	not available	not available	not available	67	not applicable	blood plasma	PAD000016-r00190-NB218_T3	protein expression profiling by antibody array	1	Olink_CPA_SPIRO_GAHT_and_pregnancy.npx.csv	ftp://ftp.pride.ebi.ac.uk/pride/data/archive/2025/09/PAD000016/Olink_CPA_SPIRO_GAHT_and_pregnancy.npx.csv	Olink Explore HT	Olink Explore HT	NPX	plate1	Plate control	Olink Explore HT	Olink Explore HT	plate control normalized	NT=affinity-proteomics;VV=v1.0.0	NT=human;VV=v1.1.0	NT=olink;VV=v1.0.0	v1.1.0	NT=sdrf-skills-autoresearch;VV=v0.0.0
PAD000016-AA41_0m	Homo sapiens	Blood plasma	not available	not available	not available	not available	not available	68	not applicable	blood plasma	PAD000016-r00191-AA41_0m	protein expression profiling by antibody array	1	Olink_CPA_SPIRO_GAHT_and_pregnancy.npx.csv	ftp://ftp.pride.ebi.ac.uk/pride/data/archive/2025/09/PAD000016/Olink_CPA_SPIRO_GAHT_and_pregnancy.npx.csv	Olink Explore HT	Olink Explore HT	NPX	plate1	Plate control	Olink Explore HT	Olink Explore HT	plate control normalized	NT=affinity-proteomics;VV=v1.0.0	NT=human;VV=v1.1.0	NT=olink;VV=v1.0.0	v1.1.0	NT=sdrf-skills-autoresearch;VV=v0.0.0
PAD000016-AA55_6m	Homo sapiens	Blood plasma	not available	not available	not available	not available	not available	69	not applicable	blood plasma	PAD000016-r00192-AA55_6m	protein expression profiling by antibody array	1	Olink_CPA_SPIRO_GAHT_and_pregnancy.npx.csv	ftp://ftp.pride.ebi.ac.uk/pride/data/archive/2025/09/PAD000016/Olink_CPA_SPIRO_GAHT_and_pregnancy.npx.csv	Olink Explore HT	Olink Explore HT	NPX	plate1	Plate control	Olink Explore HT	Olink Explore HT	plate control normalized	NT=affinity-proteomics;VV=v1.0.0	NT=human;VV=v1.1.0	NT=olink;VV=v1.0.0	v1.1.0	NT=sdrf-skills-autoresearch;VV=v0.0.0
PAD000016-SC2_p1_1	Homo sapiens	Blood plasma	not available	not available	not available	not available	not available	122	quality control sample	blood plasma	PAD000016-r00193-SC2_p1_1	protein expression profiling by antibody array	1	Olink_CPA_SPIRO_GAHT_and_pregnancy.npx.csv	ftp://ftp.pride.ebi.ac.uk/pride/data/archive/2025/09/PAD000016/Olink_CPA_SPIRO_GAHT_and_pregnancy.npx.csv	Olink Explore HT	Olink Explore HT	NPX	plate1	Plate control	Olink Explore HT	Olink Explore HT	plate control normalized	NT=affinity-proteomics;VV=v1.0.0	NT=human;VV=v1.1.0	NT=olink;VV=v1.0.0	v1.1.0	NT=sdrf-skills-autoresearch;VV=v0.0.0
PAD000016-NC2_p1_1	Homo sapiens	Blood plasma	not available	not available	not available	not available	not available	123	negative control	blood plasma	PAD000016-r00194-NC2_p1_1	protein expression profiling by antibody array	1	Olink_CPA_SPIRO_GAHT_and_pregnancy.npx.csv	ftp://ftp.pride.ebi.ac.uk/pride/data/archive/2025/09/PAD000016/Olink_CPA_SPIRO_GAHT_and_pregnancy.npx.csv	Olink Explore HT	Olink Explore HT	NPX	plate1	Plate control	Olink Explore HT	Olink Explore HT	plate control normalized	NT=affinity-proteomics;VV=v1.0.0	NT=human;VV=v1.1.0	NT=olink;VV=v1.0.0	v1.1.0	NT=sdrf-skills-autoresearch;VV=v0.0.0
PAD000016-AA22_0m	Homo sapiens	Blood plasma	not available	not available	not available	not available	not available	72	not applicable	blood plasma	PAD000016-r00195-AA22_0m	protein expression profiling by antibody array	1	Olink_CPA_SPIRO_GAHT_and_pregnancy.npx.csv	ftp://ftp.pride.ebi.ac.uk/pride/data/archive/2025/09/PAD000016/Olink_CPA_SPIRO_GAHT_and_pregnancy.npx.csv	Olink Explore HT	Olink Explore HT	NPX	plate1	Plate control	Olink Explore HT	Olink Explore HT	plate control normalized	NT=affinity-proteomics;VV=v1.0.0	NT=human;VV=v1.1.0	NT=olink;VV=v1.0.0	v1.1.0	NT=sdrf-skills-autoresearch;VV=v0.0.0
PAD000016-AA07_0m	Homo sapiens	Blood plasma	not available	not available	not available	not available	not available	73	not applicable	blood plasma	PAD000016-r00196-AA07_0m	protein expression profiling by antibody array	1	Olink_CPA_SPIRO_GAHT_and_pregnancy.npx.csv	ftp://ftp.pride.ebi.ac.uk/pride/data/archive/2025/09/PAD000016/Olink_CPA_SPIRO_GAHT_and_pregnancy.npx.csv	Olink Explore HT	Olink Explore HT	NPX	plate1	Plate control	Olink Explore HT	Olink Explore HT	plate control normalized	NT=affinity-proteomics;VV=v1.0.0	NT=human;VV=v1.1.0	NT=olink;VV=v1.0.0	v1.1.0	NT=sdrf-skills-autoresearch;VV=v0.0.0
PAD000016-AA24_6m	Homo sapiens	Blood plasma	not available	not available	not available	not available	not available	74	not applicable	blood plasma	PAD000016-r00197-AA24_6m	protein expression profiling by antibody array	1	Olink_CPA_SPIRO_GAHT_and_pregnancy.npx.csv	ftp://ftp.pride.ebi.ac.uk/pride/data/archive/2025/09/PAD000016/Olink_CPA_SPIRO_GAHT_and_pregnancy.npx.csv	Olink Explore HT	Olink Explore HT	NPX	plate1	Plate control	Olink Explore HT	Olink Explore HT	plate control normalized	NT=affinity-proteomics;VV=v1.0.0	NT=human;VV=v1.1.0	NT=olink;VV=v1.0.0	v1.1.0	NT=sdrf-skills-autoresearch;VV=v0.0.0
PAD000016-AA39_0m	Homo sapiens	Blood plasma	not available	not available	not available	not available	not available	75	not applicable	blood plasma	PAD000016-r00198-AA39_0m	protein expression profiling by antibody array	1	Olink_CPA_SPIRO_GAHT_and_pregnancy.npx.csv	ftp://ftp.pride.ebi.ac.uk/pride/data/archive/2025/09/PAD000016/Olink_CPA_SPIRO_GAHT_and_pregnancy.npx.csv	Olink Explore HT	Olink Explore HT	NPX	plate1	Plate control	Olink Explore HT	Olink Explore HT	plate control normalized	NT=affinity-proteomics;VV=v1.0.0	NT=human;VV=v1.1.0	NT=olink;VV=v1.0.0	v1.1.0	NT=sdrf-skills-autoresearch;VV=v0.0.0
PAD000016-AA36_6m	Homo sapiens	Blood plasma	not available	not available	not available	not available	not available	76	not applicable	blood plasma	PAD000016-r00199-AA36_6m	protein expression profiling by antibody array	1	Olink_CPA_SPIRO_GAHT_and_pregnancy.npx.csv	ftp://ftp.pride.ebi.ac.uk/pride/data/archive/2025/09/PAD000016/Olink_CPA_SPIRO_GAHT_and_pregnancy.npx.csv	Olink Explore HT	Olink Explore HT	NPX	plate1	Plate control	Olink Explore HT	Olink Explore HT	plate control normalized	NT=affinity-proteomics;VV=v1.0.0	NT=human;VV=v1.1.0	NT=olink;VV=v1.0.0	v1.1.0	NT=sdrf-skills-autoresearch;VV=v0.0.0
PAD000016-AA31_0m	Homo sapiens	Blood plasma	not available	not available	not available	not available	not available	77	not applicable	blood plasma	PAD000016-r00200-AA31_0m	protein expression profiling by antibody array	1	Olink_CPA_SPIRO_GAHT_and_pregnancy.npx.csv	ftp://ftp.pride.ebi.ac.uk/pride/data/archive/2025/09/PAD000016/Olink_CPA_SPIRO_GAHT_and_pregnancy.npx.csv	Olink Explore HT	Olink Explore HT	NPX	plate1	Plate control	Olink Explore HT	Olink Explore HT	plate control normalized	NT=affinity-proteomics;VV=v1.0.0	NT=human;VV=v1.1.0	NT=olink;VV=v1.0.0	v1.1.0	NT=sdrf-skills-autoresearch;VV=v0.0.0
PAD000016-SC3_p1_2	Homo sapiens	Blood plasma	not available	not available	not available	not available	not available	124	quality control sample	blood plasma	PAD000016-r00201-SC3_p1_2	protein expression profiling by antibody array	1	Olink_CPA_SPIRO_GAHT_and_pregnancy.npx.csv	ftp://ftp.pride.ebi.ac.uk/pride/data/archive/2025/09/PAD000016/Olink_CPA_SPIRO_GAHT_and_pregnancy.npx.csv	Olink Explore HT	Olink Explore HT	NPX	plate1	Plate control	Olink Explore HT	Olink Explore HT	plate control normalized	NT=affinity-proteomics;VV=v1.0.0	NT=human;VV=v1.1.0	NT=olink;VV=v1.0.0	v1.1.0	NT=sdrf-skills-autoresearch;VV=v0.0.0
PAD000016-AA54_6m	Homo sapiens	Blood plasma	not available	not available	not available	not available	not available	78	not applicable	blood plasma	PAD000016-r00202-AA54_6m	protein expression profiling by antibody array	1	Olink_CPA_SPIRO_GAHT_and_pregnancy.npx.csv	ftp://ftp.pride.ebi.ac.uk/pride/data/archive/2025/09/PAD000016/Olink_CPA_SPIRO_GAHT_and_pregnancy.npx.csv	Olink Explore HT	Olink Explore HT	NPX	plate1	Plate control	Olink Explore HT	Olink Explore HT	plate control normalized	NT=affinity-proteomics;VV=v1.0.0	NT=human;VV=v1.1.0	NT=olink;VV=v1.0.0	v1.1.0	NT=sdrf-skills-autoresearch;VV=v0.0.0
PAD000016-AA44_0m	Homo sapiens	Blood plasma	not available	not available	not available	not available	not available	79	not applicable	blood plasma	PAD000016-r00203-AA44_0m	protein expression profiling by antibody array	1	Olink_CPA_SPIRO_GAHT_and_pregnancy.npx.csv	ftp://ftp.pride.ebi.ac.uk/pride/data/archive/2025/09/PAD000016/Olink_CPA_SPIRO_GAHT_and_pregnancy.npx.csv	Olink Explore HT	Olink Explore HT	NPX	plate1	Plate control	Olink Explore HT	Olink Explore HT	plate control normalized	NT=affinity-proteomics;VV=v1.0.0	NT=human;VV=v1.1.0	NT=olink;VV=v1.0.0	v1.1.0	NT=sdrf-skills-autoresearch;VV=v0.0.0
PAD000016-AA57_0m	Homo sapiens	Blood plasma	not available	not available	not available	not available	not available	80	not applicable	blood plasma	PAD000016-r00204-AA57_0m	protein expression profiling by antibody array	1	Olink_CPA_SPIRO_GAHT_and_pregnancy.npx.csv	ftp://ftp.pride.ebi.ac.uk/pride/data/archive/2025/09/PAD000016/Olink_CPA_SPIRO_GAHT_and_pregnancy.npx.csv	Olink Explore HT	Olink Explore HT	NPX	plate1	Plate control	Olink Explore HT	Olink Explore HT	plate control normalized	NT=affinity-proteomics;VV=v1.0.0	NT=human;VV=v1.1.0	NT=olink;VV=v1.0.0	v1.1.0	NT=sdrf-skills-autoresearch;VV=v0.0.0
PAD000016-AA17_6m_rep	Homo sapiens	Blood plasma	not available	not available	not available	not available	not available	81	not applicable	blood plasma	PAD000016-r00205-AA17_6m_rep	protein expression profiling by antibody array	1	Olink_CPA_SPIRO_GAHT_and_pregnancy.npx.csv	ftp://ftp.pride.ebi.ac.uk/pride/data/archive/2025/09/PAD000016/Olink_CPA_SPIRO_GAHT_and_pregnancy.npx.csv	Olink Explore HT	Olink Explore HT	NPX	plate1	Plate control	Olink Explore HT	Olink Explore HT	plate control normalized	NT=affinity-proteomics;VV=v1.0.0	NT=human;VV=v1.1.0	NT=olink;VV=v1.0.0	v1.1.0	NT=sdrf-skills-autoresearch;VV=v0.0.0
PAD000016-AA58_0m	Homo sapiens	Blood plasma	not available	not available	not available	not available	not available	82	not applicable	blood plasma	PAD000016-r00206-AA58_0m	protein expression profiling by antibody array	1	Olink_CPA_SPIRO_GAHT_and_pregnancy.npx.csv	ftp://ftp.pride.ebi.ac.uk/pride/data/archive/2025/09/PAD000016/Olink_CPA_SPIRO_GAHT_and_pregnancy.npx.csv	Olink Explore HT	Olink Explore HT	NPX	plate1	Plate control	Olink Explore HT	Olink Explore HT	plate control normalized	NT=affinity-proteomics;VV=v1.0.0	NT=human;VV=v1.1.0	NT=olink;VV=v1.0.0	v1.1.0	NT=sdrf-skills-autoresearch;VV=v0.0.0
PAD000016-AA16_6m	Homo sapiens	Blood plasma	not available	not available	not available	not available	not available	83	not applicable	blood plasma	PAD000016-r00207-AA16_6m	protein expression profiling by antibody array	1	Olink_CPA_SPIRO_GAHT_and_pregnancy.npx.csv	ftp://ftp.pride.ebi.ac.uk/pride/data/archive/2025/09/PAD000016/Olink_CPA_SPIRO_GAHT_and_pregnancy.npx.csv	Olink Explore HT	Olink Explore HT	NPX	plate1	Plate control	Olink Explore HT	Olink Explore HT	plate control normalized	NT=affinity-proteomics;VV=v1.0.0	NT=human;VV=v1.1.0	NT=olink;VV=v1.0.0	v1.1.0	NT=sdrf-skills-autoresearch;VV=v0.0.0
PAD000016-IPC1_p1_2	Homo sapiens	Blood plasma	not available	not available	not available	not available	not available	125	plate control	blood plasma	PAD000016-r00208-IPC1_p1_2	protein expression profiling by antibody array	1	Olink_CPA_SPIRO_GAHT_and_pregnancy.npx.csv	ftp://ftp.pride.ebi.ac.uk/pride/data/archive/2025/09/PAD000016/Olink_CPA_SPIRO_GAHT_and_pregnancy.npx.csv	Olink Explore HT	Olink Explore HT	NPX	plate1	Plate control	Olink Explore HT	Olink Explore HT	plate control normalized	NT=affinity-proteomics;VV=v1.0.0	NT=human;VV=v1.1.0	NT=olink;VV=v1.0.0	v1.1.0	NT=sdrf-skills-autoresearch;VV=v0.0.0
PAD000016-AA28_6m	Homo sapiens	Blood plasma	not available	not available	not available	not available	not available	84	not applicable	blood plasma	PAD000016-r00209-AA28_6m	protein expression profiling by antibody array	1	Olink_CPA_SPIRO_GAHT_and_pregnancy.npx.csv	ftp://ftp.pride.ebi.ac.uk/pride/data/archive/2025/09/PAD000016/Olink_CPA_SPIRO_GAHT_and_pregnancy.npx.csv	Olink Explore HT	Olink Explore HT	NPX	plate1	Plate control	Olink Explore HT	Olink Explore HT	plate control normalized	NT=affinity-proteomics;VV=v1.0.0	NT=human;VV=v1.1.0	NT=olink;VV=v1.0.0	v1.1.0	NT=sdrf-skills-autoresearch;VV=v0.0.0
PAD000016-AA24_0m	Homo sapiens	Blood plasma	not available	not available	not available	not available	not available	85	not applicable	blood plasma	PAD000016-r00210-AA24_0m	protein expression profiling by antibody array	1	Olink_CPA_SPIRO_GAHT_and_pregnancy.npx.csv	ftp://ftp.pride.ebi.ac.uk/pride/data/archive/2025/09/PAD000016/Olink_CPA_SPIRO_GAHT_and_pregnancy.npx.csv	Olink Explore HT	Olink Explore HT	NPX	plate1	Plate control	Olink Explore HT	Olink Explore HT	plate control normalized	NT=affinity-proteomics;VV=v1.0.0	NT=human;VV=v1.1.0	NT=olink;VV=v1.0.0	v1.1.0	NT=sdrf-skills-autoresearch;VV=v0.0.0
PAD000016-AA58_6m	Homo sapiens	Blood plasma	not available	not available	not available	not available	not available	86	not applicable	blood plasma	PAD000016-r00211-AA58_6m	protein expression profiling by antibody array	1	Olink_CPA_SPIRO_GAHT_and_pregnancy.npx.csv	ftp://ftp.pride.ebi.ac.uk/pride/data/archive/2025/09/PAD000016/Olink_CPA_SPIRO_GAHT_and_pregnancy.npx.csv	Olink Explore HT	Olink Explore HT	NPX	plate1	Plate control	Olink Explore HT	Olink Explore HT	plate control normalized	NT=affinity-proteomics;VV=v1.0.0	NT=human;VV=v1.1.0	NT=olink;VV=v1.0.0	v1.1.0	NT=sdrf-skills-autoresearch;VV=v0.0.0
PAD000016-AA56_0m	Homo sapiens	Blood plasma	not available	not available	not available	not available	not available	87	not applicable	blood plasma	PAD000016-r00212-AA56_0m	protein expression profiling by antibody array	1	Olink_CPA_SPIRO_GAHT_and_pregnancy.npx.csv	ftp://ftp.pride.ebi.ac.uk/pride/data/archive/2025/09/PAD000016/Olink_CPA_SPIRO_GAHT_and_pregnancy.npx.csv	Olink Explore HT	Olink Explore HT	NPX	plate1	Plate control	Olink Explore HT	Olink Explore HT	plate control normalized	NT=affinity-proteomics;VV=v1.0.0	NT=human;VV=v1.1.0	NT=olink;VV=v1.0.0	v1.1.0	NT=sdrf-skills-autoresearch;VV=v0.0.0
PAD000016-AA48_0m	Homo sapiens	Blood plasma	not available	not available	not available	not available	not available	88	not applicable	blood plasma	PAD000016-r00213-AA48_0m	protein expression profiling by antibody array	1	Olink_CPA_SPIRO_GAHT_and_pregnancy.npx.csv	ftp://ftp.pride.ebi.ac.uk/pride/data/archive/2025/09/PAD000016/Olink_CPA_SPIRO_GAHT_and_pregnancy.npx.csv	Olink Explore HT	Olink Explore HT	NPX	plate1	Plate control	Olink Explore HT	Olink Explore HT	plate control normalized	NT=affinity-proteomics;VV=v1.0.0	NT=human;VV=v1.1.0	NT=olink;VV=v1.0.0	v1.1.0	NT=sdrf-skills-autoresearch;VV=v0.0.0
PAD000016-IPC2_p1_2	Homo sapiens	Blood plasma	not available	not available	not available	not available	not available	126	plate control	blood plasma	PAD000016-r00214-IPC2_p1_2	protein expression profiling by antibody array	1	Olink_CPA_SPIRO_GAHT_and_pregnancy.npx.csv	ftp://ftp.pride.ebi.ac.uk/pride/data/archive/2025/09/PAD000016/Olink_CPA_SPIRO_GAHT_and_pregnancy.npx.csv	Olink Explore HT	Olink Explore HT	NPX	plate1	Plate control	Olink Explore HT	Olink Explore HT	plate control normalized	NT=affinity-proteomics;VV=v1.0.0	NT=human;VV=v1.1.0	NT=olink;VV=v1.0.0	v1.1.0	NT=sdrf-skills-autoresearch;VV=v0.0.0
PAD000016-AA25_0m	Homo sapiens	Blood plasma	not available	not available	not available	not available	not available	89	not applicable	blood plasma	PAD000016-r00215-AA25_0m	protein expression profiling by antibody array	1	Olink_CPA_SPIRO_GAHT_and_pregnancy.npx.csv	ftp://ftp.pride.ebi.ac.uk/pride/data/archive/2025/09/PAD000016/Olink_CPA_SPIRO_GAHT_and_pregnancy.npx.csv	Olink Explore HT	Olink Explore HT	NPX	plate1	Plate control	Olink Explore HT	Olink Explore HT	plate control normalized	NT=affinity-proteomics;VV=v1.0.0	NT=human;VV=v1.1.0	NT=olink;VV=v1.0.0	v1.1.0	NT=sdrf-skills-autoresearch;VV=v0.0.0
PAD000016-AA48_6m	Homo sapiens	Blood plasma	not available	not available	not available	not available	not available	90	not applicable	blood plasma	PAD000016-r00216-AA48_6m	protein expression profiling by antibody array	1	Olink_CPA_SPIRO_GAHT_and_pregnancy.npx.csv	ftp://ftp.pride.ebi.ac.uk/pride/data/archive/2025/09/PAD000016/Olink_CPA_SPIRO_GAHT_and_pregnancy.npx.csv	Olink Explore HT	Olink Explore HT	NPX	plate1	Plate control	Olink Explore HT	Olink Explore HT	plate control normalized	NT=affinity-proteomics;VV=v1.0.0	NT=human;VV=v1.1.0	NT=olink;VV=v1.0.0	v1.1.0	NT=sdrf-skills-autoresearch;VV=v0.0.0
PAD000016-AA21_0m	Homo sapiens	Blood plasma	not available	not available	not available	not available	not available	91	not applicable	blood plasma	PAD000016-r00217-AA21_0m	protein expression profiling by antibody array	1	Olink_CPA_SPIRO_GAHT_and_pregnancy.npx.csv	ftp://ftp.pride.ebi.ac.uk/pride/data/archive/2025/09/PAD000016/Olink_CPA_SPIRO_GAHT_and_pregnancy.npx.csv	Olink Explore HT	Olink Explore HT	NPX	plate1	Plate control	Olink Explore HT	Olink Explore HT	plate control normalized	NT=affinity-proteomics;VV=v1.0.0	NT=human;VV=v1.1.0	NT=olink;VV=v1.0.0	v1.1.0	NT=sdrf-skills-autoresearch;VV=v0.0.0
PAD000016-AA34_6m	Homo sapiens	Blood plasma	not available	not available	not available	not available	not available	92	not applicable	blood plasma	PAD000016-r00218-AA34_6m	protein expression profiling by antibody array	1	Olink_CPA_SPIRO_GAHT_and_pregnancy.npx.csv	ftp://ftp.pride.ebi.ac.uk/pride/data/archive/2025/09/PAD000016/Olink_CPA_SPIRO_GAHT_and_pregnancy.npx.csv	Olink Explore HT	Olink Explore HT	NPX	plate1	Plate control	Olink Explore HT	Olink Explore HT	plate control normalized	NT=affinity-proteomics;VV=v1.0.0	NT=human;VV=v1.1.0	NT=olink;VV=v1.0.0	v1.1.0	NT=sdrf-skills-autoresearch;VV=v0.0.0
PAD000016-AA22_6m	Homo sapiens	Blood plasma	not available	not available	not available	not available	not available	93	not applicable	blood plasma	PAD000016-r00219-AA22_6m	protein expression profiling by antibody array	1	Olink_CPA_SPIRO_GAHT_and_pregnancy.npx.csv	ftp://ftp.pride.ebi.ac.uk/pride/data/archive/2025/09/PAD000016/Olink_CPA_SPIRO_GAHT_and_pregnancy.npx.csv	Olink Explore HT	Olink Explore HT	NPX	plate1	Plate control	Olink Explore HT	Olink Explore HT	plate control normalized	NT=affinity-proteomics;VV=v1.0.0	NT=human;VV=v1.1.0	NT=olink;VV=v1.0.0	v1.1.0	NT=sdrf-skills-autoresearch;VV=v0.0.0
PAD000016-IPC3_p1_2	Homo sapiens	Blood plasma	not available	not available	not available	not available	not available	127	plate control	blood plasma	PAD000016-r00220-IPC3_p1_2	protein expression profiling by antibody array	1	Olink_CPA_SPIRO_GAHT_and_pregnancy.npx.csv	ftp://ftp.pride.ebi.ac.uk/pride/data/archive/2025/09/PAD000016/Olink_CPA_SPIRO_GAHT_and_pregnancy.npx.csv	Olink Explore HT	Olink Explore HT	NPX	plate1	Plate control	Olink Explore HT	Olink Explore HT	plate control normalized	NT=affinity-proteomics;VV=v1.0.0	NT=human;VV=v1.1.0	NT=olink;VV=v1.0.0	v1.1.0	NT=sdrf-skills-autoresearch;VV=v0.0.0
PAD000016-AA63_6m	Homo sapiens	Blood plasma	not available	not available	not available	not available	not available	94	not applicable	blood plasma	PAD000016-r00221-AA63_6m	protein expression profiling by antibody array	1	Olink_CPA_SPIRO_GAHT_and_pregnancy.npx.csv	ftp://ftp.pride.ebi.ac.uk/pride/data/archive/2025/09/PAD000016/Olink_CPA_SPIRO_GAHT_and_pregnancy.npx.csv	Olink Explore HT	Olink Explore HT	NPX	plate1	Plate control	Olink Explore HT	Olink Explore HT	plate control normalized	NT=affinity-proteomics;VV=v1.0.0	NT=human;VV=v1.1.0	NT=olink;VV=v1.0.0	v1.1.0	NT=sdrf-skills-autoresearch;VV=v0.0.0
PAD000016-AA02_0m	Homo sapiens	Blood plasma	not available	not available	not available	not available	not available	95	not applicable	blood plasma	PAD000016-r00222-AA02_0m	protein expression profiling by antibody array	1	Olink_CPA_SPIRO_GAHT_and_pregnancy.npx.csv	ftp://ftp.pride.ebi.ac.uk/pride/data/archive/2025/09/PAD000016/Olink_CPA_SPIRO_GAHT_and_pregnancy.npx.csv	Olink Explore HT	Olink Explore HT	NPX	plate1	Plate control	Olink Explore HT	Olink Explore HT	plate control normalized	NT=affinity-proteomics;VV=v1.0.0	NT=human;VV=v1.1.0	NT=olink;VV=v1.0.0	v1.1.0	NT=sdrf-skills-autoresearch;VV=v0.0.0
PAD000016-AA29_6m	Homo sapiens	Blood plasma	not available	not available	not available	not available	not available	96	not applicable	blood plasma	PAD000016-r00223-AA29_6m	protein expression profiling by antibody array	1	Olink_CPA_SPIRO_GAHT_and_pregnancy.npx.csv	ftp://ftp.pride.ebi.ac.uk/pride/data/archive/2025/09/PAD000016/Olink_CPA_SPIRO_GAHT_and_pregnancy.npx.csv	Olink Explore HT	Olink Explore HT	NPX	plate1	Plate control	Olink Explore HT	Olink Explore HT	plate control normalized	NT=affinity-proteomics;VV=v1.0.0	NT=human;VV=v1.1.0	NT=olink;VV=v1.0.0	v1.1.0	NT=sdrf-skills-autoresearch;VV=v0.0.0
PAD000016-AA31_6m	Homo sapiens	Blood plasma	not available	not available	not available	not available	not available	97	not applicable	blood plasma	PAD000016-r00224-AA31_6m	protein expression profiling by antibody array	1	Olink_CPA_SPIRO_GAHT_and_pregnancy.npx.csv	ftp://ftp.pride.ebi.ac.uk/pride/data/archive/2025/09/PAD000016/Olink_CPA_SPIRO_GAHT_and_pregnancy.npx.csv	Olink Explore HT	Olink Explore HT	NPX	plate1	Plate control	Olink Explore HT	Olink Explore HT	plate control normalized	NT=affinity-proteomics;VV=v1.0.0	NT=human;VV=v1.1.0	NT=olink;VV=v1.0.0	v1.1.0	NT=sdrf-skills-autoresearch;VV=v0.0.0
PAD000016-AA34_0m	Homo sapiens	Blood plasma	not available	not available	not available	not available	not available	98	not applicable	blood plasma	PAD000016-r00225-AA34_0m	protein expression profiling by antibody array	1	Olink_CPA_SPIRO_GAHT_and_pregnancy.npx.csv	ftp://ftp.pride.ebi.ac.uk/pride/data/archive/2025/09/PAD000016/Olink_CPA_SPIRO_GAHT_and_pregnancy.npx.csv	Olink Explore HT	Olink Explore HT	NPX	plate1	Plate control	Olink Explore HT	Olink Explore HT	plate control normalized	NT=affinity-proteomics;VV=v1.0.0	NT=human;VV=v1.1.0	NT=olink;VV=v1.0.0	v1.1.0	NT=sdrf-skills-autoresearch;VV=v0.0.0
PAD000016-IPC4_p1_2	Homo sapiens	Blood plasma	not available	not available	not available	not available	not available	128	plate control	blood plasma	PAD000016-r00226-IPC4_p1_2	protein expression profiling by antibody array	1	Olink_CPA_SPIRO_GAHT_and_pregnancy.npx.csv	ftp://ftp.pride.ebi.ac.uk/pride/data/archive/2025/09/PAD000016/Olink_CPA_SPIRO_GAHT_and_pregnancy.npx.csv	Olink Explore HT	Olink Explore HT	NPX	plate1	Plate control	Olink Explore HT	Olink Explore HT	plate control normalized	NT=affinity-proteomics;VV=v1.0.0	NT=human;VV=v1.1.0	NT=olink;VV=v1.0.0	v1.1.0	NT=sdrf-skills-autoresearch;VV=v0.0.0
PAD000016-AA57_6m	Homo sapiens	Blood plasma	not available	not available	not available	not available	not available	99	not applicable	blood plasma	PAD000016-r00227-AA57_6m	protein expression profiling by antibody array	1	Olink_CPA_SPIRO_GAHT_and_pregnancy.npx.csv	ftp://ftp.pride.ebi.ac.uk/pride/data/archive/2025/09/PAD000016/Olink_CPA_SPIRO_GAHT_and_pregnancy.npx.csv	Olink Explore HT	Olink Explore HT	NPX	plate1	Plate control	Olink Explore HT	Olink Explore HT	plate control normalized	NT=affinity-proteomics;VV=v1.0.0	NT=human;VV=v1.1.0	NT=olink;VV=v1.0.0	v1.1.0	NT=sdrf-skills-autoresearch;VV=v0.0.0
PAD000016-AA25_6m	Homo sapiens	Blood plasma	not available	not available	not available	not available	not available	100	not applicable	blood plasma	PAD000016-r00228-AA25_6m	protein expression profiling by antibody array	1	Olink_CPA_SPIRO_GAHT_and_pregnancy.npx.csv	ftp://ftp.pride.ebi.ac.uk/pride/data/archive/2025/09/PAD000016/Olink_CPA_SPIRO_GAHT_and_pregnancy.npx.csv	Olink Explore HT	Olink Explore HT	NPX	plate1	Plate control	Olink Explore HT	Olink Explore HT	plate control normalized	NT=affinity-proteomics;VV=v1.0.0	NT=human;VV=v1.1.0	NT=olink;VV=v1.0.0	v1.1.0	NT=sdrf-skills-autoresearch;VV=v0.0.0
PAD000016-AA54_0m	Homo sapiens	Blood plasma	not available	not available	not available	not available	not available	101	not applicable	blood plasma	PAD000016-r00229-AA54_0m	protein expression profiling by antibody array	1	Olink_CPA_SPIRO_GAHT_and_pregnancy.npx.csv	ftp://ftp.pride.ebi.ac.uk/pride/data/archive/2025/09/PAD000016/Olink_CPA_SPIRO_GAHT_and_pregnancy.npx.csv	Olink Explore HT	Olink Explore HT	NPX	plate1	Plate control	Olink Explore HT	Olink Explore HT	plate control normalized	NT=affinity-proteomics;VV=v1.0.0	NT=human;VV=v1.1.0	NT=olink;VV=v1.0.0	v1.1.0	NT=sdrf-skills-autoresearch;VV=v0.0.0
PAD000016-AA63_0m	Homo sapiens	Blood plasma	not available	not available	not available	not available	not available	102	not applicable	blood plasma	PAD000016-r00230-AA63_0m	protein expression profiling by antibody array	1	Olink_CPA_SPIRO_GAHT_and_pregnancy.npx.csv	ftp://ftp.pride.ebi.ac.uk/pride/data/archive/2025/09/PAD000016/Olink_CPA_SPIRO_GAHT_and_pregnancy.npx.csv	Olink Explore HT	Olink Explore HT	NPX	plate1	Plate control	Olink Explore HT	Olink Explore HT	plate control normalized	NT=affinity-proteomics;VV=v1.0.0	NT=human;VV=v1.1.0	NT=olink;VV=v1.0.0	v1.1.0	NT=sdrf-skills-autoresearch;VV=v0.0.0
PAD000016-AA02_6m	Homo sapiens	Blood plasma	not available	not available	not available	not available	not available	103	not applicable	blood plasma	PAD000016-r00231-AA02_6m	protein expression profiling by antibody array	1	Olink_CPA_SPIRO_GAHT_and_pregnancy.npx.csv	ftp://ftp.pride.ebi.ac.uk/pride/data/archive/2025/09/PAD000016/Olink_CPA_SPIRO_GAHT_and_pregnancy.npx.csv	Olink Explore HT	Olink Explore HT	NPX	plate1	Plate control	Olink Explore HT	Olink Explore HT	plate control normalized	NT=affinity-proteomics;VV=v1.0.0	NT=human;VV=v1.1.0	NT=olink;VV=v1.0.0	v1.1.0	NT=sdrf-skills-autoresearch;VV=v0.0.0
PAD000016-IPC5_p1_2	Homo sapiens	Blood plasma	not available	not available	not available	not available	not available	129	plate control	blood plasma	PAD000016-r00232-IPC5_p1_2	protein expression profiling by antibody array	1	Olink_CPA_SPIRO_GAHT_and_pregnancy.npx.csv	ftp://ftp.pride.ebi.ac.uk/pride/data/archive/2025/09/PAD000016/Olink_CPA_SPIRO_GAHT_and_pregnancy.npx.csv	Olink Explore HT	Olink Explore HT	NPX	plate1	Plate control	Olink Explore HT	Olink Explore HT	plate control normalized	NT=affinity-proteomics;VV=v1.0.0	NT=human;VV=v1.1.0	NT=olink;VV=v1.0.0	v1.1.0	NT=sdrf-skills-autoresearch;VV=v0.0.0
PAD000016-AA56_6m	Homo sapiens	Blood plasma	not available	not available	not available	not available	not available	104	not applicable	blood plasma	PAD000016-r00233-AA56_6m	protein expression profiling by antibody array	1	Olink_CPA_SPIRO_GAHT_and_pregnancy.npx.csv	ftp://ftp.pride.ebi.ac.uk/pride/data/archive/2025/09/PAD000016/Olink_CPA_SPIRO_GAHT_and_pregnancy.npx.csv	Olink Explore HT	Olink Explore HT	NPX	plate1	Plate control	Olink Explore HT	Olink Explore HT	plate control normalized	NT=affinity-proteomics;VV=v1.0.0	NT=human;VV=v1.1.0	NT=olink;VV=v1.0.0	v1.1.0	NT=sdrf-skills-autoresearch;VV=v0.0.0
PAD000016-AA44_6m	Homo sapiens	Blood plasma	not available	not available	not available	not available	not available	105	not applicable	blood plasma	PAD000016-r00234-AA44_6m	protein expression profiling by antibody array	1	Olink_CPA_SPIRO_GAHT_and_pregnancy.npx.csv	ftp://ftp.pride.ebi.ac.uk/pride/data/archive/2025/09/PAD000016/Olink_CPA_SPIRO_GAHT_and_pregnancy.npx.csv	Olink Explore HT	Olink Explore HT	NPX	plate1	Plate control	Olink Explore HT	Olink Explore HT	plate control normalized	NT=affinity-proteomics;VV=v1.0.0	NT=human;VV=v1.1.0	NT=olink;VV=v1.0.0	v1.1.0	NT=sdrf-skills-autoresearch;VV=v0.0.0
PAD000016-AA17_0m_rep	Homo sapiens	Blood plasma	not available	not available	not available	not available	not available	106	not applicable	blood plasma	PAD000016-r00235-AA17_0m_rep	protein expression profiling by antibody array	1	Olink_CPA_SPIRO_GAHT_and_pregnancy.npx.csv	ftp://ftp.pride.ebi.ac.uk/pride/data/archive/2025/09/PAD000016/Olink_CPA_SPIRO_GAHT_and_pregnancy.npx.csv	Olink Explore HT	Olink Explore HT	NPX	plate1	Plate control	Olink Explore HT	Olink Explore HT	plate control normalized	NT=affinity-proteomics;VV=v1.0.0	NT=human;VV=v1.1.0	NT=olink;VV=v1.0.0	v1.1.0	NT=sdrf-skills-autoresearch;VV=v0.0.0
PAD000016-AA07_6m	Homo sapiens	Blood plasma	not available	not available	not available	not available	not available	107	not applicable	blood plasma	PAD000016-r00236-AA07_6m	protein expression profiling by antibody array	1	Olink_CPA_SPIRO_GAHT_and_pregnancy.npx.csv	ftp://ftp.pride.ebi.ac.uk/pride/data/archive/2025/09/PAD000016/Olink_CPA_SPIRO_GAHT_and_pregnancy.npx.csv	Olink Explore HT	Olink Explore HT	NPX	plate1	Plate control	Olink Explore HT	Olink Explore HT	plate control normalized	NT=affinity-proteomics;VV=v1.0.0	NT=human;VV=v1.1.0	NT=olink;VV=v1.0.0	v1.1.0	NT=sdrf-skills-autoresearch;VV=v0.0.0
PAD000016-AA29_0m	Homo sapiens	Blood plasma	not available	not available	not available	not available	not available	108	not applicable	blood plasma	PAD000016-r00237-AA29_0m	protein expression profiling by antibody array	1	Olink_CPA_SPIRO_GAHT_and_pregnancy.npx.csv	ftp://ftp.pride.ebi.ac.uk/pride/data/archive/2025/09/PAD000016/Olink_CPA_SPIRO_GAHT_and_pregnancy.npx.csv	Olink Explore HT	Olink Explore HT	NPX	plate1	Plate control	Olink Explore HT	Olink Explore HT	plate control normalized	NT=affinity-proteomics;VV=v1.0.0	NT=human;VV=v1.1.0	NT=olink;VV=v1.0.0	v1.1.0	NT=sdrf-skills-autoresearch;VV=v0.0.0
PAD000016-SC1_p1_2	Homo sapiens	Blood plasma	not available	not available	not available	not available	not available	130	negative control	blood plasma	PAD000016-r00238-SC1_p1_2	protein expression profiling by antibody array	1	Olink_CPA_SPIRO_GAHT_and_pregnancy.npx.csv	ftp://ftp.pride.ebi.ac.uk/pride/data/archive/2025/09/PAD000016/Olink_CPA_SPIRO_GAHT_and_pregnancy.npx.csv	Olink Explore HT	Olink Explore HT	NPX	plate1	Plate control	Olink Explore HT	Olink Explore HT	plate control normalized	NT=affinity-proteomics;VV=v1.0.0	NT=human;VV=v1.1.0	NT=olink;VV=v1.0.0	v1.1.0	NT=sdrf-skills-autoresearch;VV=v0.0.0
PAD000016-NC1_p1_2	Homo sapiens	Blood plasma	not available	not available	not available	not available	not available	131	not applicable	blood plasma	PAD000016-r00239-NC1_p1_2	protein expression profiling by antibody array	1	Olink_CPA_SPIRO_GAHT_and_pregnancy.npx.csv	ftp://ftp.pride.ebi.ac.uk/pride/data/archive/2025/09/PAD000016/Olink_CPA_SPIRO_GAHT_and_pregnancy.npx.csv	Olink Explore HT	Olink Explore HT	NPX	plate1	Plate control	Olink Explore HT	Olink Explore HT	plate control normalized	NT=affinity-proteomics;VV=v1.0.0	NT=human;VV=v1.1.0	NT=olink;VV=v1.0.0	v1.1.0	NT=sdrf-skills-autoresearch;VV=v0.0.0
PAD000016-AA36_0m	Homo sapiens	Blood plasma	not available	not available	not available	not available	not available	109	not applicable	blood plasma	PAD000016-r00240-AA36_0m	protein expression profiling by antibody array	1	Olink_CPA_SPIRO_GAHT_and_pregnancy.npx.csv	ftp://ftp.pride.ebi.ac.uk/pride/data/archive/2025/09/PAD000016/Olink_CPA_SPIRO_GAHT_and_pregnancy.npx.csv	Olink Explore HT	Olink Explore HT	NPX	plate1	Plate control	Olink Explore HT	Olink Explore HT	plate control normalized	NT=affinity-proteomics;VV=v1.0.0	NT=human;VV=v1.1.0	NT=olink;VV=v1.0.0	v1.1.0	NT=sdrf-skills-autoresearch;VV=v0.0.0
PAD000016-AA16_0m	Homo sapiens	Blood plasma	not available	not available	not available	not available	not available	110	not applicable	blood plasma	PAD000016-r00241-AA16_0m	protein expression profiling by antibody array	1	Olink_CPA_SPIRO_GAHT_and_pregnancy.npx.csv	ftp://ftp.pride.ebi.ac.uk/pride/data/archive/2025/09/PAD000016/Olink_CPA_SPIRO_GAHT_and_pregnancy.npx.csv	Olink Explore HT	Olink Explore HT	NPX	plate1	Plate control	Olink Explore HT	Olink Explore HT	plate control normalized	NT=affinity-proteomics;VV=v1.0.0	NT=human;VV=v1.1.0	NT=olink;VV=v1.0.0	v1.1.0	NT=sdrf-skills-autoresearch;VV=v0.0.0
PAD000016-AA21_6m	Homo sapiens	Blood plasma	not available	not available	not available	not available	not available	111	not applicable	blood plasma	PAD000016-r00242-AA21_6m	protein expression profiling by antibody array	1	Olink_CPA_SPIRO_GAHT_and_pregnancy.npx.csv	ftp://ftp.pride.ebi.ac.uk/pride/data/archive/2025/09/PAD000016/Olink_CPA_SPIRO_GAHT_and_pregnancy.npx.csv	Olink Explore HT	Olink Explore HT	NPX	plate1	Plate control	Olink Explore HT	Olink Explore HT	plate control normalized	NT=affinity-proteomics;VV=v1.0.0	NT=human;VV=v1.1.0	NT=olink;VV=v1.0.0	v1.1.0	NT=sdrf-skills-autoresearch;VV=v0.0.0
PAD000016-AA39_6m	Homo sapiens	Blood plasma	not available	not available	not available	not available	not available	112	not applicable	blood plasma	PAD000016-r00243-AA39_6m	protein expression profiling by antibody array	1	Olink_CPA_SPIRO_GAHT_and_pregnancy.npx.csv	ftp://ftp.pride.ebi.ac.uk/pride/data/archive/2025/09/PAD000016/Olink_CPA_SPIRO_GAHT_and_pregnancy.npx.csv	Olink Explore HT	Olink Explore HT	NPX	plate1	Plate control	Olink Explore HT	Olink Explore HT	plate control normalized	NT=affinity-proteomics;VV=v1.0.0	NT=human;VV=v1.1.0	NT=olink;VV=v1.0.0	v1.1.0	NT=sdrf-skills-autoresearch;VV=v0.0.0
PAD000016-AA28_0m	Homo sapiens	Blood plasma	not available	not available	not available	not available	not available	113	not applicable	blood plasma	PAD000016-r00244-AA28_0m	protein expression profiling by antibody array	1	Olink_CPA_SPIRO_GAHT_and_pregnancy.npx.csv	ftp://ftp.pride.ebi.ac.uk/pride/data/archive/2025/09/PAD000016/Olink_CPA_SPIRO_GAHT_and_pregnancy.npx.csv	Olink Explore HT	Olink Explore HT	NPX	plate1	Plate control	Olink Explore HT	Olink Explore HT	plate control normalized	NT=affinity-proteomics;VV=v1.0.0	NT=human;VV=v1.1.0	NT=olink;VV=v1.0.0	v1.1.0	NT=sdrf-skills-autoresearch;VV=v0.0.0
PAD000016-SC2_p1_2	Homo sapiens	Blood plasma	not available	not available	not available	not available	not available	132	negative control	blood plasma	PAD000016-r00245-SC2_p1_2	protein expression profiling by antibody array	1	Olink_CPA_SPIRO_GAHT_and_pregnancy.npx.csv	ftp://ftp.pride.ebi.ac.uk/pride/data/archive/2025/09/PAD000016/Olink_CPA_SPIRO_GAHT_and_pregnancy.npx.csv	Olink Explore HT	Olink Explore HT	NPX	plate1	Plate control	Olink Explore HT	Olink Explore HT	plate control normalized	NT=affinity-proteomics;VV=v1.0.0	NT=human;VV=v1.1.0	NT=olink;VV=v1.0.0	v1.1.0	NT=sdrf-skills-autoresearch;VV=v0.0.0
PAD000016-NC2_p1_2	Homo sapiens	Blood plasma	not available	not available	not available	not available	not available	133	not applicable	blood plasma	PAD000016-r00246-NC2_p1_2	protein expression profiling by antibody array	1	Olink_CPA_SPIRO_GAHT_and_pregnancy.npx.csv	ftp://ftp.pride.ebi.ac.uk/pride/data/archive/2025/09/PAD000016/Olink_CPA_SPIRO_GAHT_and_pregnancy.npx.csv	Olink Explore HT	Olink Explore HT	NPX	plate1	Plate control	Olink Explore HT	Olink Explore HT	plate control normalized	NT=affinity-proteomics;VV=v1.0.0	NT=human;VV=v1.1.0	NT=olink;VV=v1.0.0	v1.1.0	NT=sdrf-skills-autoresearch;VV=v0.0.0
