source name	characteristics[organism]	characteristics[organism part]	characteristics[disease]	characteristics[age]	characteristics[sex]	characteristics[individual]	characteristics[ancestry category]	characteristics[biological replicate]	characteristics[sample type]	characteristics[sample matrix]	assay name	technology type	comment[technical replicate]	comment[data file]	comment[file uri]	comment[platform]	comment[panel name]	comment[quantification unit]	comment[plate]	comment[normalization method]	comment[olink panel]	comment[olink platform]	comment[npx normalization]	comment[sdrf template]	comment[sdrf template]	comment[sdrf template]	comment[sdrf version]	comment[sdrf annotation tool]
PAD000030-14	Homo sapiens	Cerebrospinal fluid	not available	not available	not available	not available	not available	1	not applicable	cerebrospinal fluid	PAD000030-r00001-14	protein expression profiling by antibody array	1	WSG83024954_Olink_Explore_Detectability.npx.csv	ftp://ftp.pride.ebi.ac.uk/pride/data/archive/2026/02/PAD000030/WSG83024954_Olink_Explore_Detectability.npx.csv	Olink Target 96	Olink Target 96 Inflammation	NPX	layout_WSG	Intensity	Olink Target 96 Inflammation	Olink Target 96	intensity normalized	NT=affinity-proteomics;VV=v1.0.0	NT=human;VV=v1.1.0	NT=olink;VV=v1.0.0	v1.1.0	NT=sdrf-skills-autoresearch;VV=v0.0.0
PAD000030-88	Homo sapiens	Cerebrospinal fluid	not available	not available	not available	not available	not available	2	not applicable	cerebrospinal fluid	PAD000030-r00002-88	protein expression profiling by antibody array	1	WSG83024954_Olink_Explore_Detectability.npx.csv	ftp://ftp.pride.ebi.ac.uk/pride/data/archive/2026/02/PAD000030/WSG83024954_Olink_Explore_Detectability.npx.csv	Olink Target 96	Olink Target 96 Inflammation	NPX	layout_WSG	Intensity	Olink Target 96 Inflammation	Olink Target 96	intensity normalized	NT=affinity-proteomics;VV=v1.0.0	NT=human;VV=v1.1.0	NT=olink;VV=v1.0.0	v1.1.0	NT=sdrf-skills-autoresearch;VV=v0.0.0
PAD000030-17	Homo sapiens	Cerebrospinal fluid	not available	not available	not available	not available	not available	3	not applicable	cerebrospinal fluid	PAD000030-r00003-17	protein expression profiling by antibody array	1	WSG83024954_Olink_Explore_Detectability.npx.csv	ftp://ftp.pride.ebi.ac.uk/pride/data/archive/2026/02/PAD000030/WSG83024954_Olink_Explore_Detectability.npx.csv	Olink Target 96	Olink Target 96 Inflammation	NPX	layout_WSG	Intensity	Olink Target 96 Inflammation	Olink Target 96	intensity normalized	NT=affinity-proteomics;VV=v1.0.0	NT=human;VV=v1.1.0	NT=olink;VV=v1.0.0	v1.1.0	NT=sdrf-skills-autoresearch;VV=v0.0.0
PAD000030-293	Homo sapiens	Cerebrospinal fluid	not available	not available	not available	not available	not available	4	not applicable	cerebrospinal fluid	PAD000030-r00004-293	protein expression profiling by antibody array	1	WSG83024954_Olink_Explore_Detectability.npx.csv	ftp://ftp.pride.ebi.ac.uk/pride/data/archive/2026/02/PAD000030/WSG83024954_Olink_Explore_Detectability.npx.csv	Olink Target 96	Olink Target 96 Inflammation	NPX	layout_WSG	Intensity	Olink Target 96 Inflammation	Olink Target 96	intensity normalized	NT=affinity-proteomics;VV=v1.0.0	NT=human;VV=v1.1.0	NT=olink;VV=v1.0.0	v1.1.0	NT=sdrf-skills-autoresearch;VV=v0.0.0
PAD000030-32	Homo sapiens	Cerebrospinal fluid	not available	not available	not available	not available	not available	5	not applicable	cerebrospinal fluid	PAD000030-r00005-32	protein expression profiling by antibody array	1	WSG83024954_Olink_Explore_Detectability.npx.csv	ftp://ftp.pride.ebi.ac.uk/pride/data/archive/2026/02/PAD000030/WSG83024954_Olink_Explore_Detectability.npx.csv	Olink Target 96	Olink Target 96 Inflammation	NPX	layout_WSG	Intensity	Olink Target 96 Inflammation	Olink Target 96	intensity normalized	NT=affinity-proteomics;VV=v1.0.0	NT=human;VV=v1.1.0	NT=olink;VV=v1.0.0	v1.1.0	NT=sdrf-skills-autoresearch;VV=v0.0.0
PAD000030-58	Homo sapiens	Cerebrospinal fluid	not available	not available	not available	not available	not available	6	not applicable	cerebrospinal fluid	PAD000030-r00006-58	protein expression profiling by antibody array	1	WSG83024954_Olink_Explore_Detectability.npx.csv	ftp://ftp.pride.ebi.ac.uk/pride/data/archive/2026/02/PAD000030/WSG83024954_Olink_Explore_Detectability.npx.csv	Olink Target 96	Olink Target 96 Inflammation	NPX	layout_WSG	Intensity	Olink Target 96 Inflammation	Olink Target 96	intensity normalized	NT=affinity-proteomics;VV=v1.0.0	NT=human;VV=v1.1.0	NT=olink;VV=v1.0.0	v1.1.0	NT=sdrf-skills-autoresearch;VV=v0.0.0
PAD000030-57	Homo sapiens	Cerebrospinal fluid	not available	not available	not available	not available	not available	7	not applicable	cerebrospinal fluid	PAD000030-r00007-57	protein expression profiling by antibody array	1	WSG83024954_Olink_Explore_Detectability.npx.csv	ftp://ftp.pride.ebi.ac.uk/pride/data/archive/2026/02/PAD000030/WSG83024954_Olink_Explore_Detectability.npx.csv	Olink Target 96	Olink Target 96 Inflammation	NPX	layout_WSG	Intensity	Olink Target 96 Inflammation	Olink Target 96	intensity normalized	NT=affinity-proteomics;VV=v1.0.0	NT=human;VV=v1.1.0	NT=olink;VV=v1.0.0	v1.1.0	NT=sdrf-skills-autoresearch;VV=v0.0.0
PAD000030-40	Homo sapiens	Cerebrospinal fluid	not available	not available	not available	not available	not available	8	not applicable	cerebrospinal fluid	PAD000030-r00008-40	protein expression profiling by antibody array	1	WSG83024954_Olink_Explore_Detectability.npx.csv	ftp://ftp.pride.ebi.ac.uk/pride/data/archive/2026/02/PAD000030/WSG83024954_Olink_Explore_Detectability.npx.csv	Olink Target 96	Olink Target 96 Inflammation	NPX	layout_WSG	Intensity	Olink Target 96 Inflammation	Olink Target 96	intensity normalized	NT=affinity-proteomics;VV=v1.0.0	NT=human;VV=v1.1.0	NT=olink;VV=v1.0.0	v1.1.0	NT=sdrf-skills-autoresearch;VV=v0.0.0
PAD000030-266	Homo sapiens	Cerebrospinal fluid	not available	not available	not available	not available	not available	9	not applicable	cerebrospinal fluid	PAD000030-r00009-266	protein expression profiling by antibody array	1	WSG83024954_Olink_Explore_Detectability.npx.csv	ftp://ftp.pride.ebi.ac.uk/pride/data/archive/2026/02/PAD000030/WSG83024954_Olink_Explore_Detectability.npx.csv	Olink Target 96	Olink Target 96 Inflammation	NPX	layout_WSG	Intensity	Olink Target 96 Inflammation	Olink Target 96	intensity normalized	NT=affinity-proteomics;VV=v1.0.0	NT=human;VV=v1.1.0	NT=olink;VV=v1.0.0	v1.1.0	NT=sdrf-skills-autoresearch;VV=v0.0.0
PAD000030-211	Homo sapiens	Cerebrospinal fluid	not available	not available	not available	not available	not available	10	not applicable	cerebrospinal fluid	PAD000030-r00010-211	protein expression profiling by antibody array	1	WSG83024954_Olink_Explore_Detectability.npx.csv	ftp://ftp.pride.ebi.ac.uk/pride/data/archive/2026/02/PAD000030/WSG83024954_Olink_Explore_Detectability.npx.csv	Olink Target 96	Olink Target 96 Inflammation	NPX	layout_WSG	Intensity	Olink Target 96 Inflammation	Olink Target 96	intensity normalized	NT=affinity-proteomics;VV=v1.0.0	NT=human;VV=v1.1.0	NT=olink;VV=v1.0.0	v1.1.0	NT=sdrf-skills-autoresearch;VV=v0.0.0
PAD000030-298	Homo sapiens	Cerebrospinal fluid	not available	not available	not available	not available	not available	11	not applicable	cerebrospinal fluid	PAD000030-r00011-298	protein expression profiling by antibody array	1	WSG83024954_Olink_Explore_Detectability.npx.csv	ftp://ftp.pride.ebi.ac.uk/pride/data/archive/2026/02/PAD000030/WSG83024954_Olink_Explore_Detectability.npx.csv	Olink Target 96	Olink Target 96 Inflammation	NPX	layout_WSG	Intensity	Olink Target 96 Inflammation	Olink Target 96	intensity normalized	NT=affinity-proteomics;VV=v1.0.0	NT=human;VV=v1.1.0	NT=olink;VV=v1.0.0	v1.1.0	NT=sdrf-skills-autoresearch;VV=v0.0.0
PAD000030-268	Homo sapiens	Cerebrospinal fluid	not available	not available	not available	not available	not available	12	not applicable	cerebrospinal fluid	PAD000030-r00012-268	protein expression profiling by antibody array	1	WSG83024954_Olink_Explore_Detectability.npx.csv	ftp://ftp.pride.ebi.ac.uk/pride/data/archive/2026/02/PAD000030/WSG83024954_Olink_Explore_Detectability.npx.csv	Olink Target 96	Olink Target 96 Inflammation	NPX	layout_WSG	Intensity	Olink Target 96 Inflammation	Olink Target 96	intensity normalized	NT=affinity-proteomics;VV=v1.0.0	NT=human;VV=v1.1.0	NT=olink;VV=v1.0.0	v1.1.0	NT=sdrf-skills-autoresearch;VV=v0.0.0
PAD000030-169	Homo sapiens	Cerebrospinal fluid	not available	not available	not available	not available	not available	13	not applicable	cerebrospinal fluid	PAD000030-r00013-169	protein expression profiling by antibody array	1	WSG83024954_Olink_Explore_Detectability.npx.csv	ftp://ftp.pride.ebi.ac.uk/pride/data/archive/2026/02/PAD000030/WSG83024954_Olink_Explore_Detectability.npx.csv	Olink Target 96	Olink Target 96 Inflammation	NPX	layout_WSG	Intensity	Olink Target 96 Inflammation	Olink Target 96	intensity normalized	NT=affinity-proteomics;VV=v1.0.0	NT=human;VV=v1.1.0	NT=olink;VV=v1.0.0	v1.1.0	NT=sdrf-skills-autoresearch;VV=v0.0.0
PAD000030-289	Homo sapiens	Cerebrospinal fluid	not available	not available	not available	not available	not available	14	not applicable	cerebrospinal fluid	PAD000030-r00014-289	protein expression profiling by antibody array	1	WSG83024954_Olink_Explore_Detectability.npx.csv	ftp://ftp.pride.ebi.ac.uk/pride/data/archive/2026/02/PAD000030/WSG83024954_Olink_Explore_Detectability.npx.csv	Olink Target 96	Olink Target 96 Inflammation	NPX	layout_WSG	Intensity	Olink Target 96 Inflammation	Olink Target 96	intensity normalized	NT=affinity-proteomics;VV=v1.0.0	NT=human;VV=v1.1.0	NT=olink;VV=v1.0.0	v1.1.0	NT=sdrf-skills-autoresearch;VV=v0.0.0
PAD000030-35	Homo sapiens	Cerebrospinal fluid	not available	not available	not available	not available	not available	15	not applicable	cerebrospinal fluid	PAD000030-r00015-35	protein expression profiling by antibody array	1	WSG83024954_Olink_Explore_Detectability.npx.csv	ftp://ftp.pride.ebi.ac.uk/pride/data/archive/2026/02/PAD000030/WSG83024954_Olink_Explore_Detectability.npx.csv	Olink Target 96	Olink Target 96 Inflammation	NPX	layout_WSG	Intensity	Olink Target 96 Inflammation	Olink Target 96	intensity normalized	NT=affinity-proteomics;VV=v1.0.0	NT=human;VV=v1.1.0	NT=olink;VV=v1.0.0	v1.1.0	NT=sdrf-skills-autoresearch;VV=v0.0.0
PAD000030-295	Homo sapiens	Cerebrospinal fluid	not available	not available	not available	not available	not available	16	not applicable	cerebrospinal fluid	PAD000030-r00016-295	protein expression profiling by antibody array	1	WSG83024954_Olink_Explore_Detectability.npx.csv	ftp://ftp.pride.ebi.ac.uk/pride/data/archive/2026/02/PAD000030/WSG83024954_Olink_Explore_Detectability.npx.csv	Olink Target 96	Olink Target 96 Inflammation	NPX	layout_WSG	Intensity	Olink Target 96 Inflammation	Olink Target 96	intensity normalized	NT=affinity-proteomics;VV=v1.0.0	NT=human;VV=v1.1.0	NT=olink;VV=v1.0.0	v1.1.0	NT=sdrf-skills-autoresearch;VV=v0.0.0
PAD000030-64	Homo sapiens	Cerebrospinal fluid	not available	not available	not available	not available	not available	17	not applicable	cerebrospinal fluid	PAD000030-r00017-64	protein expression profiling by antibody array	1	WSG83024954_Olink_Explore_Detectability.npx.csv	ftp://ftp.pride.ebi.ac.uk/pride/data/archive/2026/02/PAD000030/WSG83024954_Olink_Explore_Detectability.npx.csv	Olink Target 96	Olink Target 96 Inflammation	NPX	layout_WSG	Intensity	Olink Target 96 Inflammation	Olink Target 96	intensity normalized	NT=affinity-proteomics;VV=v1.0.0	NT=human;VV=v1.1.0	NT=olink;VV=v1.0.0	v1.1.0	NT=sdrf-skills-autoresearch;VV=v0.0.0
PAD000030-119	Homo sapiens	Cerebrospinal fluid	not available	not available	not available	not available	not available	18	not applicable	cerebrospinal fluid	PAD000030-r00018-119	protein expression profiling by antibody array	1	WSG83024954_Olink_Explore_Detectability.npx.csv	ftp://ftp.pride.ebi.ac.uk/pride/data/archive/2026/02/PAD000030/WSG83024954_Olink_Explore_Detectability.npx.csv	Olink Target 96	Olink Target 96 Inflammation	NPX	layout_WSG	Intensity	Olink Target 96 Inflammation	Olink Target 96	intensity normalized	NT=affinity-proteomics;VV=v1.0.0	NT=human;VV=v1.1.0	NT=olink;VV=v1.0.0	v1.1.0	NT=sdrf-skills-autoresearch;VV=v0.0.0
PAD000030-63	Homo sapiens	Cerebrospinal fluid	not available	not available	not available	not available	not available	19	not applicable	cerebrospinal fluid	PAD000030-r00019-63	protein expression profiling by antibody array	1	WSG83024954_Olink_Explore_Detectability.npx.csv	ftp://ftp.pride.ebi.ac.uk/pride/data/archive/2026/02/PAD000030/WSG83024954_Olink_Explore_Detectability.npx.csv	Olink Target 96	Olink Target 96 Inflammation	NPX	layout_WSG	Intensity	Olink Target 96 Inflammation	Olink Target 96	intensity normalized	NT=affinity-proteomics;VV=v1.0.0	NT=human;VV=v1.1.0	NT=olink;VV=v1.0.0	v1.1.0	NT=sdrf-skills-autoresearch;VV=v0.0.0
PAD000030-236	Homo sapiens	Cerebrospinal fluid	not available	not available	not available	not available	not available	20	not applicable	cerebrospinal fluid	PAD000030-r00020-236	protein expression profiling by antibody array	1	WSG83024954_Olink_Explore_Detectability.npx.csv	ftp://ftp.pride.ebi.ac.uk/pride/data/archive/2026/02/PAD000030/WSG83024954_Olink_Explore_Detectability.npx.csv	Olink Target 96	Olink Target 96 Inflammation	NPX	layout_WSG	Intensity	Olink Target 96 Inflammation	Olink Target 96	intensity normalized	NT=affinity-proteomics;VV=v1.0.0	NT=human;VV=v1.1.0	NT=olink;VV=v1.0.0	v1.1.0	NT=sdrf-skills-autoresearch;VV=v0.0.0
PAD000030-66	Homo sapiens	Cerebrospinal fluid	not available	not available	not available	not available	not available	21	not applicable	cerebrospinal fluid	PAD000030-r00021-66	protein expression profiling by antibody array	1	WSG83024954_Olink_Explore_Detectability.npx.csv	ftp://ftp.pride.ebi.ac.uk/pride/data/archive/2026/02/PAD000030/WSG83024954_Olink_Explore_Detectability.npx.csv	Olink Target 96	Olink Target 96 Inflammation	NPX	layout_WSG	Intensity	Olink Target 96 Inflammation	Olink Target 96	intensity normalized	NT=affinity-proteomics;VV=v1.0.0	NT=human;VV=v1.1.0	NT=olink;VV=v1.0.0	v1.1.0	NT=sdrf-skills-autoresearch;VV=v0.0.0
PAD000030-108	Homo sapiens	Cerebrospinal fluid	not available	not available	not available	not available	not available	22	not applicable	cerebrospinal fluid	PAD000030-r00022-108	protein expression profiling by antibody array	1	WSG83024954_Olink_Explore_Detectability.npx.csv	ftp://ftp.pride.ebi.ac.uk/pride/data/archive/2026/02/PAD000030/WSG83024954_Olink_Explore_Detectability.npx.csv	Olink Target 96	Olink Target 96 Inflammation	NPX	layout_WSG	Intensity	Olink Target 96 Inflammation	Olink Target 96	intensity normalized	NT=affinity-proteomics;VV=v1.0.0	NT=human;VV=v1.1.0	NT=olink;VV=v1.0.0	v1.1.0	NT=sdrf-skills-autoresearch;VV=v0.0.0
PAD000030-175	Homo sapiens	Cerebrospinal fluid	not available	not available	not available	not available	not available	23	not applicable	cerebrospinal fluid	PAD000030-r00023-175	protein expression profiling by antibody array	1	WSG83024954_Olink_Explore_Detectability.npx.csv	ftp://ftp.pride.ebi.ac.uk/pride/data/archive/2026/02/PAD000030/WSG83024954_Olink_Explore_Detectability.npx.csv	Olink Target 96	Olink Target 96 Inflammation	NPX	layout_WSG	Intensity	Olink Target 96 Inflammation	Olink Target 96	intensity normalized	NT=affinity-proteomics;VV=v1.0.0	NT=human;VV=v1.1.0	NT=olink;VV=v1.0.0	v1.1.0	NT=sdrf-skills-autoresearch;VV=v0.0.0
PAD000030-155	Homo sapiens	Cerebrospinal fluid	not available	not available	not available	not available	not available	24	not applicable	cerebrospinal fluid	PAD000030-r00024-155	protein expression profiling by antibody array	1	WSG83024954_Olink_Explore_Detectability.npx.csv	ftp://ftp.pride.ebi.ac.uk/pride/data/archive/2026/02/PAD000030/WSG83024954_Olink_Explore_Detectability.npx.csv	Olink Target 96	Olink Target 96 Inflammation	NPX	layout_WSG	Intensity	Olink Target 96 Inflammation	Olink Target 96	intensity normalized	NT=affinity-proteomics;VV=v1.0.0	NT=human;VV=v1.1.0	NT=olink;VV=v1.0.0	v1.1.0	NT=sdrf-skills-autoresearch;VV=v0.0.0
PAD000030-230	Homo sapiens	Cerebrospinal fluid	not available	not available	not available	not available	not available	25	not applicable	cerebrospinal fluid	PAD000030-r00025-230	protein expression profiling by antibody array	1	WSG83024954_Olink_Explore_Detectability.npx.csv	ftp://ftp.pride.ebi.ac.uk/pride/data/archive/2026/02/PAD000030/WSG83024954_Olink_Explore_Detectability.npx.csv	Olink Target 96	Olink Target 96 Inflammation	NPX	layout_WSG	Intensity	Olink Target 96 Inflammation	Olink Target 96	intensity normalized	NT=affinity-proteomics;VV=v1.0.0	NT=human;VV=v1.1.0	NT=olink;VV=v1.0.0	v1.1.0	NT=sdrf-skills-autoresearch;VV=v0.0.0
PAD000030-98	Homo sapiens	Cerebrospinal fluid	not available	not available	not available	not available	not available	26	not applicable	cerebrospinal fluid	PAD000030-r00026-98	protein expression profiling by antibody array	1	WSG83024954_Olink_Explore_Detectability.npx.csv	ftp://ftp.pride.ebi.ac.uk/pride/data/archive/2026/02/PAD000030/WSG83024954_Olink_Explore_Detectability.npx.csv	Olink Target 96	Olink Target 96 Inflammation	NPX	layout_WSG	Intensity	Olink Target 96 Inflammation	Olink Target 96	intensity normalized	NT=affinity-proteomics;VV=v1.0.0	NT=human;VV=v1.1.0	NT=olink;VV=v1.0.0	v1.1.0	NT=sdrf-skills-autoresearch;VV=v0.0.0
PAD000030-160	Homo sapiens	Cerebrospinal fluid	not available	not available	not available	not available	not available	27	not applicable	cerebrospinal fluid	PAD000030-r00027-160	protein expression profiling by antibody array	1	WSG83024954_Olink_Explore_Detectability.npx.csv	ftp://ftp.pride.ebi.ac.uk/pride/data/archive/2026/02/PAD000030/WSG83024954_Olink_Explore_Detectability.npx.csv	Olink Target 96	Olink Target 96 Inflammation	NPX	layout_WSG	Intensity	Olink Target 96 Inflammation	Olink Target 96	intensity normalized	NT=affinity-proteomics;VV=v1.0.0	NT=human;VV=v1.1.0	NT=olink;VV=v1.0.0	v1.1.0	NT=sdrf-skills-autoresearch;VV=v0.0.0
PAD000030-43	Homo sapiens	Cerebrospinal fluid	not available	not available	not available	not available	not available	28	not applicable	cerebrospinal fluid	PAD000030-r00028-43	protein expression profiling by antibody array	1	WSG83024954_Olink_Explore_Detectability.npx.csv	ftp://ftp.pride.ebi.ac.uk/pride/data/archive/2026/02/PAD000030/WSG83024954_Olink_Explore_Detectability.npx.csv	Olink Target 96	Olink Target 96 Inflammation	NPX	layout_WSG	Intensity	Olink Target 96 Inflammation	Olink Target 96	intensity normalized	NT=affinity-proteomics;VV=v1.0.0	NT=human;VV=v1.1.0	NT=olink;VV=v1.0.0	v1.1.0	NT=sdrf-skills-autoresearch;VV=v0.0.0
PAD000030-247	Homo sapiens	Cerebrospinal fluid	not available	not available	not available	not available	not available	29	not applicable	cerebrospinal fluid	PAD000030-r00029-247	protein expression profiling by antibody array	1	WSG83024954_Olink_Explore_Detectability.npx.csv	ftp://ftp.pride.ebi.ac.uk/pride/data/archive/2026/02/PAD000030/WSG83024954_Olink_Explore_Detectability.npx.csv	Olink Target 96	Olink Target 96 Inflammation	NPX	layout_WSG	Intensity	Olink Target 96 Inflammation	Olink Target 96	intensity normalized	NT=affinity-proteomics;VV=v1.0.0	NT=human;VV=v1.1.0	NT=olink;VV=v1.0.0	v1.1.0	NT=sdrf-skills-autoresearch;VV=v0.0.0
PAD000030-315	Homo sapiens	Cerebrospinal fluid	not available	not available	not available	not available	not available	30	not applicable	cerebrospinal fluid	PAD000030-r00030-315	protein expression profiling by antibody array	1	WSG83024954_Olink_Explore_Detectability.npx.csv	ftp://ftp.pride.ebi.ac.uk/pride/data/archive/2026/02/PAD000030/WSG83024954_Olink_Explore_Detectability.npx.csv	Olink Target 96	Olink Target 96 Inflammation	NPX	layout_WSG	Intensity	Olink Target 96 Inflammation	Olink Target 96	intensity normalized	NT=affinity-proteomics;VV=v1.0.0	NT=human;VV=v1.1.0	NT=olink;VV=v1.0.0	v1.1.0	NT=sdrf-skills-autoresearch;VV=v0.0.0
PAD000030-59	Homo sapiens	Cerebrospinal fluid	not available	not available	not available	not available	not available	31	not applicable	cerebrospinal fluid	PAD000030-r00031-59	protein expression profiling by antibody array	1	WSG83024954_Olink_Explore_Detectability.npx.csv	ftp://ftp.pride.ebi.ac.uk/pride/data/archive/2026/02/PAD000030/WSG83024954_Olink_Explore_Detectability.npx.csv	Olink Target 96	Olink Target 96 Inflammation	NPX	layout_WSG	Intensity	Olink Target 96 Inflammation	Olink Target 96	intensity normalized	NT=affinity-proteomics;VV=v1.0.0	NT=human;VV=v1.1.0	NT=olink;VV=v1.0.0	v1.1.0	NT=sdrf-skills-autoresearch;VV=v0.0.0
PAD000030-60	Homo sapiens	Cerebrospinal fluid	not available	not available	not available	not available	not available	32	not applicable	cerebrospinal fluid	PAD000030-r00032-60	protein expression profiling by antibody array	1	WSG83024954_Olink_Explore_Detectability.npx.csv	ftp://ftp.pride.ebi.ac.uk/pride/data/archive/2026/02/PAD000030/WSG83024954_Olink_Explore_Detectability.npx.csv	Olink Target 96	Olink Target 96 Inflammation	NPX	layout_WSG	Intensity	Olink Target 96 Inflammation	Olink Target 96	intensity normalized	NT=affinity-proteomics;VV=v1.0.0	NT=human;VV=v1.1.0	NT=olink;VV=v1.0.0	v1.1.0	NT=sdrf-skills-autoresearch;VV=v0.0.0
PAD000030-41	Homo sapiens	Cerebrospinal fluid	not available	not available	not available	not available	not available	33	not applicable	cerebrospinal fluid	PAD000030-r00033-41	protein expression profiling by antibody array	1	WSG83024954_Olink_Explore_Detectability.npx.csv	ftp://ftp.pride.ebi.ac.uk/pride/data/archive/2026/02/PAD000030/WSG83024954_Olink_Explore_Detectability.npx.csv	Olink Target 96	Olink Target 96 Inflammation	NPX	layout_WSG	Intensity	Olink Target 96 Inflammation	Olink Target 96	intensity normalized	NT=affinity-proteomics;VV=v1.0.0	NT=human;VV=v1.1.0	NT=olink;VV=v1.0.0	v1.1.0	NT=sdrf-skills-autoresearch;VV=v0.0.0
PAD000030-54	Homo sapiens	Cerebrospinal fluid	not available	not available	not available	not available	not available	34	not applicable	cerebrospinal fluid	PAD000030-r00034-54	protein expression profiling by antibody array	1	WSG83024954_Olink_Explore_Detectability.npx.csv	ftp://ftp.pride.ebi.ac.uk/pride/data/archive/2026/02/PAD000030/WSG83024954_Olink_Explore_Detectability.npx.csv	Olink Target 96	Olink Target 96 Inflammation	NPX	layout_WSG	Intensity	Olink Target 96 Inflammation	Olink Target 96	intensity normalized	NT=affinity-proteomics;VV=v1.0.0	NT=human;VV=v1.1.0	NT=olink;VV=v1.0.0	v1.1.0	NT=sdrf-skills-autoresearch;VV=v0.0.0
PAD000030-316	Homo sapiens	Cerebrospinal fluid	not available	not available	not available	not available	not available	35	not applicable	cerebrospinal fluid	PAD000030-r00035-316	protein expression profiling by antibody array	1	WSG83024954_Olink_Explore_Detectability.npx.csv	ftp://ftp.pride.ebi.ac.uk/pride/data/archive/2026/02/PAD000030/WSG83024954_Olink_Explore_Detectability.npx.csv	Olink Target 96	Olink Target 96 Inflammation	NPX	layout_WSG	Intensity	Olink Target 96 Inflammation	Olink Target 96	intensity normalized	NT=affinity-proteomics;VV=v1.0.0	NT=human;VV=v1.1.0	NT=olink;VV=v1.0.0	v1.1.0	NT=sdrf-skills-autoresearch;VV=v0.0.0
PAD000030-260	Homo sapiens	Cerebrospinal fluid	not available	not available	not available	not available	not available	36	not applicable	cerebrospinal fluid	PAD000030-r00036-260	protein expression profiling by antibody array	1	WSG83024954_Olink_Explore_Detectability.npx.csv	ftp://ftp.pride.ebi.ac.uk/pride/data/archive/2026/02/PAD000030/WSG83024954_Olink_Explore_Detectability.npx.csv	Olink Target 96	Olink Target 96 Inflammation	NPX	layout_WSG	Intensity	Olink Target 96 Inflammation	Olink Target 96	intensity normalized	NT=affinity-proteomics;VV=v1.0.0	NT=human;VV=v1.1.0	NT=olink;VV=v1.0.0	v1.1.0	NT=sdrf-skills-autoresearch;VV=v0.0.0
PAD000030-312	Homo sapiens	Cerebrospinal fluid	not available	not available	not available	not available	not available	37	not applicable	cerebrospinal fluid	PAD000030-r00037-312	protein expression profiling by antibody array	1	WSG83024954_Olink_Explore_Detectability.npx.csv	ftp://ftp.pride.ebi.ac.uk/pride/data/archive/2026/02/PAD000030/WSG83024954_Olink_Explore_Detectability.npx.csv	Olink Target 96	Olink Target 96 Inflammation	NPX	layout_WSG	Intensity	Olink Target 96 Inflammation	Olink Target 96	intensity normalized	NT=affinity-proteomics;VV=v1.0.0	NT=human;VV=v1.1.0	NT=olink;VV=v1.0.0	v1.1.0	NT=sdrf-skills-autoresearch;VV=v0.0.0
PAD000030-181	Homo sapiens	Cerebrospinal fluid	not available	not available	not available	not available	not available	38	not applicable	cerebrospinal fluid	PAD000030-r00038-181	protein expression profiling by antibody array	1	WSG83024954_Olink_Explore_Detectability.npx.csv	ftp://ftp.pride.ebi.ac.uk/pride/data/archive/2026/02/PAD000030/WSG83024954_Olink_Explore_Detectability.npx.csv	Olink Target 96	Olink Target 96 Inflammation	NPX	layout_WSG	Intensity	Olink Target 96 Inflammation	Olink Target 96	intensity normalized	NT=affinity-proteomics;VV=v1.0.0	NT=human;VV=v1.1.0	NT=olink;VV=v1.0.0	v1.1.0	NT=sdrf-skills-autoresearch;VV=v0.0.0
PAD000030-145	Homo sapiens	Cerebrospinal fluid	not available	not available	not available	not available	not available	39	not applicable	cerebrospinal fluid	PAD000030-r00039-145	protein expression profiling by antibody array	1	WSG83024954_Olink_Explore_Detectability.npx.csv	ftp://ftp.pride.ebi.ac.uk/pride/data/archive/2026/02/PAD000030/WSG83024954_Olink_Explore_Detectability.npx.csv	Olink Target 96	Olink Target 96 Inflammation	NPX	layout_WSG	Intensity	Olink Target 96 Inflammation	Olink Target 96	intensity normalized	NT=affinity-proteomics;VV=v1.0.0	NT=human;VV=v1.1.0	NT=olink;VV=v1.0.0	v1.1.0	NT=sdrf-skills-autoresearch;VV=v0.0.0
PAD000030-18	Homo sapiens	Cerebrospinal fluid	not available	not available	not available	not available	not available	40	not applicable	cerebrospinal fluid	PAD000030-r00040-18	protein expression profiling by antibody array	1	WSG83024954_Olink_Explore_Detectability.npx.csv	ftp://ftp.pride.ebi.ac.uk/pride/data/archive/2026/02/PAD000030/WSG83024954_Olink_Explore_Detectability.npx.csv	Olink Target 96	Olink Target 96 Inflammation	NPX	layout_WSG	Intensity	Olink Target 96 Inflammation	Olink Target 96	intensity normalized	NT=affinity-proteomics;VV=v1.0.0	NT=human;VV=v1.1.0	NT=olink;VV=v1.0.0	v1.1.0	NT=sdrf-skills-autoresearch;VV=v0.0.0
PAD000030-240	Homo sapiens	Cerebrospinal fluid	not available	not available	not available	not available	not available	41	not applicable	cerebrospinal fluid	PAD000030-r00041-240	protein expression profiling by antibody array	1	WSG83024954_Olink_Explore_Detectability.npx.csv	ftp://ftp.pride.ebi.ac.uk/pride/data/archive/2026/02/PAD000030/WSG83024954_Olink_Explore_Detectability.npx.csv	Olink Target 96	Olink Target 96 Inflammation	NPX	layout_WSG	Intensity	Olink Target 96 Inflammation	Olink Target 96	intensity normalized	NT=affinity-proteomics;VV=v1.0.0	NT=human;VV=v1.1.0	NT=olink;VV=v1.0.0	v1.1.0	NT=sdrf-skills-autoresearch;VV=v0.0.0
PAD000030-128	Homo sapiens	Cerebrospinal fluid	not available	not available	not available	not available	not available	42	not applicable	cerebrospinal fluid	PAD000030-r00042-128	protein expression profiling by antibody array	1	WSG83024954_Olink_Explore_Detectability.npx.csv	ftp://ftp.pride.ebi.ac.uk/pride/data/archive/2026/02/PAD000030/WSG83024954_Olink_Explore_Detectability.npx.csv	Olink Target 96	Olink Target 96 Inflammation	NPX	layout_WSG	Intensity	Olink Target 96 Inflammation	Olink Target 96	intensity normalized	NT=affinity-proteomics;VV=v1.0.0	NT=human;VV=v1.1.0	NT=olink;VV=v1.0.0	v1.1.0	NT=sdrf-skills-autoresearch;VV=v0.0.0
PAD000030-270	Homo sapiens	Cerebrospinal fluid	not available	not available	not available	not available	not available	43	not applicable	cerebrospinal fluid	PAD000030-r00043-270	protein expression profiling by antibody array	1	WSG83024954_Olink_Explore_Detectability.npx.csv	ftp://ftp.pride.ebi.ac.uk/pride/data/archive/2026/02/PAD000030/WSG83024954_Olink_Explore_Detectability.npx.csv	Olink Target 96	Olink Target 96 Inflammation	NPX	layout_WSG	Intensity	Olink Target 96 Inflammation	Olink Target 96	intensity normalized	NT=affinity-proteomics;VV=v1.0.0	NT=human;VV=v1.1.0	NT=olink;VV=v1.0.0	v1.1.0	NT=sdrf-skills-autoresearch;VV=v0.0.0
PAD000030-220	Homo sapiens	Cerebrospinal fluid	not available	not available	not available	not available	not available	44	not applicable	cerebrospinal fluid	PAD000030-r00044-220	protein expression profiling by antibody array	1	WSG83024954_Olink_Explore_Detectability.npx.csv	ftp://ftp.pride.ebi.ac.uk/pride/data/archive/2026/02/PAD000030/WSG83024954_Olink_Explore_Detectability.npx.csv	Olink Target 96	Olink Target 96 Inflammation	NPX	layout_WSG	Intensity	Olink Target 96 Inflammation	Olink Target 96	intensity normalized	NT=affinity-proteomics;VV=v1.0.0	NT=human;VV=v1.1.0	NT=olink;VV=v1.0.0	v1.1.0	NT=sdrf-skills-autoresearch;VV=v0.0.0
PAD000030-20	Homo sapiens	Cerebrospinal fluid	not available	not available	not available	not available	not available	45	not applicable	cerebrospinal fluid	PAD000030-r00045-20	protein expression profiling by antibody array	1	WSG83024954_Olink_Explore_Detectability.npx.csv	ftp://ftp.pride.ebi.ac.uk/pride/data/archive/2026/02/PAD000030/WSG83024954_Olink_Explore_Detectability.npx.csv	Olink Target 96	Olink Target 96 Inflammation	NPX	layout_WSG	Intensity	Olink Target 96 Inflammation	Olink Target 96	intensity normalized	NT=affinity-proteomics;VV=v1.0.0	NT=human;VV=v1.1.0	NT=olink;VV=v1.0.0	v1.1.0	NT=sdrf-skills-autoresearch;VV=v0.0.0
PAD000030-139	Homo sapiens	Cerebrospinal fluid	not available	not available	not available	not available	not available	46	not applicable	cerebrospinal fluid	PAD000030-r00046-139	protein expression profiling by antibody array	1	WSG83024954_Olink_Explore_Detectability.npx.csv	ftp://ftp.pride.ebi.ac.uk/pride/data/archive/2026/02/PAD000030/WSG83024954_Olink_Explore_Detectability.npx.csv	Olink Target 96	Olink Target 96 Inflammation	NPX	layout_WSG	Intensity	Olink Target 96 Inflammation	Olink Target 96	intensity normalized	NT=affinity-proteomics;VV=v1.0.0	NT=human;VV=v1.1.0	NT=olink;VV=v1.0.0	v1.1.0	NT=sdrf-skills-autoresearch;VV=v0.0.0
PAD000030-103	Homo sapiens	Cerebrospinal fluid	not available	not available	not available	not available	not available	47	not applicable	cerebrospinal fluid	PAD000030-r00047-103	protein expression profiling by antibody array	1	WSG83024954_Olink_Explore_Detectability.npx.csv	ftp://ftp.pride.ebi.ac.uk/pride/data/archive/2026/02/PAD000030/WSG83024954_Olink_Explore_Detectability.npx.csv	Olink Target 96	Olink Target 96 Inflammation	NPX	layout_WSG	Intensity	Olink Target 96 Inflammation	Olink Target 96	intensity normalized	NT=affinity-proteomics;VV=v1.0.0	NT=human;VV=v1.1.0	NT=olink;VV=v1.0.0	v1.1.0	NT=sdrf-skills-autoresearch;VV=v0.0.0
PAD000030-49	Homo sapiens	Cerebrospinal fluid	not available	not available	not available	not available	not available	48	not applicable	cerebrospinal fluid	PAD000030-r00048-49	protein expression profiling by antibody array	1	WSG83024954_Olink_Explore_Detectability.npx.csv	ftp://ftp.pride.ebi.ac.uk/pride/data/archive/2026/02/PAD000030/WSG83024954_Olink_Explore_Detectability.npx.csv	Olink Target 96	Olink Target 96 Oncology	NPX	layout_WSG	Intensity	Olink Target 96 Oncology	Olink Target 96	intensity normalized	NT=affinity-proteomics;VV=v1.0.0	NT=human;VV=v1.1.0	NT=olink;VV=v1.0.0	v1.1.0	NT=sdrf-skills-autoresearch;VV=v0.0.0
PAD000030-123	Homo sapiens	Cerebrospinal fluid	not available	not available	not available	not available	not available	49	not applicable	cerebrospinal fluid	PAD000030-r00049-123	protein expression profiling by antibody array	1	WSG83024954_Olink_Explore_Detectability.npx.csv	ftp://ftp.pride.ebi.ac.uk/pride/data/archive/2026/02/PAD000030/WSG83024954_Olink_Explore_Detectability.npx.csv	Olink Target 96	Olink Target 96 Inflammation	NPX	layout_WSG	Intensity	Olink Target 96 Inflammation	Olink Target 96	intensity normalized	NT=affinity-proteomics;VV=v1.0.0	NT=human;VV=v1.1.0	NT=olink;VV=v1.0.0	v1.1.0	NT=sdrf-skills-autoresearch;VV=v0.0.0
PAD000030-149	Homo sapiens	Cerebrospinal fluid	not available	not available	not available	not available	not available	50	not applicable	cerebrospinal fluid	PAD000030-r00050-149	protein expression profiling by antibody array	1	WSG83024954_Olink_Explore_Detectability.npx.csv	ftp://ftp.pride.ebi.ac.uk/pride/data/archive/2026/02/PAD000030/WSG83024954_Olink_Explore_Detectability.npx.csv	Olink Target 96	Olink Target 96 Inflammation	NPX	layout_WSG	Intensity	Olink Target 96 Inflammation	Olink Target 96	intensity normalized	NT=affinity-proteomics;VV=v1.0.0	NT=human;VV=v1.1.0	NT=olink;VV=v1.0.0	v1.1.0	NT=sdrf-skills-autoresearch;VV=v0.0.0
PAD000030-152	Homo sapiens	Cerebrospinal fluid	not available	not available	not available	not available	not available	51	not applicable	cerebrospinal fluid	PAD000030-r00051-152	protein expression profiling by antibody array	1	WSG83024954_Olink_Explore_Detectability.npx.csv	ftp://ftp.pride.ebi.ac.uk/pride/data/archive/2026/02/PAD000030/WSG83024954_Olink_Explore_Detectability.npx.csv	Olink Target 96	Olink Target 96 Inflammation	NPX	layout_WSG	Intensity	Olink Target 96 Inflammation	Olink Target 96	intensity normalized	NT=affinity-proteomics;VV=v1.0.0	NT=human;VV=v1.1.0	NT=olink;VV=v1.0.0	v1.1.0	NT=sdrf-skills-autoresearch;VV=v0.0.0
PAD000030-183	Homo sapiens	Cerebrospinal fluid	not available	not available	not available	not available	not available	52	not applicable	cerebrospinal fluid	PAD000030-r00052-183	protein expression profiling by antibody array	1	WSG83024954_Olink_Explore_Detectability.npx.csv	ftp://ftp.pride.ebi.ac.uk/pride/data/archive/2026/02/PAD000030/WSG83024954_Olink_Explore_Detectability.npx.csv	Olink Target 96	Olink Target 96 Inflammation	NPX	layout_WSG	Intensity	Olink Target 96 Inflammation	Olink Target 96	intensity normalized	NT=affinity-proteomics;VV=v1.0.0	NT=human;VV=v1.1.0	NT=olink;VV=v1.0.0	v1.1.0	NT=sdrf-skills-autoresearch;VV=v0.0.0
PAD000030-294	Homo sapiens	Cerebrospinal fluid	not available	not available	not available	not available	not available	53	not applicable	cerebrospinal fluid	PAD000030-r00053-294	protein expression profiling by antibody array	1	WSG83024954_Olink_Explore_Detectability.npx.csv	ftp://ftp.pride.ebi.ac.uk/pride/data/archive/2026/02/PAD000030/WSG83024954_Olink_Explore_Detectability.npx.csv	Olink Target 96	Olink Target 96 Inflammation	NPX	layout_WSG	Intensity	Olink Target 96 Inflammation	Olink Target 96	intensity normalized	NT=affinity-proteomics;VV=v1.0.0	NT=human;VV=v1.1.0	NT=olink;VV=v1.0.0	v1.1.0	NT=sdrf-skills-autoresearch;VV=v0.0.0
PAD000030-6	Homo sapiens	Cerebrospinal fluid	not available	not available	not available	not available	not available	54	not applicable	cerebrospinal fluid	PAD000030-r00054-6	protein expression profiling by antibody array	1	WSG83024954_Olink_Explore_Detectability.npx.csv	ftp://ftp.pride.ebi.ac.uk/pride/data/archive/2026/02/PAD000030/WSG83024954_Olink_Explore_Detectability.npx.csv	Olink Target 96	Neurology	NPX	layout_WSG	Intensity	Neurology	Olink Target 96	intensity normalized	NT=affinity-proteomics;VV=v1.0.0	NT=human;VV=v1.1.0	NT=olink;VV=v1.0.0	v1.1.0	NT=sdrf-skills-autoresearch;VV=v0.0.0
PAD000030-217	Homo sapiens	Cerebrospinal fluid	not available	not available	not available	not available	not available	55	not applicable	cerebrospinal fluid	PAD000030-r00055-217	protein expression profiling by antibody array	1	WSG83024954_Olink_Explore_Detectability.npx.csv	ftp://ftp.pride.ebi.ac.uk/pride/data/archive/2026/02/PAD000030/WSG83024954_Olink_Explore_Detectability.npx.csv	Olink Target 96	Olink Target 96 Inflammation	NPX	layout_WSG	Intensity	Olink Target 96 Inflammation	Olink Target 96	intensity normalized	NT=affinity-proteomics;VV=v1.0.0	NT=human;VV=v1.1.0	NT=olink;VV=v1.0.0	v1.1.0	NT=sdrf-skills-autoresearch;VV=v0.0.0
PAD000030-216	Homo sapiens	Cerebrospinal fluid	not available	not available	not available	not available	not available	56	not applicable	cerebrospinal fluid	PAD000030-r00056-216	protein expression profiling by antibody array	1	WSG83024954_Olink_Explore_Detectability.npx.csv	ftp://ftp.pride.ebi.ac.uk/pride/data/archive/2026/02/PAD000030/WSG83024954_Olink_Explore_Detectability.npx.csv	Olink Target 96	Olink Target 96 Inflammation	NPX	layout_WSG	Intensity	Olink Target 96 Inflammation	Olink Target 96	intensity normalized	NT=affinity-proteomics;VV=v1.0.0	NT=human;VV=v1.1.0	NT=olink;VV=v1.0.0	v1.1.0	NT=sdrf-skills-autoresearch;VV=v0.0.0
PAD000030-302	Homo sapiens	Cerebrospinal fluid	not available	not available	not available	not available	not available	57	not applicable	cerebrospinal fluid	PAD000030-r00057-302	protein expression profiling by antibody array	1	WSG83024954_Olink_Explore_Detectability.npx.csv	ftp://ftp.pride.ebi.ac.uk/pride/data/archive/2026/02/PAD000030/WSG83024954_Olink_Explore_Detectability.npx.csv	Olink Target 96	Olink Target 96 Inflammation	NPX	layout_WSG	Intensity	Olink Target 96 Inflammation	Olink Target 96	intensity normalized	NT=affinity-proteomics;VV=v1.0.0	NT=human;VV=v1.1.0	NT=olink;VV=v1.0.0	v1.1.0	NT=sdrf-skills-autoresearch;VV=v0.0.0
PAD000030-265	Homo sapiens	Cerebrospinal fluid	not available	not available	not available	not available	not available	58	not applicable	cerebrospinal fluid	PAD000030-r00058-265	protein expression profiling by antibody array	1	WSG83024954_Olink_Explore_Detectability.npx.csv	ftp://ftp.pride.ebi.ac.uk/pride/data/archive/2026/02/PAD000030/WSG83024954_Olink_Explore_Detectability.npx.csv	Olink Target 96	Olink Target 96 Inflammation	NPX	layout_WSG	Intensity	Olink Target 96 Inflammation	Olink Target 96	intensity normalized	NT=affinity-proteomics;VV=v1.0.0	NT=human;VV=v1.1.0	NT=olink;VV=v1.0.0	v1.1.0	NT=sdrf-skills-autoresearch;VV=v0.0.0
PAD000030-193	Homo sapiens	Cerebrospinal fluid	not available	not available	not available	not available	not available	59	not applicable	cerebrospinal fluid	PAD000030-r00059-193	protein expression profiling by antibody array	1	WSG83024954_Olink_Explore_Detectability.npx.csv	ftp://ftp.pride.ebi.ac.uk/pride/data/archive/2026/02/PAD000030/WSG83024954_Olink_Explore_Detectability.npx.csv	Olink Target 96	Olink Target 96 Inflammation	NPX	layout_WSG	Intensity	Olink Target 96 Inflammation	Olink Target 96	intensity normalized	NT=affinity-proteomics;VV=v1.0.0	NT=human;VV=v1.1.0	NT=olink;VV=v1.0.0	v1.1.0	NT=sdrf-skills-autoresearch;VV=v0.0.0
PAD000030-111	Homo sapiens	Cerebrospinal fluid	not available	not available	not available	not available	not available	60	not applicable	cerebrospinal fluid	PAD000030-r00060-111	protein expression profiling by antibody array	1	WSG83024954_Olink_Explore_Detectability.npx.csv	ftp://ftp.pride.ebi.ac.uk/pride/data/archive/2026/02/PAD000030/WSG83024954_Olink_Explore_Detectability.npx.csv	Olink Target 96	Olink Target 96 Inflammation	NPX	layout_WSG	Intensity	Olink Target 96 Inflammation	Olink Target 96	intensity normalized	NT=affinity-proteomics;VV=v1.0.0	NT=human;VV=v1.1.0	NT=olink;VV=v1.0.0	v1.1.0	NT=sdrf-skills-autoresearch;VV=v0.0.0
PAD000030-300	Homo sapiens	Cerebrospinal fluid	not available	not available	not available	not available	not available	61	not applicable	cerebrospinal fluid	PAD000030-r00061-300	protein expression profiling by antibody array	1	WSG83024954_Olink_Explore_Detectability.npx.csv	ftp://ftp.pride.ebi.ac.uk/pride/data/archive/2026/02/PAD000030/WSG83024954_Olink_Explore_Detectability.npx.csv	Olink Target 96	Olink Target 96 Inflammation	NPX	layout_WSG	Intensity	Olink Target 96 Inflammation	Olink Target 96	intensity normalized	NT=affinity-proteomics;VV=v1.0.0	NT=human;VV=v1.1.0	NT=olink;VV=v1.0.0	v1.1.0	NT=sdrf-skills-autoresearch;VV=v0.0.0
PAD000030-245	Homo sapiens	Cerebrospinal fluid	not available	not available	not available	not available	not available	62	not applicable	cerebrospinal fluid	PAD000030-r00062-245	protein expression profiling by antibody array	1	WSG83024954_Olink_Explore_Detectability.npx.csv	ftp://ftp.pride.ebi.ac.uk/pride/data/archive/2026/02/PAD000030/WSG83024954_Olink_Explore_Detectability.npx.csv	Olink Target 96	Olink Target 96 Inflammation	NPX	layout_WSG	Intensity	Olink Target 96 Inflammation	Olink Target 96	intensity normalized	NT=affinity-proteomics;VV=v1.0.0	NT=human;VV=v1.1.0	NT=olink;VV=v1.0.0	v1.1.0	NT=sdrf-skills-autoresearch;VV=v0.0.0
PAD000030-226	Homo sapiens	Cerebrospinal fluid	not available	not available	not available	not available	not available	63	not applicable	cerebrospinal fluid	PAD000030-r00063-226	protein expression profiling by antibody array	1	WSG83024954_Olink_Explore_Detectability.npx.csv	ftp://ftp.pride.ebi.ac.uk/pride/data/archive/2026/02/PAD000030/WSG83024954_Olink_Explore_Detectability.npx.csv	Olink Target 96	Olink Target 96 Inflammation	NPX	layout_WSG	Intensity	Olink Target 96 Inflammation	Olink Target 96	intensity normalized	NT=affinity-proteomics;VV=v1.0.0	NT=human;VV=v1.1.0	NT=olink;VV=v1.0.0	v1.1.0	NT=sdrf-skills-autoresearch;VV=v0.0.0
PAD000030-267	Homo sapiens	Cerebrospinal fluid	not available	not available	not available	not available	not available	64	not applicable	cerebrospinal fluid	PAD000030-r00064-267	protein expression profiling by antibody array	1	WSG83024954_Olink_Explore_Detectability.npx.csv	ftp://ftp.pride.ebi.ac.uk/pride/data/archive/2026/02/PAD000030/WSG83024954_Olink_Explore_Detectability.npx.csv	Olink Target 96	Olink Target 96 Inflammation	NPX	layout_WSG	Intensity	Olink Target 96 Inflammation	Olink Target 96	intensity normalized	NT=affinity-proteomics;VV=v1.0.0	NT=human;VV=v1.1.0	NT=olink;VV=v1.0.0	v1.1.0	NT=sdrf-skills-autoresearch;VV=v0.0.0
PAD000030-291	Homo sapiens	Cerebrospinal fluid	not available	not available	not available	not available	not available	65	not applicable	cerebrospinal fluid	PAD000030-r00065-291	protein expression profiling by antibody array	1	WSG83024954_Olink_Explore_Detectability.npx.csv	ftp://ftp.pride.ebi.ac.uk/pride/data/archive/2026/02/PAD000030/WSG83024954_Olink_Explore_Detectability.npx.csv	Olink Target 96	Olink Target 96 Inflammation	NPX	layout_WSG	Intensity	Olink Target 96 Inflammation	Olink Target 96	intensity normalized	NT=affinity-proteomics;VV=v1.0.0	NT=human;VV=v1.1.0	NT=olink;VV=v1.0.0	v1.1.0	NT=sdrf-skills-autoresearch;VV=v0.0.0
PAD000030-275	Homo sapiens	Cerebrospinal fluid	not available	not available	not available	not available	not available	66	not applicable	cerebrospinal fluid	PAD000030-r00066-275	protein expression profiling by antibody array	1	WSG83024954_Olink_Explore_Detectability.npx.csv	ftp://ftp.pride.ebi.ac.uk/pride/data/archive/2026/02/PAD000030/WSG83024954_Olink_Explore_Detectability.npx.csv	Olink Target 96	Olink Target 96 Inflammation	NPX	layout_WSG	Intensity	Olink Target 96 Inflammation	Olink Target 96	intensity normalized	NT=affinity-proteomics;VV=v1.0.0	NT=human;VV=v1.1.0	NT=olink;VV=v1.0.0	v1.1.0	NT=sdrf-skills-autoresearch;VV=v0.0.0
PAD000030-131	Homo sapiens	Cerebrospinal fluid	not available	not available	not available	not available	not available	67	not applicable	cerebrospinal fluid	PAD000030-r00067-131	protein expression profiling by antibody array	1	WSG83024954_Olink_Explore_Detectability.npx.csv	ftp://ftp.pride.ebi.ac.uk/pride/data/archive/2026/02/PAD000030/WSG83024954_Olink_Explore_Detectability.npx.csv	Olink Target 96	Olink Target 96 Inflammation	NPX	layout_WSG	Intensity	Olink Target 96 Inflammation	Olink Target 96	intensity normalized	NT=affinity-proteomics;VV=v1.0.0	NT=human;VV=v1.1.0	NT=olink;VV=v1.0.0	v1.1.0	NT=sdrf-skills-autoresearch;VV=v0.0.0
PAD000030-218	Homo sapiens	Cerebrospinal fluid	not available	not available	not available	not available	not available	68	not applicable	cerebrospinal fluid	PAD000030-r00068-218	protein expression profiling by antibody array	1	WSG83024954_Olink_Explore_Detectability.npx.csv	ftp://ftp.pride.ebi.ac.uk/pride/data/archive/2026/02/PAD000030/WSG83024954_Olink_Explore_Detectability.npx.csv	Olink Target 96	Olink Target 96 Inflammation	NPX	layout_WSG	Intensity	Olink Target 96 Inflammation	Olink Target 96	intensity normalized	NT=affinity-proteomics;VV=v1.0.0	NT=human;VV=v1.1.0	NT=olink;VV=v1.0.0	v1.1.0	NT=sdrf-skills-autoresearch;VV=v0.0.0
PAD000030-227	Homo sapiens	Cerebrospinal fluid	not available	not available	not available	not available	not available	69	not applicable	cerebrospinal fluid	PAD000030-r00069-227	protein expression profiling by antibody array	1	WSG83024954_Olink_Explore_Detectability.npx.csv	ftp://ftp.pride.ebi.ac.uk/pride/data/archive/2026/02/PAD000030/WSG83024954_Olink_Explore_Detectability.npx.csv	Olink Target 96	Olink Target 96 Inflammation	NPX	layout_WSG	Intensity	Olink Target 96 Inflammation	Olink Target 96	intensity normalized	NT=affinity-proteomics;VV=v1.0.0	NT=human;VV=v1.1.0	NT=olink;VV=v1.0.0	v1.1.0	NT=sdrf-skills-autoresearch;VV=v0.0.0
PAD000030-290	Homo sapiens	Cerebrospinal fluid	not available	not available	not available	not available	not available	70	not applicable	cerebrospinal fluid	PAD000030-r00070-290	protein expression profiling by antibody array	1	WSG83024954_Olink_Explore_Detectability.npx.csv	ftp://ftp.pride.ebi.ac.uk/pride/data/archive/2026/02/PAD000030/WSG83024954_Olink_Explore_Detectability.npx.csv	Olink Target 96	Olink Target 96 Inflammation	NPX	layout_WSG	Intensity	Olink Target 96 Inflammation	Olink Target 96	intensity normalized	NT=affinity-proteomics;VV=v1.0.0	NT=human;VV=v1.1.0	NT=olink;VV=v1.0.0	v1.1.0	NT=sdrf-skills-autoresearch;VV=v0.0.0
PAD000030-77	Homo sapiens	Cerebrospinal fluid	not available	not available	not available	not available	not available	71	not applicable	cerebrospinal fluid	PAD000030-r00071-77	protein expression profiling by antibody array	1	WSG83024954_Olink_Explore_Detectability.npx.csv	ftp://ftp.pride.ebi.ac.uk/pride/data/archive/2026/02/PAD000030/WSG83024954_Olink_Explore_Detectability.npx.csv	Olink Target 96	Olink Target 96 Inflammation	NPX	layout_WSG	Intensity	Olink Target 96 Inflammation	Olink Target 96	intensity normalized	NT=affinity-proteomics;VV=v1.0.0	NT=human;VV=v1.1.0	NT=olink;VV=v1.0.0	v1.1.0	NT=sdrf-skills-autoresearch;VV=v0.0.0
PAD000030-22	Homo sapiens	Cerebrospinal fluid	not available	not available	not available	not available	not available	72	not applicable	cerebrospinal fluid	PAD000030-r00072-22	protein expression profiling by antibody array	1	WSG83024954_Olink_Explore_Detectability.npx.csv	ftp://ftp.pride.ebi.ac.uk/pride/data/archive/2026/02/PAD000030/WSG83024954_Olink_Explore_Detectability.npx.csv	Olink Target 96	Olink Target 96 Inflammation	NPX	layout_WSG	Intensity	Olink Target 96 Inflammation	Olink Target 96	intensity normalized	NT=affinity-proteomics;VV=v1.0.0	NT=human;VV=v1.1.0	NT=olink;VV=v1.0.0	v1.1.0	NT=sdrf-skills-autoresearch;VV=v0.0.0
PAD000030-106	Homo sapiens	Cerebrospinal fluid	not available	not available	not available	not available	not available	73	not applicable	cerebrospinal fluid	PAD000030-r00073-106	protein expression profiling by antibody array	1	WSG83024954_Olink_Explore_Detectability.npx.csv	ftp://ftp.pride.ebi.ac.uk/pride/data/archive/2026/02/PAD000030/WSG83024954_Olink_Explore_Detectability.npx.csv	Olink Target 96	Olink Target 96 Inflammation	NPX	layout_WSG	Intensity	Olink Target 96 Inflammation	Olink Target 96	intensity normalized	NT=affinity-proteomics;VV=v1.0.0	NT=human;VV=v1.1.0	NT=olink;VV=v1.0.0	v1.1.0	NT=sdrf-skills-autoresearch;VV=v0.0.0
PAD000030-45	Homo sapiens	Cerebrospinal fluid	not available	not available	not available	not available	not available	74	not applicable	cerebrospinal fluid	PAD000030-r00074-45	protein expression profiling by antibody array	1	WSG83024954_Olink_Explore_Detectability.npx.csv	ftp://ftp.pride.ebi.ac.uk/pride/data/archive/2026/02/PAD000030/WSG83024954_Olink_Explore_Detectability.npx.csv	Olink Target 96	Neurology	NPX	layout_WSG	Intensity	Neurology	Olink Target 96	intensity normalized	NT=affinity-proteomics;VV=v1.0.0	NT=human;VV=v1.1.0	NT=olink;VV=v1.0.0	v1.1.0	NT=sdrf-skills-autoresearch;VV=v0.0.0
PAD000030-81	Homo sapiens	Cerebrospinal fluid	not available	not available	not available	not available	not available	75	not applicable	cerebrospinal fluid	PAD000030-r00075-81	protein expression profiling by antibody array	1	WSG83024954_Olink_Explore_Detectability.npx.csv	ftp://ftp.pride.ebi.ac.uk/pride/data/archive/2026/02/PAD000030/WSG83024954_Olink_Explore_Detectability.npx.csv	Olink Target 96	Olink Target 96 Inflammation	NPX	layout_WSG	Intensity	Olink Target 96 Inflammation	Olink Target 96	intensity normalized	NT=affinity-proteomics;VV=v1.0.0	NT=human;VV=v1.1.0	NT=olink;VV=v1.0.0	v1.1.0	NT=sdrf-skills-autoresearch;VV=v0.0.0
PAD000030-262	Homo sapiens	Cerebrospinal fluid	not available	not available	not available	not available	not available	76	not applicable	cerebrospinal fluid	PAD000030-r00076-262	protein expression profiling by antibody array	1	WSG83024954_Olink_Explore_Detectability.npx.csv	ftp://ftp.pride.ebi.ac.uk/pride/data/archive/2026/02/PAD000030/WSG83024954_Olink_Explore_Detectability.npx.csv	Olink Target 96	Olink Target 96 Inflammation	NPX	layout_WSG	Intensity	Olink Target 96 Inflammation	Olink Target 96	intensity normalized	NT=affinity-proteomics;VV=v1.0.0	NT=human;VV=v1.1.0	NT=olink;VV=v1.0.0	v1.1.0	NT=sdrf-skills-autoresearch;VV=v0.0.0
PAD000030-173	Homo sapiens	Cerebrospinal fluid	not available	not available	not available	not available	not available	77	not applicable	cerebrospinal fluid	PAD000030-r00077-173	protein expression profiling by antibody array	1	WSG83024954_Olink_Explore_Detectability.npx.csv	ftp://ftp.pride.ebi.ac.uk/pride/data/archive/2026/02/PAD000030/WSG83024954_Olink_Explore_Detectability.npx.csv	Olink Target 96	Olink Target 96 Inflammation	NPX	layout_WSG	Intensity	Olink Target 96 Inflammation	Olink Target 96	intensity normalized	NT=affinity-proteomics;VV=v1.0.0	NT=human;VV=v1.1.0	NT=olink;VV=v1.0.0	v1.1.0	NT=sdrf-skills-autoresearch;VV=v0.0.0
PAD000030-44	Homo sapiens	Cerebrospinal fluid	not available	not available	not available	not available	not available	78	not applicable	cerebrospinal fluid	PAD000030-r00078-44	protein expression profiling by antibody array	1	WSG83024954_Olink_Explore_Detectability.npx.csv	ftp://ftp.pride.ebi.ac.uk/pride/data/archive/2026/02/PAD000030/WSG83024954_Olink_Explore_Detectability.npx.csv	Olink Target 96	Neurology	NPX	layout_WSG	Intensity	Neurology	Olink Target 96	intensity normalized	NT=affinity-proteomics;VV=v1.0.0	NT=human;VV=v1.1.0	NT=olink;VV=v1.0.0	v1.1.0	NT=sdrf-skills-autoresearch;VV=v0.0.0
PAD000030-104	Homo sapiens	Cerebrospinal fluid	not available	not available	not available	not available	not available	79	not applicable	cerebrospinal fluid	PAD000030-r00079-104	protein expression profiling by antibody array	1	WSG83024954_Olink_Explore_Detectability.npx.csv	ftp://ftp.pride.ebi.ac.uk/pride/data/archive/2026/02/PAD000030/WSG83024954_Olink_Explore_Detectability.npx.csv	Olink Target 96	Olink Target 96 Inflammation	NPX	layout_WSG	Intensity	Olink Target 96 Inflammation	Olink Target 96	intensity normalized	NT=affinity-proteomics;VV=v1.0.0	NT=human;VV=v1.1.0	NT=olink;VV=v1.0.0	v1.1.0	NT=sdrf-skills-autoresearch;VV=v0.0.0
PAD000030-99	Homo sapiens	Cerebrospinal fluid	not available	not available	not available	not available	not available	80	not applicable	cerebrospinal fluid	PAD000030-r00080-99	protein expression profiling by antibody array	1	WSG83024954_Olink_Explore_Detectability.npx.csv	ftp://ftp.pride.ebi.ac.uk/pride/data/archive/2026/02/PAD000030/WSG83024954_Olink_Explore_Detectability.npx.csv	Olink Target 96	Olink Target 96 Inflammation	NPX	layout_WSG	Intensity	Olink Target 96 Inflammation	Olink Target 96	intensity normalized	NT=affinity-proteomics;VV=v1.0.0	NT=human;VV=v1.1.0	NT=olink;VV=v1.0.0	v1.1.0	NT=sdrf-skills-autoresearch;VV=v0.0.0
PAD000030-52	Homo sapiens	Cerebrospinal fluid	not available	not available	not available	not available	not available	81	not applicable	cerebrospinal fluid	PAD000030-r00081-52	protein expression profiling by antibody array	1	WSG83024954_Olink_Explore_Detectability.npx.csv	ftp://ftp.pride.ebi.ac.uk/pride/data/archive/2026/02/PAD000030/WSG83024954_Olink_Explore_Detectability.npx.csv	Olink Target 96	Neurology	NPX	layout_WSG	Intensity	Neurology	Olink Target 96	intensity normalized	NT=affinity-proteomics;VV=v1.0.0	NT=human;VV=v1.1.0	NT=olink;VV=v1.0.0	v1.1.0	NT=sdrf-skills-autoresearch;VV=v0.0.0
PAD000030-166	Homo sapiens	Cerebrospinal fluid	not available	not available	not available	not available	not available	82	not applicable	cerebrospinal fluid	PAD000030-r00082-166	protein expression profiling by antibody array	1	WSG83024954_Olink_Explore_Detectability.npx.csv	ftp://ftp.pride.ebi.ac.uk/pride/data/archive/2026/02/PAD000030/WSG83024954_Olink_Explore_Detectability.npx.csv	Olink Target 96	Olink Target 96 Inflammation	NPX	layout_WSG	Intensity	Olink Target 96 Inflammation	Olink Target 96	intensity normalized	NT=affinity-proteomics;VV=v1.0.0	NT=human;VV=v1.1.0	NT=olink;VV=v1.0.0	v1.1.0	NT=sdrf-skills-autoresearch;VV=v0.0.0
PAD000030-85	Homo sapiens	Cerebrospinal fluid	not available	not available	not available	not available	not available	83	not applicable	cerebrospinal fluid	PAD000030-r00083-85	protein expression profiling by antibody array	1	WSG83024954_Olink_Explore_Detectability.npx.csv	ftp://ftp.pride.ebi.ac.uk/pride/data/archive/2026/02/PAD000030/WSG83024954_Olink_Explore_Detectability.npx.csv	Olink Target 96	Olink Target 96 Inflammation	NPX	layout_WSG	Intensity	Olink Target 96 Inflammation	Olink Target 96	intensity normalized	NT=affinity-proteomics;VV=v1.0.0	NT=human;VV=v1.1.0	NT=olink;VV=v1.0.0	v1.1.0	NT=sdrf-skills-autoresearch;VV=v0.0.0
PAD000030-225	Homo sapiens	Cerebrospinal fluid	not available	not available	not available	not available	not available	84	not applicable	cerebrospinal fluid	PAD000030-r00084-225	protein expression profiling by antibody array	1	WSG83024954_Olink_Explore_Detectability.npx.csv	ftp://ftp.pride.ebi.ac.uk/pride/data/archive/2026/02/PAD000030/WSG83024954_Olink_Explore_Detectability.npx.csv	Olink Target 96	Olink Target 96 Inflammation	NPX	layout_WSG	Intensity	Olink Target 96 Inflammation	Olink Target 96	intensity normalized	NT=affinity-proteomics;VV=v1.0.0	NT=human;VV=v1.1.0	NT=olink;VV=v1.0.0	v1.1.0	NT=sdrf-skills-autoresearch;VV=v0.0.0
PAD000030-125	Homo sapiens	Cerebrospinal fluid	not available	not available	not available	not available	not available	85	not applicable	cerebrospinal fluid	PAD000030-r00085-125	protein expression profiling by antibody array	1	WSG83024954_Olink_Explore_Detectability.npx.csv	ftp://ftp.pride.ebi.ac.uk/pride/data/archive/2026/02/PAD000030/WSG83024954_Olink_Explore_Detectability.npx.csv	Olink Target 96	Olink Target 96 Inflammation	NPX	layout_WSG	Intensity	Olink Target 96 Inflammation	Olink Target 96	intensity normalized	NT=affinity-proteomics;VV=v1.0.0	NT=human;VV=v1.1.0	NT=olink;VV=v1.0.0	v1.1.0	NT=sdrf-skills-autoresearch;VV=v0.0.0
PAD000030-47	Homo sapiens	Cerebrospinal fluid	not available	not available	not available	not available	not available	86	not applicable	cerebrospinal fluid	PAD000030-r00086-47	protein expression profiling by antibody array	1	WSG83024954_Olink_Explore_Detectability.npx.csv	ftp://ftp.pride.ebi.ac.uk/pride/data/archive/2026/02/PAD000030/WSG83024954_Olink_Explore_Detectability.npx.csv	Olink Target 96	Cardiometabolic	NPX	layout_WSG	Intensity	Cardiometabolic	Olink Target 96	intensity normalized	NT=affinity-proteomics;VV=v1.0.0	NT=human;VV=v1.1.0	NT=olink;VV=v1.0.0	v1.1.0	NT=sdrf-skills-autoresearch;VV=v0.0.0
PAD000030-182	Homo sapiens	Cerebrospinal fluid	not available	not available	not available	not available	not available	87	not applicable	cerebrospinal fluid	PAD000030-r00087-182	protein expression profiling by antibody array	1	WSG83024954_Olink_Explore_Detectability.npx.csv	ftp://ftp.pride.ebi.ac.uk/pride/data/archive/2026/02/PAD000030/WSG83024954_Olink_Explore_Detectability.npx.csv	Olink Target 96	Olink Target 96 Inflammation	NPX	layout_WSG	Intensity	Olink Target 96 Inflammation	Olink Target 96	intensity normalized	NT=affinity-proteomics;VV=v1.0.0	NT=human;VV=v1.1.0	NT=olink;VV=v1.0.0	v1.1.0	NT=sdrf-skills-autoresearch;VV=v0.0.0
PAD000030-194	Homo sapiens	Cerebrospinal fluid	not available	not available	not available	not available	not available	88	not applicable	cerebrospinal fluid	PAD000030-r00088-194	protein expression profiling by antibody array	1	WSG83024954_Olink_Explore_Detectability.npx.csv	ftp://ftp.pride.ebi.ac.uk/pride/data/archive/2026/02/PAD000030/WSG83024954_Olink_Explore_Detectability.npx.csv	Olink Target 96	Olink Target 96 Inflammation	NPX	layout_WSG	Intensity	Olink Target 96 Inflammation	Olink Target 96	intensity normalized	NT=affinity-proteomics;VV=v1.0.0	NT=human;VV=v1.1.0	NT=olink;VV=v1.0.0	v1.1.0	NT=sdrf-skills-autoresearch;VV=v0.0.0
PAD000030-206	Homo sapiens	Cerebrospinal fluid	not available	not available	not available	not available	not available	89	not applicable	cerebrospinal fluid	PAD000030-r00089-206	protein expression profiling by antibody array	1	WSG83024954_Olink_Explore_Detectability.npx.csv	ftp://ftp.pride.ebi.ac.uk/pride/data/archive/2026/02/PAD000030/WSG83024954_Olink_Explore_Detectability.npx.csv	Olink Target 96	Olink Target 96 Inflammation	NPX	layout_WSG	Intensity	Olink Target 96 Inflammation	Olink Target 96	intensity normalized	NT=affinity-proteomics;VV=v1.0.0	NT=human;VV=v1.1.0	NT=olink;VV=v1.0.0	v1.1.0	NT=sdrf-skills-autoresearch;VV=v0.0.0
PAD000030-297	Homo sapiens	Cerebrospinal fluid	not available	not available	not available	not available	not available	90	not applicable	cerebrospinal fluid	PAD000030-r00090-297	protein expression profiling by antibody array	1	WSG83024954_Olink_Explore_Detectability.npx.csv	ftp://ftp.pride.ebi.ac.uk/pride/data/archive/2026/02/PAD000030/WSG83024954_Olink_Explore_Detectability.npx.csv	Olink Target 96	Olink Target 96 Inflammation	NPX	layout_WSG	Intensity	Olink Target 96 Inflammation	Olink Target 96	intensity normalized	NT=affinity-proteomics;VV=v1.0.0	NT=human;VV=v1.1.0	NT=olink;VV=v1.0.0	v1.1.0	NT=sdrf-skills-autoresearch;VV=v0.0.0
PAD000030-213	Homo sapiens	Cerebrospinal fluid	not available	not available	not available	not available	not available	91	not applicable	cerebrospinal fluid	PAD000030-r00091-213	protein expression profiling by antibody array	1	WSG83024954_Olink_Explore_Detectability.npx.csv	ftp://ftp.pride.ebi.ac.uk/pride/data/archive/2026/02/PAD000030/WSG83024954_Olink_Explore_Detectability.npx.csv	Olink Target 96	Olink Target 96 Inflammation	NPX	layout_WSG	Intensity	Olink Target 96 Inflammation	Olink Target 96	intensity normalized	NT=affinity-proteomics;VV=v1.0.0	NT=human;VV=v1.1.0	NT=olink;VV=v1.0.0	v1.1.0	NT=sdrf-skills-autoresearch;VV=v0.0.0
PAD000030-75	Homo sapiens	Cerebrospinal fluid	not available	not available	not available	not available	not available	92	not applicable	cerebrospinal fluid	PAD000030-r00092-75	protein expression profiling by antibody array	1	WSG83024954_Olink_Explore_Detectability.npx.csv	ftp://ftp.pride.ebi.ac.uk/pride/data/archive/2026/02/PAD000030/WSG83024954_Olink_Explore_Detectability.npx.csv	Olink Target 96	Olink Target 96 Inflammation	NPX	layout_WSG	Intensity	Olink Target 96 Inflammation	Olink Target 96	intensity normalized	NT=affinity-proteomics;VV=v1.0.0	NT=human;VV=v1.1.0	NT=olink;VV=v1.0.0	v1.1.0	NT=sdrf-skills-autoresearch;VV=v0.0.0
PAD000030-237	Homo sapiens	Cerebrospinal fluid	not available	not available	not available	not available	not available	93	not applicable	cerebrospinal fluid	PAD000030-r00093-237	protein expression profiling by antibody array	1	WSG83024954_Olink_Explore_Detectability.npx.csv	ftp://ftp.pride.ebi.ac.uk/pride/data/archive/2026/02/PAD000030/WSG83024954_Olink_Explore_Detectability.npx.csv	Olink Target 96	Olink Target 96 Inflammation	NPX	layout_WSG	Intensity	Olink Target 96 Inflammation	Olink Target 96	intensity normalized	NT=affinity-proteomics;VV=v1.0.0	NT=human;VV=v1.1.0	NT=olink;VV=v1.0.0	v1.1.0	NT=sdrf-skills-autoresearch;VV=v0.0.0
PAD000030-69	Homo sapiens	Cerebrospinal fluid	not available	not available	not available	not available	not available	94	not applicable	cerebrospinal fluid	PAD000030-r00094-69	protein expression profiling by antibody array	1	WSG83024954_Olink_Explore_Detectability.npx.csv	ftp://ftp.pride.ebi.ac.uk/pride/data/archive/2026/02/PAD000030/WSG83024954_Olink_Explore_Detectability.npx.csv	Olink Target 96	Olink Target 96 Inflammation	NPX	layout_WSG	Intensity	Olink Target 96 Inflammation	Olink Target 96	intensity normalized	NT=affinity-proteomics;VV=v1.0.0	NT=human;VV=v1.1.0	NT=olink;VV=v1.0.0	v1.1.0	NT=sdrf-skills-autoresearch;VV=v0.0.0
PAD000030-90	Homo sapiens	Cerebrospinal fluid	not available	not available	not available	not available	not available	95	not applicable	cerebrospinal fluid	PAD000030-r00095-90	protein expression profiling by antibody array	1	WSG83024954_Olink_Explore_Detectability.npx.csv	ftp://ftp.pride.ebi.ac.uk/pride/data/archive/2026/02/PAD000030/WSG83024954_Olink_Explore_Detectability.npx.csv	Olink Target 96	Olink Target 96 Inflammation	NPX	layout_WSG	Intensity	Olink Target 96 Inflammation	Olink Target 96	intensity normalized	NT=affinity-proteomics;VV=v1.0.0	NT=human;VV=v1.1.0	NT=olink;VV=v1.0.0	v1.1.0	NT=sdrf-skills-autoresearch;VV=v0.0.0
PAD000030-189	Homo sapiens	Cerebrospinal fluid	not available	not available	not available	not available	not available	96	not applicable	cerebrospinal fluid	PAD000030-r00096-189	protein expression profiling by antibody array	1	WSG83024954_Olink_Explore_Detectability.npx.csv	ftp://ftp.pride.ebi.ac.uk/pride/data/archive/2026/02/PAD000030/WSG83024954_Olink_Explore_Detectability.npx.csv	Olink Target 96	Olink Target 96 Inflammation	NPX	layout_WSG	Intensity	Olink Target 96 Inflammation	Olink Target 96	intensity normalized	NT=affinity-proteomics;VV=v1.0.0	NT=human;VV=v1.1.0	NT=olink;VV=v1.0.0	v1.1.0	NT=sdrf-skills-autoresearch;VV=v0.0.0
PAD000030-179	Homo sapiens	Cerebrospinal fluid	not available	not available	not available	not available	not available	97	not applicable	cerebrospinal fluid	PAD000030-r00097-179	protein expression profiling by antibody array	1	WSG83024954_Olink_Explore_Detectability.npx.csv	ftp://ftp.pride.ebi.ac.uk/pride/data/archive/2026/02/PAD000030/WSG83024954_Olink_Explore_Detectability.npx.csv	Olink Target 96	Olink Target 96 Inflammation	NPX	layout_WSG	Intensity	Olink Target 96 Inflammation	Olink Target 96	intensity normalized	NT=affinity-proteomics;VV=v1.0.0	NT=human;VV=v1.1.0	NT=olink;VV=v1.0.0	v1.1.0	NT=sdrf-skills-autoresearch;VV=v0.0.0
PAD000030-314	Homo sapiens	Cerebrospinal fluid	not available	not available	not available	not available	not available	98	not applicable	cerebrospinal fluid	PAD000030-r00098-314	protein expression profiling by antibody array	1	WSG83024954_Olink_Explore_Detectability.npx.csv	ftp://ftp.pride.ebi.ac.uk/pride/data/archive/2026/02/PAD000030/WSG83024954_Olink_Explore_Detectability.npx.csv	Olink Target 96	Olink Target 96 Inflammation	NPX	layout_WSG	Intensity	Olink Target 96 Inflammation	Olink Target 96	intensity normalized	NT=affinity-proteomics;VV=v1.0.0	NT=human;VV=v1.1.0	NT=olink;VV=v1.0.0	v1.1.0	NT=sdrf-skills-autoresearch;VV=v0.0.0
PAD000030-296	Homo sapiens	Cerebrospinal fluid	not available	not available	not available	not available	not available	99	not applicable	cerebrospinal fluid	PAD000030-r00099-296	protein expression profiling by antibody array	1	WSG83024954_Olink_Explore_Detectability.npx.csv	ftp://ftp.pride.ebi.ac.uk/pride/data/archive/2026/02/PAD000030/WSG83024954_Olink_Explore_Detectability.npx.csv	Olink Target 96	Olink Target 96 Inflammation	NPX	layout_WSG	Intensity	Olink Target 96 Inflammation	Olink Target 96	intensity normalized	NT=affinity-proteomics;VV=v1.0.0	NT=human;VV=v1.1.0	NT=olink;VV=v1.0.0	v1.1.0	NT=sdrf-skills-autoresearch;VV=v0.0.0
PAD000030-224	Homo sapiens	Cerebrospinal fluid	not available	not available	not available	not available	not available	100	not applicable	cerebrospinal fluid	PAD000030-r00100-224	protein expression profiling by antibody array	1	WSG83024954_Olink_Explore_Detectability.npx.csv	ftp://ftp.pride.ebi.ac.uk/pride/data/archive/2026/02/PAD000030/WSG83024954_Olink_Explore_Detectability.npx.csv	Olink Target 96	Olink Target 96 Inflammation	NPX	layout_WSG	Intensity	Olink Target 96 Inflammation	Olink Target 96	intensity normalized	NT=affinity-proteomics;VV=v1.0.0	NT=human;VV=v1.1.0	NT=olink;VV=v1.0.0	v1.1.0	NT=sdrf-skills-autoresearch;VV=v0.0.0
PAD000030-120	Homo sapiens	Cerebrospinal fluid	not available	not available	not available	not available	not available	101	not applicable	cerebrospinal fluid	PAD000030-r00101-120	protein expression profiling by antibody array	1	WSG83024954_Olink_Explore_Detectability.npx.csv	ftp://ftp.pride.ebi.ac.uk/pride/data/archive/2026/02/PAD000030/WSG83024954_Olink_Explore_Detectability.npx.csv	Olink Target 96	Olink Target 96 Inflammation	NPX	layout_WSG	Intensity	Olink Target 96 Inflammation	Olink Target 96	intensity normalized	NT=affinity-proteomics;VV=v1.0.0	NT=human;VV=v1.1.0	NT=olink;VV=v1.0.0	v1.1.0	NT=sdrf-skills-autoresearch;VV=v0.0.0
PAD000030-132	Homo sapiens	Cerebrospinal fluid	not available	not available	not available	not available	not available	102	not applicable	cerebrospinal fluid	PAD000030-r00102-132	protein expression profiling by antibody array	1	WSG83024954_Olink_Explore_Detectability.npx.csv	ftp://ftp.pride.ebi.ac.uk/pride/data/archive/2026/02/PAD000030/WSG83024954_Olink_Explore_Detectability.npx.csv	Olink Target 96	Olink Target 96 Inflammation	NPX	layout_WSG	Intensity	Olink Target 96 Inflammation	Olink Target 96	intensity normalized	NT=affinity-proteomics;VV=v1.0.0	NT=human;VV=v1.1.0	NT=olink;VV=v1.0.0	v1.1.0	NT=sdrf-skills-autoresearch;VV=v0.0.0
PAD000030-95	Homo sapiens	Cerebrospinal fluid	not available	not available	not available	not available	not available	103	not applicable	cerebrospinal fluid	PAD000030-r00103-95	protein expression profiling by antibody array	1	WSG83024954_Olink_Explore_Detectability.npx.csv	ftp://ftp.pride.ebi.ac.uk/pride/data/archive/2026/02/PAD000030/WSG83024954_Olink_Explore_Detectability.npx.csv	Olink Target 96	Olink Target 96 Inflammation	NPX	layout_WSG	Intensity	Olink Target 96 Inflammation	Olink Target 96	intensity normalized	NT=affinity-proteomics;VV=v1.0.0	NT=human;VV=v1.1.0	NT=olink;VV=v1.0.0	v1.1.0	NT=sdrf-skills-autoresearch;VV=v0.0.0
PAD000030-133	Homo sapiens	Cerebrospinal fluid	not available	not available	not available	not available	not available	104	not applicable	cerebrospinal fluid	PAD000030-r00104-133	protein expression profiling by antibody array	1	WSG83024954_Olink_Explore_Detectability.npx.csv	ftp://ftp.pride.ebi.ac.uk/pride/data/archive/2026/02/PAD000030/WSG83024954_Olink_Explore_Detectability.npx.csv	Olink Target 96	Olink Target 96 Inflammation	NPX	layout_WSG	Intensity	Olink Target 96 Inflammation	Olink Target 96	intensity normalized	NT=affinity-proteomics;VV=v1.0.0	NT=human;VV=v1.1.0	NT=olink;VV=v1.0.0	v1.1.0	NT=sdrf-skills-autoresearch;VV=v0.0.0
PAD000030-283	Homo sapiens	Cerebrospinal fluid	not available	not available	not available	not available	not available	105	not applicable	cerebrospinal fluid	PAD000030-r00105-283	protein expression profiling by antibody array	1	WSG83024954_Olink_Explore_Detectability.npx.csv	ftp://ftp.pride.ebi.ac.uk/pride/data/archive/2026/02/PAD000030/WSG83024954_Olink_Explore_Detectability.npx.csv	Olink Target 96	Olink Target 96 Inflammation	NPX	layout_WSG	Intensity	Olink Target 96 Inflammation	Olink Target 96	intensity normalized	NT=affinity-proteomics;VV=v1.0.0	NT=human;VV=v1.1.0	NT=olink;VV=v1.0.0	v1.1.0	NT=sdrf-skills-autoresearch;VV=v0.0.0
PAD000030-138	Homo sapiens	Cerebrospinal fluid	not available	not available	not available	not available	not available	106	not applicable	cerebrospinal fluid	PAD000030-r00106-138	protein expression profiling by antibody array	1	WSG83024954_Olink_Explore_Detectability.npx.csv	ftp://ftp.pride.ebi.ac.uk/pride/data/archive/2026/02/PAD000030/WSG83024954_Olink_Explore_Detectability.npx.csv	Olink Target 96	Olink Target 96 Inflammation	NPX	layout_WSG	Intensity	Olink Target 96 Inflammation	Olink Target 96	intensity normalized	NT=affinity-proteomics;VV=v1.0.0	NT=human;VV=v1.1.0	NT=olink;VV=v1.0.0	v1.1.0	NT=sdrf-skills-autoresearch;VV=v0.0.0
PAD000030-102	Homo sapiens	Cerebrospinal fluid	not available	not available	not available	not available	not available	107	not applicable	cerebrospinal fluid	PAD000030-r00107-102	protein expression profiling by antibody array	1	WSG83024954_Olink_Explore_Detectability.npx.csv	ftp://ftp.pride.ebi.ac.uk/pride/data/archive/2026/02/PAD000030/WSG83024954_Olink_Explore_Detectability.npx.csv	Olink Target 96	Olink Target 96 Inflammation	NPX	layout_WSG	Intensity	Olink Target 96 Inflammation	Olink Target 96	intensity normalized	NT=affinity-proteomics;VV=v1.0.0	NT=human;VV=v1.1.0	NT=olink;VV=v1.0.0	v1.1.0	NT=sdrf-skills-autoresearch;VV=v0.0.0
PAD000030-313	Homo sapiens	Cerebrospinal fluid	not available	not available	not available	not available	not available	108	not applicable	cerebrospinal fluid	PAD000030-r00108-313	protein expression profiling by antibody array	1	WSG83024954_Olink_Explore_Detectability.npx.csv	ftp://ftp.pride.ebi.ac.uk/pride/data/archive/2026/02/PAD000030/WSG83024954_Olink_Explore_Detectability.npx.csv	Olink Target 96	Olink Target 96 Inflammation	NPX	layout_WSG	Intensity	Olink Target 96 Inflammation	Olink Target 96	intensity normalized	NT=affinity-proteomics;VV=v1.0.0	NT=human;VV=v1.1.0	NT=olink;VV=v1.0.0	v1.1.0	NT=sdrf-skills-autoresearch;VV=v0.0.0
PAD000030-165	Homo sapiens	Cerebrospinal fluid	not available	not available	not available	not available	not available	109	not applicable	cerebrospinal fluid	PAD000030-r00109-165	protein expression profiling by antibody array	1	WSG83024954_Olink_Explore_Detectability.npx.csv	ftp://ftp.pride.ebi.ac.uk/pride/data/archive/2026/02/PAD000030/WSG83024954_Olink_Explore_Detectability.npx.csv	Olink Target 96	Olink Target 96 Inflammation	NPX	layout_WSG	Intensity	Olink Target 96 Inflammation	Olink Target 96	intensity normalized	NT=affinity-proteomics;VV=v1.0.0	NT=human;VV=v1.1.0	NT=olink;VV=v1.0.0	v1.1.0	NT=sdrf-skills-autoresearch;VV=v0.0.0
PAD000030-136	Homo sapiens	Cerebrospinal fluid	not available	not available	not available	not available	not available	110	not applicable	cerebrospinal fluid	PAD000030-r00110-136	protein expression profiling by antibody array	1	WSG83024954_Olink_Explore_Detectability.npx.csv	ftp://ftp.pride.ebi.ac.uk/pride/data/archive/2026/02/PAD000030/WSG83024954_Olink_Explore_Detectability.npx.csv	Olink Target 96	Olink Target 96 Inflammation	NPX	layout_WSG	Intensity	Olink Target 96 Inflammation	Olink Target 96	intensity normalized	NT=affinity-proteomics;VV=v1.0.0	NT=human;VV=v1.1.0	NT=olink;VV=v1.0.0	v1.1.0	NT=sdrf-skills-autoresearch;VV=v0.0.0
PAD000030-254	Homo sapiens	Cerebrospinal fluid	not available	not available	not available	not available	not available	111	not applicable	cerebrospinal fluid	PAD000030-r00111-254	protein expression profiling by antibody array	1	WSG83024954_Olink_Explore_Detectability.npx.csv	ftp://ftp.pride.ebi.ac.uk/pride/data/archive/2026/02/PAD000030/WSG83024954_Olink_Explore_Detectability.npx.csv	Olink Target 96	Olink Target 96 Inflammation	NPX	layout_WSG	Intensity	Olink Target 96 Inflammation	Olink Target 96	intensity normalized	NT=affinity-proteomics;VV=v1.0.0	NT=human;VV=v1.1.0	NT=olink;VV=v1.0.0	v1.1.0	NT=sdrf-skills-autoresearch;VV=v0.0.0
PAD000030-320	Homo sapiens	Cerebrospinal fluid	not available	not available	not available	not available	not available	112	not applicable	cerebrospinal fluid	PAD000030-r00112-320	protein expression profiling by antibody array	1	WSG83024954_Olink_Explore_Detectability.npx.csv	ftp://ftp.pride.ebi.ac.uk/pride/data/archive/2026/02/PAD000030/WSG83024954_Olink_Explore_Detectability.npx.csv	Olink Target 96	Olink Target 96 Inflammation	NPX	layout_WSG	Intensity	Olink Target 96 Inflammation	Olink Target 96	intensity normalized	NT=affinity-proteomics;VV=v1.0.0	NT=human;VV=v1.1.0	NT=olink;VV=v1.0.0	v1.1.0	NT=sdrf-skills-autoresearch;VV=v0.0.0
PAD000030-221	Homo sapiens	Cerebrospinal fluid	not available	not available	not available	not available	not available	113	not applicable	cerebrospinal fluid	PAD000030-r00113-221	protein expression profiling by antibody array	1	WSG83024954_Olink_Explore_Detectability.npx.csv	ftp://ftp.pride.ebi.ac.uk/pride/data/archive/2026/02/PAD000030/WSG83024954_Olink_Explore_Detectability.npx.csv	Olink Target 96	Olink Target 96 Inflammation	NPX	layout_WSG	Intensity	Olink Target 96 Inflammation	Olink Target 96	intensity normalized	NT=affinity-proteomics;VV=v1.0.0	NT=human;VV=v1.1.0	NT=olink;VV=v1.0.0	v1.1.0	NT=sdrf-skills-autoresearch;VV=v0.0.0
PAD000030-86	Homo sapiens	Cerebrospinal fluid	not available	not available	not available	not available	not available	114	not applicable	cerebrospinal fluid	PAD000030-r00114-86	protein expression profiling by antibody array	1	WSG83024954_Olink_Explore_Detectability.npx.csv	ftp://ftp.pride.ebi.ac.uk/pride/data/archive/2026/02/PAD000030/WSG83024954_Olink_Explore_Detectability.npx.csv	Olink Target 96	Olink Target 96 Inflammation	NPX	layout_WSG	Intensity	Olink Target 96 Inflammation	Olink Target 96	intensity normalized	NT=affinity-proteomics;VV=v1.0.0	NT=human;VV=v1.1.0	NT=olink;VV=v1.0.0	v1.1.0	NT=sdrf-skills-autoresearch;VV=v0.0.0
PAD000030-21	Homo sapiens	Cerebrospinal fluid	not available	not available	not available	not available	not available	115	not applicable	cerebrospinal fluid	PAD000030-r00115-21	protein expression profiling by antibody array	1	WSG83024954_Olink_Explore_Detectability.npx.csv	ftp://ftp.pride.ebi.ac.uk/pride/data/archive/2026/02/PAD000030/WSG83024954_Olink_Explore_Detectability.npx.csv	Olink Target 96	Olink Target 96 Inflammation	NPX	layout_WSG	Intensity	Olink Target 96 Inflammation	Olink Target 96	intensity normalized	NT=affinity-proteomics;VV=v1.0.0	NT=human;VV=v1.1.0	NT=olink;VV=v1.0.0	v1.1.0	NT=sdrf-skills-autoresearch;VV=v0.0.0
PAD000030-110	Homo sapiens	Cerebrospinal fluid	not available	not available	not available	not available	not available	116	not applicable	cerebrospinal fluid	PAD000030-r00116-110	protein expression profiling by antibody array	1	WSG83024954_Olink_Explore_Detectability.npx.csv	ftp://ftp.pride.ebi.ac.uk/pride/data/archive/2026/02/PAD000030/WSG83024954_Olink_Explore_Detectability.npx.csv	Olink Target 96	Olink Target 96 Inflammation	NPX	layout_WSG	Intensity	Olink Target 96 Inflammation	Olink Target 96	intensity normalized	NT=affinity-proteomics;VV=v1.0.0	NT=human;VV=v1.1.0	NT=olink;VV=v1.0.0	v1.1.0	NT=sdrf-skills-autoresearch;VV=v0.0.0
PAD000030-305	Homo sapiens	Cerebrospinal fluid	not available	not available	not available	not available	not available	117	not applicable	cerebrospinal fluid	PAD000030-r00117-305	protein expression profiling by antibody array	1	WSG83024954_Olink_Explore_Detectability.npx.csv	ftp://ftp.pride.ebi.ac.uk/pride/data/archive/2026/02/PAD000030/WSG83024954_Olink_Explore_Detectability.npx.csv	Olink Target 96	Olink Target 96 Inflammation	NPX	layout_WSG	Intensity	Olink Target 96 Inflammation	Olink Target 96	intensity normalized	NT=affinity-proteomics;VV=v1.0.0	NT=human;VV=v1.1.0	NT=olink;VV=v1.0.0	v1.1.0	NT=sdrf-skills-autoresearch;VV=v0.0.0
PAD000030-42	Homo sapiens	Cerebrospinal fluid	not available	not available	not available	not available	not available	118	not applicable	cerebrospinal fluid	PAD000030-r00118-42	protein expression profiling by antibody array	1	WSG83024954_Olink_Explore_Detectability.npx.csv	ftp://ftp.pride.ebi.ac.uk/pride/data/archive/2026/02/PAD000030/WSG83024954_Olink_Explore_Detectability.npx.csv	Olink Target 96	Olink Target 96 Inflammation	NPX	layout_WSG	Intensity	Olink Target 96 Inflammation	Olink Target 96	intensity normalized	NT=affinity-proteomics;VV=v1.0.0	NT=human;VV=v1.1.0	NT=olink;VV=v1.0.0	v1.1.0	NT=sdrf-skills-autoresearch;VV=v0.0.0
PAD000030-167	Homo sapiens	Cerebrospinal fluid	not available	not available	not available	not available	not available	119	not applicable	cerebrospinal fluid	PAD000030-r00119-167	protein expression profiling by antibody array	1	WSG83024954_Olink_Explore_Detectability.npx.csv	ftp://ftp.pride.ebi.ac.uk/pride/data/archive/2026/02/PAD000030/WSG83024954_Olink_Explore_Detectability.npx.csv	Olink Target 96	Olink Target 96 Inflammation	NPX	layout_WSG	Intensity	Olink Target 96 Inflammation	Olink Target 96	intensity normalized	NT=affinity-proteomics;VV=v1.0.0	NT=human;VV=v1.1.0	NT=olink;VV=v1.0.0	v1.1.0	NT=sdrf-skills-autoresearch;VV=v0.0.0
PAD000030-127	Homo sapiens	Cerebrospinal fluid	not available	not available	not available	not available	not available	120	not applicable	cerebrospinal fluid	PAD000030-r00120-127	protein expression profiling by antibody array	1	WSG83024954_Olink_Explore_Detectability.npx.csv	ftp://ftp.pride.ebi.ac.uk/pride/data/archive/2026/02/PAD000030/WSG83024954_Olink_Explore_Detectability.npx.csv	Olink Target 96	Olink Target 96 Inflammation	NPX	layout_WSG	Intensity	Olink Target 96 Inflammation	Olink Target 96	intensity normalized	NT=affinity-proteomics;VV=v1.0.0	NT=human;VV=v1.1.0	NT=olink;VV=v1.0.0	v1.1.0	NT=sdrf-skills-autoresearch;VV=v0.0.0
PAD000030-318	Homo sapiens	Cerebrospinal fluid	not available	not available	not available	not available	not available	121	not applicable	cerebrospinal fluid	PAD000030-r00121-318	protein expression profiling by antibody array	1	WSG83024954_Olink_Explore_Detectability.npx.csv	ftp://ftp.pride.ebi.ac.uk/pride/data/archive/2026/02/PAD000030/WSG83024954_Olink_Explore_Detectability.npx.csv	Olink Target 96	Olink Target 96 Inflammation	NPX	layout_WSG	Intensity	Olink Target 96 Inflammation	Olink Target 96	intensity normalized	NT=affinity-proteomics;VV=v1.0.0	NT=human;VV=v1.1.0	NT=olink;VV=v1.0.0	v1.1.0	NT=sdrf-skills-autoresearch;VV=v0.0.0
PAD000030-209	Homo sapiens	Cerebrospinal fluid	not available	not available	not available	not available	not available	122	not applicable	cerebrospinal fluid	PAD000030-r00122-209	protein expression profiling by antibody array	1	WSG83024954_Olink_Explore_Detectability.npx.csv	ftp://ftp.pride.ebi.ac.uk/pride/data/archive/2026/02/PAD000030/WSG83024954_Olink_Explore_Detectability.npx.csv	Olink Target 96	Olink Target 96 Inflammation	NPX	layout_WSG	Intensity	Olink Target 96 Inflammation	Olink Target 96	intensity normalized	NT=affinity-proteomics;VV=v1.0.0	NT=human;VV=v1.1.0	NT=olink;VV=v1.0.0	v1.1.0	NT=sdrf-skills-autoresearch;VV=v0.0.0
PAD000030-151	Homo sapiens	Cerebrospinal fluid	not available	not available	not available	not available	not available	123	not applicable	cerebrospinal fluid	PAD000030-r00123-151	protein expression profiling by antibody array	1	WSG83024954_Olink_Explore_Detectability.npx.csv	ftp://ftp.pride.ebi.ac.uk/pride/data/archive/2026/02/PAD000030/WSG83024954_Olink_Explore_Detectability.npx.csv	Olink Target 96	Olink Target 96 Inflammation	NPX	layout_WSG	Intensity	Olink Target 96 Inflammation	Olink Target 96	intensity normalized	NT=affinity-proteomics;VV=v1.0.0	NT=human;VV=v1.1.0	NT=olink;VV=v1.0.0	v1.1.0	NT=sdrf-skills-autoresearch;VV=v0.0.0
PAD000030-46	Homo sapiens	Cerebrospinal fluid	not available	not available	not available	not available	not available	124	not applicable	cerebrospinal fluid	PAD000030-r00124-46	protein expression profiling by antibody array	1	WSG83024954_Olink_Explore_Detectability.npx.csv	ftp://ftp.pride.ebi.ac.uk/pride/data/archive/2026/02/PAD000030/WSG83024954_Olink_Explore_Detectability.npx.csv	Olink Target 96	Neurology	NPX	layout_WSG	Intensity	Neurology	Olink Target 96	intensity normalized	NT=affinity-proteomics;VV=v1.0.0	NT=human;VV=v1.1.0	NT=olink;VV=v1.0.0	v1.1.0	NT=sdrf-skills-autoresearch;VV=v0.0.0
PAD000030-278	Homo sapiens	Cerebrospinal fluid	not available	not available	not available	not available	not available	125	not applicable	cerebrospinal fluid	PAD000030-r00125-278	protein expression profiling by antibody array	1	WSG83024954_Olink_Explore_Detectability.npx.csv	ftp://ftp.pride.ebi.ac.uk/pride/data/archive/2026/02/PAD000030/WSG83024954_Olink_Explore_Detectability.npx.csv	Olink Target 96	Olink Target 96 Inflammation	NPX	layout_WSG	Intensity	Olink Target 96 Inflammation	Olink Target 96	intensity normalized	NT=affinity-proteomics;VV=v1.0.0	NT=human;VV=v1.1.0	NT=olink;VV=v1.0.0	v1.1.0	NT=sdrf-skills-autoresearch;VV=v0.0.0
PAD000030-158	Homo sapiens	Cerebrospinal fluid	not available	not available	not available	not available	not available	126	not applicable	cerebrospinal fluid	PAD000030-r00126-158	protein expression profiling by antibody array	1	WSG83024954_Olink_Explore_Detectability.npx.csv	ftp://ftp.pride.ebi.ac.uk/pride/data/archive/2026/02/PAD000030/WSG83024954_Olink_Explore_Detectability.npx.csv	Olink Target 96	Olink Target 96 Inflammation	NPX	layout_WSG	Intensity	Olink Target 96 Inflammation	Olink Target 96	intensity normalized	NT=affinity-proteomics;VV=v1.0.0	NT=human;VV=v1.1.0	NT=olink;VV=v1.0.0	v1.1.0	NT=sdrf-skills-autoresearch;VV=v0.0.0
PAD000030-39	Homo sapiens	Cerebrospinal fluid	not available	not available	not available	not available	not available	127	not applicable	cerebrospinal fluid	PAD000030-r00127-39	protein expression profiling by antibody array	1	WSG83024954_Olink_Explore_Detectability.npx.csv	ftp://ftp.pride.ebi.ac.uk/pride/data/archive/2026/02/PAD000030/WSG83024954_Olink_Explore_Detectability.npx.csv	Olink Target 96	Olink Target 96 Inflammation	NPX	layout_WSG	Intensity	Olink Target 96 Inflammation	Olink Target 96	intensity normalized	NT=affinity-proteomics;VV=v1.0.0	NT=human;VV=v1.1.0	NT=olink;VV=v1.0.0	v1.1.0	NT=sdrf-skills-autoresearch;VV=v0.0.0
PAD000030-112	Homo sapiens	Cerebrospinal fluid	not available	not available	not available	not available	not available	128	not applicable	cerebrospinal fluid	PAD000030-r00128-112	protein expression profiling by antibody array	1	WSG83024954_Olink_Explore_Detectability.npx.csv	ftp://ftp.pride.ebi.ac.uk/pride/data/archive/2026/02/PAD000030/WSG83024954_Olink_Explore_Detectability.npx.csv	Olink Target 96	Olink Target 96 Inflammation	NPX	layout_WSG	Intensity	Olink Target 96 Inflammation	Olink Target 96	intensity normalized	NT=affinity-proteomics;VV=v1.0.0	NT=human;VV=v1.1.0	NT=olink;VV=v1.0.0	v1.1.0	NT=sdrf-skills-autoresearch;VV=v0.0.0
PAD000030-8	Homo sapiens	Cerebrospinal fluid	not available	not available	not available	not available	not available	129	not applicable	cerebrospinal fluid	PAD000030-r00129-8	protein expression profiling by antibody array	1	WSG83024954_Olink_Explore_Detectability.npx.csv	ftp://ftp.pride.ebi.ac.uk/pride/data/archive/2026/02/PAD000030/WSG83024954_Olink_Explore_Detectability.npx.csv	Olink Target 96	Olink Target 96 Inflammation	NPX	layout_WSG	Intensity	Olink Target 96 Inflammation	Olink Target 96	intensity normalized	NT=affinity-proteomics;VV=v1.0.0	NT=human;VV=v1.1.0	NT=olink;VV=v1.0.0	v1.1.0	NT=sdrf-skills-autoresearch;VV=v0.0.0
PAD000030-117	Homo sapiens	Cerebrospinal fluid	not available	not available	not available	not available	not available	130	not applicable	cerebrospinal fluid	PAD000030-r00130-117	protein expression profiling by antibody array	1	WSG83024954_Olink_Explore_Detectability.npx.csv	ftp://ftp.pride.ebi.ac.uk/pride/data/archive/2026/02/PAD000030/WSG83024954_Olink_Explore_Detectability.npx.csv	Olink Target 96	Olink Target 96 Inflammation	NPX	layout_WSG	Intensity	Olink Target 96 Inflammation	Olink Target 96	intensity normalized	NT=affinity-proteomics;VV=v1.0.0	NT=human;VV=v1.1.0	NT=olink;VV=v1.0.0	v1.1.0	NT=sdrf-skills-autoresearch;VV=v0.0.0
PAD000030-116	Homo sapiens	Cerebrospinal fluid	not available	not available	not available	not available	not available	131	not applicable	cerebrospinal fluid	PAD000030-r00131-116	protein expression profiling by antibody array	1	WSG83024954_Olink_Explore_Detectability.npx.csv	ftp://ftp.pride.ebi.ac.uk/pride/data/archive/2026/02/PAD000030/WSG83024954_Olink_Explore_Detectability.npx.csv	Olink Target 96	Olink Target 96 Inflammation	NPX	layout_WSG	Intensity	Olink Target 96 Inflammation	Olink Target 96	intensity normalized	NT=affinity-proteomics;VV=v1.0.0	NT=human;VV=v1.1.0	NT=olink;VV=v1.0.0	v1.1.0	NT=sdrf-skills-autoresearch;VV=v0.0.0
PAD000030-97	Homo sapiens	Cerebrospinal fluid	not available	not available	not available	not available	not available	132	not applicable	cerebrospinal fluid	PAD000030-r00132-97	protein expression profiling by antibody array	1	WSG83024954_Olink_Explore_Detectability.npx.csv	ftp://ftp.pride.ebi.ac.uk/pride/data/archive/2026/02/PAD000030/WSG83024954_Olink_Explore_Detectability.npx.csv	Olink Target 96	Olink Target 96 Inflammation	NPX	layout_WSG	Intensity	Olink Target 96 Inflammation	Olink Target 96	intensity normalized	NT=affinity-proteomics;VV=v1.0.0	NT=human;VV=v1.1.0	NT=olink;VV=v1.0.0	v1.1.0	NT=sdrf-skills-autoresearch;VV=v0.0.0
PAD000030-115	Homo sapiens	Cerebrospinal fluid	not available	not available	not available	not available	not available	133	not applicable	cerebrospinal fluid	PAD000030-r00133-115	protein expression profiling by antibody array	1	WSG83024954_Olink_Explore_Detectability.npx.csv	ftp://ftp.pride.ebi.ac.uk/pride/data/archive/2026/02/PAD000030/WSG83024954_Olink_Explore_Detectability.npx.csv	Olink Target 96	Olink Target 96 Inflammation	NPX	layout_WSG	Intensity	Olink Target 96 Inflammation	Olink Target 96	intensity normalized	NT=affinity-proteomics;VV=v1.0.0	NT=human;VV=v1.1.0	NT=olink;VV=v1.0.0	v1.1.0	NT=sdrf-skills-autoresearch;VV=v0.0.0
PAD000030-159	Homo sapiens	Cerebrospinal fluid	not available	not available	not available	not available	not available	134	not applicable	cerebrospinal fluid	PAD000030-r00134-159	protein expression profiling by antibody array	1	WSG83024954_Olink_Explore_Detectability.npx.csv	ftp://ftp.pride.ebi.ac.uk/pride/data/archive/2026/02/PAD000030/WSG83024954_Olink_Explore_Detectability.npx.csv	Olink Target 96	Olink Target 96 Inflammation	NPX	layout_WSG	Intensity	Olink Target 96 Inflammation	Olink Target 96	intensity normalized	NT=affinity-proteomics;VV=v1.0.0	NT=human;VV=v1.1.0	NT=olink;VV=v1.0.0	v1.1.0	NT=sdrf-skills-autoresearch;VV=v0.0.0
PAD000030-144	Homo sapiens	Cerebrospinal fluid	not available	not available	not available	not available	not available	135	not applicable	cerebrospinal fluid	PAD000030-r00135-144	protein expression profiling by antibody array	1	WSG83024954_Olink_Explore_Detectability.npx.csv	ftp://ftp.pride.ebi.ac.uk/pride/data/archive/2026/02/PAD000030/WSG83024954_Olink_Explore_Detectability.npx.csv	Olink Target 96	Olink Target 96 Inflammation	NPX	layout_WSG	Intensity	Olink Target 96 Inflammation	Olink Target 96	intensity normalized	NT=affinity-proteomics;VV=v1.0.0	NT=human;VV=v1.1.0	NT=olink;VV=v1.0.0	v1.1.0	NT=sdrf-skills-autoresearch;VV=v0.0.0
PAD000030-107	Homo sapiens	Cerebrospinal fluid	not available	not available	not available	not available	not available	136	not applicable	cerebrospinal fluid	PAD000030-r00136-107	protein expression profiling by antibody array	1	WSG83024954_Olink_Explore_Detectability.npx.csv	ftp://ftp.pride.ebi.ac.uk/pride/data/archive/2026/02/PAD000030/WSG83024954_Olink_Explore_Detectability.npx.csv	Olink Target 96	Olink Target 96 Inflammation	NPX	layout_WSG	Intensity	Olink Target 96 Inflammation	Olink Target 96	intensity normalized	NT=affinity-proteomics;VV=v1.0.0	NT=human;VV=v1.1.0	NT=olink;VV=v1.0.0	v1.1.0	NT=sdrf-skills-autoresearch;VV=v0.0.0
PAD000030-191	Homo sapiens	Cerebrospinal fluid	not available	not available	not available	not available	not available	137	not applicable	cerebrospinal fluid	PAD000030-r00137-191	protein expression profiling by antibody array	1	WSG83024954_Olink_Explore_Detectability.npx.csv	ftp://ftp.pride.ebi.ac.uk/pride/data/archive/2026/02/PAD000030/WSG83024954_Olink_Explore_Detectability.npx.csv	Olink Target 96	Olink Target 96 Inflammation	NPX	layout_WSG	Intensity	Olink Target 96 Inflammation	Olink Target 96	intensity normalized	NT=affinity-proteomics;VV=v1.0.0	NT=human;VV=v1.1.0	NT=olink;VV=v1.0.0	v1.1.0	NT=sdrf-skills-autoresearch;VV=v0.0.0
PAD000030-210	Homo sapiens	Cerebrospinal fluid	not available	not available	not available	not available	not available	138	not applicable	cerebrospinal fluid	PAD000030-r00138-210	protein expression profiling by antibody array	1	WSG83024954_Olink_Explore_Detectability.npx.csv	ftp://ftp.pride.ebi.ac.uk/pride/data/archive/2026/02/PAD000030/WSG83024954_Olink_Explore_Detectability.npx.csv	Olink Target 96	Olink Target 96 Inflammation	NPX	layout_WSG	Intensity	Olink Target 96 Inflammation	Olink Target 96	intensity normalized	NT=affinity-proteomics;VV=v1.0.0	NT=human;VV=v1.1.0	NT=olink;VV=v1.0.0	v1.1.0	NT=sdrf-skills-autoresearch;VV=v0.0.0
PAD000030-134	Homo sapiens	Cerebrospinal fluid	not available	not available	not available	not available	not available	139	not applicable	cerebrospinal fluid	PAD000030-r00139-134	protein expression profiling by antibody array	1	WSG83024954_Olink_Explore_Detectability.npx.csv	ftp://ftp.pride.ebi.ac.uk/pride/data/archive/2026/02/PAD000030/WSG83024954_Olink_Explore_Detectability.npx.csv	Olink Target 96	Olink Target 96 Inflammation	NPX	layout_WSG	Intensity	Olink Target 96 Inflammation	Olink Target 96	intensity normalized	NT=affinity-proteomics;VV=v1.0.0	NT=human;VV=v1.1.0	NT=olink;VV=v1.0.0	v1.1.0	NT=sdrf-skills-autoresearch;VV=v0.0.0
PAD000030-334	Homo sapiens	Cerebrospinal fluid	not available	not available	not available	not available	not available	140	not applicable	cerebrospinal fluid	PAD000030-r00140-334	protein expression profiling by antibody array	1	WSG83024954_Olink_Explore_Detectability.npx.csv	ftp://ftp.pride.ebi.ac.uk/pride/data/archive/2026/02/PAD000030/WSG83024954_Olink_Explore_Detectability.npx.csv	Olink Target 96	Olink Target 96 Inflammation	NPX	layout_WSG	Intensity	Olink Target 96 Inflammation	Olink Target 96	intensity normalized	NT=affinity-proteomics;VV=v1.0.0	NT=human;VV=v1.1.0	NT=olink;VV=v1.0.0	v1.1.0	NT=sdrf-skills-autoresearch;VV=v0.0.0
PAD000030-118	Homo sapiens	Cerebrospinal fluid	not available	not available	not available	not available	not available	141	not applicable	cerebrospinal fluid	PAD000030-r00141-118	protein expression profiling by antibody array	1	WSG83024954_Olink_Explore_Detectability.npx.csv	ftp://ftp.pride.ebi.ac.uk/pride/data/archive/2026/02/PAD000030/WSG83024954_Olink_Explore_Detectability.npx.csv	Olink Target 96	Olink Target 96 Inflammation	NPX	layout_WSG	Intensity	Olink Target 96 Inflammation	Olink Target 96	intensity normalized	NT=affinity-proteomics;VV=v1.0.0	NT=human;VV=v1.1.0	NT=olink;VV=v1.0.0	v1.1.0	NT=sdrf-skills-autoresearch;VV=v0.0.0
PAD000030-233	Homo sapiens	Cerebrospinal fluid	not available	not available	not available	not available	not available	142	not applicable	cerebrospinal fluid	PAD000030-r00142-233	protein expression profiling by antibody array	1	WSG83024954_Olink_Explore_Detectability.npx.csv	ftp://ftp.pride.ebi.ac.uk/pride/data/archive/2026/02/PAD000030/WSG83024954_Olink_Explore_Detectability.npx.csv	Olink Target 96	Olink Target 96 Inflammation	NPX	layout_WSG	Intensity	Olink Target 96 Inflammation	Olink Target 96	intensity normalized	NT=affinity-proteomics;VV=v1.0.0	NT=human;VV=v1.1.0	NT=olink;VV=v1.0.0	v1.1.0	NT=sdrf-skills-autoresearch;VV=v0.0.0
PAD000030-308	Homo sapiens	Cerebrospinal fluid	not available	not available	not available	not available	not available	143	not applicable	cerebrospinal fluid	PAD000030-r00143-308	protein expression profiling by antibody array	1	WSG83024954_Olink_Explore_Detectability.npx.csv	ftp://ftp.pride.ebi.ac.uk/pride/data/archive/2026/02/PAD000030/WSG83024954_Olink_Explore_Detectability.npx.csv	Olink Target 96	Olink Target 96 Inflammation	NPX	layout_WSG	Intensity	Olink Target 96 Inflammation	Olink Target 96	intensity normalized	NT=affinity-proteomics;VV=v1.0.0	NT=human;VV=v1.1.0	NT=olink;VV=v1.0.0	v1.1.0	NT=sdrf-skills-autoresearch;VV=v0.0.0
PAD000030-25	Homo sapiens	Cerebrospinal fluid	not available	not available	not available	not available	not available	144	not applicable	cerebrospinal fluid	PAD000030-r00144-25	protein expression profiling by antibody array	1	WSG83024954_Olink_Explore_Detectability.npx.csv	ftp://ftp.pride.ebi.ac.uk/pride/data/archive/2026/02/PAD000030/WSG83024954_Olink_Explore_Detectability.npx.csv	Olink Target 96	Olink Target 96 Inflammation	NPX	layout_WSG	Intensity	Olink Target 96 Inflammation	Olink Target 96	intensity normalized	NT=affinity-proteomics;VV=v1.0.0	NT=human;VV=v1.1.0	NT=olink;VV=v1.0.0	v1.1.0	NT=sdrf-skills-autoresearch;VV=v0.0.0
PAD000030-332	Homo sapiens	Cerebrospinal fluid	not available	not available	not available	not available	not available	145	not applicable	cerebrospinal fluid	PAD000030-r00145-332	protein expression profiling by antibody array	1	WSG83024954_Olink_Explore_Detectability.npx.csv	ftp://ftp.pride.ebi.ac.uk/pride/data/archive/2026/02/PAD000030/WSG83024954_Olink_Explore_Detectability.npx.csv	Olink Target 96	Olink Target 96 Inflammation	NPX	layout_WSG	Intensity	Olink Target 96 Inflammation	Olink Target 96	intensity normalized	NT=affinity-proteomics;VV=v1.0.0	NT=human;VV=v1.1.0	NT=olink;VV=v1.0.0	v1.1.0	NT=sdrf-skills-autoresearch;VV=v0.0.0
PAD000030-324	Homo sapiens	Cerebrospinal fluid	not available	not available	not available	not available	not available	146	not applicable	cerebrospinal fluid	PAD000030-r00146-324	protein expression profiling by antibody array	1	WSG83024954_Olink_Explore_Detectability.npx.csv	ftp://ftp.pride.ebi.ac.uk/pride/data/archive/2026/02/PAD000030/WSG83024954_Olink_Explore_Detectability.npx.csv	Olink Target 96	Olink Target 96 Inflammation	NPX	layout_WSG	Intensity	Olink Target 96 Inflammation	Olink Target 96	intensity normalized	NT=affinity-proteomics;VV=v1.0.0	NT=human;VV=v1.1.0	NT=olink;VV=v1.0.0	v1.1.0	NT=sdrf-skills-autoresearch;VV=v0.0.0
PAD000030-130	Homo sapiens	Cerebrospinal fluid	not available	not available	not available	not available	not available	147	not applicable	cerebrospinal fluid	PAD000030-r00147-130	protein expression profiling by antibody array	1	WSG83024954_Olink_Explore_Detectability.npx.csv	ftp://ftp.pride.ebi.ac.uk/pride/data/archive/2026/02/PAD000030/WSG83024954_Olink_Explore_Detectability.npx.csv	Olink Target 96	Olink Target 96 Inflammation	NPX	layout_WSG	Intensity	Olink Target 96 Inflammation	Olink Target 96	intensity normalized	NT=affinity-proteomics;VV=v1.0.0	NT=human;VV=v1.1.0	NT=olink;VV=v1.0.0	v1.1.0	NT=sdrf-skills-autoresearch;VV=v0.0.0
PAD000030-325	Homo sapiens	Cerebrospinal fluid	not available	not available	not available	not available	not available	148	not applicable	cerebrospinal fluid	PAD000030-r00148-325	protein expression profiling by antibody array	1	WSG83024954_Olink_Explore_Detectability.npx.csv	ftp://ftp.pride.ebi.ac.uk/pride/data/archive/2026/02/PAD000030/WSG83024954_Olink_Explore_Detectability.npx.csv	Olink Target 96	Olink Target 96 Inflammation	NPX	layout_WSG	Intensity	Olink Target 96 Inflammation	Olink Target 96	intensity normalized	NT=affinity-proteomics;VV=v1.0.0	NT=human;VV=v1.1.0	NT=olink;VV=v1.0.0	v1.1.0	NT=sdrf-skills-autoresearch;VV=v0.0.0
PAD000030-161	Homo sapiens	Cerebrospinal fluid	not available	not available	not available	not available	not available	149	not applicable	cerebrospinal fluid	PAD000030-r00149-161	protein expression profiling by antibody array	1	WSG83024954_Olink_Explore_Detectability.npx.csv	ftp://ftp.pride.ebi.ac.uk/pride/data/archive/2026/02/PAD000030/WSG83024954_Olink_Explore_Detectability.npx.csv	Olink Target 96	Olink Target 96 Inflammation	NPX	layout_WSG	Intensity	Olink Target 96 Inflammation	Olink Target 96	intensity normalized	NT=affinity-proteomics;VV=v1.0.0	NT=human;VV=v1.1.0	NT=olink;VV=v1.0.0	v1.1.0	NT=sdrf-skills-autoresearch;VV=v0.0.0
PAD000030-330	Homo sapiens	Cerebrospinal fluid	not available	not available	not available	not available	not available	150	not applicable	cerebrospinal fluid	PAD000030-r00150-330	protein expression profiling by antibody array	1	WSG83024954_Olink_Explore_Detectability.npx.csv	ftp://ftp.pride.ebi.ac.uk/pride/data/archive/2026/02/PAD000030/WSG83024954_Olink_Explore_Detectability.npx.csv	Olink Target 96	Olink Target 96 Inflammation	NPX	layout_WSG	Intensity	Olink Target 96 Inflammation	Olink Target 96	intensity normalized	NT=affinity-proteomics;VV=v1.0.0	NT=human;VV=v1.1.0	NT=olink;VV=v1.0.0	v1.1.0	NT=sdrf-skills-autoresearch;VV=v0.0.0
PAD000030-202	Homo sapiens	Cerebrospinal fluid	not available	not available	not available	not available	not available	151	not applicable	cerebrospinal fluid	PAD000030-r00151-202	protein expression profiling by antibody array	1	WSG83024954_Olink_Explore_Detectability.npx.csv	ftp://ftp.pride.ebi.ac.uk/pride/data/archive/2026/02/PAD000030/WSG83024954_Olink_Explore_Detectability.npx.csv	Olink Target 96	Olink Target 96 Inflammation	NPX	layout_WSG	Intensity	Olink Target 96 Inflammation	Olink Target 96	intensity normalized	NT=affinity-proteomics;VV=v1.0.0	NT=human;VV=v1.1.0	NT=olink;VV=v1.0.0	v1.1.0	NT=sdrf-skills-autoresearch;VV=v0.0.0
PAD000030-205	Homo sapiens	Cerebrospinal fluid	not available	not available	not available	not available	not available	152	not applicable	cerebrospinal fluid	PAD000030-r00152-205	protein expression profiling by antibody array	1	WSG83024954_Olink_Explore_Detectability.npx.csv	ftp://ftp.pride.ebi.ac.uk/pride/data/archive/2026/02/PAD000030/WSG83024954_Olink_Explore_Detectability.npx.csv	Olink Target 96	Olink Target 96 Inflammation	NPX	layout_WSG	Intensity	Olink Target 96 Inflammation	Olink Target 96	intensity normalized	NT=affinity-proteomics;VV=v1.0.0	NT=human;VV=v1.1.0	NT=olink;VV=v1.0.0	v1.1.0	NT=sdrf-skills-autoresearch;VV=v0.0.0
PAD000030-7	Homo sapiens	Cerebrospinal fluid	not available	not available	not available	not available	not available	153	not applicable	cerebrospinal fluid	PAD000030-r00153-7	protein expression profiling by antibody array	1	WSG83024954_Olink_Explore_Detectability.npx.csv	ftp://ftp.pride.ebi.ac.uk/pride/data/archive/2026/02/PAD000030/WSG83024954_Olink_Explore_Detectability.npx.csv	Olink Target 96	Olink Target 96 Inflammation	NPX	layout_WSG	Intensity	Olink Target 96 Inflammation	Olink Target 96	intensity normalized	NT=affinity-proteomics;VV=v1.0.0	NT=human;VV=v1.1.0	NT=olink;VV=v1.0.0	v1.1.0	NT=sdrf-skills-autoresearch;VV=v0.0.0
PAD000030-311	Homo sapiens	Cerebrospinal fluid	not available	not available	not available	not available	not available	154	not applicable	cerebrospinal fluid	PAD000030-r00154-311	protein expression profiling by antibody array	1	WSG83024954_Olink_Explore_Detectability.npx.csv	ftp://ftp.pride.ebi.ac.uk/pride/data/archive/2026/02/PAD000030/WSG83024954_Olink_Explore_Detectability.npx.csv	Olink Target 96	Olink Target 96 Inflammation	NPX	layout_WSG	Intensity	Olink Target 96 Inflammation	Olink Target 96	intensity normalized	NT=affinity-proteomics;VV=v1.0.0	NT=human;VV=v1.1.0	NT=olink;VV=v1.0.0	v1.1.0	NT=sdrf-skills-autoresearch;VV=v0.0.0
PAD000030-36	Homo sapiens	Cerebrospinal fluid	not available	not available	not available	not available	not available	155	not applicable	cerebrospinal fluid	PAD000030-r00155-36	protein expression profiling by antibody array	1	WSG83024954_Olink_Explore_Detectability.npx.csv	ftp://ftp.pride.ebi.ac.uk/pride/data/archive/2026/02/PAD000030/WSG83024954_Olink_Explore_Detectability.npx.csv	Olink Target 96	Olink Target 96 Inflammation	NPX	layout_WSG	Intensity	Olink Target 96 Inflammation	Olink Target 96	intensity normalized	NT=affinity-proteomics;VV=v1.0.0	NT=human;VV=v1.1.0	NT=olink;VV=v1.0.0	v1.1.0	NT=sdrf-skills-autoresearch;VV=v0.0.0
PAD000030-256	Homo sapiens	Cerebrospinal fluid	not available	not available	not available	not available	not available	156	not applicable	cerebrospinal fluid	PAD000030-r00156-256	protein expression profiling by antibody array	1	WSG83024954_Olink_Explore_Detectability.npx.csv	ftp://ftp.pride.ebi.ac.uk/pride/data/archive/2026/02/PAD000030/WSG83024954_Olink_Explore_Detectability.npx.csv	Olink Target 96	Olink Target 96 Inflammation	NPX	layout_WSG	Intensity	Olink Target 96 Inflammation	Olink Target 96	intensity normalized	NT=affinity-proteomics;VV=v1.0.0	NT=human;VV=v1.1.0	NT=olink;VV=v1.0.0	v1.1.0	NT=sdrf-skills-autoresearch;VV=v0.0.0
PAD000030-286	Homo sapiens	Cerebrospinal fluid	not available	not available	not available	not available	not available	157	not applicable	cerebrospinal fluid	PAD000030-r00157-286	protein expression profiling by antibody array	1	WSG83024954_Olink_Explore_Detectability.npx.csv	ftp://ftp.pride.ebi.ac.uk/pride/data/archive/2026/02/PAD000030/WSG83024954_Olink_Explore_Detectability.npx.csv	Olink Target 96	Olink Target 96 Inflammation	NPX	layout_WSG	Intensity	Olink Target 96 Inflammation	Olink Target 96	intensity normalized	NT=affinity-proteomics;VV=v1.0.0	NT=human;VV=v1.1.0	NT=olink;VV=v1.0.0	v1.1.0	NT=sdrf-skills-autoresearch;VV=v0.0.0
PAD000030-327	Homo sapiens	Cerebrospinal fluid	not available	not available	not available	not available	not available	158	not applicable	cerebrospinal fluid	PAD000030-r00158-327	protein expression profiling by antibody array	1	WSG83024954_Olink_Explore_Detectability.npx.csv	ftp://ftp.pride.ebi.ac.uk/pride/data/archive/2026/02/PAD000030/WSG83024954_Olink_Explore_Detectability.npx.csv	Olink Target 96	Olink Target 96 Inflammation	NPX	layout_WSG	Intensity	Olink Target 96 Inflammation	Olink Target 96	intensity normalized	NT=affinity-proteomics;VV=v1.0.0	NT=human;VV=v1.1.0	NT=olink;VV=v1.0.0	v1.1.0	NT=sdrf-skills-autoresearch;VV=v0.0.0
PAD000030-204	Homo sapiens	Cerebrospinal fluid	not available	not available	not available	not available	not available	159	not applicable	cerebrospinal fluid	PAD000030-r00159-204	protein expression profiling by antibody array	1	WSG83024954_Olink_Explore_Detectability.npx.csv	ftp://ftp.pride.ebi.ac.uk/pride/data/archive/2026/02/PAD000030/WSG83024954_Olink_Explore_Detectability.npx.csv	Olink Target 96	Olink Target 96 Inflammation	NPX	layout_WSG	Intensity	Olink Target 96 Inflammation	Olink Target 96	intensity normalized	NT=affinity-proteomics;VV=v1.0.0	NT=human;VV=v1.1.0	NT=olink;VV=v1.0.0	v1.1.0	NT=sdrf-skills-autoresearch;VV=v0.0.0
PAD000030-93	Homo sapiens	Cerebrospinal fluid	not available	not available	not available	not available	not available	160	not applicable	cerebrospinal fluid	PAD000030-r00160-93	protein expression profiling by antibody array	1	WSG83024954_Olink_Explore_Detectability.npx.csv	ftp://ftp.pride.ebi.ac.uk/pride/data/archive/2026/02/PAD000030/WSG83024954_Olink_Explore_Detectability.npx.csv	Olink Target 96	Olink Target 96 Inflammation	NPX	layout_WSG	Intensity	Olink Target 96 Inflammation	Olink Target 96	intensity normalized	NT=affinity-proteomics;VV=v1.0.0	NT=human;VV=v1.1.0	NT=olink;VV=v1.0.0	v1.1.0	NT=sdrf-skills-autoresearch;VV=v0.0.0
PAD000030-94	Homo sapiens	Cerebrospinal fluid	not available	not available	not available	not available	not available	161	not applicable	cerebrospinal fluid	PAD000030-r00161-94	protein expression profiling by antibody array	1	WSG83024954_Olink_Explore_Detectability.npx.csv	ftp://ftp.pride.ebi.ac.uk/pride/data/archive/2026/02/PAD000030/WSG83024954_Olink_Explore_Detectability.npx.csv	Olink Target 96	Olink Target 96 Inflammation	NPX	layout_WSG	Intensity	Olink Target 96 Inflammation	Olink Target 96	intensity normalized	NT=affinity-proteomics;VV=v1.0.0	NT=human;VV=v1.1.0	NT=olink;VV=v1.0.0	v1.1.0	NT=sdrf-skills-autoresearch;VV=v0.0.0
PAD000030-141	Homo sapiens	Cerebrospinal fluid	not available	not available	not available	not available	not available	162	not applicable	cerebrospinal fluid	PAD000030-r00162-141	protein expression profiling by antibody array	1	WSG83024954_Olink_Explore_Detectability.npx.csv	ftp://ftp.pride.ebi.ac.uk/pride/data/archive/2026/02/PAD000030/WSG83024954_Olink_Explore_Detectability.npx.csv	Olink Target 96	Olink Target 96 Inflammation	NPX	layout_WSG	Intensity	Olink Target 96 Inflammation	Olink Target 96	intensity normalized	NT=affinity-proteomics;VV=v1.0.0	NT=human;VV=v1.1.0	NT=olink;VV=v1.0.0	v1.1.0	NT=sdrf-skills-autoresearch;VV=v0.0.0
PAD000030-276	Homo sapiens	Cerebrospinal fluid	not available	not available	not available	not available	not available	163	not applicable	cerebrospinal fluid	PAD000030-r00163-276	protein expression profiling by antibody array	1	WSG83024954_Olink_Explore_Detectability.npx.csv	ftp://ftp.pride.ebi.ac.uk/pride/data/archive/2026/02/PAD000030/WSG83024954_Olink_Explore_Detectability.npx.csv	Olink Target 96	Olink Target 96 Inflammation	NPX	layout_WSG	Intensity	Olink Target 96 Inflammation	Olink Target 96	intensity normalized	NT=affinity-proteomics;VV=v1.0.0	NT=human;VV=v1.1.0	NT=olink;VV=v1.0.0	v1.1.0	NT=sdrf-skills-autoresearch;VV=v0.0.0
PAD000030-121	Homo sapiens	Cerebrospinal fluid	not available	not available	not available	not available	not available	164	not applicable	cerebrospinal fluid	PAD000030-r00164-121	protein expression profiling by antibody array	1	WSG83024954_Olink_Explore_Detectability.npx.csv	ftp://ftp.pride.ebi.ac.uk/pride/data/archive/2026/02/PAD000030/WSG83024954_Olink_Explore_Detectability.npx.csv	Olink Target 96	Olink Target 96 Inflammation	NPX	layout_WSG	Intensity	Olink Target 96 Inflammation	Olink Target 96	intensity normalized	NT=affinity-proteomics;VV=v1.0.0	NT=human;VV=v1.1.0	NT=olink;VV=v1.0.0	v1.1.0	NT=sdrf-skills-autoresearch;VV=v0.0.0
PAD000030-321	Homo sapiens	Cerebrospinal fluid	not available	not available	not available	not available	not available	165	not applicable	cerebrospinal fluid	PAD000030-r00165-321	protein expression profiling by antibody array	1	WSG83024954_Olink_Explore_Detectability.npx.csv	ftp://ftp.pride.ebi.ac.uk/pride/data/archive/2026/02/PAD000030/WSG83024954_Olink_Explore_Detectability.npx.csv	Olink Target 96	Olink Target 96 Inflammation	NPX	layout_WSG	Intensity	Olink Target 96 Inflammation	Olink Target 96	intensity normalized	NT=affinity-proteomics;VV=v1.0.0	NT=human;VV=v1.1.0	NT=olink;VV=v1.0.0	v1.1.0	NT=sdrf-skills-autoresearch;VV=v0.0.0
PAD000030-326	Homo sapiens	Cerebrospinal fluid	not available	not available	not available	not available	not available	166	not applicable	cerebrospinal fluid	PAD000030-r00166-326	protein expression profiling by antibody array	1	WSG83024954_Olink_Explore_Detectability.npx.csv	ftp://ftp.pride.ebi.ac.uk/pride/data/archive/2026/02/PAD000030/WSG83024954_Olink_Explore_Detectability.npx.csv	Olink Target 96	Olink Target 96 Inflammation	NPX	layout_WSG	Intensity	Olink Target 96 Inflammation	Olink Target 96	intensity normalized	NT=affinity-proteomics;VV=v1.0.0	NT=human;VV=v1.1.0	NT=olink;VV=v1.0.0	v1.1.0	NT=sdrf-skills-autoresearch;VV=v0.0.0
PAD000030-292	Homo sapiens	Cerebrospinal fluid	not available	not available	not available	not available	not available	167	not applicable	cerebrospinal fluid	PAD000030-r00167-292	protein expression profiling by antibody array	1	WSG83024954_Olink_Explore_Detectability.npx.csv	ftp://ftp.pride.ebi.ac.uk/pride/data/archive/2026/02/PAD000030/WSG83024954_Olink_Explore_Detectability.npx.csv	Olink Target 96	Olink Target 96 Inflammation	NPX	layout_WSG	Intensity	Olink Target 96 Inflammation	Olink Target 96	intensity normalized	NT=affinity-proteomics;VV=v1.0.0	NT=human;VV=v1.1.0	NT=olink;VV=v1.0.0	v1.1.0	NT=sdrf-skills-autoresearch;VV=v0.0.0
PAD000030-333	Homo sapiens	Cerebrospinal fluid	not available	not available	not available	not available	not available	168	not applicable	cerebrospinal fluid	PAD000030-r00168-333	protein expression profiling by antibody array	1	WSG83024954_Olink_Explore_Detectability.npx.csv	ftp://ftp.pride.ebi.ac.uk/pride/data/archive/2026/02/PAD000030/WSG83024954_Olink_Explore_Detectability.npx.csv	Olink Target 96	Olink Target 96 Inflammation	NPX	layout_WSG	Intensity	Olink Target 96 Inflammation	Olink Target 96	intensity normalized	NT=affinity-proteomics;VV=v1.0.0	NT=human;VV=v1.1.0	NT=olink;VV=v1.0.0	v1.1.0	NT=sdrf-skills-autoresearch;VV=v0.0.0
PAD000030-323	Homo sapiens	Cerebrospinal fluid	not available	not available	not available	not available	not available	169	not applicable	cerebrospinal fluid	PAD000030-r00169-323	protein expression profiling by antibody array	1	WSG83024954_Olink_Explore_Detectability.npx.csv	ftp://ftp.pride.ebi.ac.uk/pride/data/archive/2026/02/PAD000030/WSG83024954_Olink_Explore_Detectability.npx.csv	Olink Target 96	Olink Target 96 Inflammation	NPX	layout_WSG	Intensity	Olink Target 96 Inflammation	Olink Target 96	intensity normalized	NT=affinity-proteomics;VV=v1.0.0	NT=human;VV=v1.1.0	NT=olink;VV=v1.0.0	v1.1.0	NT=sdrf-skills-autoresearch;VV=v0.0.0
PAD000030-135	Homo sapiens	Cerebrospinal fluid	not available	not available	not available	not available	not available	170	not applicable	cerebrospinal fluid	PAD000030-r00170-135	protein expression profiling by antibody array	1	WSG83024954_Olink_Explore_Detectability.npx.csv	ftp://ftp.pride.ebi.ac.uk/pride/data/archive/2026/02/PAD000030/WSG83024954_Olink_Explore_Detectability.npx.csv	Olink Target 96	Olink Target 96 Inflammation	NPX	layout_WSG	Intensity	Olink Target 96 Inflammation	Olink Target 96	intensity normalized	NT=affinity-proteomics;VV=v1.0.0	NT=human;VV=v1.1.0	NT=olink;VV=v1.0.0	v1.1.0	NT=sdrf-skills-autoresearch;VV=v0.0.0
PAD000030-317	Homo sapiens	Cerebrospinal fluid	not available	not available	not available	not available	not available	171	not applicable	cerebrospinal fluid	PAD000030-r00171-317	protein expression profiling by antibody array	1	WSG83024954_Olink_Explore_Detectability.npx.csv	ftp://ftp.pride.ebi.ac.uk/pride/data/archive/2026/02/PAD000030/WSG83024954_Olink_Explore_Detectability.npx.csv	Olink Target 96	Olink Target 96 Inflammation	NPX	layout_WSG	Intensity	Olink Target 96 Inflammation	Olink Target 96	intensity normalized	NT=affinity-proteomics;VV=v1.0.0	NT=human;VV=v1.1.0	NT=olink;VV=v1.0.0	v1.1.0	NT=sdrf-skills-autoresearch;VV=v0.0.0
PAD000030-319	Homo sapiens	Cerebrospinal fluid	not available	not available	not available	not available	not available	172	not applicable	cerebrospinal fluid	PAD000030-r00172-319	protein expression profiling by antibody array	1	WSG83024954_Olink_Explore_Detectability.npx.csv	ftp://ftp.pride.ebi.ac.uk/pride/data/archive/2026/02/PAD000030/WSG83024954_Olink_Explore_Detectability.npx.csv	Olink Target 96	Olink Target 96 Inflammation	NPX	layout_WSG	Intensity	Olink Target 96 Inflammation	Olink Target 96	intensity normalized	NT=affinity-proteomics;VV=v1.0.0	NT=human;VV=v1.1.0	NT=olink;VV=v1.0.0	v1.1.0	NT=sdrf-skills-autoresearch;VV=v0.0.0
PAD000030-137	Homo sapiens	Cerebrospinal fluid	not available	not available	not available	not available	not available	173	not applicable	cerebrospinal fluid	PAD000030-r00173-137	protein expression profiling by antibody array	1	WSG83024954_Olink_Explore_Detectability.npx.csv	ftp://ftp.pride.ebi.ac.uk/pride/data/archive/2026/02/PAD000030/WSG83024954_Olink_Explore_Detectability.npx.csv	Olink Target 96	Olink Target 96 Inflammation	NPX	layout_WSG	Intensity	Olink Target 96 Inflammation	Olink Target 96	intensity normalized	NT=affinity-proteomics;VV=v1.0.0	NT=human;VV=v1.1.0	NT=olink;VV=v1.0.0	v1.1.0	NT=sdrf-skills-autoresearch;VV=v0.0.0
PAD000030-184	Homo sapiens	Cerebrospinal fluid	not available	not available	not available	not available	not available	174	not applicable	cerebrospinal fluid	PAD000030-r00174-184	protein expression profiling by antibody array	1	WSG83024954_Olink_Explore_Detectability.npx.csv	ftp://ftp.pride.ebi.ac.uk/pride/data/archive/2026/02/PAD000030/WSG83024954_Olink_Explore_Detectability.npx.csv	Olink Target 96	Olink Target 96 Inflammation	NPX	layout_WSG	Intensity	Olink Target 96 Inflammation	Olink Target 96	intensity normalized	NT=affinity-proteomics;VV=v1.0.0	NT=human;VV=v1.1.0	NT=olink;VV=v1.0.0	v1.1.0	NT=sdrf-skills-autoresearch;VV=v0.0.0
PAD000030-331	Homo sapiens	Cerebrospinal fluid	not available	not available	not available	not available	not available	175	not applicable	cerebrospinal fluid	PAD000030-r00175-331	protein expression profiling by antibody array	1	WSG83024954_Olink_Explore_Detectability.npx.csv	ftp://ftp.pride.ebi.ac.uk/pride/data/archive/2026/02/PAD000030/WSG83024954_Olink_Explore_Detectability.npx.csv	Olink Target 96	Olink Target 96 Inflammation	NPX	layout_WSG	Intensity	Olink Target 96 Inflammation	Olink Target 96	intensity normalized	NT=affinity-proteomics;VV=v1.0.0	NT=human;VV=v1.1.0	NT=olink;VV=v1.0.0	v1.1.0	NT=sdrf-skills-autoresearch;VV=v0.0.0
PAD000030-329	Homo sapiens	Cerebrospinal fluid	not available	not available	not available	not available	not available	176	not applicable	cerebrospinal fluid	PAD000030-r00176-329	protein expression profiling by antibody array	1	WSG83024954_Olink_Explore_Detectability.npx.csv	ftp://ftp.pride.ebi.ac.uk/pride/data/archive/2026/02/PAD000030/WSG83024954_Olink_Explore_Detectability.npx.csv	Olink Target 96	Olink Target 96 Inflammation	NPX	layout_WSG	Intensity	Olink Target 96 Inflammation	Olink Target 96	intensity normalized	NT=affinity-proteomics;VV=v1.0.0	NT=human;VV=v1.1.0	NT=olink;VV=v1.0.0	v1.1.0	NT=sdrf-skills-autoresearch;VV=v0.0.0
PAD000030-51	Homo sapiens	Cerebrospinal fluid	not available	not available	not available	not available	not available	177	not applicable	cerebrospinal fluid	PAD000030-r00177-51	protein expression profiling by antibody array	1	WSG83024954_Olink_Explore_Detectability.npx.csv	ftp://ftp.pride.ebi.ac.uk/pride/data/archive/2026/02/PAD000030/WSG83024954_Olink_Explore_Detectability.npx.csv	Olink Target 96	Olink Target 96 Inflammation	NPX	layout_WSG	Intensity	Olink Target 96 Inflammation	Olink Target 96	intensity normalized	NT=affinity-proteomics;VV=v1.0.0	NT=human;VV=v1.1.0	NT=olink;VV=v1.0.0	v1.1.0	NT=sdrf-skills-autoresearch;VV=v0.0.0
PAD000030-170	Homo sapiens	Cerebrospinal fluid	not available	not available	not available	not available	not available	178	not applicable	cerebrospinal fluid	PAD000030-r00178-170	protein expression profiling by antibody array	1	WSG83024954_Olink_Explore_Detectability.npx.csv	ftp://ftp.pride.ebi.ac.uk/pride/data/archive/2026/02/PAD000030/WSG83024954_Olink_Explore_Detectability.npx.csv	Olink Target 96	Olink Target 96 Inflammation	NPX	layout_WSG	Intensity	Olink Target 96 Inflammation	Olink Target 96	intensity normalized	NT=affinity-proteomics;VV=v1.0.0	NT=human;VV=v1.1.0	NT=olink;VV=v1.0.0	v1.1.0	NT=sdrf-skills-autoresearch;VV=v0.0.0
PAD000030-287	Homo sapiens	Cerebrospinal fluid	not available	not available	not available	not available	not available	179	not applicable	cerebrospinal fluid	PAD000030-r00179-287	protein expression profiling by antibody array	1	WSG83024954_Olink_Explore_Detectability.npx.csv	ftp://ftp.pride.ebi.ac.uk/pride/data/archive/2026/02/PAD000030/WSG83024954_Olink_Explore_Detectability.npx.csv	Olink Target 96	Olink Target 96 Inflammation	NPX	layout_WSG	Intensity	Olink Target 96 Inflammation	Olink Target 96	intensity normalized	NT=affinity-proteomics;VV=v1.0.0	NT=human;VV=v1.1.0	NT=olink;VV=v1.0.0	v1.1.0	NT=sdrf-skills-autoresearch;VV=v0.0.0
PAD000030-299	Homo sapiens	Cerebrospinal fluid	not available	not available	not available	not available	not available	180	not applicable	cerebrospinal fluid	PAD000030-r00180-299	protein expression profiling by antibody array	1	WSG83024954_Olink_Explore_Detectability.npx.csv	ftp://ftp.pride.ebi.ac.uk/pride/data/archive/2026/02/PAD000030/WSG83024954_Olink_Explore_Detectability.npx.csv	Olink Target 96	Olink Target 96 Inflammation	NPX	layout_WSG	Intensity	Olink Target 96 Inflammation	Olink Target 96	intensity normalized	NT=affinity-proteomics;VV=v1.0.0	NT=human;VV=v1.1.0	NT=olink;VV=v1.0.0	v1.1.0	NT=sdrf-skills-autoresearch;VV=v0.0.0
PAD000030-122	Homo sapiens	Cerebrospinal fluid	not available	not available	not available	not available	not available	181	not applicable	cerebrospinal fluid	PAD000030-r00181-122	protein expression profiling by antibody array	1	WSG83024954_Olink_Explore_Detectability.npx.csv	ftp://ftp.pride.ebi.ac.uk/pride/data/archive/2026/02/PAD000030/WSG83024954_Olink_Explore_Detectability.npx.csv	Olink Target 96	Olink Target 96 Inflammation	NPX	layout_WSG	Intensity	Olink Target 96 Inflammation	Olink Target 96	intensity normalized	NT=affinity-proteomics;VV=v1.0.0	NT=human;VV=v1.1.0	NT=olink;VV=v1.0.0	v1.1.0	NT=sdrf-skills-autoresearch;VV=v0.0.0
PAD000030-71	Homo sapiens	Cerebrospinal fluid	not available	not available	not available	not available	not available	182	not applicable	cerebrospinal fluid	PAD000030-r00182-71	protein expression profiling by antibody array	1	WSG83024954_Olink_Explore_Detectability.npx.csv	ftp://ftp.pride.ebi.ac.uk/pride/data/archive/2026/02/PAD000030/WSG83024954_Olink_Explore_Detectability.npx.csv	Olink Target 96	Olink Target 96 Inflammation	NPX	layout_WSG	Intensity	Olink Target 96 Inflammation	Olink Target 96	intensity normalized	NT=affinity-proteomics;VV=v1.0.0	NT=human;VV=v1.1.0	NT=olink;VV=v1.0.0	v1.1.0	NT=sdrf-skills-autoresearch;VV=v0.0.0
PAD000030-96	Homo sapiens	Cerebrospinal fluid	not available	not available	not available	not available	not available	183	not applicable	cerebrospinal fluid	PAD000030-r00183-96	protein expression profiling by antibody array	1	WSG83024954_Olink_Explore_Detectability.npx.csv	ftp://ftp.pride.ebi.ac.uk/pride/data/archive/2026/02/PAD000030/WSG83024954_Olink_Explore_Detectability.npx.csv	Olink Target 96	Olink Target 96 Inflammation	NPX	layout_WSG	Intensity	Olink Target 96 Inflammation	Olink Target 96	intensity normalized	NT=affinity-proteomics;VV=v1.0.0	NT=human;VV=v1.1.0	NT=olink;VV=v1.0.0	v1.1.0	NT=sdrf-skills-autoresearch;VV=v0.0.0
PAD000030-101	Homo sapiens	Cerebrospinal fluid	not available	not available	not available	not available	not available	184	not applicable	cerebrospinal fluid	PAD000030-r00184-101	protein expression profiling by antibody array	1	WSG83024954_Olink_Explore_Detectability.npx.csv	ftp://ftp.pride.ebi.ac.uk/pride/data/archive/2026/02/PAD000030/WSG83024954_Olink_Explore_Detectability.npx.csv	Olink Target 96	Olink Target 96 Inflammation	NPX	layout_WSG	Intensity	Olink Target 96 Inflammation	Olink Target 96	intensity normalized	NT=affinity-proteomics;VV=v1.0.0	NT=human;VV=v1.1.0	NT=olink;VV=v1.0.0	v1.1.0	NT=sdrf-skills-autoresearch;VV=v0.0.0
PAD000030-198	Homo sapiens	Cerebrospinal fluid	not available	not available	not available	not available	not available	185	not applicable	cerebrospinal fluid	PAD000030-r00185-198	protein expression profiling by antibody array	1	WSG83024954_Olink_Explore_Detectability.npx.csv	ftp://ftp.pride.ebi.ac.uk/pride/data/archive/2026/02/PAD000030/WSG83024954_Olink_Explore_Detectability.npx.csv	Olink Target 96	Olink Target 96 Inflammation	NPX	layout_WSG	Intensity	Olink Target 96 Inflammation	Olink Target 96	intensity normalized	NT=affinity-proteomics;VV=v1.0.0	NT=human;VV=v1.1.0	NT=olink;VV=v1.0.0	v1.1.0	NT=sdrf-skills-autoresearch;VV=v0.0.0
PAD000030-214	Homo sapiens	Cerebrospinal fluid	not available	not available	not available	not available	not available	186	not applicable	cerebrospinal fluid	PAD000030-r00186-214	protein expression profiling by antibody array	1	WSG83024954_Olink_Explore_Detectability.npx.csv	ftp://ftp.pride.ebi.ac.uk/pride/data/archive/2026/02/PAD000030/WSG83024954_Olink_Explore_Detectability.npx.csv	Olink Target 96	Olink Target 96 Inflammation	NPX	layout_WSG	Intensity	Olink Target 96 Inflammation	Olink Target 96	intensity normalized	NT=affinity-proteomics;VV=v1.0.0	NT=human;VV=v1.1.0	NT=olink;VV=v1.0.0	v1.1.0	NT=sdrf-skills-autoresearch;VV=v0.0.0
PAD000030-222	Homo sapiens	Cerebrospinal fluid	not available	not available	not available	not available	not available	187	not applicable	cerebrospinal fluid	PAD000030-r00187-222	protein expression profiling by antibody array	1	WSG83024954_Olink_Explore_Detectability.npx.csv	ftp://ftp.pride.ebi.ac.uk/pride/data/archive/2026/02/PAD000030/WSG83024954_Olink_Explore_Detectability.npx.csv	Olink Target 96	Olink Target 96 Inflammation	NPX	layout_WSG	Intensity	Olink Target 96 Inflammation	Olink Target 96	intensity normalized	NT=affinity-proteomics;VV=v1.0.0	NT=human;VV=v1.1.0	NT=olink;VV=v1.0.0	v1.1.0	NT=sdrf-skills-autoresearch;VV=v0.0.0
PAD000030-34	Homo sapiens	Cerebrospinal fluid	not available	not available	not available	not available	not available	188	not applicable	cerebrospinal fluid	PAD000030-r00188-34	protein expression profiling by antibody array	1	WSG83024954_Olink_Explore_Detectability.npx.csv	ftp://ftp.pride.ebi.ac.uk/pride/data/archive/2026/02/PAD000030/WSG83024954_Olink_Explore_Detectability.npx.csv	Olink Target 96	Olink Target 96 Inflammation	NPX	layout_WSG	Intensity	Olink Target 96 Inflammation	Olink Target 96	intensity normalized	NT=affinity-proteomics;VV=v1.0.0	NT=human;VV=v1.1.0	NT=olink;VV=v1.0.0	v1.1.0	NT=sdrf-skills-autoresearch;VV=v0.0.0
PAD000030-143	Homo sapiens	Cerebrospinal fluid	not available	not available	not available	not available	not available	189	not applicable	cerebrospinal fluid	PAD000030-r00189-143	protein expression profiling by antibody array	1	WSG83024954_Olink_Explore_Detectability.npx.csv	ftp://ftp.pride.ebi.ac.uk/pride/data/archive/2026/02/PAD000030/WSG83024954_Olink_Explore_Detectability.npx.csv	Olink Target 96	Olink Target 96 Inflammation	NPX	layout_WSG	Intensity	Olink Target 96 Inflammation	Olink Target 96	intensity normalized	NT=affinity-proteomics;VV=v1.0.0	NT=human;VV=v1.1.0	NT=olink;VV=v1.0.0	v1.1.0	NT=sdrf-skills-autoresearch;VV=v0.0.0
PAD000030-67	Homo sapiens	Cerebrospinal fluid	not available	not available	not available	not available	not available	190	not applicable	cerebrospinal fluid	PAD000030-r00190-67	protein expression profiling by antibody array	1	WSG83024954_Olink_Explore_Detectability.npx.csv	ftp://ftp.pride.ebi.ac.uk/pride/data/archive/2026/02/PAD000030/WSG83024954_Olink_Explore_Detectability.npx.csv	Olink Target 96	Olink Target 96 Inflammation	NPX	layout_WSG	Intensity	Olink Target 96 Inflammation	Olink Target 96	intensity normalized	NT=affinity-proteomics;VV=v1.0.0	NT=human;VV=v1.1.0	NT=olink;VV=v1.0.0	v1.1.0	NT=sdrf-skills-autoresearch;VV=v0.0.0
PAD000030-176	Homo sapiens	Cerebrospinal fluid	not available	not available	not available	not available	not available	191	not applicable	cerebrospinal fluid	PAD000030-r00191-176	protein expression profiling by antibody array	1	WSG83024954_Olink_Explore_Detectability.npx.csv	ftp://ftp.pride.ebi.ac.uk/pride/data/archive/2026/02/PAD000030/WSG83024954_Olink_Explore_Detectability.npx.csv	Olink Target 96	Olink Target 96 Inflammation	NPX	layout_WSG	Intensity	Olink Target 96 Inflammation	Olink Target 96	intensity normalized	NT=affinity-proteomics;VV=v1.0.0	NT=human;VV=v1.1.0	NT=olink;VV=v1.0.0	v1.1.0	NT=sdrf-skills-autoresearch;VV=v0.0.0
PAD000030-55	Homo sapiens	Cerebrospinal fluid	not available	not available	not available	not available	not available	192	not applicable	cerebrospinal fluid	PAD000030-r00192-55	protein expression profiling by antibody array	1	WSG83024954_Olink_Explore_Detectability.npx.csv	ftp://ftp.pride.ebi.ac.uk/pride/data/archive/2026/02/PAD000030/WSG83024954_Olink_Explore_Detectability.npx.csv	Olink Target 96	Olink Target 96 Inflammation	NPX	layout_WSG	Intensity	Olink Target 96 Inflammation	Olink Target 96	intensity normalized	NT=affinity-proteomics;VV=v1.0.0	NT=human;VV=v1.1.0	NT=olink;VV=v1.0.0	v1.1.0	NT=sdrf-skills-autoresearch;VV=v0.0.0
PAD000030-272	Homo sapiens	Cerebrospinal fluid	not available	not available	not available	not available	not available	193	not applicable	cerebrospinal fluid	PAD000030-r00193-272	protein expression profiling by antibody array	1	WSG83024954_Olink_Explore_Detectability.npx.csv	ftp://ftp.pride.ebi.ac.uk/pride/data/archive/2026/02/PAD000030/WSG83024954_Olink_Explore_Detectability.npx.csv	Olink Target 96	Olink Target 96 Inflammation	NPX	layout_WSG	Intensity	Olink Target 96 Inflammation	Olink Target 96	intensity normalized	NT=affinity-proteomics;VV=v1.0.0	NT=human;VV=v1.1.0	NT=olink;VV=v1.0.0	v1.1.0	NT=sdrf-skills-autoresearch;VV=v0.0.0
PAD000030-4	Homo sapiens	Cerebrospinal fluid	not available	not available	not available	not available	not available	194	not applicable	cerebrospinal fluid	PAD000030-r00194-4	protein expression profiling by antibody array	1	WSG83024954_Olink_Explore_Detectability.npx.csv	ftp://ftp.pride.ebi.ac.uk/pride/data/archive/2026/02/PAD000030/WSG83024954_Olink_Explore_Detectability.npx.csv	Olink Target 96	Neurology	NPX	layout_WSG	Intensity	Neurology	Olink Target 96	intensity normalized	NT=affinity-proteomics;VV=v1.0.0	NT=human;VV=v1.1.0	NT=olink;VV=v1.0.0	v1.1.0	NT=sdrf-skills-autoresearch;VV=v0.0.0
PAD000030-162	Homo sapiens	Cerebrospinal fluid	not available	not available	not available	not available	not available	195	not applicable	cerebrospinal fluid	PAD000030-r00195-162	protein expression profiling by antibody array	1	WSG83024954_Olink_Explore_Detectability.npx.csv	ftp://ftp.pride.ebi.ac.uk/pride/data/archive/2026/02/PAD000030/WSG83024954_Olink_Explore_Detectability.npx.csv	Olink Target 96	Olink Target 96 Inflammation	NPX	layout_WSG	Intensity	Olink Target 96 Inflammation	Olink Target 96	intensity normalized	NT=affinity-proteomics;VV=v1.0.0	NT=human;VV=v1.1.0	NT=olink;VV=v1.0.0	v1.1.0	NT=sdrf-skills-autoresearch;VV=v0.0.0
PAD000030-238	Homo sapiens	Cerebrospinal fluid	not available	not available	not available	not available	not available	196	not applicable	cerebrospinal fluid	PAD000030-r00196-238	protein expression profiling by antibody array	1	WSG83024954_Olink_Explore_Detectability.npx.csv	ftp://ftp.pride.ebi.ac.uk/pride/data/archive/2026/02/PAD000030/WSG83024954_Olink_Explore_Detectability.npx.csv	Olink Target 96	Olink Target 96 Inflammation	NPX	layout_WSG	Intensity	Olink Target 96 Inflammation	Olink Target 96	intensity normalized	NT=affinity-proteomics;VV=v1.0.0	NT=human;VV=v1.1.0	NT=olink;VV=v1.0.0	v1.1.0	NT=sdrf-skills-autoresearch;VV=v0.0.0
PAD000030-228	Homo sapiens	Cerebrospinal fluid	not available	not available	not available	not available	not available	197	not applicable	cerebrospinal fluid	PAD000030-r00197-228	protein expression profiling by antibody array	1	WSG83024954_Olink_Explore_Detectability.npx.csv	ftp://ftp.pride.ebi.ac.uk/pride/data/archive/2026/02/PAD000030/WSG83024954_Olink_Explore_Detectability.npx.csv	Olink Target 96	Olink Target 96 Inflammation	NPX	layout_WSG	Intensity	Olink Target 96 Inflammation	Olink Target 96	intensity normalized	NT=affinity-proteomics;VV=v1.0.0	NT=human;VV=v1.1.0	NT=olink;VV=v1.0.0	v1.1.0	NT=sdrf-skills-autoresearch;VV=v0.0.0
PAD000030-153	Homo sapiens	Cerebrospinal fluid	not available	not available	not available	not available	not available	198	not applicable	cerebrospinal fluid	PAD000030-r00198-153	protein expression profiling by antibody array	1	WSG83024954_Olink_Explore_Detectability.npx.csv	ftp://ftp.pride.ebi.ac.uk/pride/data/archive/2026/02/PAD000030/WSG83024954_Olink_Explore_Detectability.npx.csv	Olink Target 96	Olink Target 96 Inflammation	NPX	layout_WSG	Intensity	Olink Target 96 Inflammation	Olink Target 96	intensity normalized	NT=affinity-proteomics;VV=v1.0.0	NT=human;VV=v1.1.0	NT=olink;VV=v1.0.0	v1.1.0	NT=sdrf-skills-autoresearch;VV=v0.0.0
PAD000030-92	Homo sapiens	Cerebrospinal fluid	not available	not available	not available	not available	not available	199	not applicable	cerebrospinal fluid	PAD000030-r00199-92	protein expression profiling by antibody array	1	WSG83024954_Olink_Explore_Detectability.npx.csv	ftp://ftp.pride.ebi.ac.uk/pride/data/archive/2026/02/PAD000030/WSG83024954_Olink_Explore_Detectability.npx.csv	Olink Target 96	Olink Target 96 Inflammation	NPX	layout_WSG	Intensity	Olink Target 96 Inflammation	Olink Target 96	intensity normalized	NT=affinity-proteomics;VV=v1.0.0	NT=human;VV=v1.1.0	NT=olink;VV=v1.0.0	v1.1.0	NT=sdrf-skills-autoresearch;VV=v0.0.0
PAD000030-157	Homo sapiens	Cerebrospinal fluid	not available	not available	not available	not available	not available	200	not applicable	cerebrospinal fluid	PAD000030-r00200-157	protein expression profiling by antibody array	1	WSG83024954_Olink_Explore_Detectability.npx.csv	ftp://ftp.pride.ebi.ac.uk/pride/data/archive/2026/02/PAD000030/WSG83024954_Olink_Explore_Detectability.npx.csv	Olink Target 96	Olink Target 96 Inflammation	NPX	layout_WSG	Intensity	Olink Target 96 Inflammation	Olink Target 96	intensity normalized	NT=affinity-proteomics;VV=v1.0.0	NT=human;VV=v1.1.0	NT=olink;VV=v1.0.0	v1.1.0	NT=sdrf-skills-autoresearch;VV=v0.0.0
PAD000030-243	Homo sapiens	Cerebrospinal fluid	not available	not available	not available	not available	not available	201	not applicable	cerebrospinal fluid	PAD000030-r00201-243	protein expression profiling by antibody array	1	WSG83024954_Olink_Explore_Detectability.npx.csv	ftp://ftp.pride.ebi.ac.uk/pride/data/archive/2026/02/PAD000030/WSG83024954_Olink_Explore_Detectability.npx.csv	Olink Target 96	Olink Target 96 Inflammation	NPX	layout_WSG	Intensity	Olink Target 96 Inflammation	Olink Target 96	intensity normalized	NT=affinity-proteomics;VV=v1.0.0	NT=human;VV=v1.1.0	NT=olink;VV=v1.0.0	v1.1.0	NT=sdrf-skills-autoresearch;VV=v0.0.0
PAD000030-207	Homo sapiens	Cerebrospinal fluid	not available	not available	not available	not available	not available	202	not applicable	cerebrospinal fluid	PAD000030-r00202-207	protein expression profiling by antibody array	1	WSG83024954_Olink_Explore_Detectability.npx.csv	ftp://ftp.pride.ebi.ac.uk/pride/data/archive/2026/02/PAD000030/WSG83024954_Olink_Explore_Detectability.npx.csv	Olink Target 96	Olink Target 96 Inflammation	NPX	layout_WSG	Intensity	Olink Target 96 Inflammation	Olink Target 96	intensity normalized	NT=affinity-proteomics;VV=v1.0.0	NT=human;VV=v1.1.0	NT=olink;VV=v1.0.0	v1.1.0	NT=sdrf-skills-autoresearch;VV=v0.0.0
PAD000030-15	Homo sapiens	Cerebrospinal fluid	not available	not available	not available	not available	not available	203	not applicable	cerebrospinal fluid	PAD000030-r00203-15	protein expression profiling by antibody array	1	WSG83024954_Olink_Explore_Detectability.npx.csv	ftp://ftp.pride.ebi.ac.uk/pride/data/archive/2026/02/PAD000030/WSG83024954_Olink_Explore_Detectability.npx.csv	Olink Target 96	Olink Target 96 Inflammation	NPX	layout_WSG	Intensity	Olink Target 96 Inflammation	Olink Target 96	intensity normalized	NT=affinity-proteomics;VV=v1.0.0	NT=human;VV=v1.1.0	NT=olink;VV=v1.0.0	v1.1.0	NT=sdrf-skills-autoresearch;VV=v0.0.0
PAD000030-277	Homo sapiens	Cerebrospinal fluid	not available	not available	not available	not available	not available	204	not applicable	cerebrospinal fluid	PAD000030-r00204-277	protein expression profiling by antibody array	1	WSG83024954_Olink_Explore_Detectability.npx.csv	ftp://ftp.pride.ebi.ac.uk/pride/data/archive/2026/02/PAD000030/WSG83024954_Olink_Explore_Detectability.npx.csv	Olink Target 96	Olink Target 96 Inflammation	NPX	layout_WSG	Intensity	Olink Target 96 Inflammation	Olink Target 96	intensity normalized	NT=affinity-proteomics;VV=v1.0.0	NT=human;VV=v1.1.0	NT=olink;VV=v1.0.0	v1.1.0	NT=sdrf-skills-autoresearch;VV=v0.0.0
PAD000030-29	Homo sapiens	Cerebrospinal fluid	not available	not available	not available	not available	not available	205	not applicable	cerebrospinal fluid	PAD000030-r00205-29	protein expression profiling by antibody array	1	WSG83024954_Olink_Explore_Detectability.npx.csv	ftp://ftp.pride.ebi.ac.uk/pride/data/archive/2026/02/PAD000030/WSG83024954_Olink_Explore_Detectability.npx.csv	Olink Target 96	Olink Target 96 Inflammation	NPX	layout_WSG	Intensity	Olink Target 96 Inflammation	Olink Target 96	intensity normalized	NT=affinity-proteomics;VV=v1.0.0	NT=human;VV=v1.1.0	NT=olink;VV=v1.0.0	v1.1.0	NT=sdrf-skills-autoresearch;VV=v0.0.0
PAD000030-172	Homo sapiens	Cerebrospinal fluid	not available	not available	not available	not available	not available	206	not applicable	cerebrospinal fluid	PAD000030-r00206-172	protein expression profiling by antibody array	1	WSG83024954_Olink_Explore_Detectability.npx.csv	ftp://ftp.pride.ebi.ac.uk/pride/data/archive/2026/02/PAD000030/WSG83024954_Olink_Explore_Detectability.npx.csv	Olink Target 96	Olink Target 96 Inflammation	NPX	layout_WSG	Intensity	Olink Target 96 Inflammation	Olink Target 96	intensity normalized	NT=affinity-proteomics;VV=v1.0.0	NT=human;VV=v1.1.0	NT=olink;VV=v1.0.0	v1.1.0	NT=sdrf-skills-autoresearch;VV=v0.0.0
PAD000030-164	Homo sapiens	Cerebrospinal fluid	not available	not available	not available	not available	not available	207	not applicable	cerebrospinal fluid	PAD000030-r00207-164	protein expression profiling by antibody array	1	WSG83024954_Olink_Explore_Detectability.npx.csv	ftp://ftp.pride.ebi.ac.uk/pride/data/archive/2026/02/PAD000030/WSG83024954_Olink_Explore_Detectability.npx.csv	Olink Target 96	Olink Target 96 Inflammation	NPX	layout_WSG	Intensity	Olink Target 96 Inflammation	Olink Target 96	intensity normalized	NT=affinity-proteomics;VV=v1.0.0	NT=human;VV=v1.1.0	NT=olink;VV=v1.0.0	v1.1.0	NT=sdrf-skills-autoresearch;VV=v0.0.0
PAD000030-1	Homo sapiens	Cerebrospinal fluid	not available	not available	not available	not available	not available	208	not applicable	cerebrospinal fluid	PAD000030-r00208-1	protein expression profiling by antibody array	1	WSG83024954_Olink_Explore_Detectability.npx.csv	ftp://ftp.pride.ebi.ac.uk/pride/data/archive/2026/02/PAD000030/WSG83024954_Olink_Explore_Detectability.npx.csv	Olink Target 96	Neurology	NPX	layout_WSG	Intensity	Neurology	Olink Target 96	intensity normalized	NT=affinity-proteomics;VV=v1.0.0	NT=human;VV=v1.1.0	NT=olink;VV=v1.0.0	v1.1.0	NT=sdrf-skills-autoresearch;VV=v0.0.0
PAD000030-50	Homo sapiens	Cerebrospinal fluid	not available	not available	not available	not available	not available	209	not applicable	cerebrospinal fluid	PAD000030-r00209-50	protein expression profiling by antibody array	1	WSG83024954_Olink_Explore_Detectability.npx.csv	ftp://ftp.pride.ebi.ac.uk/pride/data/archive/2026/02/PAD000030/WSG83024954_Olink_Explore_Detectability.npx.csv	Olink Target 96	Olink Target 96 Oncology	NPX	layout_WSG	Intensity	Olink Target 96 Oncology	Olink Target 96	intensity normalized	NT=affinity-proteomics;VV=v1.0.0	NT=human;VV=v1.1.0	NT=olink;VV=v1.0.0	v1.1.0	NT=sdrf-skills-autoresearch;VV=v0.0.0
PAD000030-2	Homo sapiens	Cerebrospinal fluid	not available	not available	not available	not available	not available	210	not applicable	cerebrospinal fluid	PAD000030-r00210-2	protein expression profiling by antibody array	1	WSG83024954_Olink_Explore_Detectability.npx.csv	ftp://ftp.pride.ebi.ac.uk/pride/data/archive/2026/02/PAD000030/WSG83024954_Olink_Explore_Detectability.npx.csv	Olink Target 96	Olink Target 96 Inflammation	NPX	layout_WSG	Intensity	Olink Target 96 Inflammation	Olink Target 96	intensity normalized	NT=affinity-proteomics;VV=v1.0.0	NT=human;VV=v1.1.0	NT=olink;VV=v1.0.0	v1.1.0	NT=sdrf-skills-autoresearch;VV=v0.0.0
PAD000030-253	Homo sapiens	Cerebrospinal fluid	not available	not available	not available	not available	not available	211	not applicable	cerebrospinal fluid	PAD000030-r00211-253	protein expression profiling by antibody array	1	WSG83024954_Olink_Explore_Detectability.npx.csv	ftp://ftp.pride.ebi.ac.uk/pride/data/archive/2026/02/PAD000030/WSG83024954_Olink_Explore_Detectability.npx.csv	Olink Target 96	Olink Target 96 Inflammation	NPX	layout_WSG	Intensity	Olink Target 96 Inflammation	Olink Target 96	intensity normalized	NT=affinity-proteomics;VV=v1.0.0	NT=human;VV=v1.1.0	NT=olink;VV=v1.0.0	v1.1.0	NT=sdrf-skills-autoresearch;VV=v0.0.0
PAD000030-284	Homo sapiens	Cerebrospinal fluid	not available	not available	not available	not available	not available	212	not applicable	cerebrospinal fluid	PAD000030-r00212-284	protein expression profiling by antibody array	1	WSG83024954_Olink_Explore_Detectability.npx.csv	ftp://ftp.pride.ebi.ac.uk/pride/data/archive/2026/02/PAD000030/WSG83024954_Olink_Explore_Detectability.npx.csv	Olink Target 96	Olink Target 96 Inflammation	NPX	layout_WSG	Intensity	Olink Target 96 Inflammation	Olink Target 96	intensity normalized	NT=affinity-proteomics;VV=v1.0.0	NT=human;VV=v1.1.0	NT=olink;VV=v1.0.0	v1.1.0	NT=sdrf-skills-autoresearch;VV=v0.0.0
PAD000030-197	Homo sapiens	Cerebrospinal fluid	not available	not available	not available	not available	not available	213	not applicable	cerebrospinal fluid	PAD000030-r00213-197	protein expression profiling by antibody array	1	WSG83024954_Olink_Explore_Detectability.npx.csv	ftp://ftp.pride.ebi.ac.uk/pride/data/archive/2026/02/PAD000030/WSG83024954_Olink_Explore_Detectability.npx.csv	Olink Target 96	Olink Target 96 Inflammation	NPX	layout_WSG	Intensity	Olink Target 96 Inflammation	Olink Target 96	intensity normalized	NT=affinity-proteomics;VV=v1.0.0	NT=human;VV=v1.1.0	NT=olink;VV=v1.0.0	v1.1.0	NT=sdrf-skills-autoresearch;VV=v0.0.0
PAD000030-223	Homo sapiens	Cerebrospinal fluid	not available	not available	not available	not available	not available	214	not applicable	cerebrospinal fluid	PAD000030-r00214-223	protein expression profiling by antibody array	1	WSG83024954_Olink_Explore_Detectability.npx.csv	ftp://ftp.pride.ebi.ac.uk/pride/data/archive/2026/02/PAD000030/WSG83024954_Olink_Explore_Detectability.npx.csv	Olink Target 96	Olink Target 96 Inflammation	NPX	layout_WSG	Intensity	Olink Target 96 Inflammation	Olink Target 96	intensity normalized	NT=affinity-proteomics;VV=v1.0.0	NT=human;VV=v1.1.0	NT=olink;VV=v1.0.0	v1.1.0	NT=sdrf-skills-autoresearch;VV=v0.0.0
PAD000030-261	Homo sapiens	Cerebrospinal fluid	not available	not available	not available	not available	not available	215	not applicable	cerebrospinal fluid	PAD000030-r00215-261	protein expression profiling by antibody array	1	WSG83024954_Olink_Explore_Detectability.npx.csv	ftp://ftp.pride.ebi.ac.uk/pride/data/archive/2026/02/PAD000030/WSG83024954_Olink_Explore_Detectability.npx.csv	Olink Target 96	Olink Target 96 Inflammation	NPX	layout_WSG	Intensity	Olink Target 96 Inflammation	Olink Target 96	intensity normalized	NT=affinity-proteomics;VV=v1.0.0	NT=human;VV=v1.1.0	NT=olink;VV=v1.0.0	v1.1.0	NT=sdrf-skills-autoresearch;VV=v0.0.0
PAD000030-215	Homo sapiens	Cerebrospinal fluid	not available	not available	not available	not available	not available	216	not applicable	cerebrospinal fluid	PAD000030-r00216-215	protein expression profiling by antibody array	1	WSG83024954_Olink_Explore_Detectability.npx.csv	ftp://ftp.pride.ebi.ac.uk/pride/data/archive/2026/02/PAD000030/WSG83024954_Olink_Explore_Detectability.npx.csv	Olink Target 96	Olink Target 96 Inflammation	NPX	layout_WSG	Intensity	Olink Target 96 Inflammation	Olink Target 96	intensity normalized	NT=affinity-proteomics;VV=v1.0.0	NT=human;VV=v1.1.0	NT=olink;VV=v1.0.0	v1.1.0	NT=sdrf-skills-autoresearch;VV=v0.0.0
PAD000030-113	Homo sapiens	Cerebrospinal fluid	not available	not available	not available	not available	not available	217	not applicable	cerebrospinal fluid	PAD000030-r00217-113	protein expression profiling by antibody array	1	WSG83024954_Olink_Explore_Detectability.npx.csv	ftp://ftp.pride.ebi.ac.uk/pride/data/archive/2026/02/PAD000030/WSG83024954_Olink_Explore_Detectability.npx.csv	Olink Target 96	Olink Target 96 Inflammation	NPX	layout_WSG	Intensity	Olink Target 96 Inflammation	Olink Target 96	intensity normalized	NT=affinity-proteomics;VV=v1.0.0	NT=human;VV=v1.1.0	NT=olink;VV=v1.0.0	v1.1.0	NT=sdrf-skills-autoresearch;VV=v0.0.0
PAD000030-100	Homo sapiens	Cerebrospinal fluid	not available	not available	not available	not available	not available	218	not applicable	cerebrospinal fluid	PAD000030-r00218-100	protein expression profiling by antibody array	1	WSG83024954_Olink_Explore_Detectability.npx.csv	ftp://ftp.pride.ebi.ac.uk/pride/data/archive/2026/02/PAD000030/WSG83024954_Olink_Explore_Detectability.npx.csv	Olink Target 96	Olink Target 96 Inflammation	NPX	layout_WSG	Intensity	Olink Target 96 Inflammation	Olink Target 96	intensity normalized	NT=affinity-proteomics;VV=v1.0.0	NT=human;VV=v1.1.0	NT=olink;VV=v1.0.0	v1.1.0	NT=sdrf-skills-autoresearch;VV=v0.0.0
PAD000030-87	Homo sapiens	Cerebrospinal fluid	not available	not available	not available	not available	not available	219	not applicable	cerebrospinal fluid	PAD000030-r00219-87	protein expression profiling by antibody array	1	WSG83024954_Olink_Explore_Detectability.npx.csv	ftp://ftp.pride.ebi.ac.uk/pride/data/archive/2026/02/PAD000030/WSG83024954_Olink_Explore_Detectability.npx.csv	Olink Target 96	Olink Target 96 Inflammation	NPX	layout_WSG	Intensity	Olink Target 96 Inflammation	Olink Target 96	intensity normalized	NT=affinity-proteomics;VV=v1.0.0	NT=human;VV=v1.1.0	NT=olink;VV=v1.0.0	v1.1.0	NT=sdrf-skills-autoresearch;VV=v0.0.0
PAD000030-187	Homo sapiens	Cerebrospinal fluid	not available	not available	not available	not available	not available	220	not applicable	cerebrospinal fluid	PAD000030-r00220-187	protein expression profiling by antibody array	1	WSG83024954_Olink_Explore_Detectability.npx.csv	ftp://ftp.pride.ebi.ac.uk/pride/data/archive/2026/02/PAD000030/WSG83024954_Olink_Explore_Detectability.npx.csv	Olink Target 96	Olink Target 96 Inflammation	NPX	layout_WSG	Intensity	Olink Target 96 Inflammation	Olink Target 96	intensity normalized	NT=affinity-proteomics;VV=v1.0.0	NT=human;VV=v1.1.0	NT=olink;VV=v1.0.0	v1.1.0	NT=sdrf-skills-autoresearch;VV=v0.0.0
PAD000030-203	Homo sapiens	Cerebrospinal fluid	not available	not available	not available	not available	not available	221	not applicable	cerebrospinal fluid	PAD000030-r00221-203	protein expression profiling by antibody array	1	WSG83024954_Olink_Explore_Detectability.npx.csv	ftp://ftp.pride.ebi.ac.uk/pride/data/archive/2026/02/PAD000030/WSG83024954_Olink_Explore_Detectability.npx.csv	Olink Target 96	Olink Target 96 Inflammation	NPX	layout_WSG	Intensity	Olink Target 96 Inflammation	Olink Target 96	intensity normalized	NT=affinity-proteomics;VV=v1.0.0	NT=human;VV=v1.1.0	NT=olink;VV=v1.0.0	v1.1.0	NT=sdrf-skills-autoresearch;VV=v0.0.0
PAD000030-242	Homo sapiens	Cerebrospinal fluid	not available	not available	not available	not available	not available	222	not applicable	cerebrospinal fluid	PAD000030-r00222-242	protein expression profiling by antibody array	1	WSG83024954_Olink_Explore_Detectability.npx.csv	ftp://ftp.pride.ebi.ac.uk/pride/data/archive/2026/02/PAD000030/WSG83024954_Olink_Explore_Detectability.npx.csv	Olink Target 96	Olink Target 96 Inflammation	NPX	layout_WSG	Intensity	Olink Target 96 Inflammation	Olink Target 96	intensity normalized	NT=affinity-proteomics;VV=v1.0.0	NT=human;VV=v1.1.0	NT=olink;VV=v1.0.0	v1.1.0	NT=sdrf-skills-autoresearch;VV=v0.0.0
PAD000030-76	Homo sapiens	Cerebrospinal fluid	not available	not available	not available	not available	not available	223	not applicable	cerebrospinal fluid	PAD000030-r00223-76	protein expression profiling by antibody array	1	WSG83024954_Olink_Explore_Detectability.npx.csv	ftp://ftp.pride.ebi.ac.uk/pride/data/archive/2026/02/PAD000030/WSG83024954_Olink_Explore_Detectability.npx.csv	Olink Target 96	Olink Target 96 Inflammation	NPX	layout_WSG	Intensity	Olink Target 96 Inflammation	Olink Target 96	intensity normalized	NT=affinity-proteomics;VV=v1.0.0	NT=human;VV=v1.1.0	NT=olink;VV=v1.0.0	v1.1.0	NT=sdrf-skills-autoresearch;VV=v0.0.0
PAD000030-126	Homo sapiens	Cerebrospinal fluid	not available	not available	not available	not available	not available	224	not applicable	cerebrospinal fluid	PAD000030-r00224-126	protein expression profiling by antibody array	1	WSG83024954_Olink_Explore_Detectability.npx.csv	ftp://ftp.pride.ebi.ac.uk/pride/data/archive/2026/02/PAD000030/WSG83024954_Olink_Explore_Detectability.npx.csv	Olink Target 96	Olink Target 96 Inflammation	NPX	layout_WSG	Intensity	Olink Target 96 Inflammation	Olink Target 96	intensity normalized	NT=affinity-proteomics;VV=v1.0.0	NT=human;VV=v1.1.0	NT=olink;VV=v1.0.0	v1.1.0	NT=sdrf-skills-autoresearch;VV=v0.0.0
PAD000030-70	Homo sapiens	Cerebrospinal fluid	not available	not available	not available	not available	not available	225	not applicable	cerebrospinal fluid	PAD000030-r00225-70	protein expression profiling by antibody array	1	WSG83024954_Olink_Explore_Detectability.npx.csv	ftp://ftp.pride.ebi.ac.uk/pride/data/archive/2026/02/PAD000030/WSG83024954_Olink_Explore_Detectability.npx.csv	Olink Target 96	Olink Target 96 Inflammation	NPX	layout_WSG	Intensity	Olink Target 96 Inflammation	Olink Target 96	intensity normalized	NT=affinity-proteomics;VV=v1.0.0	NT=human;VV=v1.1.0	NT=olink;VV=v1.0.0	v1.1.0	NT=sdrf-skills-autoresearch;VV=v0.0.0
PAD000030-251	Homo sapiens	Cerebrospinal fluid	not available	not available	not available	not available	not available	226	not applicable	cerebrospinal fluid	PAD000030-r00226-251	protein expression profiling by antibody array	1	WSG83024954_Olink_Explore_Detectability.npx.csv	ftp://ftp.pride.ebi.ac.uk/pride/data/archive/2026/02/PAD000030/WSG83024954_Olink_Explore_Detectability.npx.csv	Olink Target 96	Olink Target 96 Inflammation	NPX	layout_WSG	Intensity	Olink Target 96 Inflammation	Olink Target 96	intensity normalized	NT=affinity-proteomics;VV=v1.0.0	NT=human;VV=v1.1.0	NT=olink;VV=v1.0.0	v1.1.0	NT=sdrf-skills-autoresearch;VV=v0.0.0
PAD000030-259	Homo sapiens	Cerebrospinal fluid	not available	not available	not available	not available	not available	227	not applicable	cerebrospinal fluid	PAD000030-r00227-259	protein expression profiling by antibody array	1	WSG83024954_Olink_Explore_Detectability.npx.csv	ftp://ftp.pride.ebi.ac.uk/pride/data/archive/2026/02/PAD000030/WSG83024954_Olink_Explore_Detectability.npx.csv	Olink Target 96	Olink Target 96 Inflammation	NPX	layout_WSG	Intensity	Olink Target 96 Inflammation	Olink Target 96	intensity normalized	NT=affinity-proteomics;VV=v1.0.0	NT=human;VV=v1.1.0	NT=olink;VV=v1.0.0	v1.1.0	NT=sdrf-skills-autoresearch;VV=v0.0.0
PAD000030-82	Homo sapiens	Cerebrospinal fluid	not available	not available	not available	not available	not available	228	not applicable	cerebrospinal fluid	PAD000030-r00228-82	protein expression profiling by antibody array	1	WSG83024954_Olink_Explore_Detectability.npx.csv	ftp://ftp.pride.ebi.ac.uk/pride/data/archive/2026/02/PAD000030/WSG83024954_Olink_Explore_Detectability.npx.csv	Olink Target 96	Olink Target 96 Inflammation	NPX	layout_WSG	Intensity	Olink Target 96 Inflammation	Olink Target 96	intensity normalized	NT=affinity-proteomics;VV=v1.0.0	NT=human;VV=v1.1.0	NT=olink;VV=v1.0.0	v1.1.0	NT=sdrf-skills-autoresearch;VV=v0.0.0
PAD000030-84	Homo sapiens	Cerebrospinal fluid	not available	not available	not available	not available	not available	229	not applicable	cerebrospinal fluid	PAD000030-r00229-84	protein expression profiling by antibody array	1	WSG83024954_Olink_Explore_Detectability.npx.csv	ftp://ftp.pride.ebi.ac.uk/pride/data/archive/2026/02/PAD000030/WSG83024954_Olink_Explore_Detectability.npx.csv	Olink Target 96	Olink Target 96 Inflammation	NPX	layout_WSG	Intensity	Olink Target 96 Inflammation	Olink Target 96	intensity normalized	NT=affinity-proteomics;VV=v1.0.0	NT=human;VV=v1.1.0	NT=olink;VV=v1.0.0	v1.1.0	NT=sdrf-skills-autoresearch;VV=v0.0.0
PAD000030-200	Homo sapiens	Cerebrospinal fluid	not available	not available	not available	not available	not available	230	not applicable	cerebrospinal fluid	PAD000030-r00230-200	protein expression profiling by antibody array	1	WSG83024954_Olink_Explore_Detectability.npx.csv	ftp://ftp.pride.ebi.ac.uk/pride/data/archive/2026/02/PAD000030/WSG83024954_Olink_Explore_Detectability.npx.csv	Olink Target 96	Olink Target 96 Inflammation	NPX	layout_WSG	Intensity	Olink Target 96 Inflammation	Olink Target 96	intensity normalized	NT=affinity-proteomics;VV=v1.0.0	NT=human;VV=v1.1.0	NT=olink;VV=v1.0.0	v1.1.0	NT=sdrf-skills-autoresearch;VV=v0.0.0
PAD000030-201	Homo sapiens	Cerebrospinal fluid	not available	not available	not available	not available	not available	231	not applicable	cerebrospinal fluid	PAD000030-r00231-201	protein expression profiling by antibody array	1	WSG83024954_Olink_Explore_Detectability.npx.csv	ftp://ftp.pride.ebi.ac.uk/pride/data/archive/2026/02/PAD000030/WSG83024954_Olink_Explore_Detectability.npx.csv	Olink Target 96	Olink Target 96 Inflammation	NPX	layout_WSG	Intensity	Olink Target 96 Inflammation	Olink Target 96	intensity normalized	NT=affinity-proteomics;VV=v1.0.0	NT=human;VV=v1.1.0	NT=olink;VV=v1.0.0	v1.1.0	NT=sdrf-skills-autoresearch;VV=v0.0.0
PAD000030-26	Homo sapiens	Cerebrospinal fluid	not available	not available	not available	not available	not available	232	not applicable	cerebrospinal fluid	PAD000030-r00232-26	protein expression profiling by antibody array	1	WSG83024954_Olink_Explore_Detectability.npx.csv	ftp://ftp.pride.ebi.ac.uk/pride/data/archive/2026/02/PAD000030/WSG83024954_Olink_Explore_Detectability.npx.csv	Olink Target 96	Olink Target 96 Inflammation	NPX	layout_WSG	Intensity	Olink Target 96 Inflammation	Olink Target 96	intensity normalized	NT=affinity-proteomics;VV=v1.0.0	NT=human;VV=v1.1.0	NT=olink;VV=v1.0.0	v1.1.0	NT=sdrf-skills-autoresearch;VV=v0.0.0
PAD000030-37	Homo sapiens	Cerebrospinal fluid	not available	not available	not available	not available	not available	233	not applicable	cerebrospinal fluid	PAD000030-r00233-37	protein expression profiling by antibody array	1	WSG83024954_Olink_Explore_Detectability.npx.csv	ftp://ftp.pride.ebi.ac.uk/pride/data/archive/2026/02/PAD000030/WSG83024954_Olink_Explore_Detectability.npx.csv	Olink Target 96	Olink Target 96 Inflammation	NPX	layout_WSG	Intensity	Olink Target 96 Inflammation	Olink Target 96	intensity normalized	NT=affinity-proteomics;VV=v1.0.0	NT=human;VV=v1.1.0	NT=olink;VV=v1.0.0	v1.1.0	NT=sdrf-skills-autoresearch;VV=v0.0.0
PAD000030-273	Homo sapiens	Cerebrospinal fluid	not available	not available	not available	not available	not available	234	not applicable	cerebrospinal fluid	PAD000030-r00234-273	protein expression profiling by antibody array	1	WSG83024954_Olink_Explore_Detectability.npx.csv	ftp://ftp.pride.ebi.ac.uk/pride/data/archive/2026/02/PAD000030/WSG83024954_Olink_Explore_Detectability.npx.csv	Olink Target 96	Olink Target 96 Inflammation	NPX	layout_WSG	Intensity	Olink Target 96 Inflammation	Olink Target 96	intensity normalized	NT=affinity-proteomics;VV=v1.0.0	NT=human;VV=v1.1.0	NT=olink;VV=v1.0.0	v1.1.0	NT=sdrf-skills-autoresearch;VV=v0.0.0
PAD000030-24	Homo sapiens	Cerebrospinal fluid	not available	not available	not available	not available	not available	235	not applicable	cerebrospinal fluid	PAD000030-r00235-24	protein expression profiling by antibody array	1	WSG83024954_Olink_Explore_Detectability.npx.csv	ftp://ftp.pride.ebi.ac.uk/pride/data/archive/2026/02/PAD000030/WSG83024954_Olink_Explore_Detectability.npx.csv	Olink Target 96	Olink Target 96 Inflammation	NPX	layout_WSG	Intensity	Olink Target 96 Inflammation	Olink Target 96	intensity normalized	NT=affinity-proteomics;VV=v1.0.0	NT=human;VV=v1.1.0	NT=olink;VV=v1.0.0	v1.1.0	NT=sdrf-skills-autoresearch;VV=v0.0.0
PAD000030-307	Homo sapiens	Cerebrospinal fluid	not available	not available	not available	not available	not available	236	not applicable	cerebrospinal fluid	PAD000030-r00236-307	protein expression profiling by antibody array	1	WSG83024954_Olink_Explore_Detectability.npx.csv	ftp://ftp.pride.ebi.ac.uk/pride/data/archive/2026/02/PAD000030/WSG83024954_Olink_Explore_Detectability.npx.csv	Olink Target 96	Olink Target 96 Inflammation	NPX	layout_WSG	Intensity	Olink Target 96 Inflammation	Olink Target 96	intensity normalized	NT=affinity-proteomics;VV=v1.0.0	NT=human;VV=v1.1.0	NT=olink;VV=v1.0.0	v1.1.0	NT=sdrf-skills-autoresearch;VV=v0.0.0
PAD000030-303	Homo sapiens	Cerebrospinal fluid	not available	not available	not available	not available	not available	237	not applicable	cerebrospinal fluid	PAD000030-r00237-303	protein expression profiling by antibody array	1	WSG83024954_Olink_Explore_Detectability.npx.csv	ftp://ftp.pride.ebi.ac.uk/pride/data/archive/2026/02/PAD000030/WSG83024954_Olink_Explore_Detectability.npx.csv	Olink Target 96	Olink Target 96 Inflammation	NPX	layout_WSG	Intensity	Olink Target 96 Inflammation	Olink Target 96	intensity normalized	NT=affinity-proteomics;VV=v1.0.0	NT=human;VV=v1.1.0	NT=olink;VV=v1.0.0	v1.1.0	NT=sdrf-skills-autoresearch;VV=v0.0.0
PAD000030-263	Homo sapiens	Cerebrospinal fluid	not available	not available	not available	not available	not available	238	not applicable	cerebrospinal fluid	PAD000030-r00238-263	protein expression profiling by antibody array	1	WSG83024954_Olink_Explore_Detectability.npx.csv	ftp://ftp.pride.ebi.ac.uk/pride/data/archive/2026/02/PAD000030/WSG83024954_Olink_Explore_Detectability.npx.csv	Olink Target 96	Olink Target 96 Inflammation	NPX	layout_WSG	Intensity	Olink Target 96 Inflammation	Olink Target 96	intensity normalized	NT=affinity-proteomics;VV=v1.0.0	NT=human;VV=v1.1.0	NT=olink;VV=v1.0.0	v1.1.0	NT=sdrf-skills-autoresearch;VV=v0.0.0
PAD000030-235	Homo sapiens	Cerebrospinal fluid	not available	not available	not available	not available	not available	239	not applicable	cerebrospinal fluid	PAD000030-r00239-235	protein expression profiling by antibody array	1	WSG83024954_Olink_Explore_Detectability.npx.csv	ftp://ftp.pride.ebi.ac.uk/pride/data/archive/2026/02/PAD000030/WSG83024954_Olink_Explore_Detectability.npx.csv	Olink Target 96	Olink Target 96 Inflammation	NPX	layout_WSG	Intensity	Olink Target 96 Inflammation	Olink Target 96	intensity normalized	NT=affinity-proteomics;VV=v1.0.0	NT=human;VV=v1.1.0	NT=olink;VV=v1.0.0	v1.1.0	NT=sdrf-skills-autoresearch;VV=v0.0.0
PAD000030-23	Homo sapiens	Cerebrospinal fluid	not available	not available	not available	not available	not available	240	not applicable	cerebrospinal fluid	PAD000030-r00240-23	protein expression profiling by antibody array	1	WSG83024954_Olink_Explore_Detectability.npx.csv	ftp://ftp.pride.ebi.ac.uk/pride/data/archive/2026/02/PAD000030/WSG83024954_Olink_Explore_Detectability.npx.csv	Olink Target 96	Olink Target 96 Inflammation	NPX	layout_WSG	Intensity	Olink Target 96 Inflammation	Olink Target 96	intensity normalized	NT=affinity-proteomics;VV=v1.0.0	NT=human;VV=v1.1.0	NT=olink;VV=v1.0.0	v1.1.0	NT=sdrf-skills-autoresearch;VV=v0.0.0
PAD000030-304	Homo sapiens	Cerebrospinal fluid	not available	not available	not available	not available	not available	241	not applicable	cerebrospinal fluid	PAD000030-r00241-304	protein expression profiling by antibody array	1	WSG83024954_Olink_Explore_Detectability.npx.csv	ftp://ftp.pride.ebi.ac.uk/pride/data/archive/2026/02/PAD000030/WSG83024954_Olink_Explore_Detectability.npx.csv	Olink Target 96	Olink Target 96 Inflammation	NPX	layout_WSG	Intensity	Olink Target 96 Inflammation	Olink Target 96	intensity normalized	NT=affinity-proteomics;VV=v1.0.0	NT=human;VV=v1.1.0	NT=olink;VV=v1.0.0	v1.1.0	NT=sdrf-skills-autoresearch;VV=v0.0.0
PAD000030-30	Homo sapiens	Cerebrospinal fluid	not available	not available	not available	not available	not available	242	not applicable	cerebrospinal fluid	PAD000030-r00242-30	protein expression profiling by antibody array	1	WSG83024954_Olink_Explore_Detectability.npx.csv	ftp://ftp.pride.ebi.ac.uk/pride/data/archive/2026/02/PAD000030/WSG83024954_Olink_Explore_Detectability.npx.csv	Olink Target 96	Olink Target 96 Inflammation	NPX	layout_WSG	Intensity	Olink Target 96 Inflammation	Olink Target 96	intensity normalized	NT=affinity-proteomics;VV=v1.0.0	NT=human;VV=v1.1.0	NT=olink;VV=v1.0.0	v1.1.0	NT=sdrf-skills-autoresearch;VV=v0.0.0
PAD000030-105	Homo sapiens	Cerebrospinal fluid	not available	not available	not available	not available	not available	243	not applicable	cerebrospinal fluid	PAD000030-r00243-105	protein expression profiling by antibody array	1	WSG83024954_Olink_Explore_Detectability.npx.csv	ftp://ftp.pride.ebi.ac.uk/pride/data/archive/2026/02/PAD000030/WSG83024954_Olink_Explore_Detectability.npx.csv	Olink Target 96	Olink Target 96 Inflammation	NPX	layout_WSG	Intensity	Olink Target 96 Inflammation	Olink Target 96	intensity normalized	NT=affinity-proteomics;VV=v1.0.0	NT=human;VV=v1.1.0	NT=olink;VV=v1.0.0	v1.1.0	NT=sdrf-skills-autoresearch;VV=v0.0.0
PAD000030-195	Homo sapiens	Cerebrospinal fluid	not available	not available	not available	not available	not available	244	not applicable	cerebrospinal fluid	PAD000030-r00244-195	protein expression profiling by antibody array	1	WSG83024954_Olink_Explore_Detectability.npx.csv	ftp://ftp.pride.ebi.ac.uk/pride/data/archive/2026/02/PAD000030/WSG83024954_Olink_Explore_Detectability.npx.csv	Olink Target 96	Olink Target 96 Inflammation	NPX	layout_WSG	Intensity	Olink Target 96 Inflammation	Olink Target 96	intensity normalized	NT=affinity-proteomics;VV=v1.0.0	NT=human;VV=v1.1.0	NT=olink;VV=v1.0.0	v1.1.0	NT=sdrf-skills-autoresearch;VV=v0.0.0
PAD000030-89	Homo sapiens	Cerebrospinal fluid	not available	not available	not available	not available	not available	245	not applicable	cerebrospinal fluid	PAD000030-r00245-89	protein expression profiling by antibody array	1	WSG83024954_Olink_Explore_Detectability.npx.csv	ftp://ftp.pride.ebi.ac.uk/pride/data/archive/2026/02/PAD000030/WSG83024954_Olink_Explore_Detectability.npx.csv	Olink Target 96	Olink Target 96 Inflammation	NPX	layout_WSG	Intensity	Olink Target 96 Inflammation	Olink Target 96	intensity normalized	NT=affinity-proteomics;VV=v1.0.0	NT=human;VV=v1.1.0	NT=olink;VV=v1.0.0	v1.1.0	NT=sdrf-skills-autoresearch;VV=v0.0.0
PAD000030-285	Homo sapiens	Cerebrospinal fluid	not available	not available	not available	not available	not available	246	not applicable	cerebrospinal fluid	PAD000030-r00246-285	protein expression profiling by antibody array	1	WSG83024954_Olink_Explore_Detectability.npx.csv	ftp://ftp.pride.ebi.ac.uk/pride/data/archive/2026/02/PAD000030/WSG83024954_Olink_Explore_Detectability.npx.csv	Olink Target 96	Olink Target 96 Inflammation	NPX	layout_WSG	Intensity	Olink Target 96 Inflammation	Olink Target 96	intensity normalized	NT=affinity-proteomics;VV=v1.0.0	NT=human;VV=v1.1.0	NT=olink;VV=v1.0.0	v1.1.0	NT=sdrf-skills-autoresearch;VV=v0.0.0
PAD000030-27	Homo sapiens	Cerebrospinal fluid	not available	not available	not available	not available	not available	247	not applicable	cerebrospinal fluid	PAD000030-r00247-27	protein expression profiling by antibody array	1	WSG83024954_Olink_Explore_Detectability.npx.csv	ftp://ftp.pride.ebi.ac.uk/pride/data/archive/2026/02/PAD000030/WSG83024954_Olink_Explore_Detectability.npx.csv	Olink Target 96	Olink Target 96 Inflammation	NPX	layout_WSG	Intensity	Olink Target 96 Inflammation	Olink Target 96	intensity normalized	NT=affinity-proteomics;VV=v1.0.0	NT=human;VV=v1.1.0	NT=olink;VV=v1.0.0	v1.1.0	NT=sdrf-skills-autoresearch;VV=v0.0.0
PAD000030-150	Homo sapiens	Cerebrospinal fluid	not available	not available	not available	not available	not available	248	not applicable	cerebrospinal fluid	PAD000030-r00248-150	protein expression profiling by antibody array	1	WSG83024954_Olink_Explore_Detectability.npx.csv	ftp://ftp.pride.ebi.ac.uk/pride/data/archive/2026/02/PAD000030/WSG83024954_Olink_Explore_Detectability.npx.csv	Olink Target 96	Olink Target 96 Inflammation	NPX	layout_WSG	Intensity	Olink Target 96 Inflammation	Olink Target 96	intensity normalized	NT=affinity-proteomics;VV=v1.0.0	NT=human;VV=v1.1.0	NT=olink;VV=v1.0.0	v1.1.0	NT=sdrf-skills-autoresearch;VV=v0.0.0
PAD000030-322	Homo sapiens	Cerebrospinal fluid	not available	not available	not available	not available	not available	249	not applicable	cerebrospinal fluid	PAD000030-r00249-322	protein expression profiling by antibody array	1	WSG83024954_Olink_Explore_Detectability.npx.csv	ftp://ftp.pride.ebi.ac.uk/pride/data/archive/2026/02/PAD000030/WSG83024954_Olink_Explore_Detectability.npx.csv	Olink Target 96	Olink Target 96 Inflammation	NPX	layout_WSG	Intensity	Olink Target 96 Inflammation	Olink Target 96	intensity normalized	NT=affinity-proteomics;VV=v1.0.0	NT=human;VV=v1.1.0	NT=olink;VV=v1.0.0	v1.1.0	NT=sdrf-skills-autoresearch;VV=v0.0.0
PAD000030-186	Homo sapiens	Cerebrospinal fluid	not available	not available	not available	not available	not available	250	not applicable	cerebrospinal fluid	PAD000030-r00250-186	protein expression profiling by antibody array	1	WSG83024954_Olink_Explore_Detectability.npx.csv	ftp://ftp.pride.ebi.ac.uk/pride/data/archive/2026/02/PAD000030/WSG83024954_Olink_Explore_Detectability.npx.csv	Olink Target 96	Olink Target 96 Inflammation	NPX	layout_WSG	Intensity	Olink Target 96 Inflammation	Olink Target 96	intensity normalized	NT=affinity-proteomics;VV=v1.0.0	NT=human;VV=v1.1.0	NT=olink;VV=v1.0.0	v1.1.0	NT=sdrf-skills-autoresearch;VV=v0.0.0
PAD000030-280	Homo sapiens	Cerebrospinal fluid	not available	not available	not available	not available	not available	251	not applicable	cerebrospinal fluid	PAD000030-r00251-280	protein expression profiling by antibody array	1	WSG83024954_Olink_Explore_Detectability.npx.csv	ftp://ftp.pride.ebi.ac.uk/pride/data/archive/2026/02/PAD000030/WSG83024954_Olink_Explore_Detectability.npx.csv	Olink Target 96	Olink Target 96 Inflammation	NPX	layout_WSG	Intensity	Olink Target 96 Inflammation	Olink Target 96	intensity normalized	NT=affinity-proteomics;VV=v1.0.0	NT=human;VV=v1.1.0	NT=olink;VV=v1.0.0	v1.1.0	NT=sdrf-skills-autoresearch;VV=v0.0.0
PAD000030-174	Homo sapiens	Cerebrospinal fluid	not available	not available	not available	not available	not available	252	not applicable	cerebrospinal fluid	PAD000030-r00252-174	protein expression profiling by antibody array	1	WSG83024954_Olink_Explore_Detectability.npx.csv	ftp://ftp.pride.ebi.ac.uk/pride/data/archive/2026/02/PAD000030/WSG83024954_Olink_Explore_Detectability.npx.csv	Olink Target 96	Olink Target 96 Inflammation	NPX	layout_WSG	Intensity	Olink Target 96 Inflammation	Olink Target 96	intensity normalized	NT=affinity-proteomics;VV=v1.0.0	NT=human;VV=v1.1.0	NT=olink;VV=v1.0.0	v1.1.0	NT=sdrf-skills-autoresearch;VV=v0.0.0
PAD000030-239	Homo sapiens	Cerebrospinal fluid	not available	not available	not available	not available	not available	253	not applicable	cerebrospinal fluid	PAD000030-r00253-239	protein expression profiling by antibody array	1	WSG83024954_Olink_Explore_Detectability.npx.csv	ftp://ftp.pride.ebi.ac.uk/pride/data/archive/2026/02/PAD000030/WSG83024954_Olink_Explore_Detectability.npx.csv	Olink Target 96	Olink Target 96 Inflammation	NPX	layout_WSG	Intensity	Olink Target 96 Inflammation	Olink Target 96	intensity normalized	NT=affinity-proteomics;VV=v1.0.0	NT=human;VV=v1.1.0	NT=olink;VV=v1.0.0	v1.1.0	NT=sdrf-skills-autoresearch;VV=v0.0.0
PAD000030-33	Homo sapiens	Cerebrospinal fluid	not available	not available	not available	not available	not available	254	not applicable	cerebrospinal fluid	PAD000030-r00254-33	protein expression profiling by antibody array	1	WSG83024954_Olink_Explore_Detectability.npx.csv	ftp://ftp.pride.ebi.ac.uk/pride/data/archive/2026/02/PAD000030/WSG83024954_Olink_Explore_Detectability.npx.csv	Olink Target 96	Olink Target 96 Inflammation	NPX	layout_WSG	Intensity	Olink Target 96 Inflammation	Olink Target 96	intensity normalized	NT=affinity-proteomics;VV=v1.0.0	NT=human;VV=v1.1.0	NT=olink;VV=v1.0.0	v1.1.0	NT=sdrf-skills-autoresearch;VV=v0.0.0
PAD000030-148	Homo sapiens	Cerebrospinal fluid	not available	not available	not available	not available	not available	255	not applicable	cerebrospinal fluid	PAD000030-r00255-148	protein expression profiling by antibody array	1	WSG83024954_Olink_Explore_Detectability.npx.csv	ftp://ftp.pride.ebi.ac.uk/pride/data/archive/2026/02/PAD000030/WSG83024954_Olink_Explore_Detectability.npx.csv	Olink Target 96	Olink Target 96 Inflammation	NPX	layout_WSG	Intensity	Olink Target 96 Inflammation	Olink Target 96	intensity normalized	NT=affinity-proteomics;VV=v1.0.0	NT=human;VV=v1.1.0	NT=olink;VV=v1.0.0	v1.1.0	NT=sdrf-skills-autoresearch;VV=v0.0.0
PAD000030-147	Homo sapiens	Cerebrospinal fluid	not available	not available	not available	not available	not available	256	not applicable	cerebrospinal fluid	PAD000030-r00256-147	protein expression profiling by antibody array	1	WSG83024954_Olink_Explore_Detectability.npx.csv	ftp://ftp.pride.ebi.ac.uk/pride/data/archive/2026/02/PAD000030/WSG83024954_Olink_Explore_Detectability.npx.csv	Olink Target 96	Olink Target 96 Inflammation	NPX	layout_WSG	Intensity	Olink Target 96 Inflammation	Olink Target 96	intensity normalized	NT=affinity-proteomics;VV=v1.0.0	NT=human;VV=v1.1.0	NT=olink;VV=v1.0.0	v1.1.0	NT=sdrf-skills-autoresearch;VV=v0.0.0
PAD000030-281	Homo sapiens	Cerebrospinal fluid	not available	not available	not available	not available	not available	257	not applicable	cerebrospinal fluid	PAD000030-r00257-281	protein expression profiling by antibody array	1	WSG83024954_Olink_Explore_Detectability.npx.csv	ftp://ftp.pride.ebi.ac.uk/pride/data/archive/2026/02/PAD000030/WSG83024954_Olink_Explore_Detectability.npx.csv	Olink Target 96	Olink Target 96 Inflammation	NPX	layout_WSG	Intensity	Olink Target 96 Inflammation	Olink Target 96	intensity normalized	NT=affinity-proteomics;VV=v1.0.0	NT=human;VV=v1.1.0	NT=olink;VV=v1.0.0	v1.1.0	NT=sdrf-skills-autoresearch;VV=v0.0.0
PAD000030-171	Homo sapiens	Cerebrospinal fluid	not available	not available	not available	not available	not available	258	not applicable	cerebrospinal fluid	PAD000030-r00258-171	protein expression profiling by antibody array	1	WSG83024954_Olink_Explore_Detectability.npx.csv	ftp://ftp.pride.ebi.ac.uk/pride/data/archive/2026/02/PAD000030/WSG83024954_Olink_Explore_Detectability.npx.csv	Olink Target 96	Olink Target 96 Inflammation	NPX	layout_WSG	Intensity	Olink Target 96 Inflammation	Olink Target 96	intensity normalized	NT=affinity-proteomics;VV=v1.0.0	NT=human;VV=v1.1.0	NT=olink;VV=v1.0.0	v1.1.0	NT=sdrf-skills-autoresearch;VV=v0.0.0
PAD000030-328	Homo sapiens	Cerebrospinal fluid	not available	not available	not available	not available	not available	259	not applicable	cerebrospinal fluid	PAD000030-r00259-328	protein expression profiling by antibody array	1	WSG83024954_Olink_Explore_Detectability.npx.csv	ftp://ftp.pride.ebi.ac.uk/pride/data/archive/2026/02/PAD000030/WSG83024954_Olink_Explore_Detectability.npx.csv	Olink Target 96	Olink Target 96 Inflammation	NPX	layout_WSG	Intensity	Olink Target 96 Inflammation	Olink Target 96	intensity normalized	NT=affinity-proteomics;VV=v1.0.0	NT=human;VV=v1.1.0	NT=olink;VV=v1.0.0	v1.1.0	NT=sdrf-skills-autoresearch;VV=v0.0.0
PAD000030-190	Homo sapiens	Cerebrospinal fluid	not available	not available	not available	not available	not available	260	not applicable	cerebrospinal fluid	PAD000030-r00260-190	protein expression profiling by antibody array	1	WSG83024954_Olink_Explore_Detectability.npx.csv	ftp://ftp.pride.ebi.ac.uk/pride/data/archive/2026/02/PAD000030/WSG83024954_Olink_Explore_Detectability.npx.csv	Olink Target 96	Olink Target 96 Inflammation	NPX	layout_WSG	Intensity	Olink Target 96 Inflammation	Olink Target 96	intensity normalized	NT=affinity-proteomics;VV=v1.0.0	NT=human;VV=v1.1.0	NT=olink;VV=v1.0.0	v1.1.0	NT=sdrf-skills-autoresearch;VV=v0.0.0
PAD000030-178	Homo sapiens	Cerebrospinal fluid	not available	not available	not available	not available	not available	261	not applicable	cerebrospinal fluid	PAD000030-r00261-178	protein expression profiling by antibody array	1	WSG83024954_Olink_Explore_Detectability.npx.csv	ftp://ftp.pride.ebi.ac.uk/pride/data/archive/2026/02/PAD000030/WSG83024954_Olink_Explore_Detectability.npx.csv	Olink Target 96	Olink Target 96 Inflammation	NPX	layout_WSG	Intensity	Olink Target 96 Inflammation	Olink Target 96	intensity normalized	NT=affinity-proteomics;VV=v1.0.0	NT=human;VV=v1.1.0	NT=olink;VV=v1.0.0	v1.1.0	NT=sdrf-skills-autoresearch;VV=v0.0.0
PAD000030-212	Homo sapiens	Cerebrospinal fluid	not available	not available	not available	not available	not available	262	not applicable	cerebrospinal fluid	PAD000030-r00262-212	protein expression profiling by antibody array	1	WSG83024954_Olink_Explore_Detectability.npx.csv	ftp://ftp.pride.ebi.ac.uk/pride/data/archive/2026/02/PAD000030/WSG83024954_Olink_Explore_Detectability.npx.csv	Olink Target 96	Olink Target 96 Inflammation	NPX	layout_WSG	Intensity	Olink Target 96 Inflammation	Olink Target 96	intensity normalized	NT=affinity-proteomics;VV=v1.0.0	NT=human;VV=v1.1.0	NT=olink;VV=v1.0.0	v1.1.0	NT=sdrf-skills-autoresearch;VV=v0.0.0
PAD000030-264	Homo sapiens	Cerebrospinal fluid	not available	not available	not available	not available	not available	263	not applicable	cerebrospinal fluid	PAD000030-r00263-264	protein expression profiling by antibody array	1	WSG83024954_Olink_Explore_Detectability.npx.csv	ftp://ftp.pride.ebi.ac.uk/pride/data/archive/2026/02/PAD000030/WSG83024954_Olink_Explore_Detectability.npx.csv	Olink Target 96	Olink Target 96 Inflammation	NPX	layout_WSG	Intensity	Olink Target 96 Inflammation	Olink Target 96	intensity normalized	NT=affinity-proteomics;VV=v1.0.0	NT=human;VV=v1.1.0	NT=olink;VV=v1.0.0	v1.1.0	NT=sdrf-skills-autoresearch;VV=v0.0.0
PAD000030-73	Homo sapiens	Cerebrospinal fluid	not available	not available	not available	not available	not available	264	not applicable	cerebrospinal fluid	PAD000030-r00264-73	protein expression profiling by antibody array	1	WSG83024954_Olink_Explore_Detectability.npx.csv	ftp://ftp.pride.ebi.ac.uk/pride/data/archive/2026/02/PAD000030/WSG83024954_Olink_Explore_Detectability.npx.csv	Olink Target 96	Olink Target 96 Inflammation	NPX	layout_WSG	Intensity	Olink Target 96 Inflammation	Olink Target 96	intensity normalized	NT=affinity-proteomics;VV=v1.0.0	NT=human;VV=v1.1.0	NT=olink;VV=v1.0.0	v1.1.0	NT=sdrf-skills-autoresearch;VV=v0.0.0
PAD000030-188	Homo sapiens	Cerebrospinal fluid	not available	not available	not available	not available	not available	265	not applicable	cerebrospinal fluid	PAD000030-r00265-188	protein expression profiling by antibody array	1	WSG83024954_Olink_Explore_Detectability.npx.csv	ftp://ftp.pride.ebi.ac.uk/pride/data/archive/2026/02/PAD000030/WSG83024954_Olink_Explore_Detectability.npx.csv	Olink Target 96	Olink Target 96 Inflammation	NPX	layout_WSG	Intensity	Olink Target 96 Inflammation	Olink Target 96	intensity normalized	NT=affinity-proteomics;VV=v1.0.0	NT=human;VV=v1.1.0	NT=olink;VV=v1.0.0	v1.1.0	NT=sdrf-skills-autoresearch;VV=v0.0.0
PAD000030-146	Homo sapiens	Cerebrospinal fluid	not available	not available	not available	not available	not available	266	not applicable	cerebrospinal fluid	PAD000030-r00266-146	protein expression profiling by antibody array	1	WSG83024954_Olink_Explore_Detectability.npx.csv	ftp://ftp.pride.ebi.ac.uk/pride/data/archive/2026/02/PAD000030/WSG83024954_Olink_Explore_Detectability.npx.csv	Olink Target 96	Olink Target 96 Inflammation	NPX	layout_WSG	Intensity	Olink Target 96 Inflammation	Olink Target 96	intensity normalized	NT=affinity-proteomics;VV=v1.0.0	NT=human;VV=v1.1.0	NT=olink;VV=v1.0.0	v1.1.0	NT=sdrf-skills-autoresearch;VV=v0.0.0
PAD000030-142	Homo sapiens	Cerebrospinal fluid	not available	not available	not available	not available	not available	267	not applicable	cerebrospinal fluid	PAD000030-r00267-142	protein expression profiling by antibody array	1	WSG83024954_Olink_Explore_Detectability.npx.csv	ftp://ftp.pride.ebi.ac.uk/pride/data/archive/2026/02/PAD000030/WSG83024954_Olink_Explore_Detectability.npx.csv	Olink Target 96	Olink Target 96 Inflammation	NPX	layout_WSG	Intensity	Olink Target 96 Inflammation	Olink Target 96	intensity normalized	NT=affinity-proteomics;VV=v1.0.0	NT=human;VV=v1.1.0	NT=olink;VV=v1.0.0	v1.1.0	NT=sdrf-skills-autoresearch;VV=v0.0.0
PAD000030-140	Homo sapiens	Cerebrospinal fluid	not available	not available	not available	not available	not available	268	not applicable	cerebrospinal fluid	PAD000030-r00268-140	protein expression profiling by antibody array	1	WSG83024954_Olink_Explore_Detectability.npx.csv	ftp://ftp.pride.ebi.ac.uk/pride/data/archive/2026/02/PAD000030/WSG83024954_Olink_Explore_Detectability.npx.csv	Olink Target 96	Olink Target 96 Inflammation	NPX	layout_WSG	Intensity	Olink Target 96 Inflammation	Olink Target 96	intensity normalized	NT=affinity-proteomics;VV=v1.0.0	NT=human;VV=v1.1.0	NT=olink;VV=v1.0.0	v1.1.0	NT=sdrf-skills-autoresearch;VV=v0.0.0
PAD000030-252	Homo sapiens	Cerebrospinal fluid	not available	not available	not available	not available	not available	269	not applicable	cerebrospinal fluid	PAD000030-r00269-252	protein expression profiling by antibody array	1	WSG83024954_Olink_Explore_Detectability.npx.csv	ftp://ftp.pride.ebi.ac.uk/pride/data/archive/2026/02/PAD000030/WSG83024954_Olink_Explore_Detectability.npx.csv	Olink Target 96	Olink Target 96 Inflammation	NPX	layout_WSG	Intensity	Olink Target 96 Inflammation	Olink Target 96	intensity normalized	NT=affinity-proteomics;VV=v1.0.0	NT=human;VV=v1.1.0	NT=olink;VV=v1.0.0	v1.1.0	NT=sdrf-skills-autoresearch;VV=v0.0.0
PAD000030-129	Homo sapiens	Cerebrospinal fluid	not available	not available	not available	not available	not available	270	not applicable	cerebrospinal fluid	PAD000030-r00270-129	protein expression profiling by antibody array	1	WSG83024954_Olink_Explore_Detectability.npx.csv	ftp://ftp.pride.ebi.ac.uk/pride/data/archive/2026/02/PAD000030/WSG83024954_Olink_Explore_Detectability.npx.csv	Olink Target 96	Olink Target 96 Inflammation	NPX	layout_WSG	Intensity	Olink Target 96 Inflammation	Olink Target 96	intensity normalized	NT=affinity-proteomics;VV=v1.0.0	NT=human;VV=v1.1.0	NT=olink;VV=v1.0.0	v1.1.0	NT=sdrf-skills-autoresearch;VV=v0.0.0
PAD000030-219	Homo sapiens	Cerebrospinal fluid	not available	not available	not available	not available	not available	271	not applicable	cerebrospinal fluid	PAD000030-r00271-219	protein expression profiling by antibody array	1	WSG83024954_Olink_Explore_Detectability.npx.csv	ftp://ftp.pride.ebi.ac.uk/pride/data/archive/2026/02/PAD000030/WSG83024954_Olink_Explore_Detectability.npx.csv	Olink Target 96	Olink Target 96 Inflammation	NPX	layout_WSG	Intensity	Olink Target 96 Inflammation	Olink Target 96	intensity normalized	NT=affinity-proteomics;VV=v1.0.0	NT=human;VV=v1.1.0	NT=olink;VV=v1.0.0	v1.1.0	NT=sdrf-skills-autoresearch;VV=v0.0.0
PAD000030-269	Homo sapiens	Cerebrospinal fluid	not available	not available	not available	not available	not available	272	not applicable	cerebrospinal fluid	PAD000030-r00272-269	protein expression profiling by antibody array	1	WSG83024954_Olink_Explore_Detectability.npx.csv	ftp://ftp.pride.ebi.ac.uk/pride/data/archive/2026/02/PAD000030/WSG83024954_Olink_Explore_Detectability.npx.csv	Olink Target 96	Olink Target 96 Inflammation	NPX	layout_WSG	Intensity	Olink Target 96 Inflammation	Olink Target 96	intensity normalized	NT=affinity-proteomics;VV=v1.0.0	NT=human;VV=v1.1.0	NT=olink;VV=v1.0.0	v1.1.0	NT=sdrf-skills-autoresearch;VV=v0.0.0
PAD000030-177	Homo sapiens	Cerebrospinal fluid	not available	not available	not available	not available	not available	273	not applicable	cerebrospinal fluid	PAD000030-r00273-177	protein expression profiling by antibody array	1	WSG83024954_Olink_Explore_Detectability.npx.csv	ftp://ftp.pride.ebi.ac.uk/pride/data/archive/2026/02/PAD000030/WSG83024954_Olink_Explore_Detectability.npx.csv	Olink Target 96	Olink Target 96 Inflammation	NPX	layout_WSG	Intensity	Olink Target 96 Inflammation	Olink Target 96	intensity normalized	NT=affinity-proteomics;VV=v1.0.0	NT=human;VV=v1.1.0	NT=olink;VV=v1.0.0	v1.1.0	NT=sdrf-skills-autoresearch;VV=v0.0.0
PAD000030-309	Homo sapiens	Cerebrospinal fluid	not available	not available	not available	not available	not available	274	not applicable	cerebrospinal fluid	PAD000030-r00274-309	protein expression profiling by antibody array	1	WSG83024954_Olink_Explore_Detectability.npx.csv	ftp://ftp.pride.ebi.ac.uk/pride/data/archive/2026/02/PAD000030/WSG83024954_Olink_Explore_Detectability.npx.csv	Olink Target 96	Olink Target 96 Inflammation	NPX	layout_WSG	Intensity	Olink Target 96 Inflammation	Olink Target 96	intensity normalized	NT=affinity-proteomics;VV=v1.0.0	NT=human;VV=v1.1.0	NT=olink;VV=v1.0.0	v1.1.0	NT=sdrf-skills-autoresearch;VV=v0.0.0
PAD000030-234	Homo sapiens	Cerebrospinal fluid	not available	not available	not available	not available	not available	275	not applicable	cerebrospinal fluid	PAD000030-r00275-234	protein expression profiling by antibody array	1	WSG83024954_Olink_Explore_Detectability.npx.csv	ftp://ftp.pride.ebi.ac.uk/pride/data/archive/2026/02/PAD000030/WSG83024954_Olink_Explore_Detectability.npx.csv	Olink Target 96	Olink Target 96 Inflammation	NPX	layout_WSG	Intensity	Olink Target 96 Inflammation	Olink Target 96	intensity normalized	NT=affinity-proteomics;VV=v1.0.0	NT=human;VV=v1.1.0	NT=olink;VV=v1.0.0	v1.1.0	NT=sdrf-skills-autoresearch;VV=v0.0.0
PAD000030-244	Homo sapiens	Cerebrospinal fluid	not available	not available	not available	not available	not available	276	not applicable	cerebrospinal fluid	PAD000030-r00276-244	protein expression profiling by antibody array	1	WSG83024954_Olink_Explore_Detectability.npx.csv	ftp://ftp.pride.ebi.ac.uk/pride/data/archive/2026/02/PAD000030/WSG83024954_Olink_Explore_Detectability.npx.csv	Olink Target 96	Olink Target 96 Inflammation	NPX	layout_WSG	Intensity	Olink Target 96 Inflammation	Olink Target 96	intensity normalized	NT=affinity-proteomics;VV=v1.0.0	NT=human;VV=v1.1.0	NT=olink;VV=v1.0.0	v1.1.0	NT=sdrf-skills-autoresearch;VV=v0.0.0
PAD000030-109	Homo sapiens	Cerebrospinal fluid	not available	not available	not available	not available	not available	277	not applicable	cerebrospinal fluid	PAD000030-r00277-109	protein expression profiling by antibody array	1	WSG83024954_Olink_Explore_Detectability.npx.csv	ftp://ftp.pride.ebi.ac.uk/pride/data/archive/2026/02/PAD000030/WSG83024954_Olink_Explore_Detectability.npx.csv	Olink Target 96	Olink Target 96 Inflammation	NPX	layout_WSG	Intensity	Olink Target 96 Inflammation	Olink Target 96	intensity normalized	NT=affinity-proteomics;VV=v1.0.0	NT=human;VV=v1.1.0	NT=olink;VV=v1.0.0	v1.1.0	NT=sdrf-skills-autoresearch;VV=v0.0.0
PAD000030-257	Homo sapiens	Cerebrospinal fluid	not available	not available	not available	not available	not available	278	not applicable	cerebrospinal fluid	PAD000030-r00278-257	protein expression profiling by antibody array	1	WSG83024954_Olink_Explore_Detectability.npx.csv	ftp://ftp.pride.ebi.ac.uk/pride/data/archive/2026/02/PAD000030/WSG83024954_Olink_Explore_Detectability.npx.csv	Olink Target 96	Olink Target 96 Inflammation	NPX	layout_WSG	Intensity	Olink Target 96 Inflammation	Olink Target 96	intensity normalized	NT=affinity-proteomics;VV=v1.0.0	NT=human;VV=v1.1.0	NT=olink;VV=v1.0.0	v1.1.0	NT=sdrf-skills-autoresearch;VV=v0.0.0
PAD000030-80	Homo sapiens	Cerebrospinal fluid	not available	not available	not available	not available	not available	279	not applicable	cerebrospinal fluid	PAD000030-r00279-80	protein expression profiling by antibody array	1	WSG83024954_Olink_Explore_Detectability.npx.csv	ftp://ftp.pride.ebi.ac.uk/pride/data/archive/2026/02/PAD000030/WSG83024954_Olink_Explore_Detectability.npx.csv	Olink Target 96	Olink Target 96 Inflammation	NPX	layout_WSG	Intensity	Olink Target 96 Inflammation	Olink Target 96	intensity normalized	NT=affinity-proteomics;VV=v1.0.0	NT=human;VV=v1.1.0	NT=olink;VV=v1.0.0	v1.1.0	NT=sdrf-skills-autoresearch;VV=v0.0.0
PAD000030-196	Homo sapiens	Cerebrospinal fluid	not available	not available	not available	not available	not available	280	not applicable	cerebrospinal fluid	PAD000030-r00280-196	protein expression profiling by antibody array	1	WSG83024954_Olink_Explore_Detectability.npx.csv	ftp://ftp.pride.ebi.ac.uk/pride/data/archive/2026/02/PAD000030/WSG83024954_Olink_Explore_Detectability.npx.csv	Olink Target 96	Olink Target 96 Inflammation	NPX	layout_WSG	Intensity	Olink Target 96 Inflammation	Olink Target 96	intensity normalized	NT=affinity-proteomics;VV=v1.0.0	NT=human;VV=v1.1.0	NT=olink;VV=v1.0.0	v1.1.0	NT=sdrf-skills-autoresearch;VV=v0.0.0
PAD000030-208	Homo sapiens	Cerebrospinal fluid	not available	not available	not available	not available	not available	281	not applicable	cerebrospinal fluid	PAD000030-r00281-208	protein expression profiling by antibody array	1	WSG83024954_Olink_Explore_Detectability.npx.csv	ftp://ftp.pride.ebi.ac.uk/pride/data/archive/2026/02/PAD000030/WSG83024954_Olink_Explore_Detectability.npx.csv	Olink Target 96	Olink Target 96 Inflammation	NPX	layout_WSG	Intensity	Olink Target 96 Inflammation	Olink Target 96	intensity normalized	NT=affinity-proteomics;VV=v1.0.0	NT=human;VV=v1.1.0	NT=olink;VV=v1.0.0	v1.1.0	NT=sdrf-skills-autoresearch;VV=v0.0.0
PAD000030-168	Homo sapiens	Cerebrospinal fluid	not available	not available	not available	not available	not available	282	not applicable	cerebrospinal fluid	PAD000030-r00282-168	protein expression profiling by antibody array	1	WSG83024954_Olink_Explore_Detectability.npx.csv	ftp://ftp.pride.ebi.ac.uk/pride/data/archive/2026/02/PAD000030/WSG83024954_Olink_Explore_Detectability.npx.csv	Olink Target 96	Olink Target 96 Inflammation	NPX	layout_WSG	Intensity	Olink Target 96 Inflammation	Olink Target 96	intensity normalized	NT=affinity-proteomics;VV=v1.0.0	NT=human;VV=v1.1.0	NT=olink;VV=v1.0.0	v1.1.0	NT=sdrf-skills-autoresearch;VV=v0.0.0
PAD000030-74	Homo sapiens	Cerebrospinal fluid	not available	not available	not available	not available	not available	283	not applicable	cerebrospinal fluid	PAD000030-r00283-74	protein expression profiling by antibody array	1	WSG83024954_Olink_Explore_Detectability.npx.csv	ftp://ftp.pride.ebi.ac.uk/pride/data/archive/2026/02/PAD000030/WSG83024954_Olink_Explore_Detectability.npx.csv	Olink Target 96	Olink Target 96 Inflammation	NPX	layout_WSG	Intensity	Olink Target 96 Inflammation	Olink Target 96	intensity normalized	NT=affinity-proteomics;VV=v1.0.0	NT=human;VV=v1.1.0	NT=olink;VV=v1.0.0	v1.1.0	NT=sdrf-skills-autoresearch;VV=v0.0.0
PAD000030-154	Homo sapiens	Cerebrospinal fluid	not available	not available	not available	not available	not available	284	not applicable	cerebrospinal fluid	PAD000030-r00284-154	protein expression profiling by antibody array	1	WSG83024954_Olink_Explore_Detectability.npx.csv	ftp://ftp.pride.ebi.ac.uk/pride/data/archive/2026/02/PAD000030/WSG83024954_Olink_Explore_Detectability.npx.csv	Olink Target 96	Olink Target 96 Inflammation	NPX	layout_WSG	Intensity	Olink Target 96 Inflammation	Olink Target 96	intensity normalized	NT=affinity-proteomics;VV=v1.0.0	NT=human;VV=v1.1.0	NT=olink;VV=v1.0.0	v1.1.0	NT=sdrf-skills-autoresearch;VV=v0.0.0
PAD000030-38	Homo sapiens	Cerebrospinal fluid	not available	not available	not available	not available	not available	285	not applicable	cerebrospinal fluid	PAD000030-r00285-38	protein expression profiling by antibody array	1	WSG83024954_Olink_Explore_Detectability.npx.csv	ftp://ftp.pride.ebi.ac.uk/pride/data/archive/2026/02/PAD000030/WSG83024954_Olink_Explore_Detectability.npx.csv	Olink Target 96	Olink Target 96 Inflammation	NPX	layout_WSG	Intensity	Olink Target 96 Inflammation	Olink Target 96	intensity normalized	NT=affinity-proteomics;VV=v1.0.0	NT=human;VV=v1.1.0	NT=olink;VV=v1.0.0	v1.1.0	NT=sdrf-skills-autoresearch;VV=v0.0.0
PAD000030-255	Homo sapiens	Cerebrospinal fluid	not available	not available	not available	not available	not available	286	not applicable	cerebrospinal fluid	PAD000030-r00286-255	protein expression profiling by antibody array	1	WSG83024954_Olink_Explore_Detectability.npx.csv	ftp://ftp.pride.ebi.ac.uk/pride/data/archive/2026/02/PAD000030/WSG83024954_Olink_Explore_Detectability.npx.csv	Olink Target 96	Olink Target 96 Inflammation	NPX	layout_WSG	Intensity	Olink Target 96 Inflammation	Olink Target 96	intensity normalized	NT=affinity-proteomics;VV=v1.0.0	NT=human;VV=v1.1.0	NT=olink;VV=v1.0.0	v1.1.0	NT=sdrf-skills-autoresearch;VV=v0.0.0
PAD000030-56	Homo sapiens	Cerebrospinal fluid	not available	not available	not available	not available	not available	287	not applicable	cerebrospinal fluid	PAD000030-r00287-56	protein expression profiling by antibody array	1	WSG83024954_Olink_Explore_Detectability.npx.csv	ftp://ftp.pride.ebi.ac.uk/pride/data/archive/2026/02/PAD000030/WSG83024954_Olink_Explore_Detectability.npx.csv	Olink Target 96	Olink Target 96 Inflammation	NPX	layout_WSG	Intensity	Olink Target 96 Inflammation	Olink Target 96	intensity normalized	NT=affinity-proteomics;VV=v1.0.0	NT=human;VV=v1.1.0	NT=olink;VV=v1.0.0	v1.1.0	NT=sdrf-skills-autoresearch;VV=v0.0.0
PAD000030-306	Homo sapiens	Cerebrospinal fluid	not available	not available	not available	not available	not available	288	not applicable	cerebrospinal fluid	PAD000030-r00288-306	protein expression profiling by antibody array	1	WSG83024954_Olink_Explore_Detectability.npx.csv	ftp://ftp.pride.ebi.ac.uk/pride/data/archive/2026/02/PAD000030/WSG83024954_Olink_Explore_Detectability.npx.csv	Olink Target 96	Olink Target 96 Inflammation	NPX	layout_WSG	Intensity	Olink Target 96 Inflammation	Olink Target 96	intensity normalized	NT=affinity-proteomics;VV=v1.0.0	NT=human;VV=v1.1.0	NT=olink;VV=v1.0.0	v1.1.0	NT=sdrf-skills-autoresearch;VV=v0.0.0
PAD000030-78	Homo sapiens	Cerebrospinal fluid	not available	not available	not available	not available	not available	289	not applicable	cerebrospinal fluid	PAD000030-r00289-78	protein expression profiling by antibody array	1	WSG83024954_Olink_Explore_Detectability.npx.csv	ftp://ftp.pride.ebi.ac.uk/pride/data/archive/2026/02/PAD000030/WSG83024954_Olink_Explore_Detectability.npx.csv	Olink Target 96	Olink Target 96 Inflammation	NPX	layout_WSG	Intensity	Olink Target 96 Inflammation	Olink Target 96	intensity normalized	NT=affinity-proteomics;VV=v1.0.0	NT=human;VV=v1.1.0	NT=olink;VV=v1.0.0	v1.1.0	NT=sdrf-skills-autoresearch;VV=v0.0.0
PAD000030-31	Homo sapiens	Cerebrospinal fluid	not available	not available	not available	not available	not available	290	not applicable	cerebrospinal fluid	PAD000030-r00290-31	protein expression profiling by antibody array	1	WSG83024954_Olink_Explore_Detectability.npx.csv	ftp://ftp.pride.ebi.ac.uk/pride/data/archive/2026/02/PAD000030/WSG83024954_Olink_Explore_Detectability.npx.csv	Olink Target 96	Olink Target 96 Inflammation	NPX	layout_WSG	Intensity	Olink Target 96 Inflammation	Olink Target 96	intensity normalized	NT=affinity-proteomics;VV=v1.0.0	NT=human;VV=v1.1.0	NT=olink;VV=v1.0.0	v1.1.0	NT=sdrf-skills-autoresearch;VV=v0.0.0
PAD000030-282	Homo sapiens	Cerebrospinal fluid	not available	not available	not available	not available	not available	291	not applicable	cerebrospinal fluid	PAD000030-r00291-282	protein expression profiling by antibody array	1	WSG83024954_Olink_Explore_Detectability.npx.csv	ftp://ftp.pride.ebi.ac.uk/pride/data/archive/2026/02/PAD000030/WSG83024954_Olink_Explore_Detectability.npx.csv	Olink Target 96	Olink Target 96 Inflammation	NPX	layout_WSG	Intensity	Olink Target 96 Inflammation	Olink Target 96	intensity normalized	NT=affinity-proteomics;VV=v1.0.0	NT=human;VV=v1.1.0	NT=olink;VV=v1.0.0	v1.1.0	NT=sdrf-skills-autoresearch;VV=v0.0.0
PAD000030-229	Homo sapiens	Cerebrospinal fluid	not available	not available	not available	not available	not available	292	not applicable	cerebrospinal fluid	PAD000030-r00292-229	protein expression profiling by antibody array	1	WSG83024954_Olink_Explore_Detectability.npx.csv	ftp://ftp.pride.ebi.ac.uk/pride/data/archive/2026/02/PAD000030/WSG83024954_Olink_Explore_Detectability.npx.csv	Olink Target 96	Olink Target 96 Inflammation	NPX	layout_WSG	Intensity	Olink Target 96 Inflammation	Olink Target 96	intensity normalized	NT=affinity-proteomics;VV=v1.0.0	NT=human;VV=v1.1.0	NT=olink;VV=v1.0.0	v1.1.0	NT=sdrf-skills-autoresearch;VV=v0.0.0
PAD000030-274	Homo sapiens	Cerebrospinal fluid	not available	not available	not available	not available	not available	293	not applicable	cerebrospinal fluid	PAD000030-r00293-274	protein expression profiling by antibody array	1	WSG83024954_Olink_Explore_Detectability.npx.csv	ftp://ftp.pride.ebi.ac.uk/pride/data/archive/2026/02/PAD000030/WSG83024954_Olink_Explore_Detectability.npx.csv	Olink Target 96	Olink Target 96 Inflammation	NPX	layout_WSG	Intensity	Olink Target 96 Inflammation	Olink Target 96	intensity normalized	NT=affinity-proteomics;VV=v1.0.0	NT=human;VV=v1.1.0	NT=olink;VV=v1.0.0	v1.1.0	NT=sdrf-skills-autoresearch;VV=v0.0.0
PAD000030-246	Homo sapiens	Cerebrospinal fluid	not available	not available	not available	not available	not available	294	not applicable	cerebrospinal fluid	PAD000030-r00294-246	protein expression profiling by antibody array	1	WSG83024954_Olink_Explore_Detectability.npx.csv	ftp://ftp.pride.ebi.ac.uk/pride/data/archive/2026/02/PAD000030/WSG83024954_Olink_Explore_Detectability.npx.csv	Olink Target 96	Olink Target 96 Inflammation	NPX	layout_WSG	Intensity	Olink Target 96 Inflammation	Olink Target 96	intensity normalized	NT=affinity-proteomics;VV=v1.0.0	NT=human;VV=v1.1.0	NT=olink;VV=v1.0.0	v1.1.0	NT=sdrf-skills-autoresearch;VV=v0.0.0
PAD000030-16	Homo sapiens	Cerebrospinal fluid	not available	not available	not available	not available	not available	295	not applicable	cerebrospinal fluid	PAD000030-r00295-16	protein expression profiling by antibody array	1	WSG83024954_Olink_Explore_Detectability.npx.csv	ftp://ftp.pride.ebi.ac.uk/pride/data/archive/2026/02/PAD000030/WSG83024954_Olink_Explore_Detectability.npx.csv	Olink Target 96	Olink Target 96 Inflammation	NPX	layout_WSG	Intensity	Olink Target 96 Inflammation	Olink Target 96	intensity normalized	NT=affinity-proteomics;VV=v1.0.0	NT=human;VV=v1.1.0	NT=olink;VV=v1.0.0	v1.1.0	NT=sdrf-skills-autoresearch;VV=v0.0.0
PAD000030-13	Homo sapiens	Cerebrospinal fluid	not available	not available	not available	not available	not available	296	not applicable	cerebrospinal fluid	PAD000030-r00296-13	protein expression profiling by antibody array	1	WSG83024954_Olink_Explore_Detectability.npx.csv	ftp://ftp.pride.ebi.ac.uk/pride/data/archive/2026/02/PAD000030/WSG83024954_Olink_Explore_Detectability.npx.csv	Olink Target 96	Olink Target 96 Inflammation	NPX	layout_WSG	Intensity	Olink Target 96 Inflammation	Olink Target 96	intensity normalized	NT=affinity-proteomics;VV=v1.0.0	NT=human;VV=v1.1.0	NT=olink;VV=v1.0.0	v1.1.0	NT=sdrf-skills-autoresearch;VV=v0.0.0
PAD000030-279	Homo sapiens	Cerebrospinal fluid	not available	not available	not available	not available	not available	297	not applicable	cerebrospinal fluid	PAD000030-r00297-279	protein expression profiling by antibody array	1	WSG83024954_Olink_Explore_Detectability.npx.csv	ftp://ftp.pride.ebi.ac.uk/pride/data/archive/2026/02/PAD000030/WSG83024954_Olink_Explore_Detectability.npx.csv	Olink Target 96	Olink Target 96 Inflammation	NPX	layout_WSG	Intensity	Olink Target 96 Inflammation	Olink Target 96	intensity normalized	NT=affinity-proteomics;VV=v1.0.0	NT=human;VV=v1.1.0	NT=olink;VV=v1.0.0	v1.1.0	NT=sdrf-skills-autoresearch;VV=v0.0.0
PAD000030-68	Homo sapiens	Cerebrospinal fluid	not available	not available	not available	not available	not available	298	not applicable	cerebrospinal fluid	PAD000030-r00298-68	protein expression profiling by antibody array	1	WSG83024954_Olink_Explore_Detectability.npx.csv	ftp://ftp.pride.ebi.ac.uk/pride/data/archive/2026/02/PAD000030/WSG83024954_Olink_Explore_Detectability.npx.csv	Olink Target 96	Olink Target 96 Inflammation	NPX	layout_WSG	Intensity	Olink Target 96 Inflammation	Olink Target 96	intensity normalized	NT=affinity-proteomics;VV=v1.0.0	NT=human;VV=v1.1.0	NT=olink;VV=v1.0.0	v1.1.0	NT=sdrf-skills-autoresearch;VV=v0.0.0
PAD000030-180	Homo sapiens	Cerebrospinal fluid	not available	not available	not available	not available	not available	299	not applicable	cerebrospinal fluid	PAD000030-r00299-180	protein expression profiling by antibody array	1	WSG83024954_Olink_Explore_Detectability.npx.csv	ftp://ftp.pride.ebi.ac.uk/pride/data/archive/2026/02/PAD000030/WSG83024954_Olink_Explore_Detectability.npx.csv	Olink Target 96	Olink Target 96 Inflammation	NPX	layout_WSG	Intensity	Olink Target 96 Inflammation	Olink Target 96	intensity normalized	NT=affinity-proteomics;VV=v1.0.0	NT=human;VV=v1.1.0	NT=olink;VV=v1.0.0	v1.1.0	NT=sdrf-skills-autoresearch;VV=v0.0.0
PAD000030-53	Homo sapiens	Cerebrospinal fluid	not available	not available	not available	not available	not available	300	not applicable	cerebrospinal fluid	PAD000030-r00300-53	protein expression profiling by antibody array	1	WSG83024954_Olink_Explore_Detectability.npx.csv	ftp://ftp.pride.ebi.ac.uk/pride/data/archive/2026/02/PAD000030/WSG83024954_Olink_Explore_Detectability.npx.csv	Olink Target 96	Neurology	NPX	layout_WSG	Intensity	Neurology	Olink Target 96	intensity normalized	NT=affinity-proteomics;VV=v1.0.0	NT=human;VV=v1.1.0	NT=olink;VV=v1.0.0	v1.1.0	NT=sdrf-skills-autoresearch;VV=v0.0.0
PAD000030-301	Homo sapiens	Cerebrospinal fluid	not available	not available	not available	not available	not available	301	not applicable	cerebrospinal fluid	PAD000030-r00301-301	protein expression profiling by antibody array	1	WSG83024954_Olink_Explore_Detectability.npx.csv	ftp://ftp.pride.ebi.ac.uk/pride/data/archive/2026/02/PAD000030/WSG83024954_Olink_Explore_Detectability.npx.csv	Olink Target 96	Olink Target 96 Inflammation	NPX	layout_WSG	Intensity	Olink Target 96 Inflammation	Olink Target 96	intensity normalized	NT=affinity-proteomics;VV=v1.0.0	NT=human;VV=v1.1.0	NT=olink;VV=v1.0.0	v1.1.0	NT=sdrf-skills-autoresearch;VV=v0.0.0
PAD000030-192	Homo sapiens	Cerebrospinal fluid	not available	not available	not available	not available	not available	302	not applicable	cerebrospinal fluid	PAD000030-r00302-192	protein expression profiling by antibody array	1	WSG83024954_Olink_Explore_Detectability.npx.csv	ftp://ftp.pride.ebi.ac.uk/pride/data/archive/2026/02/PAD000030/WSG83024954_Olink_Explore_Detectability.npx.csv	Olink Target 96	Olink Target 96 Inflammation	NPX	layout_WSG	Intensity	Olink Target 96 Inflammation	Olink Target 96	intensity normalized	NT=affinity-proteomics;VV=v1.0.0	NT=human;VV=v1.1.0	NT=olink;VV=v1.0.0	v1.1.0	NT=sdrf-skills-autoresearch;VV=v0.0.0
PAD000030-249	Homo sapiens	Cerebrospinal fluid	not available	not available	not available	not available	not available	303	not applicable	cerebrospinal fluid	PAD000030-r00303-249	protein expression profiling by antibody array	1	WSG83024954_Olink_Explore_Detectability.npx.csv	ftp://ftp.pride.ebi.ac.uk/pride/data/archive/2026/02/PAD000030/WSG83024954_Olink_Explore_Detectability.npx.csv	Olink Target 96	Olink Target 96 Inflammation	NPX	layout_WSG	Intensity	Olink Target 96 Inflammation	Olink Target 96	intensity normalized	NT=affinity-proteomics;VV=v1.0.0	NT=human;VV=v1.1.0	NT=olink;VV=v1.0.0	v1.1.0	NT=sdrf-skills-autoresearch;VV=v0.0.0
PAD000030-248	Homo sapiens	Cerebrospinal fluid	not available	not available	not available	not available	not available	304	not applicable	cerebrospinal fluid	PAD000030-r00304-248	protein expression profiling by antibody array	1	WSG83024954_Olink_Explore_Detectability.npx.csv	ftp://ftp.pride.ebi.ac.uk/pride/data/archive/2026/02/PAD000030/WSG83024954_Olink_Explore_Detectability.npx.csv	Olink Target 96	Olink Target 96 Inflammation	NPX	layout_WSG	Intensity	Olink Target 96 Inflammation	Olink Target 96	intensity normalized	NT=affinity-proteomics;VV=v1.0.0	NT=human;VV=v1.1.0	NT=olink;VV=v1.0.0	v1.1.0	NT=sdrf-skills-autoresearch;VV=v0.0.0
PAD000030-185	Homo sapiens	Cerebrospinal fluid	not available	not available	not available	not available	not available	305	not applicable	cerebrospinal fluid	PAD000030-r00305-185	protein expression profiling by antibody array	1	WSG83024954_Olink_Explore_Detectability.npx.csv	ftp://ftp.pride.ebi.ac.uk/pride/data/archive/2026/02/PAD000030/WSG83024954_Olink_Explore_Detectability.npx.csv	Olink Target 96	Olink Target 96 Inflammation	NPX	layout_WSG	Intensity	Olink Target 96 Inflammation	Olink Target 96	intensity normalized	NT=affinity-proteomics;VV=v1.0.0	NT=human;VV=v1.1.0	NT=olink;VV=v1.0.0	v1.1.0	NT=sdrf-skills-autoresearch;VV=v0.0.0
PAD000030-19	Homo sapiens	Cerebrospinal fluid	not available	not available	not available	not available	not available	306	not applicable	cerebrospinal fluid	PAD000030-r00306-19	protein expression profiling by antibody array	1	WSG83024954_Olink_Explore_Detectability.npx.csv	ftp://ftp.pride.ebi.ac.uk/pride/data/archive/2026/02/PAD000030/WSG83024954_Olink_Explore_Detectability.npx.csv	Olink Target 96	Olink Target 96 Inflammation	NPX	layout_WSG	Intensity	Olink Target 96 Inflammation	Olink Target 96	intensity normalized	NT=affinity-proteomics;VV=v1.0.0	NT=human;VV=v1.1.0	NT=olink;VV=v1.0.0	v1.1.0	NT=sdrf-skills-autoresearch;VV=v0.0.0
PAD000030-91	Homo sapiens	Cerebrospinal fluid	not available	not available	not available	not available	not available	307	not applicable	cerebrospinal fluid	PAD000030-r00307-91	protein expression profiling by antibody array	1	WSG83024954_Olink_Explore_Detectability.npx.csv	ftp://ftp.pride.ebi.ac.uk/pride/data/archive/2026/02/PAD000030/WSG83024954_Olink_Explore_Detectability.npx.csv	Olink Target 96	Olink Target 96 Inflammation	NPX	layout_WSG	Intensity	Olink Target 96 Inflammation	Olink Target 96	intensity normalized	NT=affinity-proteomics;VV=v1.0.0	NT=human;VV=v1.1.0	NT=olink;VV=v1.0.0	v1.1.0	NT=sdrf-skills-autoresearch;VV=v0.0.0
PAD000030-156	Homo sapiens	Cerebrospinal fluid	not available	not available	not available	not available	not available	308	not applicable	cerebrospinal fluid	PAD000030-r00308-156	protein expression profiling by antibody array	1	WSG83024954_Olink_Explore_Detectability.npx.csv	ftp://ftp.pride.ebi.ac.uk/pride/data/archive/2026/02/PAD000030/WSG83024954_Olink_Explore_Detectability.npx.csv	Olink Target 96	Olink Target 96 Inflammation	NPX	layout_WSG	Intensity	Olink Target 96 Inflammation	Olink Target 96	intensity normalized	NT=affinity-proteomics;VV=v1.0.0	NT=human;VV=v1.1.0	NT=olink;VV=v1.0.0	v1.1.0	NT=sdrf-skills-autoresearch;VV=v0.0.0
PAD000030-12	Homo sapiens	Cerebrospinal fluid	not available	not available	not available	not available	not available	309	not applicable	cerebrospinal fluid	PAD000030-r00309-12	protein expression profiling by antibody array	1	WSG83024954_Olink_Explore_Detectability.npx.csv	ftp://ftp.pride.ebi.ac.uk/pride/data/archive/2026/02/PAD000030/WSG83024954_Olink_Explore_Detectability.npx.csv	Olink Target 96	Olink Target 96 Inflammation	NPX	layout_WSG	Intensity	Olink Target 96 Inflammation	Olink Target 96	intensity normalized	NT=affinity-proteomics;VV=v1.0.0	NT=human;VV=v1.1.0	NT=olink;VV=v1.0.0	v1.1.0	NT=sdrf-skills-autoresearch;VV=v0.0.0
PAD000030-335	Homo sapiens	Cerebrospinal fluid	not available	not available	not available	not available	not available	310	not applicable	cerebrospinal fluid	PAD000030-r00310-335	protein expression profiling by antibody array	1	WSG83024954_Olink_Explore_Detectability.npx.csv	ftp://ftp.pride.ebi.ac.uk/pride/data/archive/2026/02/PAD000030/WSG83024954_Olink_Explore_Detectability.npx.csv	Olink Target 96	Olink Target 96 Inflammation	NPX	layout_WSG	Intensity	Olink Target 96 Inflammation	Olink Target 96	intensity normalized	NT=affinity-proteomics;VV=v1.0.0	NT=human;VV=v1.1.0	NT=olink;VV=v1.0.0	v1.1.0	NT=sdrf-skills-autoresearch;VV=v0.0.0
PAD000030-83	Homo sapiens	Cerebrospinal fluid	not available	not available	not available	not available	not available	311	not applicable	cerebrospinal fluid	PAD000030-r00311-83	protein expression profiling by antibody array	1	WSG83024954_Olink_Explore_Detectability.npx.csv	ftp://ftp.pride.ebi.ac.uk/pride/data/archive/2026/02/PAD000030/WSG83024954_Olink_Explore_Detectability.npx.csv	Olink Target 96	Olink Target 96 Inflammation	NPX	layout_WSG	Intensity	Olink Target 96 Inflammation	Olink Target 96	intensity normalized	NT=affinity-proteomics;VV=v1.0.0	NT=human;VV=v1.1.0	NT=olink;VV=v1.0.0	v1.1.0	NT=sdrf-skills-autoresearch;VV=v0.0.0
PAD000030-310	Homo sapiens	Cerebrospinal fluid	not available	not available	not available	not available	not available	312	not applicable	cerebrospinal fluid	PAD000030-r00312-310	protein expression profiling by antibody array	1	WSG83024954_Olink_Explore_Detectability.npx.csv	ftp://ftp.pride.ebi.ac.uk/pride/data/archive/2026/02/PAD000030/WSG83024954_Olink_Explore_Detectability.npx.csv	Olink Target 96	Olink Target 96 Inflammation	NPX	layout_WSG	Intensity	Olink Target 96 Inflammation	Olink Target 96	intensity normalized	NT=affinity-proteomics;VV=v1.0.0	NT=human;VV=v1.1.0	NT=olink;VV=v1.0.0	v1.1.0	NT=sdrf-skills-autoresearch;VV=v0.0.0
PAD000030-9	Homo sapiens	Cerebrospinal fluid	not available	not available	not available	not available	not available	313	not applicable	cerebrospinal fluid	PAD000030-r00313-9	protein expression profiling by antibody array	1	WSG83024954_Olink_Explore_Detectability.npx.csv	ftp://ftp.pride.ebi.ac.uk/pride/data/archive/2026/02/PAD000030/WSG83024954_Olink_Explore_Detectability.npx.csv	Olink Target 96	Olink Target 96 Inflammation	NPX	layout_WSG	Intensity	Olink Target 96 Inflammation	Olink Target 96	intensity normalized	NT=affinity-proteomics;VV=v1.0.0	NT=human;VV=v1.1.0	NT=olink;VV=v1.0.0	v1.1.0	NT=sdrf-skills-autoresearch;VV=v0.0.0
PAD000030-62	Homo sapiens	Cerebrospinal fluid	not available	not available	not available	not available	not available	314	not applicable	cerebrospinal fluid	PAD000030-r00314-62	protein expression profiling by antibody array	1	WSG83024954_Olink_Explore_Detectability.npx.csv	ftp://ftp.pride.ebi.ac.uk/pride/data/archive/2026/02/PAD000030/WSG83024954_Olink_Explore_Detectability.npx.csv	Olink Target 96	Olink Target 96 Inflammation	NPX	layout_WSG	Intensity	Olink Target 96 Inflammation	Olink Target 96	intensity normalized	NT=affinity-proteomics;VV=v1.0.0	NT=human;VV=v1.1.0	NT=olink;VV=v1.0.0	v1.1.0	NT=sdrf-skills-autoresearch;VV=v0.0.0
PAD000030-258	Homo sapiens	Cerebrospinal fluid	not available	not available	not available	not available	not available	315	not applicable	cerebrospinal fluid	PAD000030-r00315-258	protein expression profiling by antibody array	1	WSG83024954_Olink_Explore_Detectability.npx.csv	ftp://ftp.pride.ebi.ac.uk/pride/data/archive/2026/02/PAD000030/WSG83024954_Olink_Explore_Detectability.npx.csv	Olink Target 96	Olink Target 96 Inflammation	NPX	layout_WSG	Intensity	Olink Target 96 Inflammation	Olink Target 96	intensity normalized	NT=affinity-proteomics;VV=v1.0.0	NT=human;VV=v1.1.0	NT=olink;VV=v1.0.0	v1.1.0	NT=sdrf-skills-autoresearch;VV=v0.0.0
PAD000030-250	Homo sapiens	Cerebrospinal fluid	not available	not available	not available	not available	not available	316	not applicable	cerebrospinal fluid	PAD000030-r00316-250	protein expression profiling by antibody array	1	WSG83024954_Olink_Explore_Detectability.npx.csv	ftp://ftp.pride.ebi.ac.uk/pride/data/archive/2026/02/PAD000030/WSG83024954_Olink_Explore_Detectability.npx.csv	Olink Target 96	Olink Target 96 Inflammation	NPX	layout_WSG	Intensity	Olink Target 96 Inflammation	Olink Target 96	intensity normalized	NT=affinity-proteomics;VV=v1.0.0	NT=human;VV=v1.1.0	NT=olink;VV=v1.0.0	v1.1.0	NT=sdrf-skills-autoresearch;VV=v0.0.0
PAD000030-163	Homo sapiens	Cerebrospinal fluid	not available	not available	not available	not available	not available	317	not applicable	cerebrospinal fluid	PAD000030-r00317-163	protein expression profiling by antibody array	1	WSG83024954_Olink_Explore_Detectability.npx.csv	ftp://ftp.pride.ebi.ac.uk/pride/data/archive/2026/02/PAD000030/WSG83024954_Olink_Explore_Detectability.npx.csv	Olink Target 96	Olink Target 96 Inflammation	NPX	layout_WSG	Intensity	Olink Target 96 Inflammation	Olink Target 96	intensity normalized	NT=affinity-proteomics;VV=v1.0.0	NT=human;VV=v1.1.0	NT=olink;VV=v1.0.0	v1.1.0	NT=sdrf-skills-autoresearch;VV=v0.0.0
PAD000030-3	Homo sapiens	Cerebrospinal fluid	not available	not available	not available	not available	not available	318	not applicable	cerebrospinal fluid	PAD000030-r00318-3	protein expression profiling by antibody array	1	WSG83024954_Olink_Explore_Detectability.npx.csv	ftp://ftp.pride.ebi.ac.uk/pride/data/archive/2026/02/PAD000030/WSG83024954_Olink_Explore_Detectability.npx.csv	Olink Target 96	Neurology	NPX	layout_WSG	Intensity	Neurology	Olink Target 96	intensity normalized	NT=affinity-proteomics;VV=v1.0.0	NT=human;VV=v1.1.0	NT=olink;VV=v1.0.0	v1.1.0	NT=sdrf-skills-autoresearch;VV=v0.0.0
PAD000030-28	Homo sapiens	Cerebrospinal fluid	not available	not available	not available	not available	not available	319	not applicable	cerebrospinal fluid	PAD000030-r00319-28	protein expression profiling by antibody array	1	WSG83024954_Olink_Explore_Detectability.npx.csv	ftp://ftp.pride.ebi.ac.uk/pride/data/archive/2026/02/PAD000030/WSG83024954_Olink_Explore_Detectability.npx.csv	Olink Target 96	Olink Target 96 Inflammation	NPX	layout_WSG	Intensity	Olink Target 96 Inflammation	Olink Target 96	intensity normalized	NT=affinity-proteomics;VV=v1.0.0	NT=human;VV=v1.1.0	NT=olink;VV=v1.0.0	v1.1.0	NT=sdrf-skills-autoresearch;VV=v0.0.0
PAD000030-10	Homo sapiens	Cerebrospinal fluid	not available	not available	not available	not available	not available	320	not applicable	cerebrospinal fluid	PAD000030-r00320-10	protein expression profiling by antibody array	1	WSG83024954_Olink_Explore_Detectability.npx.csv	ftp://ftp.pride.ebi.ac.uk/pride/data/archive/2026/02/PAD000030/WSG83024954_Olink_Explore_Detectability.npx.csv	Olink Target 96	Olink Target 96 Inflammation	NPX	layout_WSG	Intensity	Olink Target 96 Inflammation	Olink Target 96	intensity normalized	NT=affinity-proteomics;VV=v1.0.0	NT=human;VV=v1.1.0	NT=olink;VV=v1.0.0	v1.1.0	NT=sdrf-skills-autoresearch;VV=v0.0.0
PAD000030-65	Homo sapiens	Cerebrospinal fluid	not available	not available	not available	not available	not available	321	not applicable	cerebrospinal fluid	PAD000030-r00321-65	protein expression profiling by antibody array	1	WSG83024954_Olink_Explore_Detectability.npx.csv	ftp://ftp.pride.ebi.ac.uk/pride/data/archive/2026/02/PAD000030/WSG83024954_Olink_Explore_Detectability.npx.csv	Olink Target 96	Olink Target 96 Inflammation	NPX	layout_WSG	Intensity	Olink Target 96 Inflammation	Olink Target 96	intensity normalized	NT=affinity-proteomics;VV=v1.0.0	NT=human;VV=v1.1.0	NT=olink;VV=v1.0.0	v1.1.0	NT=sdrf-skills-autoresearch;VV=v0.0.0
PAD000030-79	Homo sapiens	Cerebrospinal fluid	not available	not available	not available	not available	not available	322	not applicable	cerebrospinal fluid	PAD000030-r00322-79	protein expression profiling by antibody array	1	WSG83024954_Olink_Explore_Detectability.npx.csv	ftp://ftp.pride.ebi.ac.uk/pride/data/archive/2026/02/PAD000030/WSG83024954_Olink_Explore_Detectability.npx.csv	Olink Target 96	Olink Target 96 Inflammation	NPX	layout_WSG	Intensity	Olink Target 96 Inflammation	Olink Target 96	intensity normalized	NT=affinity-proteomics;VV=v1.0.0	NT=human;VV=v1.1.0	NT=olink;VV=v1.0.0	v1.1.0	NT=sdrf-skills-autoresearch;VV=v0.0.0
PAD000030-5	Homo sapiens	Cerebrospinal fluid	not available	not available	not available	not available	not available	323	not applicable	cerebrospinal fluid	PAD000030-r00323-5	protein expression profiling by antibody array	1	WSG83024954_Olink_Explore_Detectability.npx.csv	ftp://ftp.pride.ebi.ac.uk/pride/data/archive/2026/02/PAD000030/WSG83024954_Olink_Explore_Detectability.npx.csv	Olink Target 96	Neurology	NPX	layout_WSG	Intensity	Neurology	Olink Target 96	intensity normalized	NT=affinity-proteomics;VV=v1.0.0	NT=human;VV=v1.1.0	NT=olink;VV=v1.0.0	v1.1.0	NT=sdrf-skills-autoresearch;VV=v0.0.0
PAD000030-61	Homo sapiens	Cerebrospinal fluid	not available	not available	not available	not available	not available	324	not applicable	cerebrospinal fluid	PAD000030-r00324-61	protein expression profiling by antibody array	1	WSG83024954_Olink_Explore_Detectability.npx.csv	ftp://ftp.pride.ebi.ac.uk/pride/data/archive/2026/02/PAD000030/WSG83024954_Olink_Explore_Detectability.npx.csv	Olink Target 96	Olink Target 96 Inflammation	NPX	layout_WSG	Intensity	Olink Target 96 Inflammation	Olink Target 96	intensity normalized	NT=affinity-proteomics;VV=v1.0.0	NT=human;VV=v1.1.0	NT=olink;VV=v1.0.0	v1.1.0	NT=sdrf-skills-autoresearch;VV=v0.0.0
PAD000030-114	Homo sapiens	Cerebrospinal fluid	not available	not available	not available	not available	not available	325	not applicable	cerebrospinal fluid	PAD000030-r00325-114	protein expression profiling by antibody array	1	WSG83024954_Olink_Explore_Detectability.npx.csv	ftp://ftp.pride.ebi.ac.uk/pride/data/archive/2026/02/PAD000030/WSG83024954_Olink_Explore_Detectability.npx.csv	Olink Target 96	Olink Target 96 Inflammation	NPX	layout_WSG	Intensity	Olink Target 96 Inflammation	Olink Target 96	intensity normalized	NT=affinity-proteomics;VV=v1.0.0	NT=human;VV=v1.1.0	NT=olink;VV=v1.0.0	v1.1.0	NT=sdrf-skills-autoresearch;VV=v0.0.0
PAD000030-199	Homo sapiens	Cerebrospinal fluid	not available	not available	not available	not available	not available	326	not applicable	cerebrospinal fluid	PAD000030-r00326-199	protein expression profiling by antibody array	1	WSG83024954_Olink_Explore_Detectability.npx.csv	ftp://ftp.pride.ebi.ac.uk/pride/data/archive/2026/02/PAD000030/WSG83024954_Olink_Explore_Detectability.npx.csv	Olink Target 96	Olink Target 96 Inflammation	NPX	layout_WSG	Intensity	Olink Target 96 Inflammation	Olink Target 96	intensity normalized	NT=affinity-proteomics;VV=v1.0.0	NT=human;VV=v1.1.0	NT=olink;VV=v1.0.0	v1.1.0	NT=sdrf-skills-autoresearch;VV=v0.0.0
PAD000030-288	Homo sapiens	Cerebrospinal fluid	not available	not available	not available	not available	not available	327	not applicable	cerebrospinal fluid	PAD000030-r00327-288	protein expression profiling by antibody array	1	WSG83024954_Olink_Explore_Detectability.npx.csv	ftp://ftp.pride.ebi.ac.uk/pride/data/archive/2026/02/PAD000030/WSG83024954_Olink_Explore_Detectability.npx.csv	Olink Target 96	Olink Target 96 Inflammation	NPX	layout_WSG	Intensity	Olink Target 96 Inflammation	Olink Target 96	intensity normalized	NT=affinity-proteomics;VV=v1.0.0	NT=human;VV=v1.1.0	NT=olink;VV=v1.0.0	v1.1.0	NT=sdrf-skills-autoresearch;VV=v0.0.0
PAD000030-124	Homo sapiens	Cerebrospinal fluid	not available	not available	not available	not available	not available	328	not applicable	cerebrospinal fluid	PAD000030-r00328-124	protein expression profiling by antibody array	1	WSG83024954_Olink_Explore_Detectability.npx.csv	ftp://ftp.pride.ebi.ac.uk/pride/data/archive/2026/02/PAD000030/WSG83024954_Olink_Explore_Detectability.npx.csv	Olink Target 96	Olink Target 96 Inflammation	NPX	layout_WSG	Intensity	Olink Target 96 Inflammation	Olink Target 96	intensity normalized	NT=affinity-proteomics;VV=v1.0.0	NT=human;VV=v1.1.0	NT=olink;VV=v1.0.0	v1.1.0	NT=sdrf-skills-autoresearch;VV=v0.0.0
PAD000030-271	Homo sapiens	Cerebrospinal fluid	not available	not available	not available	not available	not available	329	not applicable	cerebrospinal fluid	PAD000030-r00329-271	protein expression profiling by antibody array	1	WSG83024954_Olink_Explore_Detectability.npx.csv	ftp://ftp.pride.ebi.ac.uk/pride/data/archive/2026/02/PAD000030/WSG83024954_Olink_Explore_Detectability.npx.csv	Olink Target 96	Olink Target 96 Inflammation	NPX	layout_WSG	Intensity	Olink Target 96 Inflammation	Olink Target 96	intensity normalized	NT=affinity-proteomics;VV=v1.0.0	NT=human;VV=v1.1.0	NT=olink;VV=v1.0.0	v1.1.0	NT=sdrf-skills-autoresearch;VV=v0.0.0
PAD000030-48	Homo sapiens	Cerebrospinal fluid	not available	not available	not available	not available	not available	330	not applicable	cerebrospinal fluid	PAD000030-r00330-48	protein expression profiling by antibody array	1	WSG83024954_Olink_Explore_Detectability.npx.csv	ftp://ftp.pride.ebi.ac.uk/pride/data/archive/2026/02/PAD000030/WSG83024954_Olink_Explore_Detectability.npx.csv	Olink Target 96	Cardiometabolic	NPX	layout_WSG	Intensity	Cardiometabolic	Olink Target 96	intensity normalized	NT=affinity-proteomics;VV=v1.0.0	NT=human;VV=v1.1.0	NT=olink;VV=v1.0.0	v1.1.0	NT=sdrf-skills-autoresearch;VV=v0.0.0
PAD000030-231	Homo sapiens	Cerebrospinal fluid	not available	not available	not available	not available	not available	331	not applicable	cerebrospinal fluid	PAD000030-r00331-231	protein expression profiling by antibody array	1	WSG83024954_Olink_Explore_Detectability.npx.csv	ftp://ftp.pride.ebi.ac.uk/pride/data/archive/2026/02/PAD000030/WSG83024954_Olink_Explore_Detectability.npx.csv	Olink Target 96	Olink Target 96 Inflammation	NPX	layout_WSG	Intensity	Olink Target 96 Inflammation	Olink Target 96	intensity normalized	NT=affinity-proteomics;VV=v1.0.0	NT=human;VV=v1.1.0	NT=olink;VV=v1.0.0	v1.1.0	NT=sdrf-skills-autoresearch;VV=v0.0.0
PAD000030-72	Homo sapiens	Cerebrospinal fluid	not available	not available	not available	not available	not available	332	not applicable	cerebrospinal fluid	PAD000030-r00332-72	protein expression profiling by antibody array	1	WSG83024954_Olink_Explore_Detectability.npx.csv	ftp://ftp.pride.ebi.ac.uk/pride/data/archive/2026/02/PAD000030/WSG83024954_Olink_Explore_Detectability.npx.csv	Olink Target 96	Olink Target 96 Inflammation	NPX	layout_WSG	Intensity	Olink Target 96 Inflammation	Olink Target 96	intensity normalized	NT=affinity-proteomics;VV=v1.0.0	NT=human;VV=v1.1.0	NT=olink;VV=v1.0.0	v1.1.0	NT=sdrf-skills-autoresearch;VV=v0.0.0
PAD000030-241	Homo sapiens	Cerebrospinal fluid	not available	not available	not available	not available	not available	333	not applicable	cerebrospinal fluid	PAD000030-r00333-241	protein expression profiling by antibody array	1	WSG83024954_Olink_Explore_Detectability.npx.csv	ftp://ftp.pride.ebi.ac.uk/pride/data/archive/2026/02/PAD000030/WSG83024954_Olink_Explore_Detectability.npx.csv	Olink Target 96	Olink Target 96 Inflammation	NPX	layout_WSG	Intensity	Olink Target 96 Inflammation	Olink Target 96	intensity normalized	NT=affinity-proteomics;VV=v1.0.0	NT=human;VV=v1.1.0	NT=olink;VV=v1.0.0	v1.1.0	NT=sdrf-skills-autoresearch;VV=v0.0.0
PAD000030-11	Homo sapiens	Cerebrospinal fluid	not available	not available	not available	not available	not available	334	not applicable	cerebrospinal fluid	PAD000030-r00334-11	protein expression profiling by antibody array	1	WSG83024954_Olink_Explore_Detectability.npx.csv	ftp://ftp.pride.ebi.ac.uk/pride/data/archive/2026/02/PAD000030/WSG83024954_Olink_Explore_Detectability.npx.csv	Olink Target 96	Olink Target 96 Inflammation	NPX	layout_WSG	Intensity	Olink Target 96 Inflammation	Olink Target 96	intensity normalized	NT=affinity-proteomics;VV=v1.0.0	NT=human;VV=v1.1.0	NT=olink;VV=v1.0.0	v1.1.0	NT=sdrf-skills-autoresearch;VV=v0.0.0
PAD000030-232	Homo sapiens	Cerebrospinal fluid	not available	not available	not available	not available	not available	335	not applicable	cerebrospinal fluid	PAD000030-r00335-232	protein expression profiling by antibody array	1	WSG83024954_Olink_Explore_Detectability.npx.csv	ftp://ftp.pride.ebi.ac.uk/pride/data/archive/2026/02/PAD000030/WSG83024954_Olink_Explore_Detectability.npx.csv	Olink Target 96	Olink Target 96 Inflammation	NPX	layout_WSG	Intensity	Olink Target 96 Inflammation	Olink Target 96	intensity normalized	NT=affinity-proteomics;VV=v1.0.0	NT=human;VV=v1.1.0	NT=olink;VV=v1.0.0	v1.1.0	NT=sdrf-skills-autoresearch;VV=v0.0.0
