source name	characteristics[organism]	characteristics[organism part]	characteristics[disease]	characteristics[age]	characteristics[sex]	characteristics[biological replicate]	characteristics[sample type]	characteristics[sample matrix]	assay name	technology type	comment[technical replicate]	comment[data file]	comment[file uri]	comment[platform]	comment[quantification unit]	comment[plate]	comment[normalization method]	comment[olink panel]	comment[olink platform]	comment[npx normalization]	comment[sdrf template]	comment[sdrf template]	comment[sdrf template]	comment[sdrf version]	comment[sdrf annotation tool]
PAD000004-SC_sample1_2	Homo sapiens	Blood plasma	not available	not available	not available	1	quality control sample	blood plasma	PAD000004-r00001-SC_sample1_2	protein expression profiling by antibody array	1	Example_NPX_2023-09-27.parquet	ftp://ftp.pride.ebi.ac.uk/pride/data/archive/2025/10/PAD000004/Example_NPX_2023-09-27.parquet	Olink Explore HT	NPX	Q-Plex1_SS112233_SP200002	Plate control	Olink Explore HT	Olink Explore HT	plate control normalized	NT=affinity-proteomics;VV=v1.0.0	NT=human;VV=v1.1.0	NT=olink;VV=v1.0.0	v1.1.0	NT=sdrf-skills-autoresearch;VV=v0.0.0
PAD000004-NEG_sample2_2	Homo sapiens	Blood plasma	not available	not available	not available	2	negative control	blood plasma	PAD000004-r00002-NEG_sample2_2	protein expression profiling by antibody array	1	Example_NPX_2023-09-27.parquet	ftp://ftp.pride.ebi.ac.uk/pride/data/archive/2025/10/PAD000004/Example_NPX_2023-09-27.parquet	Olink Explore HT	NPX	Q-Plex1_SS112233_SP200002	Plate control	Olink Explore HT	Olink Explore HT	plate control normalized	NT=affinity-proteomics;VV=v1.0.0	NT=human;VV=v1.1.0	NT=olink;VV=v1.0.0	v1.1.0	NT=sdrf-skills-autoresearch;VV=v0.0.0
PAD000004-sample3_2	Homo sapiens	Blood plasma	not available	not available	not available	3	not applicable	blood plasma	PAD000004-r00003-sample3_2	protein expression profiling by antibody array	1	Example_NPX_2023-09-27.parquet	ftp://ftp.pride.ebi.ac.uk/pride/data/archive/2025/10/PAD000004/Example_NPX_2023-09-27.parquet	Olink Explore HT	NPX	Q-Plex1_SS112233_SP200002	Plate control	Olink Explore HT	Olink Explore HT	plate control normalized	NT=affinity-proteomics;VV=v1.0.0	NT=human;VV=v1.1.0	NT=olink;VV=v1.0.0	v1.1.0	NT=sdrf-skills-autoresearch;VV=v0.0.0
PAD000004-sample4_2	Homo sapiens	Blood plasma	not available	not available	not available	4	not applicable	blood plasma	PAD000004-r00004-sample4_2	protein expression profiling by antibody array	1	Example_NPX_2023-09-27.parquet	ftp://ftp.pride.ebi.ac.uk/pride/data/archive/2025/10/PAD000004/Example_NPX_2023-09-27.parquet	Olink Explore HT	NPX	Q-Plex1_SS112233_SP200002	Plate control	Olink Explore HT	Olink Explore HT	plate control normalized	NT=affinity-proteomics;VV=v1.0.0	NT=human;VV=v1.1.0	NT=olink;VV=v1.0.0	v1.1.0	NT=sdrf-skills-autoresearch;VV=v0.0.0
PAD000004-sample5_2	Homo sapiens	Blood plasma	not available	not available	not available	5	not applicable	blood plasma	PAD000004-r00005-sample5_2	protein expression profiling by antibody array	1	Example_NPX_2023-09-27.parquet	ftp://ftp.pride.ebi.ac.uk/pride/data/archive/2025/10/PAD000004/Example_NPX_2023-09-27.parquet	Olink Explore HT	NPX	Q-Plex1_SS112233_SP200002	Plate control	Olink Explore HT	Olink Explore HT	plate control normalized	NT=affinity-proteomics;VV=v1.0.0	NT=human;VV=v1.1.0	NT=olink;VV=v1.0.0	v1.1.0	NT=sdrf-skills-autoresearch;VV=v0.0.0
PAD000004-sample6_2	Homo sapiens	Blood plasma	not available	not available	not available	6	not applicable	blood plasma	PAD000004-r00006-sample6_2	protein expression profiling by antibody array	1	Example_NPX_2023-09-27.parquet	ftp://ftp.pride.ebi.ac.uk/pride/data/archive/2025/10/PAD000004/Example_NPX_2023-09-27.parquet	Olink Explore HT	NPX	Q-Plex1_SS112233_SP200002	Plate control	Olink Explore HT	Olink Explore HT	plate control normalized	NT=affinity-proteomics;VV=v1.0.0	NT=human;VV=v1.1.0	NT=olink;VV=v1.0.0	v1.1.0	NT=sdrf-skills-autoresearch;VV=v0.0.0
PAD000004-sample7_2	Homo sapiens	Blood plasma	not available	not available	not available	7	not applicable	blood plasma	PAD000004-r00007-sample7_2	protein expression profiling by antibody array	1	Example_NPX_2023-09-27.parquet	ftp://ftp.pride.ebi.ac.uk/pride/data/archive/2025/10/PAD000004/Example_NPX_2023-09-27.parquet	Olink Explore HT	NPX	Q-Plex1_SS112233_SP200002	Plate control	Olink Explore HT	Olink Explore HT	plate control normalized	NT=affinity-proteomics;VV=v1.0.0	NT=human;VV=v1.1.0	NT=olink;VV=v1.0.0	v1.1.0	NT=sdrf-skills-autoresearch;VV=v0.0.0
PAD000004-SC_MM55112	Homo sapiens	Blood plasma	not available	not available	not available	8	quality control sample	blood plasma	PAD000004-r00008-SC_MM55112	protein expression profiling by antibody array	1	Example_NPX_2023-09-27.parquet	ftp://ftp.pride.ebi.ac.uk/pride/data/archive/2025/10/PAD000004/Example_NPX_2023-09-27.parquet	Olink Explore HT	NPX	Q-Plex1_SS112233_SP200002	Plate control	Olink Explore HT	Olink Explore HT	plate control normalized	NT=affinity-proteomics;VV=v1.0.0	NT=human;VV=v1.1.0	NT=olink;VV=v1.0.0	v1.1.0	NT=sdrf-skills-autoresearch;VV=v0.0.0
PAD000004-KJ23652	Homo sapiens	Blood plasma	not available	not available	not available	9	not applicable	blood plasma	PAD000004-r00009-KJ23652	protein expression profiling by antibody array	1	Example_NPX_2023-09-27.parquet	ftp://ftp.pride.ebi.ac.uk/pride/data/archive/2025/10/PAD000004/Example_NPX_2023-09-27.parquet	Olink Explore HT	NPX	Q-Plex1_SS112233_SP200002	Plate control	Olink Explore HT	Olink Explore HT	plate control normalized	NT=affinity-proteomics;VV=v1.0.0	NT=human;VV=v1.1.0	NT=olink;VV=v1.0.0	v1.1.0	NT=sdrf-skills-autoresearch;VV=v0.0.0
PAD000004-OO34092	Homo sapiens	Blood plasma	not available	not available	not available	10	not applicable	blood plasma	PAD000004-r00010-OO34092	protein expression profiling by antibody array	1	Example_NPX_2023-09-27.parquet	ftp://ftp.pride.ebi.ac.uk/pride/data/archive/2025/10/PAD000004/Example_NPX_2023-09-27.parquet	Olink Explore HT	NPX	Q-Plex1_SS112233_SP200002	Plate control	Olink Explore HT	Olink Explore HT	plate control normalized	NT=affinity-proteomics;VV=v1.0.0	NT=human;VV=v1.1.0	NT=olink;VV=v1.0.0	v1.1.0	NT=sdrf-skills-autoresearch;VV=v0.0.0
PAD000004-VX55552	Homo sapiens	Blood plasma	not available	not available	not available	11	not applicable	blood plasma	PAD000004-r00011-VX55552	protein expression profiling by antibody array	1	Example_NPX_2023-09-27.parquet	ftp://ftp.pride.ebi.ac.uk/pride/data/archive/2025/10/PAD000004/Example_NPX_2023-09-27.parquet	Olink Explore HT	NPX	Q-Plex1_SS112233_SP200002	Plate control	Olink Explore HT	Olink Explore HT	plate control normalized	NT=affinity-proteomics;VV=v1.0.0	NT=human;VV=v1.1.0	NT=olink;VV=v1.0.0	v1.1.0	NT=sdrf-skills-autoresearch;VV=v0.0.0
PAD000004-SC_PL1_2	Homo sapiens	Blood plasma	not available	not available	not available	12	quality control sample	blood plasma	PAD000004-r00012-SC_PL1_2	protein expression profiling by antibody array	1	Example_NPX_2023-09-27.parquet	ftp://ftp.pride.ebi.ac.uk/pride/data/archive/2025/10/PAD000004/Example_NPX_2023-09-27.parquet	Olink Explore HT	NPX	Q-Plex1_SS112233_SP200002	Plate control	Olink Explore HT	Olink Explore HT	plate control normalized	NT=affinity-proteomics;VV=v1.0.0	NT=human;VV=v1.1.0	NT=olink;VV=v1.0.0	v1.1.0	NT=sdrf-skills-autoresearch;VV=v0.0.0
PAD000004-SC_XY32342	Homo sapiens	Blood plasma	not available	not available	not available	13	quality control sample	blood plasma	PAD000004-r00013-SC_XY32342	protein expression profiling by antibody array	1	Example_NPX_2023-09-27.parquet	ftp://ftp.pride.ebi.ac.uk/pride/data/archive/2025/10/PAD000004/Example_NPX_2023-09-27.parquet	Olink Explore HT	NPX	Q-Plex1_SS112233_SP200002	Plate control	Olink Explore HT	Olink Explore HT	plate control normalized	NT=affinity-proteomics;VV=v1.0.0	NT=human;VV=v1.1.0	NT=olink;VV=v1.0.0	v1.1.0	NT=sdrf-skills-autoresearch;VV=v0.0.0
PAD000004-NEG_XA16782	Homo sapiens	Blood plasma	not available	not available	not available	14	negative control	blood plasma	PAD000004-r00014-NEG_XA16782	protein expression profiling by antibody array	1	Example_NPX_2023-09-27.parquet	ftp://ftp.pride.ebi.ac.uk/pride/data/archive/2025/10/PAD000004/Example_NPX_2023-09-27.parquet	Olink Explore HT	NPX	Q-Plex1_SS112233_SP200002	Plate control	Olink Explore HT	Olink Explore HT	plate control normalized	NT=affinity-proteomics;VV=v1.0.0	NT=human;VV=v1.1.0	NT=olink;VV=v1.0.0	v1.1.0	NT=sdrf-skills-autoresearch;VV=v0.0.0
PAD000004-ZK43212	Homo sapiens	Blood plasma	not available	not available	not available	15	not applicable	blood plasma	PAD000004-r00015-ZK43212	protein expression profiling by antibody array	1	Example_NPX_2023-09-27.parquet	ftp://ftp.pride.ebi.ac.uk/pride/data/archive/2025/10/PAD000004/Example_NPX_2023-09-27.parquet	Olink Explore HT	NPX	Q-Plex1_SS112233_SP200002	Plate control	Olink Explore HT	Olink Explore HT	plate control normalized	NT=affinity-proteomics;VV=v1.0.0	NT=human;VV=v1.1.0	NT=olink;VV=v1.0.0	v1.1.0	NT=sdrf-skills-autoresearch;VV=v0.0.0
PAD000004-SD50562	Homo sapiens	Blood plasma	not available	not available	not available	16	not applicable	blood plasma	PAD000004-r00016-SD50562	protein expression profiling by antibody array	1	Example_NPX_2023-09-27.parquet	ftp://ftp.pride.ebi.ac.uk/pride/data/archive/2025/10/PAD000004/Example_NPX_2023-09-27.parquet	Olink Explore HT	NPX	Q-Plex1_SS112233_SP200002	Plate control	Olink Explore HT	Olink Explore HT	plate control normalized	NT=affinity-proteomics;VV=v1.0.0	NT=human;VV=v1.1.0	NT=olink;VV=v1.0.0	v1.1.0	NT=sdrf-skills-autoresearch;VV=v0.0.0
PAD000004-JH11332	Homo sapiens	Blood plasma	not available	not available	not available	17	not applicable	blood plasma	PAD000004-r00017-JH11332	protein expression profiling by antibody array	1	Example_NPX_2023-09-27.parquet	ftp://ftp.pride.ebi.ac.uk/pride/data/archive/2025/10/PAD000004/Example_NPX_2023-09-27.parquet	Olink Explore HT	NPX	Q-Plex1_SS112233_SP200002	Plate control	Olink Explore HT	Olink Explore HT	plate control normalized	NT=affinity-proteomics;VV=v1.0.0	NT=human;VV=v1.1.0	NT=olink;VV=v1.0.0	v1.1.0	NT=sdrf-skills-autoresearch;VV=v0.0.0
PAD000004-MN86752	Homo sapiens	Blood plasma	not available	not available	not available	18	not applicable	blood plasma	PAD000004-r00018-MN86752	protein expression profiling by antibody array	1	Example_NPX_2023-09-27.parquet	ftp://ftp.pride.ebi.ac.uk/pride/data/archive/2025/10/PAD000004/Example_NPX_2023-09-27.parquet	Olink Explore HT	NPX	Q-Plex1_SS112233_SP200002	Plate control	Olink Explore HT	Olink Explore HT	plate control normalized	NT=affinity-proteomics;VV=v1.0.0	NT=human;VV=v1.1.0	NT=olink;VV=v1.0.0	v1.1.0	NT=sdrf-skills-autoresearch;VV=v0.0.0
PAD000004-XW43972	Homo sapiens	Blood plasma	not available	not available	not available	19	not applicable	blood plasma	PAD000004-r00019-XW43972	protein expression profiling by antibody array	1	Example_NPX_2023-09-27.parquet	ftp://ftp.pride.ebi.ac.uk/pride/data/archive/2025/10/PAD000004/Example_NPX_2023-09-27.parquet	Olink Explore HT	NPX	Q-Plex1_SS112233_SP200002	Plate control	Olink Explore HT	Olink Explore HT	plate control normalized	NT=affinity-proteomics;VV=v1.0.0	NT=human;VV=v1.1.0	NT=olink;VV=v1.0.0	v1.1.0	NT=sdrf-skills-autoresearch;VV=v0.0.0
PAD000004-SC_YY35112	Homo sapiens	Blood plasma	not available	not available	not available	20	quality control sample	blood plasma	PAD000004-r00020-SC_YY35112	protein expression profiling by antibody array	1	Example_NPX_2023-09-27.parquet	ftp://ftp.pride.ebi.ac.uk/pride/data/archive/2025/10/PAD000004/Example_NPX_2023-09-27.parquet	Olink Explore HT	NPX	Q-Plex1_SS112233_SP200002	Plate control	Olink Explore HT	Olink Explore HT	plate control normalized	NT=affinity-proteomics;VV=v1.0.0	NT=human;VV=v1.1.0	NT=olink;VV=v1.0.0	v1.1.0	NT=sdrf-skills-autoresearch;VV=v0.0.0
PAD000004-DT93652	Homo sapiens	Blood plasma	not available	not available	not available	21	not applicable	blood plasma	PAD000004-r00021-DT93652	protein expression profiling by antibody array	1	Example_NPX_2023-09-27.parquet	ftp://ftp.pride.ebi.ac.uk/pride/data/archive/2025/10/PAD000004/Example_NPX_2023-09-27.parquet	Olink Explore HT	NPX	Q-Plex1_SS112233_SP200002	Plate control	Olink Explore HT	Olink Explore HT	plate control normalized	NT=affinity-proteomics;VV=v1.0.0	NT=human;VV=v1.1.0	NT=olink;VV=v1.0.0	v1.1.0	NT=sdrf-skills-autoresearch;VV=v0.0.0
PAD000004-LH84092	Homo sapiens	Blood plasma	not available	not available	not available	22	not applicable	blood plasma	PAD000004-r00022-LH84092	protein expression profiling by antibody array	1	Example_NPX_2023-09-27.parquet	ftp://ftp.pride.ebi.ac.uk/pride/data/archive/2025/10/PAD000004/Example_NPX_2023-09-27.parquet	Olink Explore HT	NPX	Q-Plex1_SS112233_SP200002	Plate control	Olink Explore HT	Olink Explore HT	plate control normalized	NT=affinity-proteomics;VV=v1.0.0	NT=human;VV=v1.1.0	NT=olink;VV=v1.0.0	v1.1.0	NT=sdrf-skills-autoresearch;VV=v0.0.0
PAD000004-UY45552	Homo sapiens	Blood plasma	not available	not available	not available	23	not applicable	blood plasma	PAD000004-r00023-UY45552	protein expression profiling by antibody array	1	Example_NPX_2023-09-27.parquet	ftp://ftp.pride.ebi.ac.uk/pride/data/archive/2025/10/PAD000004/Example_NPX_2023-09-27.parquet	Olink Explore HT	NPX	Q-Plex1_SS112233_SP200002	Plate control	Olink Explore HT	Olink Explore HT	plate control normalized	NT=affinity-proteomics;VV=v1.0.0	NT=human;VV=v1.1.0	NT=olink;VV=v1.0.0	v1.1.0	NT=sdrf-skills-autoresearch;VV=v0.0.0
PAD000004-SC_WF2_2	Homo sapiens	Blood plasma	not available	not available	not available	24	quality control sample	blood plasma	PAD000004-r00024-SC_WF2_2	protein expression profiling by antibody array	1	Example_NPX_2023-09-27.parquet	ftp://ftp.pride.ebi.ac.uk/pride/data/archive/2025/10/PAD000004/Example_NPX_2023-09-27.parquet	Olink Explore HT	NPX	Q-Plex1_SS112233_SP200002	Plate control	Olink Explore HT	Olink Explore HT	plate control normalized	NT=affinity-proteomics;VV=v1.0.0	NT=human;VV=v1.1.0	NT=olink;VV=v1.0.0	v1.1.0	NT=sdrf-skills-autoresearch;VV=v0.0.0
PAD000004-SC_SD8172	Homo sapiens	Blood plasma	not available	not available	not available	25	quality control sample	blood plasma	PAD000004-r00025-SC_SD8172	protein expression profiling by antibody array	1	Example_NPX_2023-09-27.parquet	ftp://ftp.pride.ebi.ac.uk/pride/data/archive/2025/10/PAD000004/Example_NPX_2023-09-27.parquet	Olink Explore HT	NPX	Q-Plex1_SS112233_SP200002	Plate control	Olink Explore HT	Olink Explore HT	plate control normalized	NT=affinity-proteomics;VV=v1.0.0	NT=human;VV=v1.1.0	NT=olink;VV=v1.0.0	v1.1.0	NT=sdrf-skills-autoresearch;VV=v0.0.0
PAD000004-NEG_S81772	Homo sapiens	Blood plasma	not available	not available	not available	26	negative control	blood plasma	PAD000004-r00026-NEG_S81772	protein expression profiling by antibody array	1	Example_NPX_2023-09-27.parquet	ftp://ftp.pride.ebi.ac.uk/pride/data/archive/2025/10/PAD000004/Example_NPX_2023-09-27.parquet	Olink Explore HT	NPX	Q-Plex1_SS112233_SP200002	Plate control	Olink Explore HT	Olink Explore HT	plate control normalized	NT=affinity-proteomics;VV=v1.0.0	NT=human;VV=v1.1.0	NT=olink;VV=v1.0.0	v1.1.0	NT=sdrf-skills-autoresearch;VV=v0.0.0
PAD000004-SA0F72	Homo sapiens	Blood plasma	not available	not available	not available	27	not applicable	blood plasma	PAD000004-r00027-SA0F72	protein expression profiling by antibody array	1	Example_NPX_2023-09-27.parquet	ftp://ftp.pride.ebi.ac.uk/pride/data/archive/2025/10/PAD000004/Example_NPX_2023-09-27.parquet	Olink Explore HT	NPX	Q-Plex1_SS112233_SP200002	Plate control	Olink Explore HT	Olink Explore HT	plate control normalized	NT=affinity-proteomics;VV=v1.0.0	NT=human;VV=v1.1.0	NT=olink;VV=v1.0.0	v1.1.0	NT=sdrf-skills-autoresearch;VV=v0.0.0
PAD000004-S52F72	Homo sapiens	Blood plasma	not available	not available	not available	28	not applicable	blood plasma	PAD000004-r00028-S52F72	protein expression profiling by antibody array	1	Example_NPX_2023-09-27.parquet	ftp://ftp.pride.ebi.ac.uk/pride/data/archive/2025/10/PAD000004/Example_NPX_2023-09-27.parquet	Olink Explore HT	NPX	Q-Plex1_SS112233_SP200002	Plate control	Olink Explore HT	Olink Explore HT	plate control normalized	NT=affinity-proteomics;VV=v1.0.0	NT=human;VV=v1.1.0	NT=olink;VV=v1.0.0	v1.1.0	NT=sdrf-skills-autoresearch;VV=v0.0.0
PAD000004-S53CB2	Homo sapiens	Blood plasma	not available	not available	not available	29	not applicable	blood plasma	PAD000004-r00029-S53CB2	protein expression profiling by antibody array	1	Example_NPX_2023-09-27.parquet	ftp://ftp.pride.ebi.ac.uk/pride/data/archive/2025/10/PAD000004/Example_NPX_2023-09-27.parquet	Olink Explore HT	NPX	Q-Plex1_SS112233_SP200002	Plate control	Olink Explore HT	Olink Explore HT	plate control normalized	NT=affinity-proteomics;VV=v1.0.0	NT=human;VV=v1.1.0	NT=olink;VV=v1.0.0	v1.1.0	NT=sdrf-skills-autoresearch;VV=v0.0.0
PAD000004-S8FCB2	Homo sapiens	Blood plasma	not available	not available	not available	30	not applicable	blood plasma	PAD000004-r00030-S8FCB2	protein expression profiling by antibody array	1	Example_NPX_2023-09-27.parquet	ftp://ftp.pride.ebi.ac.uk/pride/data/archive/2025/10/PAD000004/Example_NPX_2023-09-27.parquet	Olink Explore HT	NPX	Q-Plex1_SS112233_SP200002	Plate control	Olink Explore HT	Olink Explore HT	plate control normalized	NT=affinity-proteomics;VV=v1.0.0	NT=human;VV=v1.1.0	NT=olink;VV=v1.0.0	v1.1.0	NT=sdrf-skills-autoresearch;VV=v0.0.0
PAD000004-SA33F2	Homo sapiens	Blood plasma	not available	not available	not available	31	not applicable	blood plasma	PAD000004-r00031-SA33F2	protein expression profiling by antibody array	1	Example_NPX_2023-09-27.parquet	ftp://ftp.pride.ebi.ac.uk/pride/data/archive/2025/10/PAD000004/Example_NPX_2023-09-27.parquet	Olink Explore HT	NPX	Q-Plex1_SS112233_SP200002	Plate control	Olink Explore HT	Olink Explore HT	plate control normalized	NT=affinity-proteomics;VV=v1.0.0	NT=human;VV=v1.1.0	NT=olink;VV=v1.0.0	v1.1.0	NT=sdrf-skills-autoresearch;VV=v0.0.0
PAD000004-SC_S7EF02	Homo sapiens	Blood plasma	not available	not available	not available	32	quality control sample	blood plasma	PAD000004-r00032-SC_S7EF02	protein expression profiling by antibody array	1	Example_NPX_2023-09-27.parquet	ftp://ftp.pride.ebi.ac.uk/pride/data/archive/2025/10/PAD000004/Example_NPX_2023-09-27.parquet	Olink Explore HT	NPX	Q-Plex1_SS112233_SP200002	Plate control	Olink Explore HT	Olink Explore HT	plate control normalized	NT=affinity-proteomics;VV=v1.0.0	NT=human;VV=v1.1.0	NT=olink;VV=v1.0.0	v1.1.0	NT=sdrf-skills-autoresearch;VV=v0.0.0
PAD000004-S939C2	Homo sapiens	Blood plasma	not available	not available	not available	33	not applicable	blood plasma	PAD000004-r00033-S939C2	protein expression profiling by antibody array	1	Example_NPX_2023-09-27.parquet	ftp://ftp.pride.ebi.ac.uk/pride/data/archive/2025/10/PAD000004/Example_NPX_2023-09-27.parquet	Olink Explore HT	NPX	Q-Plex1_SS112233_SP200002	Plate control	Olink Explore HT	Olink Explore HT	plate control normalized	NT=affinity-proteomics;VV=v1.0.0	NT=human;VV=v1.1.0	NT=olink;VV=v1.0.0	v1.1.0	NT=sdrf-skills-autoresearch;VV=v0.0.0
PAD000004-S897C2	Homo sapiens	Blood plasma	not available	not available	not available	34	not applicable	blood plasma	PAD000004-r00034-S897C2	protein expression profiling by antibody array	1	Example_NPX_2023-09-27.parquet	ftp://ftp.pride.ebi.ac.uk/pride/data/archive/2025/10/PAD000004/Example_NPX_2023-09-27.parquet	Olink Explore HT	NPX	Q-Plex1_SS112233_SP200002	Plate control	Olink Explore HT	Olink Explore HT	plate control normalized	NT=affinity-proteomics;VV=v1.0.0	NT=human;VV=v1.1.0	NT=olink;VV=v1.0.0	v1.1.0	NT=sdrf-skills-autoresearch;VV=v0.0.0
PAD000004-S65FC2	Homo sapiens	Blood plasma	not available	not available	not available	35	not applicable	blood plasma	PAD000004-r00035-S65FC2	protein expression profiling by antibody array	1	Example_NPX_2023-09-27.parquet	ftp://ftp.pride.ebi.ac.uk/pride/data/archive/2025/10/PAD000004/Example_NPX_2023-09-27.parquet	Olink Explore HT	NPX	Q-Plex1_SS112233_SP200002	Plate control	Olink Explore HT	Olink Explore HT	plate control normalized	NT=affinity-proteomics;VV=v1.0.0	NT=human;VV=v1.1.0	NT=olink;VV=v1.0.0	v1.1.0	NT=sdrf-skills-autoresearch;VV=v0.0.0
PAD000004-SC_HJ3_2	Homo sapiens	Blood plasma	not available	not available	not available	36	quality control sample	blood plasma	PAD000004-r00036-SC_HJ3_2	protein expression profiling by antibody array	1	Example_NPX_2023-09-27.parquet	ftp://ftp.pride.ebi.ac.uk/pride/data/archive/2025/10/PAD000004/Example_NPX_2023-09-27.parquet	Olink Explore HT	NPX	Q-Plex1_SS112233_SP200002	Plate control	Olink Explore HT	Olink Explore HT	plate control normalized	NT=affinity-proteomics;VV=v1.0.0	NT=human;VV=v1.1.0	NT=olink;VV=v1.0.0	v1.1.0	NT=sdrf-skills-autoresearch;VV=v0.0.0
PAD000004-PC_SFCC52	Homo sapiens	Blood plasma	not available	not available	not available	37	plate control	blood plasma	PAD000004-r00037-PC_SFCC52	protein expression profiling by antibody array	1	Example_NPX_2023-09-27.parquet	ftp://ftp.pride.ebi.ac.uk/pride/data/archive/2025/10/PAD000004/Example_NPX_2023-09-27.parquet	Olink Explore HT	NPX	Q-Plex1_SS112233_SP200002	Plate control	Olink Explore HT	Olink Explore HT	plate control normalized	NT=affinity-proteomics;VV=v1.0.0	NT=human;VV=v1.1.0	NT=olink;VV=v1.0.0	v1.1.0	NT=sdrf-skills-autoresearch;VV=v0.0.0
PAD000004-S4DFE2	Homo sapiens	Blood plasma	not available	not available	not available	38	not applicable	blood plasma	PAD000004-r00038-S4DFE2	protein expression profiling by antibody array	1	Example_NPX_2023-09-27.parquet	ftp://ftp.pride.ebi.ac.uk/pride/data/archive/2025/10/PAD000004/Example_NPX_2023-09-27.parquet	Olink Explore HT	NPX	Q-Plex1_SS112233_SP200002	Plate control	Olink Explore HT	Olink Explore HT	plate control normalized	NT=affinity-proteomics;VV=v1.0.0	NT=human;VV=v1.1.0	NT=olink;VV=v1.0.0	v1.1.0	NT=sdrf-skills-autoresearch;VV=v0.0.0
PAD000004-SE8472	Homo sapiens	Blood plasma	not available	not available	not available	39	not applicable	blood plasma	PAD000004-r00039-SE8472	protein expression profiling by antibody array	1	Example_NPX_2023-09-27.parquet	ftp://ftp.pride.ebi.ac.uk/pride/data/archive/2025/10/PAD000004/Example_NPX_2023-09-27.parquet	Olink Explore HT	NPX	Q-Plex1_SS112233_SP200002	Plate control	Olink Explore HT	Olink Explore HT	plate control normalized	NT=affinity-proteomics;VV=v1.0.0	NT=human;VV=v1.1.0	NT=olink;VV=v1.0.0	v1.1.0	NT=sdrf-skills-autoresearch;VV=v0.0.0
PAD000004-S275F2	Homo sapiens	Blood plasma	not available	not available	not available	40	not applicable	blood plasma	PAD000004-r00040-S275F2	protein expression profiling by antibody array	1	Example_NPX_2023-09-27.parquet	ftp://ftp.pride.ebi.ac.uk/pride/data/archive/2025/10/PAD000004/Example_NPX_2023-09-27.parquet	Olink Explore HT	NPX	Q-Plex1_SS112233_SP200002	Plate control	Olink Explore HT	Olink Explore HT	plate control normalized	NT=affinity-proteomics;VV=v1.0.0	NT=human;VV=v1.1.0	NT=olink;VV=v1.0.0	v1.1.0	NT=sdrf-skills-autoresearch;VV=v0.0.0
PAD000004-S857F2	Homo sapiens	Blood plasma	not available	not available	not available	41	not applicable	blood plasma	PAD000004-r00041-S857F2	protein expression profiling by antibody array	1	Example_NPX_2023-09-27.parquet	ftp://ftp.pride.ebi.ac.uk/pride/data/archive/2025/10/PAD000004/Example_NPX_2023-09-27.parquet	Olink Explore HT	NPX	Q-Plex1_SS112233_SP200002	Plate control	Olink Explore HT	Olink Explore HT	plate control normalized	NT=affinity-proteomics;VV=v1.0.0	NT=human;VV=v1.1.0	NT=olink;VV=v1.0.0	v1.1.0	NT=sdrf-skills-autoresearch;VV=v0.0.0
PAD000004-S87C02	Homo sapiens	Blood plasma	not available	not available	not available	42	not applicable	blood plasma	PAD000004-r00042-S87C02	protein expression profiling by antibody array	1	Example_NPX_2023-09-27.parquet	ftp://ftp.pride.ebi.ac.uk/pride/data/archive/2025/10/PAD000004/Example_NPX_2023-09-27.parquet	Olink Explore HT	NPX	Q-Plex1_SS112233_SP200002	Plate control	Olink Explore HT	Olink Explore HT	plate control normalized	NT=affinity-proteomics;VV=v1.0.0	NT=human;VV=v1.1.0	NT=olink;VV=v1.0.0	v1.1.0	NT=sdrf-skills-autoresearch;VV=v0.0.0
PAD000004-S10642	Homo sapiens	Blood plasma	not available	not available	not available	43	not applicable	blood plasma	PAD000004-r00043-S10642	protein expression profiling by antibody array	1	Example_NPX_2023-09-27.parquet	ftp://ftp.pride.ebi.ac.uk/pride/data/archive/2025/10/PAD000004/Example_NPX_2023-09-27.parquet	Olink Explore HT	NPX	Q-Plex1_SS112233_SP200002	Plate control	Olink Explore HT	Olink Explore HT	plate control normalized	NT=affinity-proteomics;VV=v1.0.0	NT=human;VV=v1.1.0	NT=olink;VV=v1.0.0	v1.1.0	NT=sdrf-skills-autoresearch;VV=v0.0.0
PAD000004-PC_S0C652	Homo sapiens	Blood plasma	not available	not available	not available	44	plate control	blood plasma	PAD000004-r00044-PC_S0C652	protein expression profiling by antibody array	1	Example_NPX_2023-09-27.parquet	ftp://ftp.pride.ebi.ac.uk/pride/data/archive/2025/10/PAD000004/Example_NPX_2023-09-27.parquet	Olink Explore HT	NPX	Q-Plex1_SS112233_SP200002	Plate control	Olink Explore HT	Olink Explore HT	plate control normalized	NT=affinity-proteomics;VV=v1.0.0	NT=human;VV=v1.1.0	NT=olink;VV=v1.0.0	v1.1.0	NT=sdrf-skills-autoresearch;VV=v0.0.0
PAD000004-S2F762	Homo sapiens	Blood plasma	not available	not available	not available	45	not applicable	blood plasma	PAD000004-r00045-S2F762	protein expression profiling by antibody array	1	Example_NPX_2023-09-27.parquet	ftp://ftp.pride.ebi.ac.uk/pride/data/archive/2025/10/PAD000004/Example_NPX_2023-09-27.parquet	Olink Explore HT	NPX	Q-Plex1_SS112233_SP200002	Plate control	Olink Explore HT	Olink Explore HT	plate control normalized	NT=affinity-proteomics;VV=v1.0.0	NT=human;VV=v1.1.0	NT=olink;VV=v1.0.0	v1.1.0	NT=sdrf-skills-autoresearch;VV=v0.0.0
PAD000004-S15B32	Homo sapiens	Blood plasma	not available	not available	not available	46	not applicable	blood plasma	PAD000004-r00046-S15B32	protein expression profiling by antibody array	1	Example_NPX_2023-09-27.parquet	ftp://ftp.pride.ebi.ac.uk/pride/data/archive/2025/10/PAD000004/Example_NPX_2023-09-27.parquet	Olink Explore HT	NPX	Q-Plex1_SS112233_SP200002	Plate control	Olink Explore HT	Olink Explore HT	plate control normalized	NT=affinity-proteomics;VV=v1.0.0	NT=human;VV=v1.1.0	NT=olink;VV=v1.0.0	v1.1.0	NT=sdrf-skills-autoresearch;VV=v0.0.0
PAD000004-SD4172	Homo sapiens	Blood plasma	not available	not available	not available	47	not applicable	blood plasma	PAD000004-r00047-SD4172	protein expression profiling by antibody array	1	Example_NPX_2023-09-27.parquet	ftp://ftp.pride.ebi.ac.uk/pride/data/archive/2025/10/PAD000004/Example_NPX_2023-09-27.parquet	Olink Explore HT	NPX	Q-Plex1_SS112233_SP200002	Plate control	Olink Explore HT	Olink Explore HT	plate control normalized	NT=affinity-proteomics;VV=v1.0.0	NT=human;VV=v1.1.0	NT=olink;VV=v1.0.0	v1.1.0	NT=sdrf-skills-autoresearch;VV=v0.0.0
PAD000004-PC_XV2-1	Homo sapiens	Blood plasma	not available	not available	not available	48	plate control	blood plasma	PAD000004-r00048-PC_XV2-1	protein expression profiling by antibody array	1	Example_NPX_2023-09-27.parquet	ftp://ftp.pride.ebi.ac.uk/pride/data/archive/2025/10/PAD000004/Example_NPX_2023-09-27.parquet	Olink Explore HT	NPX	Q-Plex1_SS112233_SP200002	Plate control	Olink Explore HT	Olink Explore HT	plate control normalized	NT=affinity-proteomics;VV=v1.0.0	NT=human;VV=v1.1.0	NT=olink;VV=v1.0.0	v1.1.0	NT=sdrf-skills-autoresearch;VV=v0.0.0
PAD000004-PC_S45CB2	Homo sapiens	Blood plasma	not available	not available	not available	49	plate control	blood plasma	PAD000004-r00049-PC_S45CB2	protein expression profiling by antibody array	1	Example_NPX_2023-09-27.parquet	ftp://ftp.pride.ebi.ac.uk/pride/data/archive/2025/10/PAD000004/Example_NPX_2023-09-27.parquet	Olink Explore HT	NPX	Q-Plex1_SS112233_SP200002	Plate control	Olink Explore HT	Olink Explore HT	plate control normalized	NT=affinity-proteomics;VV=v1.0.0	NT=human;VV=v1.1.0	NT=olink;VV=v1.0.0	v1.1.0	NT=sdrf-skills-autoresearch;VV=v0.0.0
PAD000004-SC17B2	Homo sapiens	Blood plasma	not available	not available	not available	50	not applicable	blood plasma	PAD000004-r00050-SC17B2	protein expression profiling by antibody array	1	Example_NPX_2023-09-27.parquet	ftp://ftp.pride.ebi.ac.uk/pride/data/archive/2025/10/PAD000004/Example_NPX_2023-09-27.parquet	Olink Explore HT	NPX	Q-Plex1_SS112233_SP200002	Plate control	Olink Explore HT	Olink Explore HT	plate control normalized	NT=affinity-proteomics;VV=v1.0.0	NT=human;VV=v1.1.0	NT=olink;VV=v1.0.0	v1.1.0	NT=sdrf-skills-autoresearch;VV=v0.0.0
PAD000004-S174F2	Homo sapiens	Blood plasma	not available	not available	not available	51	not applicable	blood plasma	PAD000004-r00051-S174F2	protein expression profiling by antibody array	1	Example_NPX_2023-09-27.parquet	ftp://ftp.pride.ebi.ac.uk/pride/data/archive/2025/10/PAD000004/Example_NPX_2023-09-27.parquet	Olink Explore HT	NPX	Q-Plex1_SS112233_SP200002	Plate control	Olink Explore HT	Olink Explore HT	plate control normalized	NT=affinity-proteomics;VV=v1.0.0	NT=human;VV=v1.1.0	NT=olink;VV=v1.0.0	v1.1.0	NT=sdrf-skills-autoresearch;VV=v0.0.0
PAD000004-S17812	Homo sapiens	Blood plasma	not available	not available	not available	52	not applicable	blood plasma	PAD000004-r00052-S17812	protein expression profiling by antibody array	1	Example_NPX_2023-09-27.parquet	ftp://ftp.pride.ebi.ac.uk/pride/data/archive/2025/10/PAD000004/Example_NPX_2023-09-27.parquet	Olink Explore HT	NPX	Q-Plex1_SS112233_SP200002	Plate control	Olink Explore HT	Olink Explore HT	plate control normalized	NT=affinity-proteomics;VV=v1.0.0	NT=human;VV=v1.1.0	NT=olink;VV=v1.0.0	v1.1.0	NT=sdrf-skills-autoresearch;VV=v0.0.0
PAD000004-SB1C52	Homo sapiens	Blood plasma	not available	not available	not available	53	not applicable	blood plasma	PAD000004-r00053-SB1C52	protein expression profiling by antibody array	1	Example_NPX_2023-09-27.parquet	ftp://ftp.pride.ebi.ac.uk/pride/data/archive/2025/10/PAD000004/Example_NPX_2023-09-27.parquet	Olink Explore HT	NPX	Q-Plex1_SS112233_SP200002	Plate control	Olink Explore HT	Olink Explore HT	plate control normalized	NT=affinity-proteomics;VV=v1.0.0	NT=human;VV=v1.1.0	NT=olink;VV=v1.0.0	v1.1.0	NT=sdrf-skills-autoresearch;VV=v0.0.0
PAD000004-S0D6D2	Homo sapiens	Blood plasma	not available	not available	not available	54	not applicable	blood plasma	PAD000004-r00054-S0D6D2	protein expression profiling by antibody array	1	Example_NPX_2023-09-27.parquet	ftp://ftp.pride.ebi.ac.uk/pride/data/archive/2025/10/PAD000004/Example_NPX_2023-09-27.parquet	Olink Explore HT	NPX	Q-Plex1_SS112233_SP200002	Plate control	Olink Explore HT	Olink Explore HT	plate control normalized	NT=affinity-proteomics;VV=v1.0.0	NT=human;VV=v1.1.0	NT=olink;VV=v1.0.0	v1.1.0	NT=sdrf-skills-autoresearch;VV=v0.0.0
PAD000004-S35BD2	Homo sapiens	Blood plasma	not available	not available	not available	55	not applicable	blood plasma	PAD000004-r00055-S35BD2	protein expression profiling by antibody array	1	Example_NPX_2023-09-27.parquet	ftp://ftp.pride.ebi.ac.uk/pride/data/archive/2025/10/PAD000004/Example_NPX_2023-09-27.parquet	Olink Explore HT	NPX	Q-Plex1_SS112233_SP200002	Plate control	Olink Explore HT	Olink Explore HT	plate control normalized	NT=affinity-proteomics;VV=v1.0.0	NT=human;VV=v1.1.0	NT=olink;VV=v1.0.0	v1.1.0	NT=sdrf-skills-autoresearch;VV=v0.0.0
PAD000004-PC_S16F22	Homo sapiens	Blood plasma	not available	not available	not available	56	plate control	blood plasma	PAD000004-r00056-PC_S16F22	protein expression profiling by antibody array	1	Example_NPX_2023-09-27.parquet	ftp://ftp.pride.ebi.ac.uk/pride/data/archive/2025/10/PAD000004/Example_NPX_2023-09-27.parquet	Olink Explore HT	NPX	Q-Plex1_SS112233_SP200002	Plate control	Olink Explore HT	Olink Explore HT	plate control normalized	NT=affinity-proteomics;VV=v1.0.0	NT=human;VV=v1.1.0	NT=olink;VV=v1.0.0	v1.1.0	NT=sdrf-skills-autoresearch;VV=v0.0.0
PAD000004-S1D032	Homo sapiens	Blood plasma	not available	not available	not available	57	not applicable	blood plasma	PAD000004-r00057-S1D032	protein expression profiling by antibody array	1	Example_NPX_2023-09-27.parquet	ftp://ftp.pride.ebi.ac.uk/pride/data/archive/2025/10/PAD000004/Example_NPX_2023-09-27.parquet	Olink Explore HT	NPX	Q-Plex1_SS112233_SP200002	Plate control	Olink Explore HT	Olink Explore HT	plate control normalized	NT=affinity-proteomics;VV=v1.0.0	NT=human;VV=v1.1.0	NT=olink;VV=v1.0.0	v1.1.0	NT=sdrf-skills-autoresearch;VV=v0.0.0
PAD000004-SCF472	Homo sapiens	Blood plasma	not available	not available	not available	58	not applicable	blood plasma	PAD000004-r00058-SCF472	protein expression profiling by antibody array	1	Example_NPX_2023-09-27.parquet	ftp://ftp.pride.ebi.ac.uk/pride/data/archive/2025/10/PAD000004/Example_NPX_2023-09-27.parquet	Olink Explore HT	NPX	Q-Plex1_SS112233_SP200002	Plate control	Olink Explore HT	Olink Explore HT	plate control normalized	NT=affinity-proteomics;VV=v1.0.0	NT=human;VV=v1.1.0	NT=olink;VV=v1.0.0	v1.1.0	NT=sdrf-skills-autoresearch;VV=v0.0.0
PAD000004-S53B72	Homo sapiens	Blood plasma	not available	not available	not available	59	not applicable	blood plasma	PAD000004-r00059-S53B72	protein expression profiling by antibody array	1	Example_NPX_2023-09-27.parquet	ftp://ftp.pride.ebi.ac.uk/pride/data/archive/2025/10/PAD000004/Example_NPX_2023-09-27.parquet	Olink Explore HT	NPX	Q-Plex1_SS112233_SP200002	Plate control	Olink Explore HT	Olink Explore HT	plate control normalized	NT=affinity-proteomics;VV=v1.0.0	NT=human;VV=v1.1.0	NT=olink;VV=v1.0.0	v1.1.0	NT=sdrf-skills-autoresearch;VV=v0.0.0
PAD000004-PC_XV2-2	Homo sapiens	Blood plasma	not available	not available	not available	60	plate control	blood plasma	PAD000004-r00060-PC_XV2-2	protein expression profiling by antibody array	1	Example_NPX_2023-09-27.parquet	ftp://ftp.pride.ebi.ac.uk/pride/data/archive/2025/10/PAD000004/Example_NPX_2023-09-27.parquet	Olink Explore HT	NPX	Q-Plex1_SS112233_SP200002	Plate control	Olink Explore HT	Olink Explore HT	plate control normalized	NT=affinity-proteomics;VV=v1.0.0	NT=human;VV=v1.1.0	NT=olink;VV=v1.0.0	v1.1.0	NT=sdrf-skills-autoresearch;VV=v0.0.0
PAD000004-PC_S161F2	Homo sapiens	Blood plasma	not available	not available	not available	61	plate control	blood plasma	PAD000004-r00061-PC_S161F2	protein expression profiling by antibody array	1	Example_NPX_2023-09-27.parquet	ftp://ftp.pride.ebi.ac.uk/pride/data/archive/2025/10/PAD000004/Example_NPX_2023-09-27.parquet	Olink Explore HT	NPX	Q-Plex1_SS112233_SP200002	Plate control	Olink Explore HT	Olink Explore HT	plate control normalized	NT=affinity-proteomics;VV=v1.0.0	NT=human;VV=v1.1.0	NT=olink;VV=v1.0.0	v1.1.0	NT=sdrf-skills-autoresearch;VV=v0.0.0
PAD000004-S6D2C2	Homo sapiens	Blood plasma	not available	not available	not available	62	not applicable	blood plasma	PAD000004-r00062-S6D2C2	protein expression profiling by antibody array	1	Example_NPX_2023-09-27.parquet	ftp://ftp.pride.ebi.ac.uk/pride/data/archive/2025/10/PAD000004/Example_NPX_2023-09-27.parquet	Olink Explore HT	NPX	Q-Plex1_SS112233_SP200002	Plate control	Olink Explore HT	Olink Explore HT	plate control normalized	NT=affinity-proteomics;VV=v1.0.0	NT=human;VV=v1.1.0	NT=olink;VV=v1.0.0	v1.1.0	NT=sdrf-skills-autoresearch;VV=v0.0.0
PAD000004-SA17C2	Homo sapiens	Blood plasma	not available	not available	not available	63	not applicable	blood plasma	PAD000004-r00063-SA17C2	protein expression profiling by antibody array	1	Example_NPX_2023-09-27.parquet	ftp://ftp.pride.ebi.ac.uk/pride/data/archive/2025/10/PAD000004/Example_NPX_2023-09-27.parquet	Olink Explore HT	NPX	Q-Plex1_SS112233_SP200002	Plate control	Olink Explore HT	Olink Explore HT	plate control normalized	NT=affinity-proteomics;VV=v1.0.0	NT=human;VV=v1.1.0	NT=olink;VV=v1.0.0	v1.1.0	NT=sdrf-skills-autoresearch;VV=v0.0.0
PAD000004-SD4DD2	Homo sapiens	Blood plasma	not available	not available	not available	64	not applicable	blood plasma	PAD000004-r00064-SD4DD2	protein expression profiling by antibody array	1	Example_NPX_2023-09-27.parquet	ftp://ftp.pride.ebi.ac.uk/pride/data/archive/2025/10/PAD000004/Example_NPX_2023-09-27.parquet	Olink Explore HT	NPX	Q-Plex1_SS112233_SP200002	Plate control	Olink Explore HT	Olink Explore HT	plate control normalized	NT=affinity-proteomics;VV=v1.0.0	NT=human;VV=v1.1.0	NT=olink;VV=v1.0.0	v1.1.0	NT=sdrf-skills-autoresearch;VV=v0.0.0
PAD000004-S41172	Homo sapiens	Blood plasma	not available	not available	not available	65	not applicable	blood plasma	PAD000004-r00065-S41172	protein expression profiling by antibody array	1	Example_NPX_2023-09-27.parquet	ftp://ftp.pride.ebi.ac.uk/pride/data/archive/2025/10/PAD000004/Example_NPX_2023-09-27.parquet	Olink Explore HT	NPX	Q-Plex1_SS112233_SP200002	Plate control	Olink Explore HT	Olink Explore HT	plate control normalized	NT=affinity-proteomics;VV=v1.0.0	NT=human;VV=v1.1.0	NT=olink;VV=v1.0.0	v1.1.0	NT=sdrf-skills-autoresearch;VV=v0.0.0
PAD000004-S35EB2	Homo sapiens	Blood plasma	not available	not available	not available	66	not applicable	blood plasma	PAD000004-r00066-S35EB2	protein expression profiling by antibody array	1	Example_NPX_2023-09-27.parquet	ftp://ftp.pride.ebi.ac.uk/pride/data/archive/2025/10/PAD000004/Example_NPX_2023-09-27.parquet	Olink Explore HT	NPX	Q-Plex1_SS112233_SP200002	Plate control	Olink Explore HT	Olink Explore HT	plate control normalized	NT=affinity-proteomics;VV=v1.0.0	NT=human;VV=v1.1.0	NT=olink;VV=v1.0.0	v1.1.0	NT=sdrf-skills-autoresearch;VV=v0.0.0
PAD000004-NEG_S445F2	Homo sapiens	Blood plasma	not available	not available	not available	67	negative control	blood plasma	PAD000004-r00067-NEG_S445F2	protein expression profiling by antibody array	1	Example_NPX_2023-09-27.parquet	ftp://ftp.pride.ebi.ac.uk/pride/data/archive/2025/10/PAD000004/Example_NPX_2023-09-27.parquet	Olink Explore HT	NPX	Q-Plex1_SS112233_SP200002	Plate control	Olink Explore HT	Olink Explore HT	plate control normalized	NT=affinity-proteomics;VV=v1.0.0	NT=human;VV=v1.1.0	NT=olink;VV=v1.0.0	v1.1.0	NT=sdrf-skills-autoresearch;VV=v0.0.0
PAD000004-PC_SACD02	Homo sapiens	Blood plasma	not available	not available	not available	68	plate control	blood plasma	PAD000004-r00068-PC_SACD02	protein expression profiling by antibody array	1	Example_NPX_2023-09-27.parquet	ftp://ftp.pride.ebi.ac.uk/pride/data/archive/2025/10/PAD000004/Example_NPX_2023-09-27.parquet	Olink Explore HT	NPX	Q-Plex1_SS112233_SP200002	Plate control	Olink Explore HT	Olink Explore HT	plate control normalized	NT=affinity-proteomics;VV=v1.0.0	NT=human;VV=v1.1.0	NT=olink;VV=v1.0.0	v1.1.0	NT=sdrf-skills-autoresearch;VV=v0.0.0
PAD000004-SD13C2	Homo sapiens	Blood plasma	not available	not available	not available	69	not applicable	blood plasma	PAD000004-r00069-SD13C2	protein expression profiling by antibody array	1	Example_NPX_2023-09-27.parquet	ftp://ftp.pride.ebi.ac.uk/pride/data/archive/2025/10/PAD000004/Example_NPX_2023-09-27.parquet	Olink Explore HT	NPX	Q-Plex1_SS112233_SP200002	Plate control	Olink Explore HT	Olink Explore HT	plate control normalized	NT=affinity-proteomics;VV=v1.0.0	NT=human;VV=v1.1.0	NT=olink;VV=v1.0.0	v1.1.0	NT=sdrf-skills-autoresearch;VV=v0.0.0
PAD000004-SAC412	Homo sapiens	Blood plasma	not available	not available	not available	70	not applicable	blood plasma	PAD000004-r00070-SAC412	protein expression profiling by antibody array	1	Example_NPX_2023-09-27.parquet	ftp://ftp.pride.ebi.ac.uk/pride/data/archive/2025/10/PAD000004/Example_NPX_2023-09-27.parquet	Olink Explore HT	NPX	Q-Plex1_SS112233_SP200002	Plate control	Olink Explore HT	Olink Explore HT	plate control normalized	NT=affinity-proteomics;VV=v1.0.0	NT=human;VV=v1.1.0	NT=olink;VV=v1.0.0	v1.1.0	NT=sdrf-skills-autoresearch;VV=v0.0.0
PAD000004-NEG_ZL2-11	Homo sapiens	Blood plasma	not available	not available	not available	71	negative control	blood plasma	PAD000004-r00071-NEG_ZL2-11	protein expression profiling by antibody array	1	Example_NPX_2023-09-27.parquet	ftp://ftp.pride.ebi.ac.uk/pride/data/archive/2025/10/PAD000004/Example_NPX_2023-09-27.parquet	Olink Explore HT	NPX	Q-Plex1_SS112233_SP200002	Plate control	Olink Explore HT	Olink Explore HT	plate control normalized	NT=affinity-proteomics;VV=v1.0.0	NT=human;VV=v1.1.0	NT=olink;VV=v1.0.0	v1.1.0	NT=sdrf-skills-autoresearch;VV=v0.0.0
PAD000004-PC_XV2-3	Homo sapiens	Blood plasma	not available	not available	not available	72	plate control	blood plasma	PAD000004-r00072-PC_XV2-3	protein expression profiling by antibody array	1	Example_NPX_2023-09-27.parquet	ftp://ftp.pride.ebi.ac.uk/pride/data/archive/2025/10/PAD000004/Example_NPX_2023-09-27.parquet	Olink Explore HT	NPX	Q-Plex1_SS112233_SP200002	Plate control	Olink Explore HT	Olink Explore HT	plate control normalized	NT=affinity-proteomics;VV=v1.0.0	NT=human;VV=v1.1.0	NT=olink;VV=v1.0.0	v1.1.0	NT=sdrf-skills-autoresearch;VV=v0.0.0
PAD000004-PC_SC34D2	Homo sapiens	Blood plasma	not available	not available	not available	73	plate control	blood plasma	PAD000004-r00073-PC_SC34D2	protein expression profiling by antibody array	1	Example_NPX_2023-09-27.parquet	ftp://ftp.pride.ebi.ac.uk/pride/data/archive/2025/10/PAD000004/Example_NPX_2023-09-27.parquet	Olink Explore HT	NPX	Q-Plex1_SS112233_SP200002	Plate control	Olink Explore HT	Olink Explore HT	plate control normalized	NT=affinity-proteomics;VV=v1.0.0	NT=human;VV=v1.1.0	NT=olink;VV=v1.0.0	v1.1.0	NT=sdrf-skills-autoresearch;VV=v0.0.0
PAD000004-SBE1D2	Homo sapiens	Blood plasma	not available	not available	not available	74	not applicable	blood plasma	PAD000004-r00074-SBE1D2	protein expression profiling by antibody array	1	Example_NPX_2023-09-27.parquet	ftp://ftp.pride.ebi.ac.uk/pride/data/archive/2025/10/PAD000004/Example_NPX_2023-09-27.parquet	Olink Explore HT	NPX	Q-Plex1_SS112233_SP200002	Plate control	Olink Explore HT	Olink Explore HT	plate control normalized	NT=affinity-proteomics;VV=v1.0.0	NT=human;VV=v1.1.0	NT=olink;VV=v1.0.0	v1.1.0	NT=sdrf-skills-autoresearch;VV=v0.0.0
PAD000004-S35FD2	Homo sapiens	Blood plasma	not available	not available	not available	75	not applicable	blood plasma	PAD000004-r00075-S35FD2	protein expression profiling by antibody array	1	Example_NPX_2023-09-27.parquet	ftp://ftp.pride.ebi.ac.uk/pride/data/archive/2025/10/PAD000004/Example_NPX_2023-09-27.parquet	Olink Explore HT	NPX	Q-Plex1_SS112233_SP200002	Plate control	Olink Explore HT	Olink Explore HT	plate control normalized	NT=affinity-proteomics;VV=v1.0.0	NT=human;VV=v1.1.0	NT=olink;VV=v1.0.0	v1.1.0	NT=sdrf-skills-autoresearch;VV=v0.0.0
PAD000004-S35D72	Homo sapiens	Blood plasma	not available	not available	not available	76	not applicable	blood plasma	PAD000004-r00076-S35D72	protein expression profiling by antibody array	1	Example_NPX_2023-09-27.parquet	ftp://ftp.pride.ebi.ac.uk/pride/data/archive/2025/10/PAD000004/Example_NPX_2023-09-27.parquet	Olink Explore HT	NPX	Q-Plex1_SS112233_SP200002	Plate control	Olink Explore HT	Olink Explore HT	plate control normalized	NT=affinity-proteomics;VV=v1.0.0	NT=human;VV=v1.1.0	NT=olink;VV=v1.0.0	v1.1.0	NT=sdrf-skills-autoresearch;VV=v0.0.0
PAD000004-SF14F2	Homo sapiens	Blood plasma	not available	not available	not available	77	not applicable	blood plasma	PAD000004-r00077-SF14F2	protein expression profiling by antibody array	1	Example_NPX_2023-09-27.parquet	ftp://ftp.pride.ebi.ac.uk/pride/data/archive/2025/10/PAD000004/Example_NPX_2023-09-27.parquet	Olink Explore HT	NPX	Q-Plex1_SS112233_SP200002	Plate control	Olink Explore HT	Olink Explore HT	plate control normalized	NT=affinity-proteomics;VV=v1.0.0	NT=human;VV=v1.1.0	NT=olink;VV=v1.0.0	v1.1.0	NT=sdrf-skills-autoresearch;VV=v0.0.0
PAD000004-S353F2	Homo sapiens	Blood plasma	not available	not available	not available	78	not applicable	blood plasma	PAD000004-r00078-S353F2	protein expression profiling by antibody array	1	Example_NPX_2023-09-27.parquet	ftp://ftp.pride.ebi.ac.uk/pride/data/archive/2025/10/PAD000004/Example_NPX_2023-09-27.parquet	Olink Explore HT	NPX	Q-Plex1_SS112233_SP200002	Plate control	Olink Explore HT	Olink Explore HT	plate control normalized	NT=affinity-proteomics;VV=v1.0.0	NT=human;VV=v1.1.0	NT=olink;VV=v1.0.0	v1.1.0	NT=sdrf-skills-autoresearch;VV=v0.0.0
PAD000004-NEG_S14C52	Homo sapiens	Blood plasma	not available	not available	not available	79	negative control	blood plasma	PAD000004-r00079-NEG_S14C52	protein expression profiling by antibody array	1	Example_NPX_2023-09-27.parquet	ftp://ftp.pride.ebi.ac.uk/pride/data/archive/2025/10/PAD000004/Example_NPX_2023-09-27.parquet	Olink Explore HT	NPX	Q-Plex1_SS112233_SP200002	Plate control	Olink Explore HT	Olink Explore HT	plate control normalized	NT=affinity-proteomics;VV=v1.0.0	NT=human;VV=v1.1.0	NT=olink;VV=v1.0.0	v1.1.0	NT=sdrf-skills-autoresearch;VV=v0.0.0
PAD000004-PC_S04D22	Homo sapiens	Blood plasma	not available	not available	not available	80	plate control	blood plasma	PAD000004-r00080-PC_S04D22	protein expression profiling by antibody array	1	Example_NPX_2023-09-27.parquet	ftp://ftp.pride.ebi.ac.uk/pride/data/archive/2025/10/PAD000004/Example_NPX_2023-09-27.parquet	Olink Explore HT	NPX	Q-Plex1_SS112233_SP200002	Plate control	Olink Explore HT	Olink Explore HT	plate control normalized	NT=affinity-proteomics;VV=v1.0.0	NT=human;VV=v1.1.0	NT=olink;VV=v1.0.0	v1.1.0	NT=sdrf-skills-autoresearch;VV=v0.0.0
PAD000004-S10262	Homo sapiens	Blood plasma	not available	not available	not available	81	not applicable	blood plasma	PAD000004-r00081-S10262	protein expression profiling by antibody array	1	Example_NPX_2023-09-27.parquet	ftp://ftp.pride.ebi.ac.uk/pride/data/archive/2025/10/PAD000004/Example_NPX_2023-09-27.parquet	Olink Explore HT	NPX	Q-Plex1_SS112233_SP200002	Plate control	Olink Explore HT	Olink Explore HT	plate control normalized	NT=affinity-proteomics;VV=v1.0.0	NT=human;VV=v1.1.0	NT=olink;VV=v1.0.0	v1.1.0	NT=sdrf-skills-autoresearch;VV=v0.0.0
PAD000004-S7DF62	Homo sapiens	Blood plasma	not available	not available	not available	82	not applicable	blood plasma	PAD000004-r00082-S7DF62	protein expression profiling by antibody array	1	Example_NPX_2023-09-27.parquet	ftp://ftp.pride.ebi.ac.uk/pride/data/archive/2025/10/PAD000004/Example_NPX_2023-09-27.parquet	Olink Explore HT	NPX	Q-Plex1_SS112233_SP200002	Plate control	Olink Explore HT	Olink Explore HT	plate control normalized	NT=affinity-proteomics;VV=v1.0.0	NT=human;VV=v1.1.0	NT=olink;VV=v1.0.0	v1.1.0	NT=sdrf-skills-autoresearch;VV=v0.0.0
PAD000004-NEG_ZL2-22	Homo sapiens	Blood plasma	not available	not available	not available	83	negative control	blood plasma	PAD000004-r00083-NEG_ZL2-22	protein expression profiling by antibody array	1	Example_NPX_2023-09-27.parquet	ftp://ftp.pride.ebi.ac.uk/pride/data/archive/2025/10/PAD000004/Example_NPX_2023-09-27.parquet	Olink Explore HT	NPX	Q-Plex1_SS112233_SP200002	Plate control	Olink Explore HT	Olink Explore HT	plate control normalized	NT=affinity-proteomics;VV=v1.0.0	NT=human;VV=v1.1.0	NT=olink;VV=v1.0.0	v1.1.0	NT=sdrf-skills-autoresearch;VV=v0.0.0
PAD000004-PC_XV2-4	Homo sapiens	Blood plasma	not available	not available	not available	84	plate control	blood plasma	PAD000004-r00084-PC_XV2-4	protein expression profiling by antibody array	1	Example_NPX_2023-09-27.parquet	ftp://ftp.pride.ebi.ac.uk/pride/data/archive/2025/10/PAD000004/Example_NPX_2023-09-27.parquet	Olink Explore HT	NPX	Q-Plex1_SS112233_SP200002	Plate control	Olink Explore HT	Olink Explore HT	plate control normalized	NT=affinity-proteomics;VV=v1.0.0	NT=human;VV=v1.1.0	NT=olink;VV=v1.0.0	v1.1.0	NT=sdrf-skills-autoresearch;VV=v0.0.0
PAD000004-PC_SCF7B2	Homo sapiens	Blood plasma	not available	not available	not available	85	plate control	blood plasma	PAD000004-r00085-PC_SCF7B2	protein expression profiling by antibody array	1	Example_NPX_2023-09-27.parquet	ftp://ftp.pride.ebi.ac.uk/pride/data/archive/2025/10/PAD000004/Example_NPX_2023-09-27.parquet	Olink Explore HT	NPX	Q-Plex1_SS112233_SP200002	Plate control	Olink Explore HT	Olink Explore HT	plate control normalized	NT=affinity-proteomics;VV=v1.0.0	NT=human;VV=v1.1.0	NT=olink;VV=v1.0.0	v1.1.0	NT=sdrf-skills-autoresearch;VV=v0.0.0
PAD000004-S84D42	Homo sapiens	Blood plasma	not available	not available	not available	86	not applicable	blood plasma	PAD000004-r00086-S84D42	protein expression profiling by antibody array	1	Example_NPX_2023-09-27.parquet	ftp://ftp.pride.ebi.ac.uk/pride/data/archive/2025/10/PAD000004/Example_NPX_2023-09-27.parquet	Olink Explore HT	NPX	Q-Plex1_SS112233_SP200002	Plate control	Olink Explore HT	Olink Explore HT	plate control normalized	NT=affinity-proteomics;VV=v1.0.0	NT=human;VV=v1.1.0	NT=olink;VV=v1.0.0	v1.1.0	NT=sdrf-skills-autoresearch;VV=v0.0.0
PAD000004-SA1DC2	Homo sapiens	Blood plasma	not available	not available	not available	87	not applicable	blood plasma	PAD000004-r00087-SA1DC2	protein expression profiling by antibody array	1	Example_NPX_2023-09-27.parquet	ftp://ftp.pride.ebi.ac.uk/pride/data/archive/2025/10/PAD000004/Example_NPX_2023-09-27.parquet	Olink Explore HT	NPX	Q-Plex1_SS112233_SP200002	Plate control	Olink Explore HT	Olink Explore HT	plate control normalized	NT=affinity-proteomics;VV=v1.0.0	NT=human;VV=v1.1.0	NT=olink;VV=v1.0.0	v1.1.0	NT=sdrf-skills-autoresearch;VV=v0.0.0
PAD000004-S7BD12	Homo sapiens	Blood plasma	not available	not available	not available	88	not applicable	blood plasma	PAD000004-r00088-S7BD12	protein expression profiling by antibody array	1	Example_NPX_2023-09-27.parquet	ftp://ftp.pride.ebi.ac.uk/pride/data/archive/2025/10/PAD000004/Example_NPX_2023-09-27.parquet	Olink Explore HT	NPX	Q-Plex1_SS112233_SP200002	Plate control	Olink Explore HT	Olink Explore HT	plate control normalized	NT=affinity-proteomics;VV=v1.0.0	NT=human;VV=v1.1.0	NT=olink;VV=v1.0.0	v1.1.0	NT=sdrf-skills-autoresearch;VV=v0.0.0
PAD000004-S45E32	Homo sapiens	Blood plasma	not available	not available	not available	89	not applicable	blood plasma	PAD000004-r00089-S45E32	protein expression profiling by antibody array	1	Example_NPX_2023-09-27.parquet	ftp://ftp.pride.ebi.ac.uk/pride/data/archive/2025/10/PAD000004/Example_NPX_2023-09-27.parquet	Olink Explore HT	NPX	Q-Plex1_SS112233_SP200002	Plate control	Olink Explore HT	Olink Explore HT	plate control normalized	NT=affinity-proteomics;VV=v1.0.0	NT=human;VV=v1.1.0	NT=olink;VV=v1.0.0	v1.1.0	NT=sdrf-skills-autoresearch;VV=v0.0.0
PAD000004-S01B32	Homo sapiens	Blood plasma	not available	not available	not available	90	not applicable	blood plasma	PAD000004-r00090-S01B32	protein expression profiling by antibody array	1	Example_NPX_2023-09-27.parquet	ftp://ftp.pride.ebi.ac.uk/pride/data/archive/2025/10/PAD000004/Example_NPX_2023-09-27.parquet	Olink Explore HT	NPX	Q-Plex1_SS112233_SP200002	Plate control	Olink Explore HT	Olink Explore HT	plate control normalized	NT=affinity-proteomics;VV=v1.0.0	NT=human;VV=v1.1.0	NT=olink;VV=v1.0.0	v1.1.0	NT=sdrf-skills-autoresearch;VV=v0.0.0
PAD000004-NEG_S1DB32	Homo sapiens	Blood plasma	not available	not available	not available	91	negative control	blood plasma	PAD000004-r00091-NEG_S1DB32	protein expression profiling by antibody array	1	Example_NPX_2023-09-27.parquet	ftp://ftp.pride.ebi.ac.uk/pride/data/archive/2025/10/PAD000004/Example_NPX_2023-09-27.parquet	Olink Explore HT	NPX	Q-Plex1_SS112233_SP200002	Plate control	Olink Explore HT	Olink Explore HT	plate control normalized	NT=affinity-proteomics;VV=v1.0.0	NT=human;VV=v1.1.0	NT=olink;VV=v1.0.0	v1.1.0	NT=sdrf-skills-autoresearch;VV=v0.0.0
PAD000004-PC_S4E5F2	Homo sapiens	Blood plasma	not available	not available	not available	92	plate control	blood plasma	PAD000004-r00092-PC_S4E5F2	protein expression profiling by antibody array	1	Example_NPX_2023-09-27.parquet	ftp://ftp.pride.ebi.ac.uk/pride/data/archive/2025/10/PAD000004/Example_NPX_2023-09-27.parquet	Olink Explore HT	NPX	Q-Plex1_SS112233_SP200002	Plate control	Olink Explore HT	Olink Explore HT	plate control normalized	NT=affinity-proteomics;VV=v1.0.0	NT=human;VV=v1.1.0	NT=olink;VV=v1.0.0	v1.1.0	NT=sdrf-skills-autoresearch;VV=v0.0.0
PAD000004-S45BF2	Homo sapiens	Blood plasma	not available	not available	not available	93	not applicable	blood plasma	PAD000004-r00093-S45BF2	protein expression profiling by antibody array	1	Example_NPX_2023-09-27.parquet	ftp://ftp.pride.ebi.ac.uk/pride/data/archive/2025/10/PAD000004/Example_NPX_2023-09-27.parquet	Olink Explore HT	NPX	Q-Plex1_SS112233_SP200002	Plate control	Olink Explore HT	Olink Explore HT	plate control normalized	NT=affinity-proteomics;VV=v1.0.0	NT=human;VV=v1.1.0	NT=olink;VV=v1.0.0	v1.1.0	NT=sdrf-skills-autoresearch;VV=v0.0.0
PAD000004-SD7702	Homo sapiens	Blood plasma	not available	not available	not available	94	not applicable	blood plasma	PAD000004-r00094-SD7702	protein expression profiling by antibody array	1	Example_NPX_2023-09-27.parquet	ftp://ftp.pride.ebi.ac.uk/pride/data/archive/2025/10/PAD000004/Example_NPX_2023-09-27.parquet	Olink Explore HT	NPX	Q-Plex1_SS112233_SP200002	Plate control	Olink Explore HT	Olink Explore HT	plate control normalized	NT=affinity-proteomics;VV=v1.0.0	NT=human;VV=v1.1.0	NT=olink;VV=v1.0.0	v1.1.0	NT=sdrf-skills-autoresearch;VV=v0.0.0
PAD000004-NEG_ZL2-33	Homo sapiens	Blood plasma	not available	not available	not available	95	negative control	blood plasma	PAD000004-r00095-NEG_ZL2-33	protein expression profiling by antibody array	1	Example_NPX_2023-09-27.parquet	ftp://ftp.pride.ebi.ac.uk/pride/data/archive/2025/10/PAD000004/Example_NPX_2023-09-27.parquet	Olink Explore HT	NPX	Q-Plex1_SS112233_SP200002	Plate control	Olink Explore HT	Olink Explore HT	plate control normalized	NT=affinity-proteomics;VV=v1.0.0	NT=human;VV=v1.1.0	NT=olink;VV=v1.0.0	v1.1.0	NT=sdrf-skills-autoresearch;VV=v0.0.0
PAD000004-PC_XV2-5	Homo sapiens	Blood plasma	not available	not available	not available	96	plate control	blood plasma	PAD000004-r00096-PC_XV2-5	protein expression profiling by antibody array	1	Example_NPX_2023-09-27.parquet	ftp://ftp.pride.ebi.ac.uk/pride/data/archive/2025/10/PAD000004/Example_NPX_2023-09-27.parquet	Olink Explore HT	NPX	Q-Plex1_SS112233_SP200002	Plate control	Olink Explore HT	Olink Explore HT	plate control normalized	NT=affinity-proteomics;VV=v1.0.0	NT=human;VV=v1.1.0	NT=olink;VV=v1.0.0	v1.1.0	NT=sdrf-skills-autoresearch;VV=v0.0.0
PAD000004-SC_SCsample1_3	Homo sapiens	Blood plasma	not available	not available	not available	97	quality control sample	blood plasma	PAD000004-r00097-SC_SCsample1_3	protein expression profiling by antibody array	1	Example_NPX_2023-09-27.parquet	ftp://ftp.pride.ebi.ac.uk/pride/data/archive/2025/10/PAD000004/Example_NPX_2023-09-27.parquet	Olink Explore HT	NPX	Q-Plex1_SS112233_SP100001	Plate control	Olink Explore HT	Olink Explore HT	plate control normalized	NT=affinity-proteomics;VV=v1.0.0	NT=human;VV=v1.1.0	NT=olink;VV=v1.0.0	v1.1.0	NT=sdrf-skills-autoresearch;VV=v0.0.0
PAD000004-NEG_sample2_3	Homo sapiens	Blood plasma	not available	not available	not available	98	negative control	blood plasma	PAD000004-r00098-NEG_sample2_3	protein expression profiling by antibody array	1	Example_NPX_2023-09-27.parquet	ftp://ftp.pride.ebi.ac.uk/pride/data/archive/2025/10/PAD000004/Example_NPX_2023-09-27.parquet	Olink Explore HT	NPX	Q-Plex1_SS112233_SP100001	Plate control	Olink Explore HT	Olink Explore HT	plate control normalized	NT=affinity-proteomics;VV=v1.0.0	NT=human;VV=v1.1.0	NT=olink;VV=v1.0.0	v1.1.0	NT=sdrf-skills-autoresearch;VV=v0.0.0
PAD000004-sample3_3	Homo sapiens	Blood plasma	not available	not available	not available	99	not applicable	blood plasma	PAD000004-r00099-sample3_3	protein expression profiling by antibody array	1	Example_NPX_2023-09-27.parquet	ftp://ftp.pride.ebi.ac.uk/pride/data/archive/2025/10/PAD000004/Example_NPX_2023-09-27.parquet	Olink Explore HT	NPX	Q-Plex1_SS112233_SP100001	Plate control	Olink Explore HT	Olink Explore HT	plate control normalized	NT=affinity-proteomics;VV=v1.0.0	NT=human;VV=v1.1.0	NT=olink;VV=v1.0.0	v1.1.0	NT=sdrf-skills-autoresearch;VV=v0.0.0
PAD000004-sample4_3	Homo sapiens	Blood plasma	not available	not available	not available	100	not applicable	blood plasma	PAD000004-r00100-sample4_3	protein expression profiling by antibody array	1	Example_NPX_2023-09-27.parquet	ftp://ftp.pride.ebi.ac.uk/pride/data/archive/2025/10/PAD000004/Example_NPX_2023-09-27.parquet	Olink Explore HT	NPX	Q-Plex1_SS112233_SP100001	Plate control	Olink Explore HT	Olink Explore HT	plate control normalized	NT=affinity-proteomics;VV=v1.0.0	NT=human;VV=v1.1.0	NT=olink;VV=v1.0.0	v1.1.0	NT=sdrf-skills-autoresearch;VV=v0.0.0
PAD000004-sample5_3	Homo sapiens	Blood plasma	not available	not available	not available	101	not applicable	blood plasma	PAD000004-r00101-sample5_3	protein expression profiling by antibody array	1	Example_NPX_2023-09-27.parquet	ftp://ftp.pride.ebi.ac.uk/pride/data/archive/2025/10/PAD000004/Example_NPX_2023-09-27.parquet	Olink Explore HT	NPX	Q-Plex1_SS112233_SP100001	Plate control	Olink Explore HT	Olink Explore HT	plate control normalized	NT=affinity-proteomics;VV=v1.0.0	NT=human;VV=v1.1.0	NT=olink;VV=v1.0.0	v1.1.0	NT=sdrf-skills-autoresearch;VV=v0.0.0
PAD000004-SC_sample6_3	Homo sapiens	Blood plasma	not available	not available	not available	102	quality control sample	blood plasma	PAD000004-r00102-SC_sample6_3	protein expression profiling by antibody array	1	Example_NPX_2023-09-27.parquet	ftp://ftp.pride.ebi.ac.uk/pride/data/archive/2025/10/PAD000004/Example_NPX_2023-09-27.parquet	Olink Explore HT	NPX	Q-Plex1_SS112233_SP100001	Plate control	Olink Explore HT	Olink Explore HT	plate control normalized	NT=affinity-proteomics;VV=v1.0.0	NT=human;VV=v1.1.0	NT=olink;VV=v1.0.0	v1.1.0	NT=sdrf-skills-autoresearch;VV=v0.0.0
PAD000004-sample7_3	Homo sapiens	Blood plasma	not available	not available	not available	103	not applicable	blood plasma	PAD000004-r00103-sample7_3	protein expression profiling by antibody array	1	Example_NPX_2023-09-27.parquet	ftp://ftp.pride.ebi.ac.uk/pride/data/archive/2025/10/PAD000004/Example_NPX_2023-09-27.parquet	Olink Explore HT	NPX	Q-Plex1_SS112233_SP100001	Plate control	Olink Explore HT	Olink Explore HT	plate control normalized	NT=affinity-proteomics;VV=v1.0.0	NT=human;VV=v1.1.0	NT=olink;VV=v1.0.0	v1.1.0	NT=sdrf-skills-autoresearch;VV=v0.0.0
PAD000004-MM55113	Homo sapiens	Blood plasma	not available	not available	not available	104	not applicable	blood plasma	PAD000004-r00104-MM55113	protein expression profiling by antibody array	1	Example_NPX_2023-09-27.parquet	ftp://ftp.pride.ebi.ac.uk/pride/data/archive/2025/10/PAD000004/Example_NPX_2023-09-27.parquet	Olink Explore HT	NPX	Q-Plex1_SS112233_SP100001	Plate control	Olink Explore HT	Olink Explore HT	plate control normalized	NT=affinity-proteomics;VV=v1.0.0	NT=human;VV=v1.1.0	NT=olink;VV=v1.0.0	v1.1.0	NT=sdrf-skills-autoresearch;VV=v0.0.0
PAD000004-KJ23653	Homo sapiens	Blood plasma	not available	not available	not available	105	not applicable	blood plasma	PAD000004-r00105-KJ23653	protein expression profiling by antibody array	1	Example_NPX_2023-09-27.parquet	ftp://ftp.pride.ebi.ac.uk/pride/data/archive/2025/10/PAD000004/Example_NPX_2023-09-27.parquet	Olink Explore HT	NPX	Q-Plex1_SS112233_SP100001	Plate control	Olink Explore HT	Olink Explore HT	plate control normalized	NT=affinity-proteomics;VV=v1.0.0	NT=human;VV=v1.1.0	NT=olink;VV=v1.0.0	v1.1.0	NT=sdrf-skills-autoresearch;VV=v0.0.0
PAD000004-OO34093	Homo sapiens	Blood plasma	not available	not available	not available	106	not applicable	blood plasma	PAD000004-r00106-OO34093	protein expression profiling by antibody array	1	Example_NPX_2023-09-27.parquet	ftp://ftp.pride.ebi.ac.uk/pride/data/archive/2025/10/PAD000004/Example_NPX_2023-09-27.parquet	Olink Explore HT	NPX	Q-Plex1_SS112233_SP100001	Plate control	Olink Explore HT	Olink Explore HT	plate control normalized	NT=affinity-proteomics;VV=v1.0.0	NT=human;VV=v1.1.0	NT=olink;VV=v1.0.0	v1.1.0	NT=sdrf-skills-autoresearch;VV=v0.0.0
PAD000004-VX55553	Homo sapiens	Blood plasma	not available	not available	not available	107	not applicable	blood plasma	PAD000004-r00107-VX55553	protein expression profiling by antibody array	1	Example_NPX_2023-09-27.parquet	ftp://ftp.pride.ebi.ac.uk/pride/data/archive/2025/10/PAD000004/Example_NPX_2023-09-27.parquet	Olink Explore HT	NPX	Q-Plex1_SS112233_SP100001	Plate control	Olink Explore HT	Olink Explore HT	plate control normalized	NT=affinity-proteomics;VV=v1.0.0	NT=human;VV=v1.1.0	NT=olink;VV=v1.0.0	v1.1.0	NT=sdrf-skills-autoresearch;VV=v0.0.0
PAD000004-SC_SC_1_3	Homo sapiens	Blood plasma	not available	not available	not available	108	quality control sample	blood plasma	PAD000004-r00108-SC_SC_1_3	protein expression profiling by antibody array	1	Example_NPX_2023-09-27.parquet	ftp://ftp.pride.ebi.ac.uk/pride/data/archive/2025/10/PAD000004/Example_NPX_2023-09-27.parquet	Olink Explore HT	NPX	Q-Plex1_SS112233_SP100001	Plate control	Olink Explore HT	Olink Explore HT	plate control normalized	NT=affinity-proteomics;VV=v1.0.0	NT=human;VV=v1.1.0	NT=olink;VV=v1.0.0	v1.1.0	NT=sdrf-skills-autoresearch;VV=v0.0.0
PAD000004-SC_SCXY32343	Homo sapiens	Blood plasma	not available	not available	not available	109	quality control sample	blood plasma	PAD000004-r00109-SC_SCXY32343	protein expression profiling by antibody array	1	Example_NPX_2023-09-27.parquet	ftp://ftp.pride.ebi.ac.uk/pride/data/archive/2025/10/PAD000004/Example_NPX_2023-09-27.parquet	Olink Explore HT	NPX	Q-Plex1_SS112233_SP100001	Plate control	Olink Explore HT	Olink Explore HT	plate control normalized	NT=affinity-proteomics;VV=v1.0.0	NT=human;VV=v1.1.0	NT=olink;VV=v1.0.0	v1.1.0	NT=sdrf-skills-autoresearch;VV=v0.0.0
PAD000004-NEG_XA16783	Homo sapiens	Blood plasma	not available	not available	not available	110	negative control	blood plasma	PAD000004-r00110-NEG_XA16783	protein expression profiling by antibody array	1	Example_NPX_2023-09-27.parquet	ftp://ftp.pride.ebi.ac.uk/pride/data/archive/2025/10/PAD000004/Example_NPX_2023-09-27.parquet	Olink Explore HT	NPX	Q-Plex1_SS112233_SP100001	Plate control	Olink Explore HT	Olink Explore HT	plate control normalized	NT=affinity-proteomics;VV=v1.0.0	NT=human;VV=v1.1.0	NT=olink;VV=v1.0.0	v1.1.0	NT=sdrf-skills-autoresearch;VV=v0.0.0
PAD000004-ZK43213	Homo sapiens	Blood plasma	not available	not available	not available	111	not applicable	blood plasma	PAD000004-r00111-ZK43213	protein expression profiling by antibody array	1	Example_NPX_2023-09-27.parquet	ftp://ftp.pride.ebi.ac.uk/pride/data/archive/2025/10/PAD000004/Example_NPX_2023-09-27.parquet	Olink Explore HT	NPX	Q-Plex1_SS112233_SP100001	Plate control	Olink Explore HT	Olink Explore HT	plate control normalized	NT=affinity-proteomics;VV=v1.0.0	NT=human;VV=v1.1.0	NT=olink;VV=v1.0.0	v1.1.0	NT=sdrf-skills-autoresearch;VV=v0.0.0
PAD000004-SD50563	Homo sapiens	Blood plasma	not available	not available	not available	112	not applicable	blood plasma	PAD000004-r00112-SD50563	protein expression profiling by antibody array	1	Example_NPX_2023-09-27.parquet	ftp://ftp.pride.ebi.ac.uk/pride/data/archive/2025/10/PAD000004/Example_NPX_2023-09-27.parquet	Olink Explore HT	NPX	Q-Plex1_SS112233_SP100001	Plate control	Olink Explore HT	Olink Explore HT	plate control normalized	NT=affinity-proteomics;VV=v1.0.0	NT=human;VV=v1.1.0	NT=olink;VV=v1.0.0	v1.1.0	NT=sdrf-skills-autoresearch;VV=v0.0.0
PAD000004-JH11333	Homo sapiens	Blood plasma	not available	not available	not available	113	not applicable	blood plasma	PAD000004-r00113-JH11333	protein expression profiling by antibody array	1	Example_NPX_2023-09-27.parquet	ftp://ftp.pride.ebi.ac.uk/pride/data/archive/2025/10/PAD000004/Example_NPX_2023-09-27.parquet	Olink Explore HT	NPX	Q-Plex1_SS112233_SP100001	Plate control	Olink Explore HT	Olink Explore HT	plate control normalized	NT=affinity-proteomics;VV=v1.0.0	NT=human;VV=v1.1.0	NT=olink;VV=v1.0.0	v1.1.0	NT=sdrf-skills-autoresearch;VV=v0.0.0
PAD000004-SC_MN86753	Homo sapiens	Blood plasma	not available	not available	not available	114	quality control sample	blood plasma	PAD000004-r00114-SC_MN86753	protein expression profiling by antibody array	1	Example_NPX_2023-09-27.parquet	ftp://ftp.pride.ebi.ac.uk/pride/data/archive/2025/10/PAD000004/Example_NPX_2023-09-27.parquet	Olink Explore HT	NPX	Q-Plex1_SS112233_SP100001	Plate control	Olink Explore HT	Olink Explore HT	plate control normalized	NT=affinity-proteomics;VV=v1.0.0	NT=human;VV=v1.1.0	NT=olink;VV=v1.0.0	v1.1.0	NT=sdrf-skills-autoresearch;VV=v0.0.0
PAD000004-XW43973	Homo sapiens	Blood plasma	not available	not available	not available	115	not applicable	blood plasma	PAD000004-r00115-XW43973	protein expression profiling by antibody array	1	Example_NPX_2023-09-27.parquet	ftp://ftp.pride.ebi.ac.uk/pride/data/archive/2025/10/PAD000004/Example_NPX_2023-09-27.parquet	Olink Explore HT	NPX	Q-Plex1_SS112233_SP100001	Plate control	Olink Explore HT	Olink Explore HT	plate control normalized	NT=affinity-proteomics;VV=v1.0.0	NT=human;VV=v1.1.0	NT=olink;VV=v1.0.0	v1.1.0	NT=sdrf-skills-autoresearch;VV=v0.0.0
PAD000004-YY35113	Homo sapiens	Blood plasma	not available	not available	not available	116	not applicable	blood plasma	PAD000004-r00116-YY35113	protein expression profiling by antibody array	1	Example_NPX_2023-09-27.parquet	ftp://ftp.pride.ebi.ac.uk/pride/data/archive/2025/10/PAD000004/Example_NPX_2023-09-27.parquet	Olink Explore HT	NPX	Q-Plex1_SS112233_SP100001	Plate control	Olink Explore HT	Olink Explore HT	plate control normalized	NT=affinity-proteomics;VV=v1.0.0	NT=human;VV=v1.1.0	NT=olink;VV=v1.0.0	v1.1.0	NT=sdrf-skills-autoresearch;VV=v0.0.0
PAD000004-DT93653	Homo sapiens	Blood plasma	not available	not available	not available	117	not applicable	blood plasma	PAD000004-r00117-DT93653	protein expression profiling by antibody array	1	Example_NPX_2023-09-27.parquet	ftp://ftp.pride.ebi.ac.uk/pride/data/archive/2025/10/PAD000004/Example_NPX_2023-09-27.parquet	Olink Explore HT	NPX	Q-Plex1_SS112233_SP100001	Plate control	Olink Explore HT	Olink Explore HT	plate control normalized	NT=affinity-proteomics;VV=v1.0.0	NT=human;VV=v1.1.0	NT=olink;VV=v1.0.0	v1.1.0	NT=sdrf-skills-autoresearch;VV=v0.0.0
PAD000004-LH84093	Homo sapiens	Blood plasma	not available	not available	not available	118	not applicable	blood plasma	PAD000004-r00118-LH84093	protein expression profiling by antibody array	1	Example_NPX_2023-09-27.parquet	ftp://ftp.pride.ebi.ac.uk/pride/data/archive/2025/10/PAD000004/Example_NPX_2023-09-27.parquet	Olink Explore HT	NPX	Q-Plex1_SS112233_SP100001	Plate control	Olink Explore HT	Olink Explore HT	plate control normalized	NT=affinity-proteomics;VV=v1.0.0	NT=human;VV=v1.1.0	NT=olink;VV=v1.0.0	v1.1.0	NT=sdrf-skills-autoresearch;VV=v0.0.0
PAD000004-UY45553	Homo sapiens	Blood plasma	not available	not available	not available	119	not applicable	blood plasma	PAD000004-r00119-UY45553	protein expression profiling by antibody array	1	Example_NPX_2023-09-27.parquet	ftp://ftp.pride.ebi.ac.uk/pride/data/archive/2025/10/PAD000004/Example_NPX_2023-09-27.parquet	Olink Explore HT	NPX	Q-Plex1_SS112233_SP100001	Plate control	Olink Explore HT	Olink Explore HT	plate control normalized	NT=affinity-proteomics;VV=v1.0.0	NT=human;VV=v1.1.0	NT=olink;VV=v1.0.0	v1.1.0	NT=sdrf-skills-autoresearch;VV=v0.0.0
PAD000004-SC_SC2_3	Homo sapiens	Blood plasma	not available	not available	not available	120	quality control sample	blood plasma	PAD000004-r00120-SC_SC2_3	protein expression profiling by antibody array	1	Example_NPX_2023-09-27.parquet	ftp://ftp.pride.ebi.ac.uk/pride/data/archive/2025/10/PAD000004/Example_NPX_2023-09-27.parquet	Olink Explore HT	NPX	Q-Plex1_SS112233_SP100001	Plate control	Olink Explore HT	Olink Explore HT	plate control normalized	NT=affinity-proteomics;VV=v1.0.0	NT=human;VV=v1.1.0	NT=olink;VV=v1.0.0	v1.1.0	NT=sdrf-skills-autoresearch;VV=v0.0.0
PAD000004-SC_SC8173	Homo sapiens	Blood plasma	not available	not available	not available	121	quality control sample	blood plasma	PAD000004-r00121-SC_SC8173	protein expression profiling by antibody array	1	Example_NPX_2023-09-27.parquet	ftp://ftp.pride.ebi.ac.uk/pride/data/archive/2025/10/PAD000004/Example_NPX_2023-09-27.parquet	Olink Explore HT	NPX	Q-Plex1_SS112233_SP100001	Plate control	Olink Explore HT	Olink Explore HT	plate control normalized	NT=affinity-proteomics;VV=v1.0.0	NT=human;VV=v1.1.0	NT=olink;VV=v1.0.0	v1.1.0	NT=sdrf-skills-autoresearch;VV=v0.0.0
PAD000004-NEG_S81773	Homo sapiens	Blood plasma	not available	not available	not available	122	negative control	blood plasma	PAD000004-r00122-NEG_S81773	protein expression profiling by antibody array	1	Example_NPX_2023-09-27.parquet	ftp://ftp.pride.ebi.ac.uk/pride/data/archive/2025/10/PAD000004/Example_NPX_2023-09-27.parquet	Olink Explore HT	NPX	Q-Plex1_SS112233_SP100001	Plate control	Olink Explore HT	Olink Explore HT	plate control normalized	NT=affinity-proteomics;VV=v1.0.0	NT=human;VV=v1.1.0	NT=olink;VV=v1.0.0	v1.1.0	NT=sdrf-skills-autoresearch;VV=v0.0.0
PAD000004-SA0F73	Homo sapiens	Blood plasma	not available	not available	not available	123	not applicable	blood plasma	PAD000004-r00123-SA0F73	protein expression profiling by antibody array	1	Example_NPX_2023-09-27.parquet	ftp://ftp.pride.ebi.ac.uk/pride/data/archive/2025/10/PAD000004/Example_NPX_2023-09-27.parquet	Olink Explore HT	NPX	Q-Plex1_SS112233_SP100001	Plate control	Olink Explore HT	Olink Explore HT	plate control normalized	NT=affinity-proteomics;VV=v1.0.0	NT=human;VV=v1.1.0	NT=olink;VV=v1.0.0	v1.1.0	NT=sdrf-skills-autoresearch;VV=v0.0.0
PAD000004-S52F73	Homo sapiens	Blood plasma	not available	not available	not available	124	not applicable	blood plasma	PAD000004-r00124-S52F73	protein expression profiling by antibody array	1	Example_NPX_2023-09-27.parquet	ftp://ftp.pride.ebi.ac.uk/pride/data/archive/2025/10/PAD000004/Example_NPX_2023-09-27.parquet	Olink Explore HT	NPX	Q-Plex1_SS112233_SP100001	Plate control	Olink Explore HT	Olink Explore HT	plate control normalized	NT=affinity-proteomics;VV=v1.0.0	NT=human;VV=v1.1.0	NT=olink;VV=v1.0.0	v1.1.0	NT=sdrf-skills-autoresearch;VV=v0.0.0
PAD000004-S53CB3	Homo sapiens	Blood plasma	not available	not available	not available	125	not applicable	blood plasma	PAD000004-r00125-S53CB3	protein expression profiling by antibody array	1	Example_NPX_2023-09-27.parquet	ftp://ftp.pride.ebi.ac.uk/pride/data/archive/2025/10/PAD000004/Example_NPX_2023-09-27.parquet	Olink Explore HT	NPX	Q-Plex1_SS112233_SP100001	Plate control	Olink Explore HT	Olink Explore HT	plate control normalized	NT=affinity-proteomics;VV=v1.0.0	NT=human;VV=v1.1.0	NT=olink;VV=v1.0.0	v1.1.0	NT=sdrf-skills-autoresearch;VV=v0.0.0
PAD000004-SC_S8FCB3	Homo sapiens	Blood plasma	not available	not available	not available	126	quality control sample	blood plasma	PAD000004-r00126-SC_S8FCB3	protein expression profiling by antibody array	1	Example_NPX_2023-09-27.parquet	ftp://ftp.pride.ebi.ac.uk/pride/data/archive/2025/10/PAD000004/Example_NPX_2023-09-27.parquet	Olink Explore HT	NPX	Q-Plex1_SS112233_SP100001	Plate control	Olink Explore HT	Olink Explore HT	plate control normalized	NT=affinity-proteomics;VV=v1.0.0	NT=human;VV=v1.1.0	NT=olink;VV=v1.0.0	v1.1.0	NT=sdrf-skills-autoresearch;VV=v0.0.0
PAD000004-SA33F3	Homo sapiens	Blood plasma	not available	not available	not available	127	not applicable	blood plasma	PAD000004-r00127-SA33F3	protein expression profiling by antibody array	1	Example_NPX_2023-09-27.parquet	ftp://ftp.pride.ebi.ac.uk/pride/data/archive/2025/10/PAD000004/Example_NPX_2023-09-27.parquet	Olink Explore HT	NPX	Q-Plex1_SS112233_SP100001	Plate control	Olink Explore HT	Olink Explore HT	plate control normalized	NT=affinity-proteomics;VV=v1.0.0	NT=human;VV=v1.1.0	NT=olink;VV=v1.0.0	v1.1.0	NT=sdrf-skills-autoresearch;VV=v0.0.0
PAD000004-S7EF03	Homo sapiens	Blood plasma	not available	not available	not available	128	not applicable	blood plasma	PAD000004-r00128-S7EF03	protein expression profiling by antibody array	1	Example_NPX_2023-09-27.parquet	ftp://ftp.pride.ebi.ac.uk/pride/data/archive/2025/10/PAD000004/Example_NPX_2023-09-27.parquet	Olink Explore HT	NPX	Q-Plex1_SS112233_SP100001	Plate control	Olink Explore HT	Olink Explore HT	plate control normalized	NT=affinity-proteomics;VV=v1.0.0	NT=human;VV=v1.1.0	NT=olink;VV=v1.0.0	v1.1.0	NT=sdrf-skills-autoresearch;VV=v0.0.0
PAD000004-S939C3	Homo sapiens	Blood plasma	not available	not available	not available	129	not applicable	blood plasma	PAD000004-r00129-S939C3	protein expression profiling by antibody array	1	Example_NPX_2023-09-27.parquet	ftp://ftp.pride.ebi.ac.uk/pride/data/archive/2025/10/PAD000004/Example_NPX_2023-09-27.parquet	Olink Explore HT	NPX	Q-Plex1_SS112233_SP100001	Plate control	Olink Explore HT	Olink Explore HT	plate control normalized	NT=affinity-proteomics;VV=v1.0.0	NT=human;VV=v1.1.0	NT=olink;VV=v1.0.0	v1.1.0	NT=sdrf-skills-autoresearch;VV=v0.0.0
PAD000004-S897C3	Homo sapiens	Blood plasma	not available	not available	not available	130	not applicable	blood plasma	PAD000004-r00130-S897C3	protein expression profiling by antibody array	1	Example_NPX_2023-09-27.parquet	ftp://ftp.pride.ebi.ac.uk/pride/data/archive/2025/10/PAD000004/Example_NPX_2023-09-27.parquet	Olink Explore HT	NPX	Q-Plex1_SS112233_SP100001	Plate control	Olink Explore HT	Olink Explore HT	plate control normalized	NT=affinity-proteomics;VV=v1.0.0	NT=human;VV=v1.1.0	NT=olink;VV=v1.0.0	v1.1.0	NT=sdrf-skills-autoresearch;VV=v0.0.0
PAD000004-S65FC3	Homo sapiens	Blood plasma	not available	not available	not available	131	not applicable	blood plasma	PAD000004-r00131-S65FC3	protein expression profiling by antibody array	1	Example_NPX_2023-09-27.parquet	ftp://ftp.pride.ebi.ac.uk/pride/data/archive/2025/10/PAD000004/Example_NPX_2023-09-27.parquet	Olink Explore HT	NPX	Q-Plex1_SS112233_SP100001	Plate control	Olink Explore HT	Olink Explore HT	plate control normalized	NT=affinity-proteomics;VV=v1.0.0	NT=human;VV=v1.1.0	NT=olink;VV=v1.0.0	v1.1.0	NT=sdrf-skills-autoresearch;VV=v0.0.0
PAD000004-SC_SC928475S-31	Homo sapiens	Blood plasma	not available	not available	not available	132	quality control sample	blood plasma	PAD000004-r00132-SC_SC928475S-31	protein expression profiling by antibody array	1	Example_NPX_2023-09-27.parquet	ftp://ftp.pride.ebi.ac.uk/pride/data/archive/2025/10/PAD000004/Example_NPX_2023-09-27.parquet	Olink Explore HT	NPX	Q-Plex1_SS112233_SP100001	Plate control	Olink Explore HT	Olink Explore HT	plate control normalized	NT=affinity-proteomics;VV=v1.0.0	NT=human;VV=v1.1.0	NT=olink;VV=v1.0.0	v1.1.0	NT=sdrf-skills-autoresearch;VV=v0.0.0
PAD000004-PC_SFCC53	Homo sapiens	Blood plasma	not available	not available	not available	133	plate control	blood plasma	PAD000004-r00133-PC_SFCC53	protein expression profiling by antibody array	1	Example_NPX_2023-09-27.parquet	ftp://ftp.pride.ebi.ac.uk/pride/data/archive/2025/10/PAD000004/Example_NPX_2023-09-27.parquet	Olink Explore HT	NPX	Q-Plex1_SS112233_SP100001	Plate control	Olink Explore HT	Olink Explore HT	plate control normalized	NT=affinity-proteomics;VV=v1.0.0	NT=human;VV=v1.1.0	NT=olink;VV=v1.0.0	v1.1.0	NT=sdrf-skills-autoresearch;VV=v0.0.0
PAD000004-S4DFE3	Homo sapiens	Blood plasma	not available	not available	not available	134	not applicable	blood plasma	PAD000004-r00134-S4DFE3	protein expression profiling by antibody array	1	Example_NPX_2023-09-27.parquet	ftp://ftp.pride.ebi.ac.uk/pride/data/archive/2025/10/PAD000004/Example_NPX_2023-09-27.parquet	Olink Explore HT	NPX	Q-Plex1_SS112233_SP100001	Plate control	Olink Explore HT	Olink Explore HT	plate control normalized	NT=affinity-proteomics;VV=v1.0.0	NT=human;VV=v1.1.0	NT=olink;VV=v1.0.0	v1.1.0	NT=sdrf-skills-autoresearch;VV=v0.0.0
PAD000004-SE8473	Homo sapiens	Blood plasma	not available	not available	not available	135	not applicable	blood plasma	PAD000004-r00135-SE8473	protein expression profiling by antibody array	1	Example_NPX_2023-09-27.parquet	ftp://ftp.pride.ebi.ac.uk/pride/data/archive/2025/10/PAD000004/Example_NPX_2023-09-27.parquet	Olink Explore HT	NPX	Q-Plex1_SS112233_SP100001	Plate control	Olink Explore HT	Olink Explore HT	plate control normalized	NT=affinity-proteomics;VV=v1.0.0	NT=human;VV=v1.1.0	NT=olink;VV=v1.0.0	v1.1.0	NT=sdrf-skills-autoresearch;VV=v0.0.0
PAD000004-S275F3	Homo sapiens	Blood plasma	not available	not available	not available	136	not applicable	blood plasma	PAD000004-r00136-S275F3	protein expression profiling by antibody array	1	Example_NPX_2023-09-27.parquet	ftp://ftp.pride.ebi.ac.uk/pride/data/archive/2025/10/PAD000004/Example_NPX_2023-09-27.parquet	Olink Explore HT	NPX	Q-Plex1_SS112233_SP100001	Plate control	Olink Explore HT	Olink Explore HT	plate control normalized	NT=affinity-proteomics;VV=v1.0.0	NT=human;VV=v1.1.0	NT=olink;VV=v1.0.0	v1.1.0	NT=sdrf-skills-autoresearch;VV=v0.0.0
PAD000004-S857F3	Homo sapiens	Blood plasma	not available	not available	not available	137	not applicable	blood plasma	PAD000004-r00137-S857F3	protein expression profiling by antibody array	1	Example_NPX_2023-09-27.parquet	ftp://ftp.pride.ebi.ac.uk/pride/data/archive/2025/10/PAD000004/Example_NPX_2023-09-27.parquet	Olink Explore HT	NPX	Q-Plex1_SS112233_SP100001	Plate control	Olink Explore HT	Olink Explore HT	plate control normalized	NT=affinity-proteomics;VV=v1.0.0	NT=human;VV=v1.1.0	NT=olink;VV=v1.0.0	v1.1.0	NT=sdrf-skills-autoresearch;VV=v0.0.0
PAD000004-PC_S87C03	Homo sapiens	Blood plasma	not available	not available	not available	138	plate control	blood plasma	PAD000004-r00138-PC_S87C03	protein expression profiling by antibody array	1	Example_NPX_2023-09-27.parquet	ftp://ftp.pride.ebi.ac.uk/pride/data/archive/2025/10/PAD000004/Example_NPX_2023-09-27.parquet	Olink Explore HT	NPX	Q-Plex1_SS112233_SP100001	Plate control	Olink Explore HT	Olink Explore HT	plate control normalized	NT=affinity-proteomics;VV=v1.0.0	NT=human;VV=v1.1.0	NT=olink;VV=v1.0.0	v1.1.0	NT=sdrf-skills-autoresearch;VV=v0.0.0
PAD000004-S10643	Homo sapiens	Blood plasma	not available	not available	not available	139	not applicable	blood plasma	PAD000004-r00139-S10643	protein expression profiling by antibody array	1	Example_NPX_2023-09-27.parquet	ftp://ftp.pride.ebi.ac.uk/pride/data/archive/2025/10/PAD000004/Example_NPX_2023-09-27.parquet	Olink Explore HT	NPX	Q-Plex1_SS112233_SP100001	Plate control	Olink Explore HT	Olink Explore HT	plate control normalized	NT=affinity-proteomics;VV=v1.0.0	NT=human;VV=v1.1.0	NT=olink;VV=v1.0.0	v1.1.0	NT=sdrf-skills-autoresearch;VV=v0.0.0
PAD000004-S0C653	Homo sapiens	Blood plasma	not available	not available	not available	140	not applicable	blood plasma	PAD000004-r00140-S0C653	protein expression profiling by antibody array	1	Example_NPX_2023-09-27.parquet	ftp://ftp.pride.ebi.ac.uk/pride/data/archive/2025/10/PAD000004/Example_NPX_2023-09-27.parquet	Olink Explore HT	NPX	Q-Plex1_SS112233_SP100001	Plate control	Olink Explore HT	Olink Explore HT	plate control normalized	NT=affinity-proteomics;VV=v1.0.0	NT=human;VV=v1.1.0	NT=olink;VV=v1.0.0	v1.1.0	NT=sdrf-skills-autoresearch;VV=v0.0.0
PAD000004-S2F763	Homo sapiens	Blood plasma	not available	not available	not available	141	not applicable	blood plasma	PAD000004-r00141-S2F763	protein expression profiling by antibody array	1	Example_NPX_2023-09-27.parquet	ftp://ftp.pride.ebi.ac.uk/pride/data/archive/2025/10/PAD000004/Example_NPX_2023-09-27.parquet	Olink Explore HT	NPX	Q-Plex1_SS112233_SP100001	Plate control	Olink Explore HT	Olink Explore HT	plate control normalized	NT=affinity-proteomics;VV=v1.0.0	NT=human;VV=v1.1.0	NT=olink;VV=v1.0.0	v1.1.0	NT=sdrf-skills-autoresearch;VV=v0.0.0
PAD000004-S15B33	Homo sapiens	Blood plasma	not available	not available	not available	142	not applicable	blood plasma	PAD000004-r00142-S15B33	protein expression profiling by antibody array	1	Example_NPX_2023-09-27.parquet	ftp://ftp.pride.ebi.ac.uk/pride/data/archive/2025/10/PAD000004/Example_NPX_2023-09-27.parquet	Olink Explore HT	NPX	Q-Plex1_SS112233_SP100001	Plate control	Olink Explore HT	Olink Explore HT	plate control normalized	NT=affinity-proteomics;VV=v1.0.0	NT=human;VV=v1.1.0	NT=olink;VV=v1.0.0	v1.1.0	NT=sdrf-skills-autoresearch;VV=v0.0.0
PAD000004-SD4173	Homo sapiens	Blood plasma	not available	not available	not available	143	not applicable	blood plasma	PAD000004-r00143-SD4173	protein expression profiling by antibody array	1	Example_NPX_2023-09-27.parquet	ftp://ftp.pride.ebi.ac.uk/pride/data/archive/2025/10/PAD000004/Example_NPX_2023-09-27.parquet	Olink Explore HT	NPX	Q-Plex1_SS112233_SP100001	Plate control	Olink Explore HT	Olink Explore HT	plate control normalized	NT=affinity-proteomics;VV=v1.0.0	NT=human;VV=v1.1.0	NT=olink;VV=v1.0.0	v1.1.0	NT=sdrf-skills-autoresearch;VV=v0.0.0
PAD000004-PC_THSDF-32	Homo sapiens	Blood plasma	not available	not available	not available	144	plate control	blood plasma	PAD000004-r00144-PC_THSDF-32	protein expression profiling by antibody array	1	Example_NPX_2023-09-27.parquet	ftp://ftp.pride.ebi.ac.uk/pride/data/archive/2025/10/PAD000004/Example_NPX_2023-09-27.parquet	Olink Explore HT	NPX	Q-Plex1_SS112233_SP100001	Plate control	Olink Explore HT	Olink Explore HT	plate control normalized	NT=affinity-proteomics;VV=v1.0.0	NT=human;VV=v1.1.0	NT=olink;VV=v1.0.0	v1.1.0	NT=sdrf-skills-autoresearch;VV=v0.0.0
PAD000004-PC_S45CB3	Homo sapiens	Blood plasma	not available	not available	not available	145	plate control	blood plasma	PAD000004-r00145-PC_S45CB3	protein expression profiling by antibody array	1	Example_NPX_2023-09-27.parquet	ftp://ftp.pride.ebi.ac.uk/pride/data/archive/2025/10/PAD000004/Example_NPX_2023-09-27.parquet	Olink Explore HT	NPX	Q-Plex1_SS112233_SP100001	Plate control	Olink Explore HT	Olink Explore HT	plate control normalized	NT=affinity-proteomics;VV=v1.0.0	NT=human;VV=v1.1.0	NT=olink;VV=v1.0.0	v1.1.0	NT=sdrf-skills-autoresearch;VV=v0.0.0
PAD000004-SC17B3	Homo sapiens	Blood plasma	not available	not available	not available	146	not applicable	blood plasma	PAD000004-r00146-SC17B3	protein expression profiling by antibody array	1	Example_NPX_2023-09-27.parquet	ftp://ftp.pride.ebi.ac.uk/pride/data/archive/2025/10/PAD000004/Example_NPX_2023-09-27.parquet	Olink Explore HT	NPX	Q-Plex1_SS112233_SP100001	Plate control	Olink Explore HT	Olink Explore HT	plate control normalized	NT=affinity-proteomics;VV=v1.0.0	NT=human;VV=v1.1.0	NT=olink;VV=v1.0.0	v1.1.0	NT=sdrf-skills-autoresearch;VV=v0.0.0
PAD000004-S174F3	Homo sapiens	Blood plasma	not available	not available	not available	147	not applicable	blood plasma	PAD000004-r00147-S174F3	protein expression profiling by antibody array	1	Example_NPX_2023-09-27.parquet	ftp://ftp.pride.ebi.ac.uk/pride/data/archive/2025/10/PAD000004/Example_NPX_2023-09-27.parquet	Olink Explore HT	NPX	Q-Plex1_SS112233_SP100001	Plate control	Olink Explore HT	Olink Explore HT	plate control normalized	NT=affinity-proteomics;VV=v1.0.0	NT=human;VV=v1.1.0	NT=olink;VV=v1.0.0	v1.1.0	NT=sdrf-skills-autoresearch;VV=v0.0.0
PAD000004-S17813	Homo sapiens	Blood plasma	not available	not available	not available	148	not applicable	blood plasma	PAD000004-r00148-S17813	protein expression profiling by antibody array	1	Example_NPX_2023-09-27.parquet	ftp://ftp.pride.ebi.ac.uk/pride/data/archive/2025/10/PAD000004/Example_NPX_2023-09-27.parquet	Olink Explore HT	NPX	Q-Plex1_SS112233_SP100001	Plate control	Olink Explore HT	Olink Explore HT	plate control normalized	NT=affinity-proteomics;VV=v1.0.0	NT=human;VV=v1.1.0	NT=olink;VV=v1.0.0	v1.1.0	NT=sdrf-skills-autoresearch;VV=v0.0.0
PAD000004-SB1C53	Homo sapiens	Blood plasma	not available	not available	not available	149	not applicable	blood plasma	PAD000004-r00149-SB1C53	protein expression profiling by antibody array	1	Example_NPX_2023-09-27.parquet	ftp://ftp.pride.ebi.ac.uk/pride/data/archive/2025/10/PAD000004/Example_NPX_2023-09-27.parquet	Olink Explore HT	NPX	Q-Plex1_SS112233_SP100001	Plate control	Olink Explore HT	Olink Explore HT	plate control normalized	NT=affinity-proteomics;VV=v1.0.0	NT=human;VV=v1.1.0	NT=olink;VV=v1.0.0	v1.1.0	NT=sdrf-skills-autoresearch;VV=v0.0.0
PAD000004-PC_S0D6D3	Homo sapiens	Blood plasma	not available	not available	not available	150	plate control	blood plasma	PAD000004-r00150-PC_S0D6D3	protein expression profiling by antibody array	1	Example_NPX_2023-09-27.parquet	ftp://ftp.pride.ebi.ac.uk/pride/data/archive/2025/10/PAD000004/Example_NPX_2023-09-27.parquet	Olink Explore HT	NPX	Q-Plex1_SS112233_SP100001	Plate control	Olink Explore HT	Olink Explore HT	plate control normalized	NT=affinity-proteomics;VV=v1.0.0	NT=human;VV=v1.1.0	NT=olink;VV=v1.0.0	v1.1.0	NT=sdrf-skills-autoresearch;VV=v0.0.0
PAD000004-S35BD3	Homo sapiens	Blood plasma	not available	not available	not available	151	not applicable	blood plasma	PAD000004-r00151-S35BD3	protein expression profiling by antibody array	1	Example_NPX_2023-09-27.parquet	ftp://ftp.pride.ebi.ac.uk/pride/data/archive/2025/10/PAD000004/Example_NPX_2023-09-27.parquet	Olink Explore HT	NPX	Q-Plex1_SS112233_SP100001	Plate control	Olink Explore HT	Olink Explore HT	plate control normalized	NT=affinity-proteomics;VV=v1.0.0	NT=human;VV=v1.1.0	NT=olink;VV=v1.0.0	v1.1.0	NT=sdrf-skills-autoresearch;VV=v0.0.0
PAD000004-S16F23	Homo sapiens	Blood plasma	not available	not available	not available	152	not applicable	blood plasma	PAD000004-r00152-S16F23	protein expression profiling by antibody array	1	Example_NPX_2023-09-27.parquet	ftp://ftp.pride.ebi.ac.uk/pride/data/archive/2025/10/PAD000004/Example_NPX_2023-09-27.parquet	Olink Explore HT	NPX	Q-Plex1_SS112233_SP100001	Plate control	Olink Explore HT	Olink Explore HT	plate control normalized	NT=affinity-proteomics;VV=v1.0.0	NT=human;VV=v1.1.0	NT=olink;VV=v1.0.0	v1.1.0	NT=sdrf-skills-autoresearch;VV=v0.0.0
PAD000004-S1D033	Homo sapiens	Blood plasma	not available	not available	not available	153	not applicable	blood plasma	PAD000004-r00153-S1D033	protein expression profiling by antibody array	1	Example_NPX_2023-09-27.parquet	ftp://ftp.pride.ebi.ac.uk/pride/data/archive/2025/10/PAD000004/Example_NPX_2023-09-27.parquet	Olink Explore HT	NPX	Q-Plex1_SS112233_SP100001	Plate control	Olink Explore HT	Olink Explore HT	plate control normalized	NT=affinity-proteomics;VV=v1.0.0	NT=human;VV=v1.1.0	NT=olink;VV=v1.0.0	v1.1.0	NT=sdrf-skills-autoresearch;VV=v0.0.0
PAD000004-SCF473	Homo sapiens	Blood plasma	not available	not available	not available	154	not applicable	blood plasma	PAD000004-r00154-SCF473	protein expression profiling by antibody array	1	Example_NPX_2023-09-27.parquet	ftp://ftp.pride.ebi.ac.uk/pride/data/archive/2025/10/PAD000004/Example_NPX_2023-09-27.parquet	Olink Explore HT	NPX	Q-Plex1_SS112233_SP100001	Plate control	Olink Explore HT	Olink Explore HT	plate control normalized	NT=affinity-proteomics;VV=v1.0.0	NT=human;VV=v1.1.0	NT=olink;VV=v1.0.0	v1.1.0	NT=sdrf-skills-autoresearch;VV=v0.0.0
PAD000004-S53B73	Homo sapiens	Blood plasma	not available	not available	not available	155	not applicable	blood plasma	PAD000004-r00155-S53B73	protein expression profiling by antibody array	1	Example_NPX_2023-09-27.parquet	ftp://ftp.pride.ebi.ac.uk/pride/data/archive/2025/10/PAD000004/Example_NPX_2023-09-27.parquet	Olink Explore HT	NPX	Q-Plex1_SS112233_SP100001	Plate control	Olink Explore HT	Olink Explore HT	plate control normalized	NT=affinity-proteomics;VV=v1.0.0	NT=human;VV=v1.1.0	NT=olink;VV=v1.0.0	v1.1.0	NT=sdrf-skills-autoresearch;VV=v0.0.0
PAD000004-PC_EFSBUS-33	Homo sapiens	Blood plasma	not available	not available	not available	156	plate control	blood plasma	PAD000004-r00156-PC_EFSBUS-33	protein expression profiling by antibody array	1	Example_NPX_2023-09-27.parquet	ftp://ftp.pride.ebi.ac.uk/pride/data/archive/2025/10/PAD000004/Example_NPX_2023-09-27.parquet	Olink Explore HT	NPX	Q-Plex1_SS112233_SP100001	Plate control	Olink Explore HT	Olink Explore HT	plate control normalized	NT=affinity-proteomics;VV=v1.0.0	NT=human;VV=v1.1.0	NT=olink;VV=v1.0.0	v1.1.0	NT=sdrf-skills-autoresearch;VV=v0.0.0
PAD000004-PC_S161F3	Homo sapiens	Blood plasma	not available	not available	not available	157	plate control	blood plasma	PAD000004-r00157-PC_S161F3	protein expression profiling by antibody array	1	Example_NPX_2023-09-27.parquet	ftp://ftp.pride.ebi.ac.uk/pride/data/archive/2025/10/PAD000004/Example_NPX_2023-09-27.parquet	Olink Explore HT	NPX	Q-Plex1_SS112233_SP100001	Plate control	Olink Explore HT	Olink Explore HT	plate control normalized	NT=affinity-proteomics;VV=v1.0.0	NT=human;VV=v1.1.0	NT=olink;VV=v1.0.0	v1.1.0	NT=sdrf-skills-autoresearch;VV=v0.0.0
PAD000004-S6D2C3	Homo sapiens	Blood plasma	not available	not available	not available	158	not applicable	blood plasma	PAD000004-r00158-S6D2C3	protein expression profiling by antibody array	1	Example_NPX_2023-09-27.parquet	ftp://ftp.pride.ebi.ac.uk/pride/data/archive/2025/10/PAD000004/Example_NPX_2023-09-27.parquet	Olink Explore HT	NPX	Q-Plex1_SS112233_SP100001	Plate control	Olink Explore HT	Olink Explore HT	plate control normalized	NT=affinity-proteomics;VV=v1.0.0	NT=human;VV=v1.1.0	NT=olink;VV=v1.0.0	v1.1.0	NT=sdrf-skills-autoresearch;VV=v0.0.0
PAD000004-SA17C3	Homo sapiens	Blood plasma	not available	not available	not available	159	not applicable	blood plasma	PAD000004-r00159-SA17C3	protein expression profiling by antibody array	1	Example_NPX_2023-09-27.parquet	ftp://ftp.pride.ebi.ac.uk/pride/data/archive/2025/10/PAD000004/Example_NPX_2023-09-27.parquet	Olink Explore HT	NPX	Q-Plex1_SS112233_SP100001	Plate control	Olink Explore HT	Olink Explore HT	plate control normalized	NT=affinity-proteomics;VV=v1.0.0	NT=human;VV=v1.1.0	NT=olink;VV=v1.0.0	v1.1.0	NT=sdrf-skills-autoresearch;VV=v0.0.0
PAD000004-SD4DD3	Homo sapiens	Blood plasma	not available	not available	not available	160	not applicable	blood plasma	PAD000004-r00160-SD4DD3	protein expression profiling by antibody array	1	Example_NPX_2023-09-27.parquet	ftp://ftp.pride.ebi.ac.uk/pride/data/archive/2025/10/PAD000004/Example_NPX_2023-09-27.parquet	Olink Explore HT	NPX	Q-Plex1_SS112233_SP100001	Plate control	Olink Explore HT	Olink Explore HT	plate control normalized	NT=affinity-proteomics;VV=v1.0.0	NT=human;VV=v1.1.0	NT=olink;VV=v1.0.0	v1.1.0	NT=sdrf-skills-autoresearch;VV=v0.0.0
PAD000004-NEG_S41173	Homo sapiens	Blood plasma	not available	not available	not available	161	negative control	blood plasma	PAD000004-r00161-NEG_S41173	protein expression profiling by antibody array	1	Example_NPX_2023-09-27.parquet	ftp://ftp.pride.ebi.ac.uk/pride/data/archive/2025/10/PAD000004/Example_NPX_2023-09-27.parquet	Olink Explore HT	NPX	Q-Plex1_SS112233_SP100001	Plate control	Olink Explore HT	Olink Explore HT	plate control normalized	NT=affinity-proteomics;VV=v1.0.0	NT=human;VV=v1.1.0	NT=olink;VV=v1.0.0	v1.1.0	NT=sdrf-skills-autoresearch;VV=v0.0.0
PAD000004-PC_S35EB3	Homo sapiens	Blood plasma	not available	not available	not available	162	plate control	blood plasma	PAD000004-r00162-PC_S35EB3	protein expression profiling by antibody array	1	Example_NPX_2023-09-27.parquet	ftp://ftp.pride.ebi.ac.uk/pride/data/archive/2025/10/PAD000004/Example_NPX_2023-09-27.parquet	Olink Explore HT	NPX	Q-Plex1_SS112233_SP100001	Plate control	Olink Explore HT	Olink Explore HT	plate control normalized	NT=affinity-proteomics;VV=v1.0.0	NT=human;VV=v1.1.0	NT=olink;VV=v1.0.0	v1.1.0	NT=sdrf-skills-autoresearch;VV=v0.0.0
PAD000004-S445F3	Homo sapiens	Blood plasma	not available	not available	not available	163	not applicable	blood plasma	PAD000004-r00163-S445F3	protein expression profiling by antibody array	1	Example_NPX_2023-09-27.parquet	ftp://ftp.pride.ebi.ac.uk/pride/data/archive/2025/10/PAD000004/Example_NPX_2023-09-27.parquet	Olink Explore HT	NPX	Q-Plex1_SS112233_SP100001	Plate control	Olink Explore HT	Olink Explore HT	plate control normalized	NT=affinity-proteomics;VV=v1.0.0	NT=human;VV=v1.1.0	NT=olink;VV=v1.0.0	v1.1.0	NT=sdrf-skills-autoresearch;VV=v0.0.0
PAD000004-SACD03	Homo sapiens	Blood plasma	not available	not available	not available	164	not applicable	blood plasma	PAD000004-r00164-SACD03	protein expression profiling by antibody array	1	Example_NPX_2023-09-27.parquet	ftp://ftp.pride.ebi.ac.uk/pride/data/archive/2025/10/PAD000004/Example_NPX_2023-09-27.parquet	Olink Explore HT	NPX	Q-Plex1_SS112233_SP100001	Plate control	Olink Explore HT	Olink Explore HT	plate control normalized	NT=affinity-proteomics;VV=v1.0.0	NT=human;VV=v1.1.0	NT=olink;VV=v1.0.0	v1.1.0	NT=sdrf-skills-autoresearch;VV=v0.0.0
PAD000004-SD13C3	Homo sapiens	Blood plasma	not available	not available	not available	165	not applicable	blood plasma	PAD000004-r00165-SD13C3	protein expression profiling by antibody array	1	Example_NPX_2023-09-27.parquet	ftp://ftp.pride.ebi.ac.uk/pride/data/archive/2025/10/PAD000004/Example_NPX_2023-09-27.parquet	Olink Explore HT	NPX	Q-Plex1_SS112233_SP100001	Plate control	Olink Explore HT	Olink Explore HT	plate control normalized	NT=affinity-proteomics;VV=v1.0.0	NT=human;VV=v1.1.0	NT=olink;VV=v1.0.0	v1.1.0	NT=sdrf-skills-autoresearch;VV=v0.0.0
PAD000004-SAC413	Homo sapiens	Blood plasma	not available	not available	not available	166	not applicable	blood plasma	PAD000004-r00166-SAC413	protein expression profiling by antibody array	1	Example_NPX_2023-09-27.parquet	ftp://ftp.pride.ebi.ac.uk/pride/data/archive/2025/10/PAD000004/Example_NPX_2023-09-27.parquet	Olink Explore HT	NPX	Q-Plex1_SS112233_SP100001	Plate control	Olink Explore HT	Olink Explore HT	plate control normalized	NT=affinity-proteomics;VV=v1.0.0	NT=human;VV=v1.1.0	NT=olink;VV=v1.0.0	v1.1.0	NT=sdrf-skills-autoresearch;VV=v0.0.0
PAD000004-NEG_SAC113	Homo sapiens	Blood plasma	not available	not available	not available	167	negative control	blood plasma	PAD000004-r00167-NEG_SAC113	protein expression profiling by antibody array	1	Example_NPX_2023-09-27.parquet	ftp://ftp.pride.ebi.ac.uk/pride/data/archive/2025/10/PAD000004/Example_NPX_2023-09-27.parquet	Olink Explore HT	NPX	Q-Plex1_SS112233_SP100001	Plate control	Olink Explore HT	Olink Explore HT	plate control normalized	NT=affinity-proteomics;VV=v1.0.0	NT=human;VV=v1.1.0	NT=olink;VV=v1.0.0	v1.1.0	NT=sdrf-skills-autoresearch;VV=v0.0.0
PAD000004-PC_FEWTS-31	Homo sapiens	Blood plasma	not available	not available	not available	168	plate control	blood plasma	PAD000004-r00168-PC_FEWTS-31	protein expression profiling by antibody array	1	Example_NPX_2023-09-27.parquet	ftp://ftp.pride.ebi.ac.uk/pride/data/archive/2025/10/PAD000004/Example_NPX_2023-09-27.parquet	Olink Explore HT	NPX	Q-Plex1_SS112233_SP100001	Plate control	Olink Explore HT	Olink Explore HT	plate control normalized	NT=affinity-proteomics;VV=v1.0.0	NT=human;VV=v1.1.0	NT=olink;VV=v1.0.0	v1.1.0	NT=sdrf-skills-autoresearch;VV=v0.0.0
PAD000004-PC_SC34D3	Homo sapiens	Blood plasma	not available	not available	not available	169	plate control	blood plasma	PAD000004-r00169-PC_SC34D3	protein expression profiling by antibody array	1	Example_NPX_2023-09-27.parquet	ftp://ftp.pride.ebi.ac.uk/pride/data/archive/2025/10/PAD000004/Example_NPX_2023-09-27.parquet	Olink Explore HT	NPX	Q-Plex1_SS112233_SP100001	Plate control	Olink Explore HT	Olink Explore HT	plate control normalized	NT=affinity-proteomics;VV=v1.0.0	NT=human;VV=v1.1.0	NT=olink;VV=v1.0.0	v1.1.0	NT=sdrf-skills-autoresearch;VV=v0.0.0
PAD000004-SBE1D3	Homo sapiens	Blood plasma	not available	not available	not available	170	not applicable	blood plasma	PAD000004-r00170-SBE1D3	protein expression profiling by antibody array	1	Example_NPX_2023-09-27.parquet	ftp://ftp.pride.ebi.ac.uk/pride/data/archive/2025/10/PAD000004/Example_NPX_2023-09-27.parquet	Olink Explore HT	NPX	Q-Plex1_SS112233_SP100001	Plate control	Olink Explore HT	Olink Explore HT	plate control normalized	NT=affinity-proteomics;VV=v1.0.0	NT=human;VV=v1.1.0	NT=olink;VV=v1.0.0	v1.1.0	NT=sdrf-skills-autoresearch;VV=v0.0.0
PAD000004-S35FD3	Homo sapiens	Blood plasma	not available	not available	not available	171	not applicable	blood plasma	PAD000004-r00171-S35FD3	protein expression profiling by antibody array	1	Example_NPX_2023-09-27.parquet	ftp://ftp.pride.ebi.ac.uk/pride/data/archive/2025/10/PAD000004/Example_NPX_2023-09-27.parquet	Olink Explore HT	NPX	Q-Plex1_SS112233_SP100001	Plate control	Olink Explore HT	Olink Explore HT	plate control normalized	NT=affinity-proteomics;VV=v1.0.0	NT=human;VV=v1.1.0	NT=olink;VV=v1.0.0	v1.1.0	NT=sdrf-skills-autoresearch;VV=v0.0.0
PAD000004-S35D73	Homo sapiens	Blood plasma	not available	not available	not available	172	not applicable	blood plasma	PAD000004-r00172-S35D73	protein expression profiling by antibody array	1	Example_NPX_2023-09-27.parquet	ftp://ftp.pride.ebi.ac.uk/pride/data/archive/2025/10/PAD000004/Example_NPX_2023-09-27.parquet	Olink Explore HT	NPX	Q-Plex1_SS112233_SP100001	Plate control	Olink Explore HT	Olink Explore HT	plate control normalized	NT=affinity-proteomics;VV=v1.0.0	NT=human;VV=v1.1.0	NT=olink;VV=v1.0.0	v1.1.0	NT=sdrf-skills-autoresearch;VV=v0.0.0
PAD000004-NEG_SF14F3	Homo sapiens	Blood plasma	not available	not available	not available	173	negative control	blood plasma	PAD000004-r00173-NEG_SF14F3	protein expression profiling by antibody array	1	Example_NPX_2023-09-27.parquet	ftp://ftp.pride.ebi.ac.uk/pride/data/archive/2025/10/PAD000004/Example_NPX_2023-09-27.parquet	Olink Explore HT	NPX	Q-Plex1_SS112233_SP100001	Plate control	Olink Explore HT	Olink Explore HT	plate control normalized	NT=affinity-proteomics;VV=v1.0.0	NT=human;VV=v1.1.0	NT=olink;VV=v1.0.0	v1.1.0	NT=sdrf-skills-autoresearch;VV=v0.0.0
PAD000004-PC_S353F3	Homo sapiens	Blood plasma	not available	not available	not available	174	plate control	blood plasma	PAD000004-r00174-PC_S353F3	protein expression profiling by antibody array	1	Example_NPX_2023-09-27.parquet	ftp://ftp.pride.ebi.ac.uk/pride/data/archive/2025/10/PAD000004/Example_NPX_2023-09-27.parquet	Olink Explore HT	NPX	Q-Plex1_SS112233_SP100001	Plate control	Olink Explore HT	Olink Explore HT	plate control normalized	NT=affinity-proteomics;VV=v1.0.0	NT=human;VV=v1.1.0	NT=olink;VV=v1.0.0	v1.1.0	NT=sdrf-skills-autoresearch;VV=v0.0.0
PAD000004-S14C53	Homo sapiens	Blood plasma	not available	not available	not available	175	not applicable	blood plasma	PAD000004-r00175-S14C53	protein expression profiling by antibody array	1	Example_NPX_2023-09-27.parquet	ftp://ftp.pride.ebi.ac.uk/pride/data/archive/2025/10/PAD000004/Example_NPX_2023-09-27.parquet	Olink Explore HT	NPX	Q-Plex1_SS112233_SP100001	Plate control	Olink Explore HT	Olink Explore HT	plate control normalized	NT=affinity-proteomics;VV=v1.0.0	NT=human;VV=v1.1.0	NT=olink;VV=v1.0.0	v1.1.0	NT=sdrf-skills-autoresearch;VV=v0.0.0
PAD000004-S04D23	Homo sapiens	Blood plasma	not available	not available	not available	176	not applicable	blood plasma	PAD000004-r00176-S04D23	protein expression profiling by antibody array	1	Example_NPX_2023-09-27.parquet	ftp://ftp.pride.ebi.ac.uk/pride/data/archive/2025/10/PAD000004/Example_NPX_2023-09-27.parquet	Olink Explore HT	NPX	Q-Plex1_SS112233_SP100001	Plate control	Olink Explore HT	Olink Explore HT	plate control normalized	NT=affinity-proteomics;VV=v1.0.0	NT=human;VV=v1.1.0	NT=olink;VV=v1.0.0	v1.1.0	NT=sdrf-skills-autoresearch;VV=v0.0.0
PAD000004-S10263	Homo sapiens	Blood plasma	not available	not available	not available	177	not applicable	blood plasma	PAD000004-r00177-S10263	protein expression profiling by antibody array	1	Example_NPX_2023-09-27.parquet	ftp://ftp.pride.ebi.ac.uk/pride/data/archive/2025/10/PAD000004/Example_NPX_2023-09-27.parquet	Olink Explore HT	NPX	Q-Plex1_SS112233_SP100001	Plate control	Olink Explore HT	Olink Explore HT	plate control normalized	NT=affinity-proteomics;VV=v1.0.0	NT=human;VV=v1.1.0	NT=olink;VV=v1.0.0	v1.1.0	NT=sdrf-skills-autoresearch;VV=v0.0.0
PAD000004-S7DF63	Homo sapiens	Blood plasma	not available	not available	not available	178	not applicable	blood plasma	PAD000004-r00178-S7DF63	protein expression profiling by antibody array	1	Example_NPX_2023-09-27.parquet	ftp://ftp.pride.ebi.ac.uk/pride/data/archive/2025/10/PAD000004/Example_NPX_2023-09-27.parquet	Olink Explore HT	NPX	Q-Plex1_SS112233_SP100001	Plate control	Olink Explore HT	Olink Explore HT	plate control normalized	NT=affinity-proteomics;VV=v1.0.0	NT=human;VV=v1.1.0	NT=olink;VV=v1.0.0	v1.1.0	NT=sdrf-skills-autoresearch;VV=v0.0.0
PAD000004-NEG_SE8773	Homo sapiens	Blood plasma	not available	not available	not available	179	negative control	blood plasma	PAD000004-r00179-NEG_SE8773	protein expression profiling by antibody array	1	Example_NPX_2023-09-27.parquet	ftp://ftp.pride.ebi.ac.uk/pride/data/archive/2025/10/PAD000004/Example_NPX_2023-09-27.parquet	Olink Explore HT	NPX	Q-Plex1_SS112233_SP100001	Plate control	Olink Explore HT	Olink Explore HT	plate control normalized	NT=affinity-proteomics;VV=v1.0.0	NT=human;VV=v1.1.0	NT=olink;VV=v1.0.0	v1.1.0	NT=sdrf-skills-autoresearch;VV=v0.0.0
PAD000004-PC_XLDKWS-32	Homo sapiens	Blood plasma	not available	not available	not available	180	plate control	blood plasma	PAD000004-r00180-PC_XLDKWS-32	protein expression profiling by antibody array	1	Example_NPX_2023-09-27.parquet	ftp://ftp.pride.ebi.ac.uk/pride/data/archive/2025/10/PAD000004/Example_NPX_2023-09-27.parquet	Olink Explore HT	NPX	Q-Plex1_SS112233_SP100001	Plate control	Olink Explore HT	Olink Explore HT	plate control normalized	NT=affinity-proteomics;VV=v1.0.0	NT=human;VV=v1.1.0	NT=olink;VV=v1.0.0	v1.1.0	NT=sdrf-skills-autoresearch;VV=v0.0.0
PAD000004-PC_SCF7B3	Homo sapiens	Blood plasma	not available	not available	not available	181	plate control	blood plasma	PAD000004-r00181-PC_SCF7B3	protein expression profiling by antibody array	1	Example_NPX_2023-09-27.parquet	ftp://ftp.pride.ebi.ac.uk/pride/data/archive/2025/10/PAD000004/Example_NPX_2023-09-27.parquet	Olink Explore HT	NPX	Q-Plex1_SS112233_SP100001	Plate control	Olink Explore HT	Olink Explore HT	plate control normalized	NT=affinity-proteomics;VV=v1.0.0	NT=human;VV=v1.1.0	NT=olink;VV=v1.0.0	v1.1.0	NT=sdrf-skills-autoresearch;VV=v0.0.0
PAD000004-S84D43	Homo sapiens	Blood plasma	not available	not available	not available	182	not applicable	blood plasma	PAD000004-r00182-S84D43	protein expression profiling by antibody array	1	Example_NPX_2023-09-27.parquet	ftp://ftp.pride.ebi.ac.uk/pride/data/archive/2025/10/PAD000004/Example_NPX_2023-09-27.parquet	Olink Explore HT	NPX	Q-Plex1_SS112233_SP100001	Plate control	Olink Explore HT	Olink Explore HT	plate control normalized	NT=affinity-proteomics;VV=v1.0.0	NT=human;VV=v1.1.0	NT=olink;VV=v1.0.0	v1.1.0	NT=sdrf-skills-autoresearch;VV=v0.0.0
PAD000004-SA1DC3	Homo sapiens	Blood plasma	not available	not available	not available	183	not applicable	blood plasma	PAD000004-r00183-SA1DC3	protein expression profiling by antibody array	1	Example_NPX_2023-09-27.parquet	ftp://ftp.pride.ebi.ac.uk/pride/data/archive/2025/10/PAD000004/Example_NPX_2023-09-27.parquet	Olink Explore HT	NPX	Q-Plex1_SS112233_SP100001	Plate control	Olink Explore HT	Olink Explore HT	plate control normalized	NT=affinity-proteomics;VV=v1.0.0	NT=human;VV=v1.1.0	NT=olink;VV=v1.0.0	v1.1.0	NT=sdrf-skills-autoresearch;VV=v0.0.0
PAD000004-S7BD13	Homo sapiens	Blood plasma	not available	not available	not available	184	not applicable	blood plasma	PAD000004-r00184-S7BD13	protein expression profiling by antibody array	1	Example_NPX_2023-09-27.parquet	ftp://ftp.pride.ebi.ac.uk/pride/data/archive/2025/10/PAD000004/Example_NPX_2023-09-27.parquet	Olink Explore HT	NPX	Q-Plex1_SS112233_SP100001	Plate control	Olink Explore HT	Olink Explore HT	plate control normalized	NT=affinity-proteomics;VV=v1.0.0	NT=human;VV=v1.1.0	NT=olink;VV=v1.0.0	v1.1.0	NT=sdrf-skills-autoresearch;VV=v0.0.0
PAD000004-NEG_S45E33	Homo sapiens	Blood plasma	not available	not available	not available	185	negative control	blood plasma	PAD000004-r00185-NEG_S45E33	protein expression profiling by antibody array	1	Example_NPX_2023-09-27.parquet	ftp://ftp.pride.ebi.ac.uk/pride/data/archive/2025/10/PAD000004/Example_NPX_2023-09-27.parquet	Olink Explore HT	NPX	Q-Plex1_SS112233_SP100001	Plate control	Olink Explore HT	Olink Explore HT	plate control normalized	NT=affinity-proteomics;VV=v1.0.0	NT=human;VV=v1.1.0	NT=olink;VV=v1.0.0	v1.1.0	NT=sdrf-skills-autoresearch;VV=v0.0.0
PAD000004-PC_S01B33	Homo sapiens	Blood plasma	not available	not available	not available	186	plate control	blood plasma	PAD000004-r00186-PC_S01B33	protein expression profiling by antibody array	1	Example_NPX_2023-09-27.parquet	ftp://ftp.pride.ebi.ac.uk/pride/data/archive/2025/10/PAD000004/Example_NPX_2023-09-27.parquet	Olink Explore HT	NPX	Q-Plex1_SS112233_SP100001	Plate control	Olink Explore HT	Olink Explore HT	plate control normalized	NT=affinity-proteomics;VV=v1.0.0	NT=human;VV=v1.1.0	NT=olink;VV=v1.0.0	v1.1.0	NT=sdrf-skills-autoresearch;VV=v0.0.0
PAD000004-S1DB33	Homo sapiens	Blood plasma	not available	not available	not available	187	not applicable	blood plasma	PAD000004-r00187-S1DB33	protein expression profiling by antibody array	1	Example_NPX_2023-09-27.parquet	ftp://ftp.pride.ebi.ac.uk/pride/data/archive/2025/10/PAD000004/Example_NPX_2023-09-27.parquet	Olink Explore HT	NPX	Q-Plex1_SS112233_SP100001	Plate control	Olink Explore HT	Olink Explore HT	plate control normalized	NT=affinity-proteomics;VV=v1.0.0	NT=human;VV=v1.1.0	NT=olink;VV=v1.0.0	v1.1.0	NT=sdrf-skills-autoresearch;VV=v0.0.0
PAD000004-S4E5F3	Homo sapiens	Blood plasma	not available	not available	not available	188	not applicable	blood plasma	PAD000004-r00188-S4E5F3	protein expression profiling by antibody array	1	Example_NPX_2023-09-27.parquet	ftp://ftp.pride.ebi.ac.uk/pride/data/archive/2025/10/PAD000004/Example_NPX_2023-09-27.parquet	Olink Explore HT	NPX	Q-Plex1_SS112233_SP100001	Plate control	Olink Explore HT	Olink Explore HT	plate control normalized	NT=affinity-proteomics;VV=v1.0.0	NT=human;VV=v1.1.0	NT=olink;VV=v1.0.0	v1.1.0	NT=sdrf-skills-autoresearch;VV=v0.0.0
PAD000004-S45BF3	Homo sapiens	Blood plasma	not available	not available	not available	189	not applicable	blood plasma	PAD000004-r00189-S45BF3	protein expression profiling by antibody array	1	Example_NPX_2023-09-27.parquet	ftp://ftp.pride.ebi.ac.uk/pride/data/archive/2025/10/PAD000004/Example_NPX_2023-09-27.parquet	Olink Explore HT	NPX	Q-Plex1_SS112233_SP100001	Plate control	Olink Explore HT	Olink Explore HT	plate control normalized	NT=affinity-proteomics;VV=v1.0.0	NT=human;VV=v1.1.0	NT=olink;VV=v1.0.0	v1.1.0	NT=sdrf-skills-autoresearch;VV=v0.0.0
PAD000004-SD7703	Homo sapiens	Blood plasma	not available	not available	not available	190	not applicable	blood plasma	PAD000004-r00190-SD7703	protein expression profiling by antibody array	1	Example_NPX_2023-09-27.parquet	ftp://ftp.pride.ebi.ac.uk/pride/data/archive/2025/10/PAD000004/Example_NPX_2023-09-27.parquet	Olink Explore HT	NPX	Q-Plex1_SS112233_SP100001	Plate control	Olink Explore HT	Olink Explore HT	plate control normalized	NT=affinity-proteomics;VV=v1.0.0	NT=human;VV=v1.1.0	NT=olink;VV=v1.0.0	v1.1.0	NT=sdrf-skills-autoresearch;VV=v0.0.0
PAD000004-NEG_S38323	Homo sapiens	Blood plasma	not available	not available	not available	191	negative control	blood plasma	PAD000004-r00191-NEG_S38323	protein expression profiling by antibody array	1	Example_NPX_2023-09-27.parquet	ftp://ftp.pride.ebi.ac.uk/pride/data/archive/2025/10/PAD000004/Example_NPX_2023-09-27.parquet	Olink Explore HT	NPX	Q-Plex1_SS112233_SP100001	Plate control	Olink Explore HT	Olink Explore HT	plate control normalized	NT=affinity-proteomics;VV=v1.0.0	NT=human;VV=v1.1.0	NT=olink;VV=v1.0.0	v1.1.0	NT=sdrf-skills-autoresearch;VV=v0.0.0
PAD000004-PC_DFSLFKSEO-33	Homo sapiens	Blood plasma	not available	not available	not available	192	plate control	blood plasma	PAD000004-r00192-PC_DFSLFKSEO-33	protein expression profiling by antibody array	1	Example_NPX_2023-09-27.parquet	ftp://ftp.pride.ebi.ac.uk/pride/data/archive/2025/10/PAD000004/Example_NPX_2023-09-27.parquet	Olink Explore HT	NPX	Q-Plex1_SS112233_SP100001	Plate control	Olink Explore HT	Olink Explore HT	plate control normalized	NT=affinity-proteomics;VV=v1.0.0	NT=human;VV=v1.1.0	NT=olink;VV=v1.0.0	v1.1.0	NT=sdrf-skills-autoresearch;VV=v0.0.0
